order_id,order_date,customer_id,customer_segment,category,product_name,region,channel,payment_method,unit_price,quantity,discount_pct,revenue,shipping_status,rating,return_flag,month,quarter,year,profit
ORD100000,2024-10-16,CUST2151,Returning,Electronics,Electronics Product 3,West,Website,UPI,70744.31,1,0,70744.31,Shipped,2.8,0,10,4,2024,16271.1913
ORD100001,2023-04-25,CUST5544,VIP,Electronics,Electronics Product 27,North,Website,UPI,56882.95,5,5,270194.01,Returned,3.1,0,4,2,2023,32423.2812
ORD100002,2023-01-26,CUST2760,New,Home & Kitchen,Home & Kitchen Product 7,South,Mobile App,Net Banking,1926.78,2,20,3082.85,Processing,4.3,1,1,1,2023,863.1980000000001
ORD100003,2023-10-09,CUST9986,Returning,Automotive,Automotive Product 43,Central,Marketplace,Debit Card,14817.07,2,0,29634.14,Shipped,3.1,0,10,4,2023,9779.2662
ORD100004,2023-09-08,CUST9769,Returning,Automotive,Automotive Product 38,South,Mobile App,Debit Card,7377.07,1,20,5901.66,Delivered,4.9,0,9,3,2023,1298.3652
ORD100005,2023-08-17,CUST5397,VIP,Home & Kitchen,Home & Kitchen Product 4,West,Marketplace,Debit Card,6489.52,1,0,6489.52,Processing,3.9,0,8,3,2023,1492.5896000000002
ORD100006,2023-05-23,CUST3087,New,Clothing,Clothing Product 7,Central,Marketplace,Wallet,1789.82,1,15,1521.35,Processing,4.1,0,5,2,2023,197.7755
ORD100007,2023-04-15,CUST2571,VIP,Automotive,Automotive Product 37,West,Social Media,Wallet,2355.04,3,15,6005.35,Cancelled,3.8,0,4,2,2023,960.8560000000001
ORD100008,2024-11-23,CUST7934,At-Risk,Beauty,Beauty Product 16,North,Marketplace,Debit Card,2048.68,2,0,4097.36,Processing,4.6,0,11,4,2024,614.6039999999999
ORD100009,2024-07-12,CUST4356,At-Risk,Books,Books Product 42,Central,Marketplace,Debit Card,763.86,2,5,1451.33,Processing,4.6,0,7,3,2024,348.31919999999997
ORD100010,2023-03-31,CUST1654,VIP,Beauty,Beauty Product 16,West,Social Media,UPI,2885.14,1,0,2885.14,Returned,4.3,1,3,1,2023,750.1364
ORD100011,2024-08-27,CUST1981,VIP,Sports,Sports Product 14,West,Website,Wallet,19665.4,5,10,88494.3,Cancelled,4.5,0,8,3,2024,33627.834
ORD100012,2024-03-08,CUST1161,Returning,Electronics,Electronics Product 24,West,Website,UPI,9943.99,3,5,28340.37,Delivered,3.8,0,3,1,2024,3400.8444
ORD100013,2023-02-02,CUST2825,Returning,Books,Books Product 40,West,Social Media,Debit Card,442.35,1,10,398.12,Processing,4.4,0,2,1,2023,111.47360000000002
ORD100014,2023-01-31,CUST6531,At-Risk,Toys,Toys Product 15,Central,Social Media,UPI,2083.16,1,0,2083.16,Delivered,3.7,0,1,1,2023,541.6216
ORD100015,2023-04-06,CUST5541,Returning,Toys,Toys Product 32,East,Website,UPI,2790.6,1,0,2790.6,Cancelled,4.0,1,4,2,2023,697.65
ORD100016,2023-08-12,CUST5656,Returning,Books,Books Product 39,West,Mobile App,Net Banking,189.2,1,0,189.2,Cancelled,3.8,0,8,3,2023,68.112
ORD100017,2023-08-27,CUST8041,At-Risk,Clothing,Clothing Product 32,North,Website,Credit Card,3805.23,2,0,7610.46,Processing,3.6,0,8,3,2023,1217.6736
ORD100018,2024-06-01,CUST4943,New,Automotive,Automotive Product 6,South,Marketplace,UPI,39192.6,1,10,35273.34,Delivered,3.4,0,6,2,2024,3880.0673999999995
ORD100019,2024-09-08,CUST4776,Returning,Automotive,Automotive Product 39,Central,Mobile App,Credit Card,20473.9,1,20,16379.12,Processing,4.4,0,9,3,2024,4913.736
ORD100020,2023-01-28,CUST4611,New,Automotive,Automotive Product 4,Central,Social Media,UPI,36518.93,2,10,65734.07,Returned,5.0,0,1,1,2023,13146.814000000002
ORD100021,2024-07-28,CUST5370,Returning,Clothing,Clothing Product 1,West,Marketplace,UPI,3761.09,1,5,3573.04,Shipped,4.9,0,7,3,2024,393.0344
ORD100022,2023-07-23,CUST6792,New,Automotive,Automotive Product 4,South,Mobile App,Net Banking,41421.45,1,25,31066.09,Delivered,3.0,1,7,3,2023,5591.8962
ORD100023,2024-10-27,CUST4872,New,Automotive,Automotive Product 42,West,Social Media,Wallet,7265.75,1,10,6539.18,Cancelled,5.0,0,10,4,2024,1242.4442000000001
ORD100024,2024-12-19,CUST3485,New,Beauty,Beauty Product 2,South,Social Media,Debit Card,2879.38,1,20,2303.5,Returned,3.7,0,12,4,2024,668.015
ORD100025,2024-07-12,CUST1376,New,Clothing,Clothing Product 12,West,Mobile App,Net Banking,4005.02,3,5,11414.31,Cancelled,4.5,0,7,3,2024,1712.1464999999998
ORD100026,2024-03-05,CUST6189,At-Risk,Automotive,Automotive Product 46,West,Mobile App,Debit Card,7005.28,1,0,7005.28,Cancelled,3.3,0,3,1,2024,1541.1616
ORD100027,2023-08-14,CUST4602,New,Electronics,Electronics Product 38,Central,Social Media,Wallet,27857.58,2,0,55715.16,Cancelled,4.1,0,8,3,2023,13371.6384
ORD100028,2024-04-04,CUST3815,Returning,Clothing,Clothing Product 42,South,Marketplace,Wallet,265.51,2,10,477.92,Returned,4.3,0,4,2,2024,114.7008
ORD100029,2024-08-26,CUST7279,VIP,Toys,Toys Product 22,West,Website,Credit Card,2800.86,1,0,2800.86,Returned,2.8,0,8,3,2024,1092.3354000000002
ORD100030,2023-10-12,CUST4328,At-Risk,Toys,Toys Product 28,North,Mobile App,Debit Card,397.75,2,0,795.5,Shipped,4.5,0,10,4,2023,87.505
ORD100031,2023-01-07,CUST9875,New,Electronics,Electronics Product 7,North,Mobile App,Debit Card,66471.94,1,5,63148.34,Shipped,5.0,0,1,1,2023,24627.8526
ORD100032,2023-06-13,CUST1285,New,Electronics,Electronics Product 25,North,Website,UPI,34658.37,1,10,31192.53,Delivered,3.9,0,6,2,2023,8421.9831
ORD100033,2024-12-15,CUST3627,At-Risk,Clothing,Clothing Product 10,West,Mobile App,Debit Card,3066.02,4,10,11037.67,Shipped,5.0,1,12,4,2024,3752.8078000000005
ORD100034,2024-03-08,CUST2493,New,Sports,Sports Product 12,South,Mobile App,Net Banking,557.37,5,0,2786.85,Shipped,3.8,0,3,1,2024,640.9755
ORD100035,2023-12-15,CUST5419,At-Risk,Books,Books Product 22,East,Mobile App,Credit Card,436.14,3,0,1308.42,Delivered,4.7,0,12,4,2023,314.0208
ORD100036,2023-10-12,CUST8966,VIP,Automotive,Automotive Product 25,North,Mobile App,Net Banking,14685.39,1,10,13216.85,Processing,2.2,0,10,4,2023,4758.066
ORD100037,2023-06-09,CUST3040,New,Beauty,Beauty Product 46,South,Marketplace,Credit Card,385.45,1,25,289.09,Shipped,5.0,0,6,2,2023,106.96329999999999
ORD100038,2023-08-09,CUST2567,Returning,Beauty,Beauty Product 46,Central,Marketplace,Wallet,1372.51,2,10,2470.52,Shipped,5.0,0,8,3,2023,419.9884
ORD100039,2023-12-11,CUST5033,Returning,Electronics,Electronics Product 44,Central,Website,Net Banking,49600.25,1,20,39680.2,Shipped,3.8,0,12,4,2023,6348.831999999999
ORD100040,2023-04-15,CUST7658,VIP,Books,Books Product 18,West,Social Media,Debit Card,610.47,1,15,518.9,Shipped,2.4,0,4,2,2023,129.725
ORD100041,2023-04-05,CUST4620,New,Automotive,Automotive Product 45,South,Website,Wallet,9993.52,1,10,8994.17,Cancelled,4.2,0,4,2,2023,3327.8429
ORD100042,2024-01-25,CUST4965,VIP,Beauty,Beauty Product 32,South,Marketplace,Net Banking,951.25,1,0,951.25,Cancelled,2.8,0,1,1,2024,190.25
ORD100043,2023-04-10,CUST8528,VIP,Automotive,Automotive Product 5,North,Social Media,Wallet,6458.98,4,10,23252.33,Shipped,4.4,0,4,2,2023,6975.6990000000005
ORD100044,2024-01-03,CUST3713,Returning,Beauty,Beauty Product 33,West,Mobile App,Net Banking,901.06,1,10,810.95,Delivered,4.3,0,1,1,2024,251.39450000000002
ORD100045,2023-12-19,CUST3843,VIP,Automotive,Automotive Product 48,Central,Website,UPI,35287.02,2,10,63516.64,Cancelled,3.2,1,12,4,2023,20960.4912
ORD100046,2024-09-10,CUST4610,New,Clothing,Clothing Product 24,South,Marketplace,Net Banking,3398.39,1,5,3228.47,Returned,4.9,0,9,3,2024,871.6869
ORD100047,2023-09-28,CUST5578,At-Risk,Clothing,Clothing Product 23,East,Mobile App,Net Banking,2259.96,2,5,4293.92,Delivered,4.6,0,9,3,2023,944.6624
ORD100048,2023-02-14,CUST2759,New,Books,Books Product 39,South,Social Media,Debit Card,431.72,2,0,863.44,Shipped,4.8,1,2,1,2023,336.7416
ORD100049,2024-04-15,CUST1051,Returning,Electronics,Electronics Product 20,South,Social Media,Debit Card,62726.0,1,5,59589.7,Processing,4.0,0,4,2,2024,16685.116
ORD100050,2024-07-03,CUST4912,Returning,Beauty,Beauty Product 1,South,Marketplace,Net Banking,443.73,5,0,2218.65,Delivered,2.9,1,7,3,2024,709.9680000000001
ORD100051,2023-05-08,CUST6054,Returning,Beauty,Beauty Product 47,South,Social Media,Credit Card,2231.8,3,15,5691.09,Cancelled,4.8,0,5,2,2023,1138.218
ORD100052,2024-01-23,CUST8130,At-Risk,Sports,Sports Product 29,South,Social Media,Debit Card,12377.57,4,0,49510.28,Shipped,3.8,1,1,1,2024,14853.083999999999
ORD100053,2023-03-22,CUST7335,At-Risk,Beauty,Beauty Product 38,North,Social Media,Wallet,687.71,4,0,2750.84,Returned,2.9,0,3,1,2023,495.1512
ORD100054,2024-07-19,CUST8309,VIP,Clothing,Clothing Product 40,South,Marketplace,UPI,4303.39,2,5,8176.44,Delivered,5.0,1,7,3,2024,1389.9948
ORD100055,2023-10-28,CUST4496,Returning,Electronics,Electronics Product 10,South,Website,UPI,50498.18,4,10,181793.45,Processing,5.0,1,10,4,2023,56355.96950000001
ORD100056,2024-10-05,CUST4804,Returning,Home & Kitchen,Home & Kitchen Product 15,Central,Social Media,Net Banking,2486.27,1,5,2361.96,Delivered,4.0,1,10,4,2024,614.1096
ORD100057,2024-09-25,CUST2644,At-Risk,Automotive,Automotive Product 1,Central,Website,Wallet,6726.69,1,0,6726.69,Delivered,5.0,0,9,3,2024,2018.0069999999998
ORD100058,2024-01-06,CUST2343,Returning,Home & Kitchen,Home & Kitchen Product 19,South,Mobile App,Net Banking,6198.86,1,10,5578.97,Processing,4.1,0,1,1,2024,1004.2146
ORD100059,2024-08-14,CUST7693,Returning,Toys,Toys Product 50,East,Social Media,Debit Card,1240.67,1,0,1240.67,Shipped,3.7,0,8,3,2024,347.3876000000001
ORD100060,2023-07-16,CUST8276,New,Clothing,Clothing Product 23,East,Social Media,Net Banking,1122.45,1,20,897.96,Cancelled,3.5,0,7,3,2023,206.53080000000003
ORD100061,2024-12-22,CUST8250,VIP,Sports,Sports Product 47,West,Social Media,Wallet,3265.7,1,20,2612.56,Returned,5.0,1,12,4,2024,731.5168000000001
ORD100062,2023-03-13,CUST3463,VIP,Books,Books Product 14,North,Marketplace,Credit Card,112.36,3,5,320.23,Returned,3.4,0,3,1,2023,60.843700000000005
ORD100063,2023-02-16,CUST7299,Returning,Books,Books Product 9,West,Social Media,Wallet,239.75,1,0,239.75,Returned,4.6,0,2,1,2023,74.3225
ORD100064,2024-11-08,CUST7228,Returning,Clothing,Clothing Product 48,North,Website,Debit Card,4348.88,1,10,3913.99,Cancelled,3.6,1,11,4,2024,1330.7566
ORD100065,2023-08-22,CUST1377,New,Toys,Toys Product 15,West,Website,Credit Card,1645.34,2,0,3290.68,Processing,3.6,0,8,3,2023,592.3223999999999
ORD100066,2023-10-24,CUST9868,At-Risk,Books,Books Product 6,Central,Social Media,Wallet,467.48,1,5,444.11,Returned,4.8,1,10,4,2023,84.3809
ORD100067,2023-03-23,CUST5451,Returning,Automotive,Automotive Product 25,East,Social Media,Debit Card,35247.82,3,0,105743.46,Delivered,3.7,0,3,1,2023,31723.038
ORD100068,2023-08-27,CUST4360,At-Risk,Books,Books Product 42,South,Mobile App,Debit Card,786.09,1,20,628.87,Returned,3.7,0,8,3,2023,194.9497
ORD100069,2023-04-14,CUST9053,VIP,Beauty,Beauty Product 41,North,Mobile App,Wallet,782.06,5,0,3910.3,Shipped,4.9,0,4,2,2023,1212.193
ORD100070,2024-01-25,CUST8154,VIP,Clothing,Clothing Product 30,West,Mobile App,UPI,2245.16,3,10,6061.93,Returned,5.0,0,1,1,2024,1818.579
ORD100071,2023-10-12,CUST9584,At-Risk,Toys,Toys Product 30,Central,Website,Credit Card,433.13,1,10,389.82,Delivered,4.5,0,10,4,2023,85.7604
ORD100072,2024-04-09,CUST6608,Returning,Electronics,Electronics Product 35,East,Mobile App,Debit Card,34452.29,1,5,32729.68,Shipped,3.5,0,4,2,2024,7200.5296
ORD100073,2024-10-12,CUST6276,Returning,Clothing,Clothing Product 50,South,Mobile App,Debit Card,447.95,3,0,1343.85,Returned,3.6,0,10,4,2024,241.89299999999997
ORD100074,2024-01-09,CUST1339,New,Automotive,Automotive Product 5,South,Website,Debit Card,6214.7,2,25,9322.05,Processing,4.1,0,1,1,2024,1398.3075
ORD100075,2023-06-16,CUST9176,Returning,Automotive,Automotive Product 19,East,Mobile App,Wallet,18687.95,2,5,35507.11,Returned,4.3,0,6,2,2023,11007.2041
ORD100076,2024-01-15,CUST9315,Returning,Home & Kitchen,Home & Kitchen Product 22,West,Social Media,Credit Card,14162.08,3,10,38237.62,Cancelled,3.2,0,1,1,2024,4970.890600000001
ORD100077,2023-12-30,CUST7355,VIP,Automotive,Automotive Product 25,Central,Mobile App,Net Banking,35810.01,1,0,35810.01,Cancelled,4.6,0,12,4,2023,13607.803800000002
ORD100078,2023-08-03,CUST8244,VIP,Electronics,Electronics Product 19,West,Social Media,Debit Card,20134.01,1,5,19127.31,Returned,4.1,0,8,3,2023,6694.5585
ORD100079,2024-11-17,CUST4366,VIP,Electronics,Electronics Product 29,East,Marketplace,UPI,71660.95,1,5,68077.9,Returned,2.6,1,11,4,2024,24508.043999999998
ORD100080,2023-10-01,CUST7110,At-Risk,Toys,Toys Product 47,South,Social Media,Debit Card,890.66,3,0,2671.98,Shipped,3.3,0,10,4,2023,988.6326
ORD100081,2024-12-19,CUST3367,New,Automotive,Automotive Product 19,Central,Mobile App,Wallet,826.37,2,0,1652.74,Returned,3.6,0,12,4,2024,363.6028
ORD100082,2024-11-30,CUST2267,VIP,Home & Kitchen,Home & Kitchen Product 16,East,Social Media,UPI,10008.33,1,15,8507.08,Cancelled,3.9,0,11,4,2024,2977.4779999999996
ORD100083,2024-10-25,CUST7187,At-Risk,Home & Kitchen,Home & Kitchen Product 29,North,Marketplace,Credit Card,5028.1,1,0,5028.1,Delivered,5.0,0,10,4,2024,754.215
ORD100084,2023-03-15,CUST3758,VIP,Home & Kitchen,Home & Kitchen Product 1,South,Mobile App,Wallet,4494.16,1,0,4494.16,Processing,4.2,0,3,1,2023,494.3576
ORD100085,2024-09-15,CUST7619,New,Clothing,Clothing Product 48,Central,Mobile App,UPI,1544.76,1,5,1467.52,Shipped,3.3,0,9,3,2024,498.95680000000004
ORD100086,2024-10-12,CUST4393,VIP,Toys,Toys Product 8,East,Mobile App,UPI,2504.78,2,15,4258.13,Returned,4.2,1,10,4,2024,510.9756
ORD100087,2023-06-25,CUST4570,At-Risk,Beauty,Beauty Product 40,South,Website,UPI,1378.09,2,0,2756.18,Shipped,3.7,0,6,2,2023,1102.472
ORD100088,2024-06-30,CUST6148,New,Toys,Toys Product 19,West,Marketplace,UPI,1158.6,4,10,4170.96,Cancelled,4.3,0,6,2,2024,1251.288
ORD100089,2023-09-08,CUST6787,Returning,Toys,Toys Product 49,North,Marketplace,UPI,2066.89,1,0,2066.89,Delivered,4.5,0,9,3,2023,682.0737
ORD100090,2023-06-17,CUST7637,New,Books,Books Product 23,North,Social Media,Credit Card,334.0,1,0,334.0,Cancelled,5.0,0,6,2,2023,56.78
ORD100091,2024-04-18,CUST5491,VIP,Sports,Sports Product 13,West,Mobile App,Wallet,2585.96,2,0,5171.92,Cancelled,4.0,0,4,2,2024,1551.576
ORD100092,2024-01-24,CUST5075,At-Risk,Toys,Toys Product 44,East,Website,Wallet,2742.0,3,15,6992.1,Shipped,5.0,0,1,1,2024,769.1310000000001
ORD100093,2023-10-04,CUST5762,VIP,Beauty,Beauty Product 40,East,Social Media,Debit Card,2096.44,2,0,4192.88,Shipped,4.7,0,10,4,2023,1467.508
ORD100094,2024-10-17,CUST4782,New,Sports,Sports Product 45,Central,Social Media,UPI,15501.09,3,0,46503.27,Shipped,3.4,0,10,4,2024,6975.490499999999
ORD100095,2024-12-05,CUST7216,VIP,Automotive,Automotive Product 7,Central,Social Media,Wallet,7211.16,1,5,6850.6,Delivered,5.0,0,12,4,2024,2123.686
ORD100096,2024-07-24,CUST8695,Returning,Home & Kitchen,Home & Kitchen Product 6,East,Website,Wallet,5600.36,2,15,9520.61,Cancelled,4.3,0,7,3,2024,1618.5037000000002
ORD100097,2023-08-13,CUST1397,At-Risk,Home & Kitchen,Home & Kitchen Product 43,East,Marketplace,Debit Card,12207.52,1,0,12207.52,Returned,3.3,1,8,3,2023,1464.9024
ORD100098,2024-12-02,CUST4998,At-Risk,Toys,Toys Product 29,Central,Marketplace,Credit Card,3023.14,1,5,2871.98,Delivered,5.0,0,12,4,2024,689.2751999999999
ORD100099,2023-11-29,CUST2059,VIP,Sports,Sports Product 32,West,Mobile App,UPI,11942.66,1,0,11942.66,Delivered,5.0,0,11,4,2023,1791.399
ORD100100,2023-02-27,CUST8409,Returning,Beauty,Beauty Product 28,East,Website,Credit Card,1873.43,1,5,1779.76,Cancelled,4.0,0,2,1,2023,569.5232
ORD100101,2023-08-23,CUST1358,At-Risk,Books,Books Product 27,South,Mobile App,Credit Card,266.78,2,10,480.2,Cancelled,3.6,0,8,3,2023,81.634
ORD100102,2023-02-02,CUST7371,At-Risk,Books,Books Product 46,North,Mobile App,Debit Card,293.16,1,10,263.84,Cancelled,3.9,0,2,1,2023,52.768
ORD100103,2023-11-20,CUST6655,Returning,Books,Books Product 28,North,Marketplace,UPI,509.03,2,0,1018.06,Shipped,4.6,0,11,4,2023,274.8762
ORD100104,2024-02-15,CUST6890,Returning,Sports,Sports Product 22,Central,Marketplace,Net Banking,2109.73,4,0,8438.92,Processing,5.0,0,2,1,2024,1603.3948
ORD100105,2023-10-02,CUST7241,VIP,Beauty,Beauty Product 4,Central,Mobile App,Debit Card,453.14,1,0,453.14,Returned,4.5,0,10,4,2023,95.15939999999999
ORD100106,2023-03-09,CUST1335,At-Risk,Home & Kitchen,Home & Kitchen Product 23,North,Marketplace,Credit Card,9554.51,1,0,9554.51,Returned,4.1,0,3,1,2023,3248.5334000000003
ORD100107,2023-08-05,CUST9043,Returning,Home & Kitchen,Home & Kitchen Product 12,East,Marketplace,Debit Card,9146.98,3,0,27440.94,Delivered,5.0,0,8,3,2023,4116.141
ORD100108,2024-08-03,CUST8148,VIP,Beauty,Beauty Product 43,South,Website,Debit Card,266.96,1,15,226.92,Returned,3.7,0,8,3,2024,27.230399999999996
ORD100109,2023-11-19,CUST8296,Returning,Clothing,Clothing Product 31,East,Website,Wallet,4847.98,1,25,3635.98,Processing,4.8,0,11,4,2023,727.196
ORD100110,2023-08-06,CUST7949,At-Risk,Beauty,Beauty Product 42,East,Marketplace,Debit Card,2669.52,1,25,2002.14,Delivered,3.8,1,8,3,2023,460.4922
ORD100111,2024-11-02,CUST2465,At-Risk,Automotive,Automotive Product 49,East,Social Media,Net Banking,41016.53,1,20,32813.22,Cancelled,4.3,0,11,4,2024,8531.4372
ORD100112,2024-05-26,CUST8165,At-Risk,Toys,Toys Product 27,South,Marketplace,Net Banking,933.12,4,10,3359.23,Returned,3.9,0,5,2,2024,705.4383
ORD100113,2024-02-10,CUST5176,VIP,Sports,Sports Product 5,Central,Website,Debit Card,9137.09,3,10,24670.14,Shipped,4.0,0,2,1,2024,8387.847600000001
ORD100114,2024-10-20,CUST6705,Returning,Toys,Toys Product 9,North,Mobile App,UPI,574.82,2,0,1149.64,Delivered,3.7,0,10,4,2024,126.4604
ORD100115,2024-04-14,CUST4744,Returning,Electronics,Electronics Product 2,East,Marketplace,UPI,75374.53,4,10,271348.31,Delivered,5.0,0,4,2,2024,62410.111300000004
ORD100116,2023-05-27,CUST5409,VIP,Clothing,Clothing Product 37,South,Mobile App,Wallet,3171.25,3,5,9038.06,Cancelled,3.4,0,5,2,2023,1897.9925999999998
ORD100117,2023-09-29,CUST7006,Returning,Electronics,Electronics Product 11,West,Website,Credit Card,24467.38,1,5,23244.01,Cancelled,3.4,0,9,3,2023,6740.762899999999
ORD100118,2023-05-23,CUST5257,New,Toys,Toys Product 36,West,Website,UPI,2001.95,4,15,6806.63,Returned,5.0,1,5,2,2023,2654.5857
ORD100119,2023-09-10,CUST8840,At-Risk,Home & Kitchen,Home & Kitchen Product 6,East,Social Media,Net Banking,11486.52,2,0,22973.04,Shipped,4.8,0,9,3,2023,5743.26
ORD100120,2024-07-28,CUST3590,New,Electronics,Electronics Product 45,South,Mobile App,Wallet,42917.83,3,0,128753.49,Returned,2.1,0,7,3,2024,51501.39600000001
ORD100121,2024-07-05,CUST3761,At-Risk,Electronics,Electronics Product 42,East,Social Media,Wallet,12716.95,4,20,40694.24,Returned,3.5,0,7,3,2024,7731.9056
ORD100122,2023-09-27,CUST4590,VIP,Books,Books Product 21,East,Website,Net Banking,189.48,1,0,189.48,Cancelled,2.6,0,9,3,2023,20.8428
ORD100123,2024-08-21,CUST9473,New,Sports,Sports Product 31,North,Social Media,UPI,8596.97,1,5,8167.12,Shipped,3.2,0,8,3,2024,1225.068
ORD100124,2024-03-14,CUST9698,Returning,Home & Kitchen,Home & Kitchen Product 36,West,Website,Net Banking,10760.57,1,20,8608.46,Cancelled,1.5,0,3,1,2024,1893.8611999999998
ORD100125,2024-08-20,CUST4206,Returning,Sports,Sports Product 4,Central,Marketplace,Credit Card,17875.1,1,10,16087.59,Delivered,3.9,0,8,3,2024,3056.6421
ORD100126,2024-02-13,CUST1594,New,Sports,Sports Product 27,West,Mobile App,Net Banking,15283.36,3,5,43557.58,Returned,3.1,0,2,1,2024,5662.4854000000005
ORD100127,2024-01-06,CUST7249,VIP,Home & Kitchen,Home & Kitchen Product 43,Central,Social Media,Wallet,12737.49,3,0,38212.47,Cancelled,4.0,0,1,1,2024,8788.868100000002
ORD100128,2023-08-13,CUST6973,Returning,Electronics,Electronics Product 5,Central,Marketplace,Wallet,45047.51,1,0,45047.51,Cancelled,2.7,0,8,3,2023,9009.502
ORD100129,2023-05-22,CUST1786,Returning,Sports,Sports Product 47,West,Website,Net Banking,7207.85,2,20,11532.56,Returned,4.1,0,5,2,2023,1614.5584000000001
ORD100130,2024-06-05,CUST4745,VIP,Books,Books Product 40,Central,Website,Debit Card,356.21,1,10,320.59,Delivered,3.7,0,6,2,2024,60.912099999999995
ORD100131,2024-05-20,CUST2474,New,Electronics,Electronics Product 4,West,Social Media,Credit Card,50574.24,1,5,48045.53,Delivered,5.0,0,5,2,2024,17776.8461
ORD100132,2023-04-04,CUST3601,New,Beauty,Beauty Product 10,North,Marketplace,Debit Card,484.67,1,0,484.67,Returned,5.0,1,4,2,2023,92.0873
ORD100133,2023-02-18,CUST2513,VIP,Automotive,Automotive Product 9,South,Marketplace,Debit Card,22257.39,1,0,22257.39,Returned,4.6,0,2,1,2023,6899.7909
ORD100134,2023-04-23,CUST1820,At-Risk,Clothing,Clothing Product 16,North,Marketplace,UPI,2517.54,4,25,7552.62,Cancelled,3.7,0,4,2,2023,2114.7336
ORD100135,2023-06-06,CUST5102,Returning,Books,Books Product 5,South,Marketplace,Credit Card,466.63,1,0,466.63,Cancelled,5.0,0,6,2,2023,107.3249
ORD100136,2024-10-04,CUST2298,New,Toys,Toys Product 44,Central,Marketplace,Wallet,3819.29,2,10,6874.72,Delivered,2.8,1,10,4,2024,1168.7024000000001
ORD100137,2023-06-13,CUST9605,Returning,Books,Books Product 8,South,Mobile App,Net Banking,653.62,2,0,1307.24,Shipped,2.9,1,6,2,2023,274.5204
ORD100138,2024-11-27,CUST5180,VIP,Sports,Sports Product 26,South,Website,Debit Card,3671.93,1,10,3304.74,Returned,3.9,0,11,4,2024,925.3272000000001
ORD100139,2024-03-08,CUST8423,VIP,Electronics,Electronics Product 31,North,Mobile App,Wallet,22294.82,5,20,89179.28,Cancelled,5.0,1,3,1,2024,18727.6488
ORD100140,2024-09-02,CUST3441,At-Risk,Toys,Toys Product 41,South,Social Media,Net Banking,3876.45,5,10,17444.03,Delivered,3.8,1,9,3,2024,2791.0447999999997
ORD100141,2023-03-07,CUST5803,Returning,Toys,Toys Product 36,North,Mobile App,Wallet,1300.69,1,0,1300.69,Processing,3.9,0,3,1,2023,169.08970000000002
ORD100142,2024-01-30,CUST3320,At-Risk,Toys,Toys Product 44,West,Website,UPI,3832.05,1,10,3448.84,Shipped,2.8,0,1,1,2024,1241.5824
ORD100143,2024-01-26,CUST8141,Returning,Beauty,Beauty Product 29,North,Mobile App,Net Banking,323.26,1,15,274.77,Processing,4.8,0,1,1,2024,63.1971
ORD100144,2024-09-02,CUST5563,At-Risk,Electronics,Electronics Product 2,North,Social Media,UPI,77811.68,1,5,73921.1,Shipped,4.8,0,9,3,2024,21437.119
ORD100145,2024-04-24,CUST4047,Returning,Electronics,Electronics Product 25,Central,Mobile App,Debit Card,15620.18,1,20,12496.14,Cancelled,4.6,0,4,2,2024,3124.035
ORD100146,2024-06-25,CUST4753,At-Risk,Sports,Sports Product 41,East,Social Media,UPI,16364.86,2,10,29456.75,Processing,3.5,0,6,2,2024,10604.43
ORD100147,2023-09-15,CUST7708,Returning,Books,Books Product 31,Central,Marketplace,Net Banking,446.52,2,20,714.43,Returned,3.4,0,9,3,2023,185.7518
ORD100148,2024-07-20,CUST6105,VIP,Automotive,Automotive Product 41,West,Social Media,Net Banking,26997.52,1,10,24297.77,Processing,3.0,0,7,3,2024,5831.4648
ORD100149,2023-01-12,CUST3730,Returning,Books,Books Product 28,West,Mobile App,Credit Card,459.44,1,0,459.44,Cancelled,4.1,0,1,1,2023,174.5872
ORD100150,2024-11-27,CUST9528,New,Beauty,Beauty Product 14,South,Social Media,Wallet,363.71,4,0,1454.84,Delivered,3.1,0,11,4,2024,465.54879999999997
ORD100151,2023-04-28,CUST2094,At-Risk,Books,Books Product 22,Central,Social Media,Wallet,406.42,1,0,406.42,Returned,3.1,1,4,2,2023,52.8346
ORD100152,2024-11-29,CUST4798,At-Risk,Books,Books Product 16,Central,Social Media,Debit Card,456.49,1,20,365.19,Cancelled,3.7,0,11,4,2024,54.7785
ORD100153,2024-07-03,CUST2511,New,Sports,Sports Product 9,South,Social Media,Debit Card,11424.97,1,15,9711.22,Delivered,3.6,0,7,3,2024,3301.8148
ORD100154,2023-10-01,CUST1854,VIP,Automotive,Automotive Product 10,Central,Social Media,Credit Card,20000.15,5,10,90000.68,Returned,3.6,0,10,4,2023,31500.237999999994
ORD100155,2024-10-18,CUST3882,VIP,Home & Kitchen,Home & Kitchen Product 13,West,Social Media,Wallet,9226.11,1,0,9226.11,Cancelled,4.4,0,10,4,2024,2398.7886000000003
ORD100156,2023-12-15,CUST5722,New,Clothing,Clothing Product 44,Central,Social Media,Debit Card,1193.24,2,0,2386.48,Shipped,4.1,0,12,4,2023,644.3496
ORD100157,2023-04-25,CUST9977,VIP,Home & Kitchen,Home & Kitchen Product 32,Central,Marketplace,UPI,352.93,3,15,899.97,Shipped,3.8,0,4,2,2023,260.99129999999997
ORD100158,2023-10-28,CUST8704,New,Home & Kitchen,Home & Kitchen Product 8,West,Mobile App,Wallet,8706.9,1,5,8271.55,Processing,4.1,1,10,4,2023,1902.4565
ORD100159,2024-03-21,CUST7934,Returning,Clothing,Clothing Product 35,South,Marketplace,Net Banking,3042.14,2,0,6084.28,Delivered,3.2,1,3,1,2024,1825.2839999999999
ORD100160,2023-06-11,CUST3751,Returning,Toys,Toys Product 23,Central,Social Media,Debit Card,233.67,1,10,210.3,Cancelled,4.1,0,6,2,2023,27.339000000000002
ORD100161,2024-04-09,CUST4870,New,Electronics,Electronics Product 38,West,Website,Wallet,74325.87,2,0,148651.74,Cancelled,4.1,0,4,2,2024,57974.1786
ORD100162,2023-01-04,CUST1281,Returning,Toys,Toys Product 10,South,Mobile App,Wallet,2148.62,2,0,4297.24,Returned,2.8,0,1,1,2023,1418.0892
ORD100163,2023-09-27,CUST4201,New,Sports,Sports Product 5,North,Marketplace,UPI,10274.83,2,5,19522.18,Cancelled,4.8,0,9,3,2023,5661.432199999999
ORD100164,2024-05-27,CUST2262,New,Sports,Sports Product 9,East,Website,Net Banking,14523.35,1,0,14523.35,Returned,3.3,0,5,2,2024,2759.4365000000003
ORD100165,2023-07-02,CUST2103,VIP,Home & Kitchen,Home & Kitchen Product 25,South,Social Media,Net Banking,4104.87,3,25,9235.96,Delivered,4.1,0,7,3,2023,1385.3939999999998
ORD100166,2024-06-03,CUST2663,Returning,Home & Kitchen,Home & Kitchen Product 41,East,Marketplace,Debit Card,12831.38,1,0,12831.38,Shipped,4.9,1,6,2,2024,2822.9035999999996
ORD100167,2023-04-19,CUST5408,Returning,Sports,Sports Product 34,Central,Website,Net Banking,6208.73,1,0,6208.73,Delivered,4.7,0,4,2,2023,1862.6189999999997
ORD100168,2024-10-02,CUST3928,New,Electronics,Electronics Product 47,East,Marketplace,Debit Card,21846.91,1,0,21846.91,Delivered,4.0,0,10,4,2024,6335.603899999999
ORD100169,2023-11-02,CUST9748,New,Beauty,Beauty Product 19,West,Mobile App,Credit Card,489.44,2,15,832.05,Cancelled,3.7,0,11,4,2023,174.73049999999998
ORD100170,2024-10-16,CUST3033,Returning,Automotive,Automotive Product 42,South,Website,Net Banking,11817.33,2,5,22452.93,Delivered,4.8,0,10,4,2024,6286.8204000000005
ORD100171,2024-06-03,CUST8578,Returning,Home & Kitchen,Home & Kitchen Product 33,Central,Marketplace,Debit Card,8143.42,1,10,7329.08,Cancelled,4.5,0,6,2,2024,2491.8872
ORD100172,2024-09-15,CUST7044,New,Electronics,Electronics Product 24,North,Mobile App,Debit Card,23701.54,2,0,47403.08,Shipped,3.5,0,9,3,2024,5214.3388
ORD100173,2023-07-23,CUST3931,Returning,Home & Kitchen,Home & Kitchen Product 27,West,Social Media,Credit Card,9702.35,1,0,9702.35,Processing,3.4,1,7,3,2023,2328.564
ORD100174,2023-06-06,CUST3502,New,Beauty,Beauty Product 15,Central,Social Media,Wallet,2834.83,2,5,5386.18,Cancelled,2.3,0,6,2,2023,1777.4394000000002
ORD100175,2024-01-18,CUST9743,VIP,Electronics,Electronics Product 32,West,Mobile App,UPI,22581.64,1,15,19194.39,Delivered,4.1,1,1,1,2024,4990.5414
ORD100176,2023-06-15,CUST4060,VIP,Sports,Sports Product 6,East,Mobile App,Net Banking,3006.24,2,20,4809.98,Cancelled,3.9,0,6,2,2023,1442.994
ORD100177,2024-07-06,CUST5024,New,Automotive,Automotive Product 6,East,Mobile App,Credit Card,43770.44,1,0,43770.44,Cancelled,4.9,0,7,3,2024,11380.314400000001
ORD100178,2024-06-27,CUST1143,VIP,Beauty,Beauty Product 19,North,Website,Credit Card,296.83,4,5,1127.95,Processing,4.3,0,6,2,2024,451.18000000000006
ORD100179,2023-01-01,CUST6332,Returning,Clothing,Clothing Product 10,West,Social Media,Net Banking,4904.11,1,20,3923.29,Processing,5.0,0,1,1,2023,470.79479999999995
ORD100180,2024-09-05,CUST3814,At-Risk,Beauty,Beauty Product 39,North,Social Media,Debit Card,2970.18,1,0,2970.18,Processing,3.4,0,9,3,2024,742.545
ORD100181,2023-11-28,CUST5461,At-Risk,Books,Books Product 20,South,Website,Net Banking,246.98,1,15,209.93,Cancelled,4.9,0,11,4,2023,27.2909
ORD100182,2024-05-15,CUST9409,At-Risk,Home & Kitchen,Home & Kitchen Product 13,South,Marketplace,Debit Card,2007.92,4,0,8031.68,Returned,3.6,0,5,2,2024,1204.752
ORD100183,2023-01-20,CUST1339,At-Risk,Clothing,Clothing Product 2,South,Website,Wallet,3313.5,4,20,10603.2,Cancelled,4.6,0,1,1,2023,2226.672
ORD100184,2023-04-25,CUST9206,VIP,Home & Kitchen,Home & Kitchen Product 3,Central,Website,Credit Card,9600.44,1,15,8160.37,Cancelled,2.8,0,4,2,2023,1224.0555
ORD100185,2024-01-07,CUST9265,New,Toys,Toys Product 2,Central,Website,Debit Card,3894.43,2,20,6231.09,Delivered,4.2,1,1,1,2024,2430.1251
ORD100186,2023-11-11,CUST1931,New,Toys,Toys Product 48,Central,Website,Debit Card,1433.34,3,10,3870.02,Processing,2.4,0,11,4,2023,1470.6076
ORD100187,2023-09-03,CUST7452,New,Clothing,Clothing Product 16,North,Website,Net Banking,4742.85,2,0,9485.7,Cancelled,3.8,1,9,3,2023,1897.1400000000003
ORD100188,2023-03-01,CUST3211,VIP,Beauty,Beauty Product 30,West,Mobile App,UPI,2669.36,2,20,4270.98,Shipped,4.4,0,3,1,2023,1238.5841999999998
ORD100189,2023-09-04,CUST3736,VIP,Books,Books Product 22,North,Website,Wallet,284.83,1,0,284.83,Shipped,3.6,0,9,3,2023,74.0558
ORD100190,2024-08-03,CUST1792,New,Books,Books Product 50,North,Marketplace,Credit Card,193.53,1,0,193.53,Processing,3.2,0,8,3,2024,65.8002
ORD100191,2023-03-22,CUST8685,At-Risk,Beauty,Beauty Product 16,East,Marketplace,Wallet,2710.26,4,10,9756.94,Returned,4.7,1,3,1,2023,2829.5126
ORD100192,2023-03-29,CUST3554,VIP,Beauty,Beauty Product 37,North,Website,UPI,990.45,4,15,3367.53,Processing,3.9,0,3,1,2023,336.75300000000004
ORD100193,2024-05-12,CUST3167,VIP,Beauty,Beauty Product 49,North,Marketplace,Net Banking,2957.99,2,20,4732.78,Cancelled,3.6,0,5,2,2024,1561.8174
ORD100194,2023-03-12,CUST4963,Returning,Sports,Sports Product 35,South,Marketplace,UPI,12668.72,1,0,12668.72,Returned,4.0,0,3,1,2023,4053.9903999999997
ORD100195,2024-06-29,CUST7016,New,Books,Books Product 37,Central,Mobile App,Wallet,107.29,1,15,91.2,Returned,5.0,0,6,2,2024,22.8
ORD100196,2023-05-09,CUST5575,New,Automotive,Automotive Product 45,West,Mobile App,Credit Card,18289.77,2,10,32921.59,Shipped,4.9,0,5,2,2023,12180.988299999999
ORD100197,2023-05-12,CUST8576,At-Risk,Electronics,Electronics Product 10,East,Social Media,Credit Card,58572.9,4,0,234291.6,Returned,4.9,0,5,2,2023,86687.892
ORD100198,2024-11-06,CUST5027,Returning,Clothing,Clothing Product 16,East,Marketplace,Net Banking,1542.51,4,0,6170.04,Delivered,4.3,1,11,4,2024,1604.2104
ORD100199,2024-05-01,CUST8453,At-Risk,Beauty,Beauty Product 45,North,Social Media,Debit Card,879.56,3,0,2638.68,Shipped,4.1,0,5,2,2024,738.8304
ORD100200,2024-07-16,CUST3869,At-Risk,Automotive,Automotive Product 45,South,Mobile App,UPI,1569.41,2,0,3138.82,Delivered,2.1,1,7,3,2024,1255.5280000000002
ORD100201,2023-06-19,CUST2800,At-Risk,Books,Books Product 5,North,Website,Debit Card,560.12,1,25,420.09,Shipped,3.5,0,6,2,2023,79.8171
ORD100202,2023-09-29,CUST5066,Returning,Books,Books Product 14,South,Marketplace,Credit Card,707.59,1,10,636.83,Delivered,3.6,0,9,3,2023,127.36600000000001
ORD100203,2024-06-24,CUST3655,VIP,Electronics,Electronics Product 10,South,Website,Debit Card,75151.84,4,10,270546.62,Cancelled,2.5,0,6,2,2024,40581.992999999995
ORD100204,2024-09-13,CUST1692,VIP,Beauty,Beauty Product 17,North,Website,Credit Card,1812.29,2,25,2718.44,Delivered,3.1,0,9,3,2024,1005.8228
ORD100205,2024-03-09,CUST2098,At-Risk,Toys,Toys Product 28,North,Website,Credit Card,2945.89,1,0,2945.89,Returned,2.4,1,3,1,2024,942.6848
ORD100206,2023-08-05,CUST7183,At-Risk,Clothing,Clothing Product 23,West,Social Media,Credit Card,3502.95,1,15,2977.51,Returned,4.0,0,8,3,2023,387.07630000000006
ORD100207,2024-07-06,CUST3226,VIP,Toys,Toys Product 39,East,Website,Net Banking,3793.49,2,5,7207.63,Returned,4.7,0,7,3,2024,2810.9757
ORD100208,2024-12-07,CUST1009,At-Risk,Sports,Sports Product 43,East,Social Media,Net Banking,5443.97,1,20,4355.18,Processing,4.9,0,12,4,2024,1393.6576000000002
ORD100209,2023-07-25,CUST5705,VIP,Sports,Sports Product 41,East,Marketplace,Debit Card,12674.1,1,0,12674.1,Delivered,4.3,0,7,3,2023,4562.676
ORD100210,2024-12-31,CUST8549,New,Electronics,Electronics Product 33,East,Social Media,Net Banking,48545.16,2,20,77672.26,Processing,3.2,0,12,4,2024,8543.9486
ORD100211,2023-11-16,CUST9665,At-Risk,Beauty,Beauty Product 25,North,Website,Net Banking,737.55,2,0,1475.1,Cancelled,2.5,0,11,4,2023,368.775
ORD100212,2024-02-13,CUST9027,Returning,Automotive,Automotive Product 25,West,Marketplace,Debit Card,22555.5,2,0,45111.0,Cancelled,2.6,0,2,1,2024,13984.41
ORD100213,2024-11-18,CUST7471,Returning,Automotive,Automotive Product 40,East,Website,Debit Card,16753.74,1,15,14240.68,Returned,3.0,0,11,4,2024,3702.5768000000003
ORD100214,2024-10-27,CUST9871,VIP,Electronics,Electronics Product 14,Central,Marketplace,Wallet,16711.53,2,0,33423.06,Processing,3.3,0,10,4,2024,10026.918
ORD100215,2024-01-18,CUST7617,Returning,Sports,Sports Product 9,West,Social Media,UPI,12744.09,1,10,11469.68,Shipped,3.9,0,1,1,2024,4014.388
ORD100216,2024-03-24,CUST9602,New,Books,Books Product 31,Central,Mobile App,UPI,700.75,1,5,665.71,Delivered,3.2,0,3,1,2024,139.7991
ORD100217,2024-06-13,CUST8645,Returning,Beauty,Beauty Product 49,South,Website,UPI,1277.07,2,10,2298.73,Cancelled,4.3,1,6,2,2024,804.5554999999999
ORD100218,2024-04-07,CUST9514,At-Risk,Clothing,Clothing Product 35,North,Social Media,UPI,2341.07,2,0,4682.14,Returned,3.8,0,4,2,2024,702.321
ORD100219,2023-05-04,CUST6798,Returning,Clothing,Clothing Product 46,North,Social Media,Credit Card,3703.1,3,0,11109.3,Cancelled,4.0,0,5,2,2023,1999.6739999999998
ORD100220,2023-09-11,CUST7638,Returning,Home & Kitchen,Home & Kitchen Product 17,East,Social Media,UPI,6678.38,2,0,13356.76,Delivered,4.9,1,9,3,2023,1469.2436
ORD100221,2023-08-19,CUST5119,New,Electronics,Electronics Product 7,West,Social Media,Credit Card,12292.57,2,5,23355.88,Shipped,3.1,0,8,3,2023,4904.7348
ORD100222,2023-03-07,CUST9576,Returning,Clothing,Clothing Product 32,West,Mobile App,Wallet,2499.23,1,0,2499.23,Returned,4.3,0,3,1,2023,524.8383
ORD100223,2023-12-13,CUST7679,Returning,Books,Books Product 43,South,Social Media,UPI,447.17,1,0,447.17,Cancelled,4.0,0,12,4,2023,152.0378
ORD100224,2023-01-22,CUST3734,New,Books,Books Product 36,West,Social Media,Net Banking,421.57,1,0,421.57,Shipped,3.7,0,1,1,2023,126.47099999999999
ORD100225,2024-08-25,CUST9243,VIP,Toys,Toys Product 13,East,Mobile App,Wallet,3299.27,1,0,3299.27,Processing,4.7,0,8,3,2024,758.8321000000001
ORD100226,2024-07-21,CUST9187,New,Clothing,Clothing Product 44,North,Website,Net Banking,1045.33,5,10,4703.98,Shipped,4.7,1,7,3,2024,1411.1939999999997
ORD100227,2023-08-24,CUST3068,New,Books,Books Product 32,North,Social Media,Debit Card,498.76,1,20,399.01,Returned,3.2,0,8,3,2023,47.8812
ORD100228,2024-08-25,CUST1596,VIP,Toys,Toys Product 27,East,Website,Debit Card,3784.75,4,0,15139.0,Delivered,3.9,0,8,3,2024,2270.85
ORD100229,2023-08-14,CUST4389,Returning,Clothing,Clothing Product 22,South,Website,Wallet,1065.95,2,10,1918.71,Shipped,4.2,0,8,3,2023,556.4259
ORD100230,2023-01-08,CUST2202,VIP,Home & Kitchen,Home & Kitchen Product 37,West,Mobile App,UPI,4446.05,3,10,12004.34,Returned,3.8,0,1,1,2023,3481.2585999999997
ORD100231,2023-03-14,CUST7021,Returning,Electronics,Electronics Product 5,Central,Mobile App,Credit Card,25157.74,2,5,47799.71,Cancelled,4.5,0,3,1,2023,15773.9043
ORD100232,2024-12-25,CUST5889,New,Automotive,Automotive Product 22,West,Social Media,Credit Card,44354.45,2,10,79838.01,Cancelled,4.2,0,12,4,2024,17564.3622
ORD100233,2024-10-08,CUST2892,VIP,Beauty,Beauty Product 14,East,Mobile App,Credit Card,2479.87,1,5,2355.88,Returned,5.0,0,10,4,2024,753.8816
ORD100234,2023-03-02,CUST7756,At-Risk,Electronics,Electronics Product 34,East,Social Media,Wallet,55145.66,1,5,52388.38,Delivered,2.8,0,3,1,2023,16240.397799999999
ORD100235,2023-08-23,CUST7268,New,Clothing,Clothing Product 9,South,Marketplace,UPI,1101.67,2,0,2203.34,Processing,3.9,0,8,3,2023,859.3026000000001
ORD100236,2023-03-11,CUST7159,New,Clothing,Clothing Product 3,North,Mobile App,Wallet,888.91,1,10,800.02,Delivered,3.3,0,3,1,2023,128.0032
ORD100237,2023-02-02,CUST5907,At-Risk,Electronics,Electronics Product 7,South,Mobile App,Net Banking,34398.4,1,10,30958.56,Processing,4.5,0,2,1,2023,8358.8112
ORD100238,2023-12-05,CUST7121,At-Risk,Home & Kitchen,Home & Kitchen Product 7,West,Website,Credit Card,6988.86,2,0,13977.72,Processing,2.7,0,12,4,2023,3913.7616000000003
ORD100239,2023-03-14,CUST1391,Returning,Sports,Sports Product 50,North,Marketplace,Credit Card,13044.33,1,0,13044.33,Returned,4.3,0,3,1,2023,5217.732
ORD100240,2024-06-10,CUST6153,At-Risk,Clothing,Clothing Product 18,West,Social Media,Net Banking,2132.02,4,25,6396.06,Cancelled,3.5,0,6,2,2024,1023.3696000000001
ORD100241,2023-09-01,CUST8982,VIP,Books,Books Product 43,Central,Social Media,Net Banking,607.01,5,5,2883.3,Delivered,3.4,0,9,3,2023,749.6580000000001
ORD100242,2023-10-13,CUST4255,New,Sports,Sports Product 2,East,Mobile App,Credit Card,3090.91,4,5,11745.46,Shipped,2.8,0,10,4,2023,2349.092
ORD100243,2024-11-16,CUST1262,Returning,Toys,Toys Product 25,East,Marketplace,Credit Card,3051.69,1,20,2441.35,Returned,3.6,0,11,4,2024,634.751
ORD100244,2024-05-12,CUST4531,Returning,Toys,Toys Product 23,Central,Marketplace,Debit Card,244.8,1,10,220.32,Shipped,4.9,0,5,2,2024,37.4544
ORD100245,2023-08-08,CUST8135,New,Automotive,Automotive Product 11,South,Social Media,Net Banking,5706.71,4,10,20544.16,Delivered,4.0,0,8,3,2023,2259.8576
ORD100246,2024-07-06,CUST3411,New,Toys,Toys Product 45,South,Website,Credit Card,1659.16,1,15,1410.29,Processing,4.5,1,7,3,2024,380.7783
ORD100247,2023-05-16,CUST8371,New,Toys,Toys Product 28,North,Marketplace,UPI,618.13,5,20,2472.52,Shipped,5.0,0,5,2,2023,494.504
ORD100248,2024-08-07,CUST3291,Returning,Beauty,Beauty Product 26,Central,Marketplace,Net Banking,188.62,5,5,895.94,Delivered,4.2,0,8,3,2024,134.391
ORD100249,2024-08-13,CUST5947,At-Risk,Electronics,Electronics Product 19,East,Social Media,Wallet,66526.11,3,5,189599.41,Returned,3.6,0,8,3,2024,37919.882000000005
ORD100250,2024-04-29,CUST7493,At-Risk,Toys,Toys Product 12,Central,Mobile App,Credit Card,3751.78,1,0,3751.78,Processing,4.4,0,4,2,2024,412.6958
ORD100251,2023-09-06,CUST5005,At-Risk,Clothing,Clothing Product 28,West,Mobile App,Credit Card,834.46,1,25,625.84,Returned,3.6,0,9,3,2023,244.07760000000002
ORD100252,2024-04-29,CUST3331,New,Electronics,Electronics Product 29,South,Social Media,Net Banking,61724.35,3,10,166655.74,Shipped,3.6,0,4,2,2024,44997.0498
ORD100253,2024-02-21,CUST1268,Returning,Clothing,Clothing Product 15,South,Social Media,UPI,1484.75,1,0,1484.75,Processing,2.8,1,2,1,2024,504.81500000000005
ORD100254,2023-07-14,CUST4720,New,Electronics,Electronics Product 24,Central,Website,Wallet,75118.57,1,20,60094.86,Returned,4.7,0,7,3,2023,13821.8178
ORD100255,2023-04-07,CUST8193,New,Clothing,Clothing Product 5,South,Website,UPI,3078.26,2,5,5848.69,Cancelled,3.7,0,4,2,2023,2164.0153
ORD100256,2023-04-10,CUST5143,New,Beauty,Beauty Product 10,West,Website,Debit Card,2408.34,4,0,9633.36,Cancelled,4.1,0,4,2,2023,2312.0064
ORD100257,2024-11-05,CUST8975,VIP,Clothing,Clothing Product 32,Central,Marketplace,Wallet,245.1,2,5,465.69,Processing,3.2,0,11,4,2024,125.73630000000001
ORD100258,2024-03-17,CUST7541,Returning,Sports,Sports Product 12,North,Marketplace,Wallet,15916.55,2,5,30241.44,Processing,4.3,0,3,1,2024,7560.36
ORD100259,2023-12-29,CUST8640,Returning,Sports,Sports Product 18,West,Website,Credit Card,11030.46,1,20,8824.37,Shipped,3.4,0,12,4,2023,2823.7984
ORD100260,2024-03-09,CUST8621,VIP,Clothing,Clothing Product 21,North,Social Media,Net Banking,4127.63,2,0,8255.26,Shipped,3.9,0,3,1,2024,2228.9202
ORD100261,2024-02-25,CUST7087,Returning,Sports,Sports Product 23,North,Social Media,Debit Card,17113.32,5,15,72731.61,Delivered,4.7,0,2,1,2024,13091.6898
ORD100262,2024-04-23,CUST4353,At-Risk,Automotive,Automotive Product 15,East,Mobile App,UPI,4980.29,1,10,4482.26,Returned,4.6,0,4,2,2024,627.5164000000001
ORD100263,2023-02-25,CUST8590,Returning,Toys,Toys Product 16,East,Mobile App,UPI,729.07,2,0,1458.14,Cancelled,4.0,0,2,1,2023,408.27920000000006
ORD100264,2024-11-20,CUST3136,New,Toys,Toys Product 32,West,Social Media,Credit Card,3086.75,4,25,9260.25,Shipped,2.6,0,11,4,2024,2315.0625
ORD100265,2024-10-31,CUST7812,New,Electronics,Electronics Product 24,Central,Website,Credit Card,71445.03,2,5,135745.56,Returned,5.0,0,10,4,2024,17646.9228
ORD100266,2024-10-23,CUST1841,VIP,Automotive,Automotive Product 44,South,Social Media,Net Banking,40920.87,2,0,81841.74,Shipped,5.0,0,10,4,2024,18005.182800000002
ORD100267,2023-04-11,CUST5020,New,Home & Kitchen,Home & Kitchen Product 26,South,Marketplace,Net Banking,4818.56,2,5,9155.26,Delivered,4.6,0,4,2,2023,2288.815
ORD100268,2023-03-04,CUST3384,VIP,Books,Books Product 21,South,Social Media,Net Banking,435.24,1,20,348.19,Processing,3.4,1,3,1,2023,121.86649999999999
ORD100269,2024-02-17,CUST2659,Returning,Home & Kitchen,Home & Kitchen Product 49,West,Social Media,Wallet,3883.99,1,0,3883.99,Cancelled,3.9,1,2,1,2024,466.07879999999994
ORD100270,2023-12-14,CUST5840,VIP,Toys,Toys Product 25,West,Website,Wallet,2265.4,3,0,6796.2,Returned,3.6,0,12,4,2023,1359.24
ORD100271,2023-04-22,CUST7128,Returning,Sports,Sports Product 40,North,Website,UPI,5642.15,3,0,16926.45,Returned,5.0,0,4,2,2023,5924.2575
ORD100272,2023-09-12,CUST1870,Returning,Home & Kitchen,Home & Kitchen Product 31,East,Marketplace,UPI,8291.11,3,0,24873.33,Returned,4.2,1,9,3,2023,7213.2657
ORD100273,2023-07-16,CUST6743,New,Sports,Sports Product 27,Central,Social Media,Net Banking,815.67,4,15,2773.28,Shipped,3.4,0,7,3,2023,526.9232000000001
ORD100274,2023-07-14,CUST8620,VIP,Beauty,Beauty Product 17,East,Mobile App,Debit Card,276.9,2,5,526.11,Delivered,3.6,0,7,3,2023,184.1385
ORD100275,2024-07-03,CUST7333,Returning,Electronics,Electronics Product 34,Central,Marketplace,Debit Card,43799.05,2,0,87598.1,Cancelled,4.9,1,7,3,2024,21899.525
ORD100276,2024-04-04,CUST8100,At-Risk,Home & Kitchen,Home & Kitchen Product 29,North,Social Media,Credit Card,1807.72,3,0,5423.16,Processing,5.0,0,4,2,2024,1355.79
ORD100277,2023-05-24,CUST2279,Returning,Clothing,Clothing Product 33,Central,Social Media,Net Banking,4454.99,2,0,8909.98,Delivered,5.0,1,5,2,2023,3474.8922
ORD100278,2024-03-08,CUST5816,New,Electronics,Electronics Product 19,West,Marketplace,UPI,33515.13,2,20,53624.21,Returned,4.6,1,3,1,2024,20377.1998
ORD100279,2023-07-07,CUST6812,New,Electronics,Electronics Product 38,North,Mobile App,Credit Card,596.23,3,0,1788.69,Cancelled,3.8,0,7,3,2023,375.6249
ORD100280,2023-10-13,CUST9397,At-Risk,Toys,Toys Product 28,North,Mobile App,Debit Card,1052.39,4,25,3157.17,Processing,1.4,0,10,4,2023,442.00380000000007
ORD100281,2024-04-18,CUST8816,At-Risk,Clothing,Clothing Product 11,East,Social Media,UPI,1288.04,1,5,1223.64,Returned,4.2,0,4,2,2024,244.72800000000004
ORD100282,2023-09-13,CUST1663,At-Risk,Sports,Sports Product 11,North,Marketplace,Debit Card,7953.51,1,0,7953.51,Processing,4.0,0,9,3,2023,874.8861
ORD100283,2023-03-19,CUST8855,Returning,Books,Books Product 18,North,Marketplace,Debit Card,347.32,1,20,277.86,Delivered,4.1,0,3,1,2023,30.564600000000002
ORD100284,2024-03-29,CUST2110,At-Risk,Beauty,Beauty Product 37,Central,Social Media,Wallet,967.51,2,5,1838.27,Delivered,4.0,0,3,1,2024,404.4194
ORD100285,2024-07-17,CUST6775,At-Risk,Books,Books Product 19,West,Website,Wallet,745.18,1,10,670.66,Processing,2.9,0,7,3,2024,254.8508
ORD100286,2023-04-11,CUST6430,Returning,Toys,Toys Product 46,West,Mobile App,Debit Card,2800.79,1,25,2100.59,Returned,4.4,0,4,2,2023,756.2124
ORD100287,2023-02-21,CUST4169,Returning,Home & Kitchen,Home & Kitchen Product 24,Central,Social Media,UPI,10395.46,2,0,20790.92,Returned,4.5,0,2,1,2023,5197.73
ORD100288,2024-10-29,CUST6084,Returning,Home & Kitchen,Home & Kitchen Product 8,West,Mobile App,UPI,10808.31,1,0,10808.31,Processing,4.5,0,10,4,2024,2918.2437
ORD100289,2024-07-07,CUST9302,Returning,Home & Kitchen,Home & Kitchen Product 2,South,Mobile App,UPI,13553.74,2,10,24396.73,Returned,4.8,1,7,3,2024,2439.6730000000002
ORD100290,2023-01-16,CUST3718,At-Risk,Books,Books Product 20,North,Social Media,Credit Card,444.27,1,0,444.27,Returned,4.5,0,1,1,2023,71.0832
ORD100291,2023-04-06,CUST1181,Returning,Sports,Sports Product 27,Central,Social Media,Net Banking,19819.05,1,0,19819.05,Shipped,3.7,0,4,2,2023,2180.0955
ORD100292,2023-08-31,CUST2659,Returning,Books,Books Product 41,South,Social Media,Credit Card,257.17,3,0,771.51,Delivered,3.9,0,8,3,2023,254.59830000000002
ORD100293,2023-06-20,CUST3391,At-Risk,Clothing,Clothing Product 9,East,Social Media,Credit Card,4791.04,1,0,4791.04,Cancelled,4.1,0,6,2,2023,670.7456000000001
ORD100294,2024-02-21,CUST5417,At-Risk,Home & Kitchen,Home & Kitchen Product 21,North,Marketplace,Credit Card,4442.67,1,15,3776.27,Cancelled,4.1,1,2,1,2024,1359.4571999999998
ORD100295,2024-05-12,CUST1981,New,Electronics,Electronics Product 1,Central,Social Media,Net Banking,6565.05,2,0,13130.1,Returned,4.8,1,5,2,2024,3807.729
ORD100296,2024-05-07,CUST1404,VIP,Automotive,Automotive Product 27,South,Marketplace,Debit Card,17219.26,3,5,49074.89,Cancelled,4.5,1,5,2,2024,8342.731300000001
ORD100297,2023-08-07,CUST9347,New,Clothing,Clothing Product 38,North,Marketplace,Wallet,1930.37,1,10,1737.33,Processing,5.0,1,8,3,2023,260.5995
ORD100298,2024-02-15,CUST4583,At-Risk,Sports,Sports Product 9,North,Social Media,Wallet,18524.16,2,5,35195.9,Returned,5.0,0,2,1,2024,10206.811
ORD100299,2023-03-02,CUST9537,Returning,Clothing,Clothing Product 37,Central,Social Media,UPI,607.06,1,0,607.06,Processing,4.1,0,3,1,2023,224.61219999999997
ORD100300,2023-06-18,CUST7082,At-Risk,Sports,Sports Product 27,South,Social Media,Credit Card,1249.6,1,15,1062.16,Shipped,1.0,0,6,2,2023,339.8912
ORD100301,2024-01-24,CUST1395,At-Risk,Clothing,Clothing Product 21,Central,Marketplace,Debit Card,925.29,2,0,1850.58,Processing,5.0,1,1,1,2024,370.116
ORD100302,2023-01-03,CUST8345,New,Books,Books Product 25,East,Marketplace,Debit Card,400.04,2,15,680.07,Processing,3.6,1,1,1,2023,190.41960000000003
ORD100303,2024-02-04,CUST7609,Returning,Automotive,Automotive Product 35,South,Social Media,Credit Card,17274.33,2,20,27638.93,Processing,3.4,1,2,1,2024,5251.3967
ORD100304,2023-09-29,CUST6472,At-Risk,Beauty,Beauty Product 22,South,Website,UPI,666.89,2,5,1267.09,Shipped,3.7,0,9,3,2023,506.836
ORD100305,2024-04-10,CUST8541,VIP,Beauty,Beauty Product 8,South,Marketplace,Credit Card,1361.95,5,5,6469.26,Processing,3.6,0,4,2,2024,2070.1632
ORD100306,2023-10-20,CUST6684,New,Home & Kitchen,Home & Kitchen Product 10,South,Marketplace,Net Banking,13428.83,2,5,25514.78,Processing,4.5,0,10,4,2023,7144.138400000001
ORD100307,2024-03-09,CUST6350,New,Books,Books Product 44,Central,Mobile App,Net Banking,581.01,1,0,581.01,Cancelled,2.8,1,3,1,2024,133.63230000000001
ORD100308,2024-12-14,CUST5668,New,Clothing,Clothing Product 4,West,Marketplace,Net Banking,3198.84,3,20,7677.22,Returned,3.1,0,12,4,2024,2226.3938
ORD100309,2024-07-23,CUST7028,Returning,Sports,Sports Product 27,North,Social Media,Credit Card,6025.31,1,20,4820.25,Returned,4.3,0,7,3,2024,964.0500000000001
ORD100310,2024-11-08,CUST1834,Returning,Clothing,Clothing Product 50,East,Marketplace,UPI,4401.93,1,0,4401.93,Returned,4.5,0,11,4,2024,484.2123
ORD100311,2024-05-13,CUST9470,Returning,Books,Books Product 9,Central,Marketplace,Wallet,289.77,1,10,260.79,Shipped,4.5,0,5,2,2024,57.3738
ORD100312,2023-06-08,CUST3020,Returning,Beauty,Beauty Product 49,South,Website,UPI,1572.86,1,20,1258.29,Cancelled,3.4,0,6,2,2023,478.1502
ORD100313,2023-07-14,CUST8182,Returning,Automotive,Automotive Product 29,West,Mobile App,Debit Card,18960.33,5,25,71101.24,Shipped,3.2,0,7,3,2023,20619.3596
ORD100314,2023-10-31,CUST8987,Returning,Automotive,Automotive Product 27,Central,Marketplace,Debit Card,13857.73,3,5,39494.53,Cancelled,3.6,0,10,4,2023,5134.2889000000005
ORD100315,2023-08-11,CUST8100,New,Beauty,Beauty Product 46,East,Website,Debit Card,2734.91,2,5,5196.33,Cancelled,4.2,0,8,3,2023,1922.6421
ORD100316,2023-03-01,CUST9420,Returning,Sports,Sports Product 32,Central,Marketplace,Credit Card,16054.2,1,0,16054.2,Delivered,5.0,0,3,1,2023,2889.756
ORD100317,2024-08-16,CUST1592,VIP,Home & Kitchen,Home & Kitchen Product 12,South,Mobile App,Net Banking,11896.19,1,25,8922.14,Returned,2.4,0,8,3,2024,1516.7638
ORD100318,2024-07-09,CUST9978,Returning,Beauty,Beauty Product 39,Central,Social Media,Credit Card,2605.88,1,0,2605.88,Shipped,3.8,0,7,3,2024,495.1172
ORD100319,2023-03-04,CUST9289,At-Risk,Beauty,Beauty Product 15,North,Social Media,UPI,2937.44,1,10,2643.7,Shipped,2.9,0,3,1,2023,713.799
ORD100320,2023-11-18,CUST2102,New,Toys,Toys Product 48,East,Mobile App,Net Banking,3155.58,2,0,6311.16,Returned,2.7,0,11,4,2023,1640.9016
ORD100321,2023-02-28,CUST3512,At-Risk,Home & Kitchen,Home & Kitchen Product 21,Central,Website,Wallet,2454.86,2,0,4909.72,Returned,4.8,0,2,1,2023,1227.43
ORD100322,2023-02-21,CUST7191,VIP,Electronics,Electronics Product 45,East,Marketplace,UPI,12248.52,2,5,23272.19,Cancelled,4.4,1,2,1,2023,7447.1008
ORD100323,2024-08-21,CUST6409,New,Beauty,Beauty Product 2,East,Social Media,UPI,1423.08,1,25,1067.31,Processing,4.4,0,8,3,2024,202.78889999999998
ORD100324,2024-05-03,CUST8206,At-Risk,Books,Books Product 40,North,Marketplace,UPI,657.8,5,0,3289.0,Delivered,4.7,0,5,2,2024,1085.3700000000001
ORD100325,2024-05-29,CUST5376,At-Risk,Books,Books Product 29,North,Mobile App,Credit Card,783.44,2,10,1410.19,Returned,3.6,0,5,2,2024,211.5285
ORD100326,2024-06-27,CUST3358,At-Risk,Toys,Toys Product 38,West,Marketplace,Debit Card,3295.67,2,0,6591.34,Delivered,3.7,0,6,2,2024,2175.1422000000002
ORD100327,2023-06-11,CUST3329,At-Risk,Sports,Sports Product 50,South,Marketplace,Wallet,2618.02,2,0,5236.04,Delivered,5.0,0,6,2,2023,1570.812
ORD100328,2023-02-28,CUST4216,New,Beauty,Beauty Product 14,Central,Website,Wallet,1368.24,1,5,1299.83,Processing,3.8,0,2,1,2023,389.94899999999996
ORD100329,2024-06-04,CUST2526,New,Home & Kitchen,Home & Kitchen Product 17,West,Mobile App,Debit Card,10982.6,1,5,10433.47,Processing,4.6,1,6,2,2024,2504.0328
ORD100330,2023-03-24,CUST7289,At-Risk,Beauty,Beauty Product 44,North,Social Media,UPI,562.3,1,0,562.3,Delivered,4.0,1,3,1,2023,168.68999999999997
ORD100331,2023-07-10,CUST5518,VIP,Automotive,Automotive Product 18,East,Marketplace,Wallet,16694.23,3,0,50082.69,Shipped,2.5,0,7,3,2023,6009.9228
ORD100332,2023-03-12,CUST7461,Returning,Automotive,Automotive Product 9,Central,Marketplace,Debit Card,7074.76,1,0,7074.76,Cancelled,2.4,1,3,1,2023,2546.9136
ORD100333,2024-09-01,CUST4608,New,Automotive,Automotive Product 5,South,Website,Debit Card,38562.74,1,0,38562.74,Shipped,3.5,0,9,3,2024,4627.528799999999
ORD100334,2023-03-11,CUST1686,New,Beauty,Beauty Product 9,North,Social Media,Credit Card,1154.93,1,25,866.2,Returned,4.8,0,3,1,2023,121.26800000000001
ORD100335,2024-11-22,CUST1721,VIP,Sports,Sports Product 37,West,Website,Debit Card,10086.45,1,20,8069.16,Shipped,4.6,0,11,4,2024,2178.6732
ORD100336,2023-08-29,CUST5962,Returning,Automotive,Automotive Product 8,East,Marketplace,Wallet,24479.4,3,0,73438.2,Cancelled,4.7,1,8,3,2023,23500.224
ORD100337,2024-02-18,CUST1198,New,Clothing,Clothing Product 20,West,Mobile App,Wallet,4869.67,2,10,8765.41,Returned,3.2,0,2,1,2024,1051.8491999999999
ORD100338,2023-05-03,CUST3178,Returning,Home & Kitchen,Home & Kitchen Product 28,East,Mobile App,Credit Card,9145.62,1,20,7316.5,Cancelled,5.0,0,5,2,2023,2780.27
ORD100339,2024-08-06,CUST4186,At-Risk,Clothing,Clothing Product 43,North,Mobile App,UPI,3255.7,1,0,3255.7,Cancelled,3.2,0,8,3,2024,1269.723
ORD100340,2023-09-10,CUST7854,At-Risk,Sports,Sports Product 24,East,Marketplace,Debit Card,3109.14,1,15,2642.77,Shipped,4.2,0,9,3,2023,739.9756000000001
ORD100341,2024-08-15,CUST4172,At-Risk,Home & Kitchen,Home & Kitchen Product 1,South,Social Media,Credit Card,14177.24,1,20,11341.79,Shipped,4.0,0,8,3,2024,2722.0296000000003
ORD100342,2024-08-31,CUST7841,New,Books,Books Product 12,East,Mobile App,Wallet,745.12,1,0,745.12,Cancelled,3.9,1,8,3,2024,238.4384
ORD100343,2023-02-10,CUST3484,At-Risk,Sports,Sports Product 10,Central,Mobile App,Wallet,7910.43,1,0,7910.43,Shipped,5.0,1,2,1,2023,1582.0860000000002
ORD100344,2024-09-26,CUST7994,New,Clothing,Clothing Product 13,West,Website,UPI,2836.83,1,25,2127.62,Shipped,3.4,0,9,3,2024,531.905
ORD100345,2023-03-25,CUST9962,VIP,Clothing,Clothing Product 19,South,Mobile App,Debit Card,2785.99,2,5,5293.38,Cancelled,2.9,0,3,1,2023,1958.5506
ORD100346,2024-03-05,CUST5180,At-Risk,Electronics,Electronics Product 32,Central,Social Media,Credit Card,39661.81,2,0,79323.62,Cancelled,4.0,1,3,1,2024,30936.2118
ORD100347,2024-11-04,CUST4450,Returning,Electronics,Electronics Product 30,West,Social Media,Net Banking,43128.9,1,0,43128.9,Cancelled,3.7,0,11,4,2024,16388.982
ORD100348,2024-08-20,CUST1009,VIP,Toys,Toys Product 36,South,Marketplace,Net Banking,1074.44,1,5,1020.72,Returned,5.0,1,8,3,2024,183.7296
ORD100349,2024-08-01,CUST2085,VIP,Books,Books Product 45,West,Website,Wallet,158.53,2,10,285.35,Shipped,4.5,0,8,3,2024,48.50950000000001
ORD100350,2024-06-19,CUST3677,At-Risk,Electronics,Electronics Product 45,South,Marketplace,Credit Card,57336.22,2,10,103205.2,Shipped,3.7,0,6,2,2024,19608.988
ORD100351,2023-11-20,CUST1613,Returning,Sports,Sports Product 43,East,Website,Credit Card,10728.14,3,25,24138.32,Processing,3.2,0,11,4,2023,5551.8136
ORD100352,2023-09-25,CUST5350,New,Automotive,Automotive Product 47,Central,Social Media,Debit Card,39008.35,2,0,78016.7,Processing,2.5,0,9,3,2023,14823.172999999999
ORD100353,2023-07-29,CUST8907,Returning,Home & Kitchen,Home & Kitchen Product 45,North,Mobile App,Net Banking,12225.99,1,5,11614.69,Returned,3.2,0,7,3,2023,2439.0849
ORD100354,2024-11-16,CUST2082,At-Risk,Beauty,Beauty Product 1,Central,Social Media,Wallet,775.1,1,5,736.34,Cancelled,4.1,0,11,4,2024,213.5386
ORD100355,2023-11-18,CUST4589,At-Risk,Toys,Toys Product 19,Central,Mobile App,Net Banking,531.55,2,5,1009.94,Returned,5.0,0,11,4,2023,333.28020000000004
ORD100356,2023-09-02,CUST8672,VIP,Books,Books Product 23,South,Website,Debit Card,353.2,1,0,353.2,Shipped,4.9,0,9,3,2023,113.024
ORD100357,2023-09-29,CUST3713,At-Risk,Sports,Sports Product 32,North,Marketplace,UPI,4384.28,2,25,6576.42,Cancelled,4.2,0,9,3,2023,2235.9828
ORD100358,2024-02-10,CUST9085,At-Risk,Home & Kitchen,Home & Kitchen Product 47,South,Website,Credit Card,12803.75,4,20,40972.0,Returned,3.7,0,2,1,2024,4506.92
ORD100359,2023-05-15,CUST2871,Returning,Automotive,Automotive Product 37,East,Marketplace,UPI,18630.0,2,5,35397.0,Returned,4.2,0,5,2,2023,3893.67
ORD100360,2024-11-18,CUST2310,VIP,Clothing,Clothing Product 30,Central,Website,Credit Card,2474.85,1,10,2227.36,Delivered,3.6,1,11,4,2024,757.3024000000001
ORD100361,2024-10-22,CUST8530,New,Toys,Toys Product 9,West,Social Media,Net Banking,707.65,2,0,1415.3,Delivered,5.0,1,10,4,2024,367.978
ORD100362,2023-11-04,CUST6615,Returning,Beauty,Beauty Product 24,West,Mobile App,Debit Card,463.95,1,5,440.75,Shipped,3.8,1,11,4,2023,119.00250000000001
ORD100363,2024-04-13,CUST7096,VIP,Electronics,Electronics Product 8,South,Mobile App,Debit Card,72953.27,2,10,131315.89,Processing,3.9,0,4,2,2024,15757.9068
ORD100364,2023-11-20,CUST8682,At-Risk,Books,Books Product 34,West,Marketplace,UPI,352.6,4,5,1339.88,Returned,2.2,1,11,4,2023,241.1784
ORD100365,2023-03-16,CUST5228,Returning,Home & Kitchen,Home & Kitchen Product 19,West,Website,Wallet,12785.14,1,25,9588.86,Processing,3.8,0,3,1,2023,2780.7694
ORD100366,2023-01-10,CUST9977,VIP,Home & Kitchen,Home & Kitchen Product 45,West,Marketplace,Credit Card,11746.11,5,10,52857.5,Returned,4.7,0,1,1,2023,19028.7
ORD100367,2024-04-14,CUST6416,Returning,Automotive,Automotive Product 42,South,Website,Debit Card,7655.98,4,0,30623.92,Processing,3.1,1,4,2,2024,11637.0896
ORD100368,2024-09-28,CUST6349,VIP,Home & Kitchen,Home & Kitchen Product 4,East,Website,Wallet,7067.71,1,15,6007.55,Cancelled,3.4,0,9,3,2024,1501.8875
ORD100369,2024-07-30,CUST9629,VIP,Home & Kitchen,Home & Kitchen Product 30,East,Mobile App,UPI,12578.21,1,0,12578.21,Delivered,4.6,0,7,3,2024,3270.3345999999997
ORD100370,2023-04-13,CUST3549,Returning,Home & Kitchen,Home & Kitchen Product 2,South,Social Media,Debit Card,8407.06,1,0,8407.06,Cancelled,2.8,0,4,2,2023,2942.4709999999995
ORD100371,2023-03-17,CUST9520,VIP,Automotive,Automotive Product 14,East,Marketplace,Credit Card,46622.01,1,0,46622.01,Processing,4.8,0,3,1,2023,12121.722600000001
ORD100372,2024-07-04,CUST5570,At-Risk,Beauty,Beauty Product 15,South,Mobile App,Debit Card,1350.07,1,5,1282.57,Shipped,3.6,0,7,3,2024,333.46819999999997
ORD100373,2023-08-07,CUST5018,New,Electronics,Electronics Product 42,East,Social Media,Debit Card,17253.62,2,15,29331.15,Returned,3.7,0,8,3,2023,10852.5255
ORD100374,2024-06-02,CUST4706,At-Risk,Books,Books Product 40,East,Social Media,UPI,257.21,1,5,244.35,Delivered,3.1,0,6,2,2024,83.07900000000001
ORD100375,2023-09-29,CUST1364,VIP,Automotive,Automotive Product 34,Central,Mobile App,Credit Card,37552.17,1,15,31919.34,Processing,4.3,1,9,3,2023,11810.1558
ORD100376,2023-05-16,CUST8108,Returning,Books,Books Product 9,West,Mobile App,Debit Card,182.07,3,10,491.59,Cancelled,5.0,1,5,2,2023,83.5703
ORD100377,2023-12-24,CUST8919,New,Clothing,Clothing Product 6,Central,Marketplace,Net Banking,3539.75,1,0,3539.75,Shipped,4.6,1,12,4,2023,920.335
ORD100378,2023-03-12,CUST5459,At-Risk,Sports,Sports Product 19,West,Social Media,UPI,3204.3,3,15,8170.97,Returned,3.3,1,3,1,2023,2859.8395
ORD100379,2023-09-08,CUST6376,VIP,Beauty,Beauty Product 29,South,Social Media,Wallet,2239.28,1,0,2239.28,Shipped,4.9,1,9,3,2023,291.1064
ORD100380,2024-01-14,CUST9336,At-Risk,Books,Books Product 36,Central,Marketplace,Net Banking,587.29,1,0,587.29,Returned,3.7,0,1,1,2024,199.6786
ORD100381,2023-10-19,CUST5924,Returning,Electronics,Electronics Product 44,West,Social Media,Debit Card,34264.34,2,5,65102.25,Shipped,5.0,0,10,4,2023,9765.3375
ORD100382,2023-06-11,CUST9173,At-Risk,Books,Books Product 10,East,Marketplace,Debit Card,137.86,2,0,275.72,Processing,4.6,0,6,2,2023,93.74480000000001
ORD100383,2024-03-24,CUST7630,At-Risk,Beauty,Beauty Product 50,West,Social Media,Wallet,452.13,4,0,1808.52,Delivered,1.6,0,3,1,2024,506.38560000000007
ORD100384,2024-07-10,CUST1840,VIP,Toys,Toys Product 16,North,Social Media,Debit Card,2410.11,2,10,4338.2,Returned,3.2,0,7,3,2024,694.112
ORD100385,2024-12-21,CUST5920,New,Automotive,Automotive Product 13,East,Website,Wallet,24259.87,3,5,69140.63,Delivered,4.8,0,12,4,2024,16593.7512
ORD100386,2023-11-06,CUST5221,At-Risk,Automotive,Automotive Product 29,West,Mobile App,UPI,30021.14,1,5,28520.08,Delivered,4.1,0,11,4,2023,8556.024
ORD100387,2024-09-18,CUST2744,At-Risk,Electronics,Electronics Product 42,East,Mobile App,UPI,13074.77,1,25,9806.08,Delivered,3.2,0,9,3,2024,2843.7632
ORD100388,2024-10-31,CUST3424,At-Risk,Electronics,Electronics Product 47,South,Mobile App,Credit Card,12177.49,3,10,32879.22,Shipped,3.5,0,10,4,2024,7562.220600000001
ORD100389,2024-06-25,CUST4663,New,Beauty,Beauty Product 10,Central,Social Media,Debit Card,552.64,3,20,1326.34,Returned,2.5,0,6,2,2024,490.7458
ORD100390,2023-01-09,CUST4587,New,Clothing,Clothing Product 45,North,Mobile App,Net Banking,1376.22,5,0,6881.1,Returned,3.9,0,1,1,2023,1789.0860000000002
ORD100391,2024-11-14,CUST5075,At-Risk,Sports,Sports Product 4,South,Social Media,Net Banking,644.56,1,10,580.1,Processing,5.0,0,11,4,2024,145.025
ORD100392,2024-07-21,CUST8607,VIP,Sports,Sports Product 37,Central,Marketplace,UPI,16688.93,1,20,13351.14,Returned,4.6,0,7,3,2024,1602.1367999999998
ORD100393,2023-11-03,CUST3510,At-Risk,Home & Kitchen,Home & Kitchen Product 45,Central,Website,UPI,6422.47,3,10,17340.67,Delivered,5.0,0,11,4,2023,6589.454599999999
ORD100394,2024-11-10,CUST2615,VIP,Toys,Toys Product 46,North,Marketplace,Debit Card,3108.59,1,10,2797.73,Cancelled,4.7,1,11,4,2024,419.6595
ORD100395,2023-04-17,CUST9883,VIP,Toys,Toys Product 18,South,Mobile App,Wallet,1985.11,4,0,7940.44,Returned,4.8,0,4,2,2023,2064.5144
ORD100396,2023-05-18,CUST9287,VIP,Beauty,Beauty Product 21,East,Website,Wallet,549.32,3,0,1647.96,Delivered,5.0,0,5,2,2023,560.3064
ORD100397,2023-09-28,CUST6947,At-Risk,Clothing,Clothing Product 5,Central,Marketplace,Wallet,2731.76,1,5,2595.17,Processing,4.3,0,9,3,2023,415.22720000000004
ORD100398,2023-04-29,CUST7760,VIP,Sports,Sports Product 46,North,Website,UPI,18995.81,3,0,56987.43,Cancelled,3.9,0,4,2,2023,14816.731800000001
ORD100399,2023-04-20,CUST7551,New,Toys,Toys Product 26,East,Website,Debit Card,1986.7,3,20,4768.08,Delivered,4.8,0,4,2,2023,810.5736
ORD100400,2024-07-20,CUST7869,Returning,Books,Books Product 32,South,Website,Wallet,605.79,1,0,605.79,Cancelled,5.0,0,7,3,2024,199.9107
ORD100401,2023-06-09,CUST6426,VIP,Toys,Toys Product 26,East,Website,UPI,1887.1,4,25,5661.3,Delivered,3.6,0,6,2,2023,1528.5510000000002
ORD100402,2023-10-06,CUST5900,New,Beauty,Beauty Product 50,West,Mobile App,Wallet,1987.81,2,25,2981.72,Delivered,3.4,0,10,4,2023,1073.4191999999998
ORD100403,2023-10-16,CUST2329,At-Risk,Beauty,Beauty Product 47,Central,Social Media,Credit Card,187.65,3,0,562.95,Delivered,4.1,0,10,4,2023,208.2915
ORD100404,2024-09-11,CUST4973,At-Risk,Automotive,Automotive Product 29,West,Social Media,Debit Card,6274.32,1,0,6274.32,Cancelled,4.7,1,9,3,2024,1819.5527999999997
ORD100405,2023-08-04,CUST3661,Returning,Automotive,Automotive Product 1,North,Website,Debit Card,3752.04,4,20,12006.53,Delivered,4.6,0,8,3,2023,3842.0896000000002
ORD100406,2023-12-18,CUST8883,VIP,Electronics,Electronics Product 26,North,Social Media,Credit Card,51575.12,1,25,38681.34,Returned,2.9,0,12,4,2023,10057.1484
ORD100407,2023-07-28,CUST2086,At-Risk,Home & Kitchen,Home & Kitchen Product 13,North,Website,Wallet,9181.35,1,5,8722.28,Returned,5.0,0,7,3,2023,1918.9016000000001
ORD100408,2024-12-04,CUST6143,VIP,Automotive,Automotive Product 27,Central,Marketplace,Net Banking,9340.15,4,0,37360.6,Processing,3.5,0,12,4,2024,10834.573999999999
ORD100409,2024-10-11,CUST1932,Returning,Home & Kitchen,Home & Kitchen Product 41,East,Website,UPI,2657.13,1,5,2524.27,Cancelled,3.8,0,10,4,2024,933.9798999999999
ORD100410,2023-09-28,CUST8137,At-Risk,Books,Books Product 15,North,Social Media,Credit Card,377.47,1,10,339.72,Processing,3.3,0,9,3,2023,78.13560000000001
ORD100411,2024-06-01,CUST7650,New,Clothing,Clothing Product 43,Central,Marketplace,UPI,2233.38,5,0,11166.9,Processing,5.0,0,6,2,2024,2121.711
ORD100412,2024-05-15,CUST8080,At-Risk,Sports,Sports Product 9,North,Marketplace,Wallet,18985.54,5,10,85434.93,Processing,4.2,0,5,2,2024,18795.684599999997
ORD100413,2023-09-15,CUST3523,VIP,Books,Books Product 34,West,Social Media,Net Banking,418.01,2,0,836.02,Processing,3.3,0,9,3,2023,192.2846
ORD100414,2023-02-22,CUST7786,New,Home & Kitchen,Home & Kitchen Product 28,East,Social Media,Debit Card,10757.68,2,0,21515.36,Shipped,4.7,0,2,1,2023,2581.8432
ORD100415,2023-04-05,CUST8752,VIP,Home & Kitchen,Home & Kitchen Product 13,West,Social Media,Debit Card,4093.4,1,0,4093.4,Delivered,4.6,1,4,2,2023,1023.35
ORD100416,2024-10-11,CUST1501,VIP,Home & Kitchen,Home & Kitchen Product 1,South,Mobile App,Wallet,8709.36,1,0,8709.36,Delivered,3.8,0,10,4,2024,2177.34
ORD100417,2024-03-09,CUST6468,VIP,Beauty,Beauty Product 8,West,Mobile App,Credit Card,1022.2,1,0,1022.2,Delivered,4.7,1,3,1,2024,286.21600000000007
ORD100418,2023-10-11,CUST7068,New,Clothing,Clothing Product 5,West,Mobile App,Wallet,1291.11,2,5,2453.11,Returned,3.3,0,10,4,2023,515.1531
ORD100419,2023-02-15,CUST2937,Returning,Books,Books Product 9,South,Website,UPI,752.02,3,0,2256.06,Cancelled,3.6,0,2,1,2023,631.6968
ORD100420,2023-01-04,CUST6046,At-Risk,Toys,Toys Product 10,East,Social Media,Credit Card,1232.94,3,0,3698.82,Processing,2.4,0,1,1,2023,1331.5752
ORD100421,2023-12-08,CUST4861,New,Beauty,Beauty Product 2,South,Website,UPI,412.02,3,0,1236.06,Returned,2.9,0,12,4,2023,482.0634
ORD100422,2023-05-14,CUST8971,VIP,Clothing,Clothing Product 4,West,Marketplace,Credit Card,2012.29,1,25,1509.22,Shipped,5.0,0,5,2,2023,422.58160000000004
ORD100423,2024-10-14,CUST9058,Returning,Automotive,Automotive Product 47,West,Marketplace,UPI,47592.79,1,5,45213.15,Returned,5.0,0,10,4,2024,4973.4465
ORD100424,2023-09-26,CUST7493,New,Automotive,Automotive Product 44,South,Mobile App,Wallet,37362.23,1,5,35494.12,Processing,4.1,0,9,3,2023,13842.706800000002
ORD100425,2023-06-15,CUST4506,New,Automotive,Automotive Product 34,South,Marketplace,Net Banking,20499.8,2,10,36899.64,Shipped,5.0,0,6,2,2023,11438.8884
ORD100426,2024-03-28,CUST7640,Returning,Books,Books Product 19,East,Social Media,Credit Card,139.2,1,25,104.4,Delivered,3.9,1,3,1,2024,20.880000000000003
ORD100427,2024-07-18,CUST8046,At-Risk,Home & Kitchen,Home & Kitchen Product 33,East,Marketplace,UPI,6066.68,4,0,24266.72,Processing,3.8,1,7,3,2024,3397.3408000000004
ORD100428,2024-12-23,CUST4852,Returning,Toys,Toys Product 18,Central,Marketplace,Wallet,3325.52,1,10,2992.97,Shipped,4.0,0,12,4,2024,419.0158
ORD100429,2024-03-13,CUST5693,At-Risk,Electronics,Electronics Product 9,South,Social Media,Credit Card,78091.0,1,10,70281.9,Shipped,3.9,0,3,1,2024,10542.284999999998
ORD100430,2024-07-28,CUST4985,New,Books,Books Product 25,North,Mobile App,UPI,523.56,1,10,471.2,Processing,3.8,0,7,3,2024,51.832
ORD100431,2023-01-10,CUST3701,At-Risk,Electronics,Electronics Product 17,South,Marketplace,Credit Card,6638.13,3,0,19914.39,Cancelled,4.9,0,1,1,2023,7368.324299999999
ORD100432,2023-04-25,CUST6506,At-Risk,Home & Kitchen,Home & Kitchen Product 50,West,Website,Wallet,10478.67,2,10,18861.61,Cancelled,4.1,0,4,2,2023,4904.0186
ORD100433,2023-03-19,CUST3608,VIP,Home & Kitchen,Home & Kitchen Product 35,Central,Marketplace,Debit Card,7318.02,1,0,7318.02,Cancelled,4.6,0,3,1,2023,2268.5862
ORD100434,2024-12-08,CUST6359,New,Home & Kitchen,Home & Kitchen Product 14,South,Mobile App,Debit Card,9894.69,1,10,8905.22,Returned,4.8,0,12,4,2024,3116.8269999999998
ORD100435,2023-06-02,CUST7174,New,Electronics,Electronics Product 14,North,Social Media,Net Banking,32705.44,2,10,58869.79,Shipped,4.3,0,6,2,2023,20015.728600000002
ORD100436,2024-07-12,CUST2357,Returning,Home & Kitchen,Home & Kitchen Product 49,Central,Website,Net Banking,5892.91,1,0,5892.91,Delivered,3.2,0,7,3,2024,2121.4476
ORD100437,2023-02-06,CUST2649,VIP,Electronics,Electronics Product 14,North,Mobile App,Debit Card,4846.4,3,15,12358.32,Returned,2.9,1,2,1,2023,4819.7448
ORD100438,2024-01-14,CUST2345,VIP,Home & Kitchen,Home & Kitchen Product 28,East,Social Media,Credit Card,5760.73,2,0,11521.46,Shipped,4.1,1,1,1,2024,2649.9357999999997
ORD100439,2024-08-19,CUST2348,VIP,Sports,Sports Product 29,North,Website,Credit Card,8714.75,1,15,7407.54,Shipped,3.9,0,8,3,2024,2888.9406
ORD100440,2024-07-19,CUST1139,New,Home & Kitchen,Home & Kitchen Product 44,North,Social Media,Wallet,4267.82,1,5,4054.43,Delivered,4.1,0,7,3,2024,1297.4176
ORD100441,2023-06-01,CUST3458,Returning,Toys,Toys Product 37,East,Social Media,Credit Card,596.72,5,0,2983.6,Returned,4.0,0,6,2,2023,358.032
ORD100442,2024-03-16,CUST9853,New,Electronics,Electronics Product 25,South,Marketplace,Net Banking,29334.78,1,0,29334.78,Returned,5.0,0,3,1,2024,8800.434
ORD100443,2023-05-11,CUST8021,Returning,Sports,Sports Product 2,West,Social Media,UPI,15664.43,1,25,11748.32,Processing,2.9,0,5,2,2023,3641.9791999999998
ORD100444,2023-02-12,CUST9071,New,Clothing,Clothing Product 33,South,Social Media,UPI,1810.26,3,0,5430.78,Returned,2.4,0,2,1,2023,2009.3885999999998
ORD100445,2023-11-12,CUST2512,VIP,Books,Books Product 11,North,Website,UPI,267.67,4,0,1070.68,Cancelled,4.3,0,11,4,2023,224.8428
ORD100446,2024-01-09,CUST3488,At-Risk,Automotive,Automotive Product 45,North,Social Media,Net Banking,8807.81,5,0,44039.05,Delivered,3.7,1,1,1,2024,12330.934000000001
ORD100447,2023-02-10,CUST1841,VIP,Automotive,Automotive Product 35,West,Website,Wallet,6038.06,3,10,16302.76,Delivered,4.3,1,2,1,2023,1630.276
ORD100448,2024-01-02,CUST1034,Returning,Automotive,Automotive Product 39,South,Website,Debit Card,11225.97,1,5,10664.67,Returned,4.5,0,1,1,2024,2132.934
ORD100449,2023-08-04,CUST8720,At-Risk,Home & Kitchen,Home & Kitchen Product 26,South,Mobile App,Wallet,461.36,1,0,461.36,Delivered,5.0,0,8,3,2023,55.3632
ORD100450,2024-11-29,CUST3909,VIP,Books,Books Product 32,West,Mobile App,Credit Card,736.78,3,0,2210.34,Cancelled,2.8,0,11,4,2024,574.6884
ORD100451,2023-09-13,CUST1535,New,Toys,Toys Product 47,East,Mobile App,Credit Card,913.43,2,0,1826.86,Returned,3.6,0,9,3,2023,639.401
ORD100452,2024-11-13,CUST3186,VIP,Home & Kitchen,Home & Kitchen Product 48,North,Social Media,Net Banking,3265.37,1,0,3265.37,Delivered,4.3,1,11,4,2024,522.4592
ORD100453,2023-04-16,CUST5774,At-Risk,Home & Kitchen,Home & Kitchen Product 41,East,Website,Credit Card,13959.27,4,5,53045.23,Delivered,4.6,1,4,2,2023,13791.759800000002
ORD100454,2023-12-29,CUST7009,Returning,Sports,Sports Product 6,West,Mobile App,Net Banking,5110.57,1,10,4599.51,Returned,5.0,1,12,4,2023,735.9216
ORD100455,2024-07-27,CUST6853,New,Home & Kitchen,Home & Kitchen Product 45,East,Website,UPI,1550.08,1,0,1550.08,Delivered,4.8,0,7,3,2024,217.0112
ORD100456,2024-02-21,CUST2433,Returning,Beauty,Beauty Product 14,West,Mobile App,Credit Card,1774.85,1,0,1774.85,Shipped,4.0,0,2,1,2024,443.7125
ORD100457,2024-09-27,CUST1662,At-Risk,Automotive,Automotive Product 25,Central,Mobile App,Credit Card,3007.83,1,0,3007.83,Processing,3.3,0,9,3,2024,360.9396
ORD100458,2023-06-08,CUST3706,VIP,Clothing,Clothing Product 1,North,Social Media,Debit Card,4935.17,1,25,3701.38,Delivered,3.5,0,6,2,2023,1036.3864
ORD100459,2023-08-31,CUST6075,New,Books,Books Product 22,North,Social Media,UPI,438.66,1,25,329.0,Shipped,3.5,0,8,3,2023,36.19
ORD100460,2023-06-16,CUST6409,New,Toys,Toys Product 41,North,Marketplace,UPI,382.59,1,15,325.2,Processing,4.5,0,6,2,2023,42.276
ORD100461,2023-07-01,CUST2637,New,Toys,Toys Product 44,Central,Marketplace,Net Banking,554.2,2,0,1108.4,Delivered,4.2,1,7,3,2023,288.184
ORD100462,2024-02-27,CUST1638,Returning,Home & Kitchen,Home & Kitchen Product 17,East,Marketplace,Wallet,4836.49,2,0,9672.98,Delivered,2.9,0,2,1,2024,2708.4344
ORD100463,2023-01-26,CUST2349,New,Clothing,Clothing Product 39,South,Website,Wallet,4906.6,2,0,9813.2,Returned,3.7,0,1,1,2023,1079.452
ORD100464,2023-07-03,CUST1647,VIP,Electronics,Electronics Product 19,Central,Mobile App,UPI,60258.51,5,0,301292.55,Processing,4.7,0,7,3,2023,81348.9885
ORD100465,2023-12-07,CUST1003,At-Risk,Books,Books Product 28,South,Mobile App,Wallet,771.12,1,5,732.56,Shipped,4.3,0,12,4,2023,256.39599999999996
ORD100466,2024-02-26,CUST4149,At-Risk,Toys,Toys Product 39,South,Social Media,Net Banking,2100.82,1,15,1785.7,Shipped,4.5,1,2,1,2024,571.424
ORD100467,2024-11-16,CUST3784,New,Home & Kitchen,Home & Kitchen Product 9,East,Social Media,UPI,4922.74,3,20,11814.58,Returned,4.3,0,11,4,2024,1654.0412000000001
ORD100468,2023-09-12,CUST7403,VIP,Clothing,Clothing Product 2,Central,Social Media,Net Banking,2075.08,1,15,1763.82,Returned,5.0,0,9,3,2023,493.86960000000005
ORD100469,2023-10-01,CUST9034,Returning,Home & Kitchen,Home & Kitchen Product 36,Central,Website,Debit Card,5530.81,5,0,27654.05,Processing,4.2,0,10,4,2023,8296.215
ORD100470,2023-06-13,CUST2761,New,Automotive,Automotive Product 24,East,Marketplace,Net Banking,7172.23,1,10,6455.01,Shipped,3.7,0,6,2,2023,710.0511
ORD100471,2024-12-19,CUST5379,VIP,Electronics,Electronics Product 27,West,Website,UPI,54137.57,5,0,270687.85,Processing,3.3,0,12,4,2024,97447.62599999999
ORD100472,2023-04-21,CUST5774,At-Risk,Clothing,Clothing Product 18,East,Social Media,UPI,1790.33,1,0,1790.33,Cancelled,4.2,0,4,2,2023,662.4221
ORD100473,2024-01-27,CUST9619,VIP,Clothing,Clothing Product 37,South,Website,Wallet,4503.25,4,10,16211.7,Processing,2.0,0,1,1,2024,5836.212
ORD100474,2023-02-09,CUST2174,New,Automotive,Automotive Product 46,South,Website,Net Banking,25576.06,2,0,51152.12,Returned,3.9,0,2,1,2023,17903.242
ORD100475,2024-04-26,CUST5660,VIP,Home & Kitchen,Home & Kitchen Product 4,Central,Social Media,Net Banking,7682.0,5,5,36489.5,Processing,3.8,0,4,2,2024,11676.64
ORD100476,2023-08-16,CUST3271,Returning,Electronics,Electronics Product 8,Central,Marketplace,Net Banking,62117.28,1,0,62117.28,Shipped,2.9,1,8,3,2023,18014.011199999997
ORD100477,2023-07-24,CUST2064,At-Risk,Toys,Toys Product 13,South,Website,Credit Card,290.0,2,10,522.0,Returned,3.3,0,7,3,2023,156.6
ORD100478,2024-04-16,CUST8574,VIP,Toys,Toys Product 10,East,Website,Net Banking,3225.06,5,15,13706.5,Processing,4.6,0,4,2,2024,4660.21
ORD100479,2023-12-25,CUST5259,At-Risk,Beauty,Beauty Product 17,Central,Social Media,Debit Card,1509.32,2,0,3018.64,Delivered,4.2,0,12,4,2023,905.592
ORD100480,2023-11-09,CUST3578,At-Risk,Electronics,Electronics Product 40,West,Marketplace,Debit Card,69570.58,2,15,118269.99,Processing,4.1,0,11,4,2023,23653.998000000003
ORD100481,2023-08-22,CUST9435,New,Toys,Toys Product 24,West,Website,Net Banking,342.15,2,0,684.3,Shipped,4.2,0,8,3,2023,143.70299999999997
ORD100482,2023-08-17,CUST2574,At-Risk,Books,Books Product 49,West,Social Media,Net Banking,212.86,1,5,202.22,Processing,4.1,1,8,3,2023,74.8214
ORD100483,2023-01-25,CUST9133,New,Automotive,Automotive Product 6,West,Website,Credit Card,34372.8,2,10,61871.04,Returned,5.0,1,1,1,2023,6805.8144
ORD100484,2024-11-06,CUST4666,New,Toys,Toys Product 37,North,Social Media,UPI,499.26,2,10,898.67,Returned,4.1,0,11,4,2024,278.5877
ORD100485,2023-07-17,CUST5648,At-Risk,Beauty,Beauty Product 14,East,Mobile App,Net Banking,1933.97,4,25,5801.91,Processing,2.8,0,7,3,2023,2262.7449
ORD100486,2024-02-13,CUST1524,Returning,Clothing,Clothing Product 24,South,Marketplace,UPI,4773.53,1,0,4773.53,Delivered,5.0,1,2,1,2024,1479.7943
ORD100487,2023-12-03,CUST7445,At-Risk,Toys,Toys Product 4,Central,Social Media,Credit Card,1079.97,1,10,971.97,Delivered,4.3,1,12,4,2023,388.788
ORD100488,2023-10-13,CUST6548,New,Home & Kitchen,Home & Kitchen Product 42,North,Marketplace,Debit Card,3470.01,5,10,15615.05,Returned,3.5,0,10,4,2023,4840.6655
ORD100489,2023-03-13,CUST3667,New,Sports,Sports Product 1,South,Mobile App,Credit Card,13756.61,4,20,44021.15,Delivered,3.0,1,3,1,2023,4842.3265
ORD100490,2023-10-13,CUST8744,New,Automotive,Automotive Product 5,South,Website,Wallet,7730.44,1,0,7730.44,Shipped,4.3,1,10,4,2023,2705.6539999999995
ORD100491,2023-12-26,CUST8413,Returning,Books,Books Product 7,West,Mobile App,Credit Card,602.99,2,15,1025.08,Cancelled,3.9,0,12,4,2023,194.7652
ORD100492,2024-10-18,CUST6877,At-Risk,Clothing,Clothing Product 22,South,Marketplace,Wallet,4968.4,1,10,4471.56,Processing,5.0,0,10,4,2024,1028.4588
ORD100493,2024-06-05,CUST9337,VIP,Sports,Sports Product 19,East,Marketplace,Credit Card,10231.75,1,0,10231.75,Cancelled,3.7,0,6,2,2024,1944.0325
ORD100494,2024-02-14,CUST6020,New,Toys,Toys Product 26,West,Social Media,Debit Card,3970.66,1,5,3772.13,Processing,3.3,0,2,1,2024,678.9834
ORD100495,2024-11-26,CUST5811,New,Sports,Sports Product 8,South,Mobile App,Net Banking,12331.28,1,0,12331.28,Shipped,4.7,0,11,4,2024,2836.1944000000003
ORD100496,2024-07-03,CUST7571,Returning,Books,Books Product 31,West,Social Media,Wallet,466.3,2,10,839.34,Cancelled,4.7,0,7,3,2024,176.2614
ORD100497,2023-12-06,CUST7848,VIP,Electronics,Electronics Product 23,East,Marketplace,Wallet,61606.58,1,20,49285.26,Cancelled,4.1,0,12,4,2023,14292.7254
ORD100498,2023-01-29,CUST4852,VIP,Electronics,Electronics Product 34,North,Marketplace,Debit Card,36074.68,5,10,162336.06,Returned,4.5,1,1,1,2023,55194.26040000001
ORD100499,2023-04-29,CUST6067,VIP,Clothing,Clothing Product 46,North,Website,Wallet,829.75,5,10,3733.88,Processing,4.0,0,4,2,2023,709.4372000000001
ORD100500,2023-09-25,CUST6351,VIP,Electronics,Electronics Product 45,South,Marketplace,Debit Card,23621.91,2,5,44881.63,Processing,4.2,0,9,3,2023,7181.060799999999
ORD100501,2023-07-02,CUST4449,Returning,Toys,Toys Product 46,South,Marketplace,UPI,2569.19,2,0,5138.38,Cancelled,4.9,0,7,3,2023,1541.514
ORD100502,2024-08-17,CUST4943,New,Books,Books Product 42,Central,Mobile App,Debit Card,758.1,1,0,758.1,Cancelled,4.5,0,8,3,2024,227.43
ORD100503,2023-09-29,CUST8557,At-Risk,Beauty,Beauty Product 4,Central,Social Media,Wallet,264.04,3,5,752.51,Returned,3.9,1,9,3,2023,278.4287
ORD100504,2023-02-09,CUST3436,At-Risk,Toys,Toys Product 35,North,Mobile App,Wallet,2908.5,2,0,5817.0,Processing,5.0,0,2,1,2023,581.7
ORD100505,2023-04-22,CUST3543,VIP,Beauty,Beauty Product 4,Central,Website,UPI,2096.19,1,0,2096.19,Cancelled,2.1,0,4,2,2023,754.6283999999999
ORD100506,2024-09-02,CUST1602,VIP,Clothing,Clothing Product 14,North,Website,Credit Card,1347.73,4,5,5121.37,Shipped,5.0,0,9,3,2024,1331.5562
ORD100507,2024-03-20,CUST2301,At-Risk,Home & Kitchen,Home & Kitchen Product 34,North,Mobile App,UPI,14956.04,3,0,44868.12,Delivered,2.6,0,3,1,2024,13011.7548
ORD100508,2023-12-20,CUST1962,At-Risk,Toys,Toys Product 47,West,Website,Debit Card,2506.13,4,0,10024.52,Processing,3.5,0,12,4,2023,1303.1876000000002
ORD100509,2023-11-18,CUST2928,VIP,Sports,Sports Product 33,East,Social Media,Wallet,19177.11,2,5,36436.51,Delivered,4.0,1,11,4,2023,8380.3973
ORD100510,2024-03-22,CUST3419,Returning,Sports,Sports Product 37,West,Mobile App,Debit Card,11511.26,2,0,23022.52,Processing,3.9,0,3,1,2024,3913.8284000000003
ORD100511,2024-09-12,CUST2764,VIP,Toys,Toys Product 41,West,Social Media,UPI,3978.74,1,20,3182.99,Processing,4.8,0,9,3,2024,572.9381999999999
ORD100512,2024-06-07,CUST8355,New,Beauty,Beauty Product 49,North,Marketplace,Credit Card,427.61,4,20,1368.35,Shipped,3.2,0,6,2,2024,342.0875
ORD100513,2023-04-29,CUST3066,At-Risk,Sports,Sports Product 47,East,Mobile App,Net Banking,692.86,3,10,1870.72,Cancelled,4.2,0,4,2,2023,636.0448
ORD100514,2024-01-30,CUST3446,Returning,Toys,Toys Product 48,East,Website,Credit Card,3112.01,1,0,3112.01,Shipped,3.5,1,1,1,2024,995.8432000000001
ORD100515,2024-08-13,CUST2203,Returning,Books,Books Product 3,South,Social Media,Debit Card,316.68,1,15,269.18,Shipped,4.2,0,8,3,2024,75.3704
ORD100516,2023-07-14,CUST5628,New,Toys,Toys Product 19,West,Social Media,Net Banking,3496.63,1,15,2972.14,Delivered,3.9,0,7,3,2023,772.7564
ORD100517,2023-09-18,CUST6451,VIP,Automotive,Automotive Product 17,Central,Marketplace,Wallet,40031.25,3,15,102079.69,Delivered,4.1,0,9,3,2023,23478.328700000002
ORD100518,2023-02-15,CUST6242,VIP,Home & Kitchen,Home & Kitchen Product 41,West,Marketplace,UPI,13458.48,5,0,67292.4,Returned,3.6,0,2,1,2023,26244.036
ORD100519,2024-12-26,CUST4919,At-Risk,Beauty,Beauty Product 5,South,Marketplace,Net Banking,1571.9,1,10,1414.71,Processing,3.6,0,12,4,2024,381.97170000000006
ORD100520,2024-03-22,CUST8890,At-Risk,Automotive,Automotive Product 4,East,Marketplace,Net Banking,23176.55,2,15,39400.13,Shipped,4.2,0,3,1,2024,7092.023399999999
ORD100521,2023-01-02,CUST8132,Returning,Sports,Sports Product 19,East,Website,UPI,3726.47,1,10,3353.82,Delivered,4.8,0,1,1,2023,570.1494
ORD100522,2024-06-16,CUST7715,VIP,Sports,Sports Product 4,East,Marketplace,Debit Card,6193.92,5,10,27872.64,Shipped,3.5,0,6,2,2024,7804.3392
ORD100523,2024-07-05,CUST3008,At-Risk,Beauty,Beauty Product 18,North,Mobile App,Net Banking,344.26,3,5,981.14,Shipped,3.3,0,7,3,2024,255.09640000000002
ORD100524,2024-12-04,CUST5956,Returning,Toys,Toys Product 16,East,Website,Net Banking,2390.74,3,5,6813.61,Cancelled,4.5,0,12,4,2024,681.361
ORD100525,2024-11-17,CUST4436,Returning,Home & Kitchen,Home & Kitchen Product 5,South,Mobile App,Wallet,5494.52,1,0,5494.52,Returned,4.0,0,11,4,2024,1923.082
ORD100526,2023-07-21,CUST8753,Returning,Clothing,Clothing Product 23,South,Mobile App,UPI,541.44,1,10,487.3,Returned,4.7,0,7,3,2023,151.06300000000002
ORD100527,2024-01-08,CUST1554,New,Books,Books Product 26,North,Website,Wallet,597.46,1,0,597.46,Processing,3.3,0,1,1,2024,179.238
ORD100528,2024-03-17,CUST6967,New,Automotive,Automotive Product 25,West,Social Media,Credit Card,23468.46,1,5,22295.04,Processing,2.6,1,3,1,2024,2675.4048
ORD100529,2023-03-13,CUST3564,VIP,Home & Kitchen,Home & Kitchen Product 33,Central,Marketplace,Debit Card,14796.31,3,0,44388.93,Processing,3.6,0,3,1,2023,9321.675299999999
ORD100530,2024-11-11,CUST7402,Returning,Clothing,Clothing Product 22,West,Social Media,Credit Card,4896.72,3,5,13955.65,Shipped,3.4,0,11,4,2024,5303.147
ORD100531,2023-12-05,CUST4137,Returning,Books,Books Product 5,Central,Website,Net Banking,634.2,5,0,3171.0,Shipped,3.9,0,12,4,2023,1141.56
ORD100532,2024-09-30,CUST6653,VIP,Toys,Toys Product 44,South,Marketplace,Debit Card,1879.77,5,10,8458.96,Shipped,3.5,0,9,3,2024,1607.2024
ORD100533,2023-11-18,CUST2082,At-Risk,Beauty,Beauty Product 14,North,Mobile App,Net Banking,2783.86,2,15,4732.56,Cancelled,4.6,0,11,4,2023,709.884
ORD100534,2024-11-10,CUST1801,New,Electronics,Electronics Product 22,West,Social Media,Net Banking,75216.44,3,0,225649.32,Processing,3.8,1,11,4,2024,51899.34360000001
ORD100535,2023-05-08,CUST1514,VIP,Home & Kitchen,Home & Kitchen Product 13,West,Website,Wallet,14583.71,4,0,58334.84,Processing,4.1,0,5,2,2023,12250.3164
ORD100536,2023-11-04,CUST5131,At-Risk,Toys,Toys Product 34,East,Website,Credit Card,2055.38,3,0,6166.14,Returned,4.1,1,11,4,2023,1849.842
ORD100537,2024-06-03,CUST7382,VIP,Electronics,Electronics Product 41,East,Marketplace,Net Banking,29396.03,1,20,23516.82,Cancelled,4.2,0,6,2,2024,9171.5598
ORD100538,2023-11-13,CUST4056,At-Risk,Clothing,Clothing Product 42,Central,Mobile App,UPI,1575.8,1,5,1497.01,Returned,4.0,0,11,4,2023,314.3721
ORD100539,2024-11-13,CUST9152,At-Risk,Home & Kitchen,Home & Kitchen Product 7,South,Mobile App,Debit Card,6312.79,1,5,5997.15,Returned,4.4,0,11,4,2024,719.6579999999999
ORD100540,2024-02-23,CUST8594,VIP,Automotive,Automotive Product 18,Central,Website,UPI,31288.43,5,0,156442.15,Processing,3.4,0,2,1,2024,57883.595499999996
ORD100541,2023-12-01,CUST7512,VIP,Toys,Toys Product 33,South,Mobile App,Wallet,2786.22,2,10,5015.2,Delivered,5.0,1,12,4,2023,551.672
ORD100542,2024-02-17,CUST6301,VIP,Clothing,Clothing Product 42,East,Social Media,Credit Card,2315.97,1,20,1852.78,Processing,3.8,1,2,1,2024,722.5842
ORD100543,2024-12-14,CUST8366,VIP,Clothing,Clothing Product 14,South,Social Media,Debit Card,2659.9,2,15,4521.83,Returned,3.0,0,12,4,2024,1356.549
ORD100544,2023-10-30,CUST3177,Returning,Sports,Sports Product 31,Central,Mobile App,UPI,12642.79,2,10,22757.02,Returned,4.2,0,10,4,2023,8647.6676
ORD100545,2024-07-21,CUST6356,At-Risk,Books,Books Product 20,West,Mobile App,Debit Card,319.55,1,0,319.55,Shipped,3.3,0,7,3,2024,51.128
ORD100546,2023-05-11,CUST7919,VIP,Beauty,Beauty Product 30,Central,Website,Net Banking,387.95,1,0,387.95,Processing,4.5,1,5,2,2023,42.6745
ORD100547,2023-07-16,CUST6157,Returning,Clothing,Clothing Product 21,North,Mobile App,Net Banking,2183.33,2,0,4366.66,Returned,5.0,1,7,3,2023,1091.665
ORD100548,2024-03-06,CUST4014,New,Electronics,Electronics Product 23,East,Mobile App,UPI,36282.34,2,0,72564.68,Processing,3.4,0,3,1,2024,17415.523199999996
ORD100549,2024-11-11,CUST1121,Returning,Toys,Toys Product 33,East,Marketplace,Debit Card,3534.15,3,0,10602.45,Cancelled,4.3,0,11,4,2024,2120.4900000000002
ORD100550,2024-01-24,CUST3689,Returning,Toys,Toys Product 4,South,Social Media,Wallet,3966.74,2,0,7933.48,Returned,2.6,0,1,1,2024,3094.0571999999997
ORD100551,2024-11-24,CUST5105,VIP,Sports,Sports Product 13,Central,Marketplace,Wallet,1236.44,3,0,3709.32,Shipped,4.4,0,11,4,2024,1298.262
ORD100552,2023-06-28,CUST7812,New,Electronics,Electronics Product 3,South,Marketplace,Debit Card,78205.82,2,20,125129.31,Cancelled,3.3,0,6,2,2023,37538.793
ORD100553,2024-09-22,CUST2527,At-Risk,Home & Kitchen,Home & Kitchen Product 40,East,Website,Wallet,1138.76,2,10,2049.77,Shipped,3.5,0,9,3,2024,307.46549999999996
ORD100554,2024-08-05,CUST8977,New,Automotive,Automotive Product 41,South,Mobile App,Debit Card,39697.06,4,15,134970.0,Processing,3.1,0,8,3,2024,43190.4
ORD100555,2023-11-05,CUST6481,Returning,Automotive,Automotive Product 1,Central,Website,Credit Card,35227.47,1,10,31704.72,Delivered,4.6,0,11,4,2023,10145.510400000001
ORD100556,2024-02-20,CUST3427,VIP,Electronics,Electronics Product 7,West,Social Media,Debit Card,45083.63,1,0,45083.63,Cancelled,4.8,0,2,1,2024,10369.2349
ORD100557,2024-07-15,CUST1688,VIP,Books,Books Product 26,Central,Website,Wallet,208.19,1,10,187.37,Delivered,4.0,1,7,3,2024,71.20060000000001
ORD100558,2023-01-01,CUST3299,VIP,Sports,Sports Product 34,South,Marketplace,UPI,2463.84,3,0,7391.52,Returned,3.3,0,1,1,2023,1108.728
ORD100559,2023-11-08,CUST4932,Returning,Books,Books Product 21,East,Marketplace,Debit Card,363.08,2,10,653.54,Returned,5.0,1,11,4,2023,117.63719999999999
ORD100560,2023-10-21,CUST9401,New,Electronics,Electronics Product 25,West,Website,Wallet,45825.63,2,0,91651.26,Delivered,3.4,0,10,4,2023,10998.151199999998
ORD100561,2023-08-04,CUST9115,Returning,Books,Books Product 19,South,Mobile App,UPI,697.68,1,25,523.26,Delivered,2.3,0,8,3,2023,177.9084
ORD100562,2024-03-16,CUST5552,New,Home & Kitchen,Home & Kitchen Product 29,South,Social Media,Debit Card,3578.85,1,0,3578.85,Delivered,4.4,0,3,1,2024,1037.8664999999999
ORD100563,2024-08-16,CUST4313,New,Electronics,Electronics Product 8,Central,Mobile App,Net Banking,69995.63,1,0,69995.63,Cancelled,3.1,1,8,3,2024,13299.1697
ORD100564,2024-09-13,CUST3957,Returning,Beauty,Beauty Product 32,North,Mobile App,Credit Card,2057.08,1,20,1645.66,Cancelled,4.8,1,9,3,2024,246.849
ORD100565,2024-11-01,CUST7846,At-Risk,Books,Books Product 29,South,Website,Wallet,344.26,2,0,688.52,Returned,3.7,0,11,4,2024,75.7372
ORD100566,2023-11-26,CUST1629,Returning,Electronics,Electronics Product 36,South,Website,Wallet,37744.85,1,10,33970.36,Cancelled,4.5,1,11,4,2023,5095.554
ORD100567,2024-04-21,CUST1151,Returning,Home & Kitchen,Home & Kitchen Product 17,North,Mobile App,UPI,8166.2,1,10,7349.58,Processing,5.0,0,4,2,2024,1763.8991999999998
ORD100568,2024-03-28,CUST6910,New,Clothing,Clothing Product 3,West,Marketplace,Debit Card,4127.79,4,15,14034.49,Processing,3.0,0,3,1,2024,2385.8633
ORD100569,2024-03-28,CUST6619,New,Sports,Sports Product 6,South,Mobile App,Debit Card,2538.73,1,25,1904.05,Shipped,3.5,0,3,1,2024,342.729
ORD100570,2024-11-22,CUST7111,At-Risk,Toys,Toys Product 39,East,Website,Wallet,885.04,2,25,1327.56,Cancelled,3.9,0,11,4,2024,477.92159999999996
ORD100571,2023-08-07,CUST6524,Returning,Beauty,Beauty Product 3,East,Marketplace,Wallet,458.79,3,0,1376.37,Cancelled,5.0,0,8,3,2023,344.0925
ORD100572,2024-06-07,CUST1044,Returning,Toys,Toys Product 10,South,Website,Net Banking,3846.28,1,15,3269.34,Shipped,3.5,0,6,2,2024,1046.1888000000001
ORD100573,2024-04-29,CUST2713,At-Risk,Toys,Toys Product 30,South,Website,Debit Card,1708.39,2,10,3075.1,Cancelled,3.5,1,4,2,2024,338.26099999999997
ORD100574,2023-06-23,CUST8910,At-Risk,Books,Books Product 43,North,Marketplace,UPI,403.18,3,10,1088.59,Cancelled,4.4,0,6,2,2023,228.60389999999998
ORD100575,2024-11-05,CUST9209,Returning,Electronics,Electronics Product 7,South,Mobile App,Credit Card,32420.88,4,0,129683.52,Shipped,3.5,0,11,4,2024,31124.0448
ORD100576,2023-03-28,CUST4304,At-Risk,Clothing,Clothing Product 26,South,Mobile App,Credit Card,509.46,1,10,458.51,Delivered,4.1,0,3,1,2023,73.3616
ORD100577,2023-10-18,CUST4458,VIP,Clothing,Clothing Product 39,West,Website,Credit Card,1843.63,4,25,5530.89,Returned,2.8,0,10,4,2023,774.3246000000001
ORD100578,2024-06-11,CUST3421,Returning,Sports,Sports Product 34,East,Mobile App,UPI,12245.64,1,20,9796.51,Processing,5.0,1,6,2,2024,3526.7436
ORD100579,2024-11-10,CUST6447,VIP,Beauty,Beauty Product 45,North,Website,Wallet,756.01,1,5,718.21,Shipped,2.9,0,11,4,2024,272.9198
ORD100580,2024-10-10,CUST9273,VIP,Beauty,Beauty Product 36,South,Social Media,Wallet,2262.66,1,0,2262.66,Delivered,3.7,0,10,4,2024,271.51919999999996
ORD100581,2024-09-26,CUST5480,VIP,Sports,Sports Product 42,South,Mobile App,Net Banking,2640.8,5,0,13204.0,Shipped,4.0,0,9,3,2024,2640.8
ORD100582,2023-12-10,CUST9697,VIP,Books,Books Product 46,East,Website,UPI,418.21,1,15,355.48,Cancelled,5.0,0,12,4,2023,138.6372
ORD100583,2023-04-06,CUST7401,Returning,Books,Books Product 14,West,Marketplace,Net Banking,481.56,1,10,433.4,Shipped,2.9,0,4,2,2023,52.007999999999996
ORD100584,2023-08-29,CUST9662,Returning,Automotive,Automotive Product 31,East,Website,UPI,47467.86,2,5,90188.93,Returned,5.0,0,8,3,2023,26154.789699999998
ORD100585,2024-11-19,CUST4222,VIP,Toys,Toys Product 45,North,Website,UPI,752.95,1,0,752.95,Processing,4.6,0,11,4,2024,293.6505
ORD100586,2023-11-14,CUST8126,Returning,Electronics,Electronics Product 7,Central,Mobile App,Net Banking,17470.88,1,5,16597.34,Cancelled,4.3,0,11,4,2023,6472.9626
ORD100587,2023-08-19,CUST1645,VIP,Sports,Sports Product 28,Central,Website,Debit Card,11536.85,1,5,10960.01,Processing,3.2,1,8,3,2023,2630.4024
ORD100588,2023-07-23,CUST8453,Returning,Home & Kitchen,Home & Kitchen Product 6,East,Marketplace,Net Banking,14820.82,1,20,11856.66,Cancelled,4.5,0,7,3,2023,1778.499
ORD100589,2023-05-31,CUST9964,VIP,Toys,Toys Product 7,South,Marketplace,Net Banking,3141.98,1,10,2827.78,Returned,3.4,0,5,2,2023,452.44480000000004
ORD100590,2023-01-26,CUST5754,New,Clothing,Clothing Product 24,West,Marketplace,Credit Card,499.52,1,0,499.52,Delivered,5.0,1,1,1,2023,184.8224
ORD100591,2023-02-17,CUST9827,At-Risk,Clothing,Clothing Product 34,South,Social Media,UPI,4080.96,2,5,7753.82,Shipped,3.2,0,2,1,2023,2868.9134
ORD100592,2023-09-08,CUST8478,New,Sports,Sports Product 25,North,Mobile App,Wallet,15875.36,1,0,15875.36,Processing,3.9,0,9,3,2023,4445.1008
ORD100593,2024-05-01,CUST1729,VIP,Beauty,Beauty Product 28,South,Marketplace,Wallet,2938.9,1,25,2204.18,Cancelled,3.6,0,5,2,2024,727.3794
ORD100594,2024-09-17,CUST5661,At-Risk,Clothing,Clothing Product 34,South,Social Media,Credit Card,1224.42,4,0,4897.68,Cancelled,3.2,0,9,3,2024,1567.2576000000001
ORD100595,2023-03-16,CUST6449,VIP,Sports,Sports Product 28,East,Social Media,Wallet,4545.26,1,5,4318.0,Delivered,4.6,0,3,1,2023,1295.3999999999999
ORD100596,2024-04-11,CUST1293,New,Sports,Sports Product 8,North,Social Media,Net Banking,849.68,2,0,1699.36,Delivered,4.4,0,4,2,2024,594.776
ORD100597,2024-02-29,CUST7673,At-Risk,Automotive,Automotive Product 6,East,Mobile App,Net Banking,38123.93,1,10,34311.54,Processing,5.0,1,2,1,2024,10636.5774
ORD100598,2024-10-06,CUST2028,New,Toys,Toys Product 37,North,Mobile App,Wallet,1807.1,1,10,1626.39,Processing,2.6,0,10,4,2024,422.86140000000006
ORD100599,2024-08-12,CUST8774,New,Automotive,Automotive Product 37,West,Marketplace,Credit Card,13201.91,1,10,11881.72,Returned,4.9,0,8,3,2024,2019.8924
ORD100600,2023-07-19,CUST7836,VIP,Books,Books Product 31,North,Marketplace,Wallet,223.27,1,0,223.27,Cancelled,5.0,0,7,3,2023,71.44640000000001
ORD100601,2024-12-14,CUST8594,New,Beauty,Beauty Product 25,South,Marketplace,UPI,553.95,1,0,553.95,Cancelled,3.6,0,12,4,2024,132.948
ORD100602,2024-01-29,CUST4783,New,Automotive,Automotive Product 29,South,Mobile App,UPI,14276.14,1,0,14276.14,Cancelled,5.0,0,1,1,2024,2712.4665999999997
ORD100603,2024-05-21,CUST6163,VIP,Automotive,Automotive Product 23,South,Website,Net Banking,4820.09,1,10,4338.08,Delivered,3.8,0,5,2,2024,1474.9472
ORD100604,2024-02-14,CUST4651,VIP,Electronics,Electronics Product 38,East,Marketplace,UPI,69965.18,1,0,69965.18,Processing,2.9,0,2,1,2024,21689.205799999996
ORD100605,2023-09-07,CUST8360,New,Automotive,Automotive Product 48,North,Website,Wallet,23009.91,1,10,20708.92,Cancelled,3.8,0,9,3,2023,7869.3895999999995
ORD100606,2023-06-01,CUST5336,VIP,Clothing,Clothing Product 46,North,Mobile App,Net Banking,2214.66,1,20,1771.73,Processing,4.8,0,6,2,2023,265.7595
ORD100607,2024-11-02,CUST5919,At-Risk,Sports,Sports Product 34,West,Social Media,Net Banking,4596.46,1,20,3677.17,Shipped,3.3,0,11,4,2024,1066.3793
ORD100608,2024-12-05,CUST1634,At-Risk,Clothing,Clothing Product 13,North,Mobile App,Debit Card,4486.75,2,5,8524.82,Processing,3.5,0,12,4,2024,1449.2194
ORD100609,2023-01-06,CUST4759,VIP,Toys,Toys Product 43,East,Mobile App,Wallet,899.5,2,5,1709.05,Processing,4.5,0,1,1,2023,632.3485
ORD100610,2023-04-20,CUST5163,VIP,Books,Books Product 13,East,Mobile App,Net Banking,137.62,1,0,137.62,Returned,4.0,1,4,2,2023,17.890600000000003
ORD100611,2024-03-11,CUST7468,At-Risk,Books,Books Product 11,East,Social Media,Credit Card,726.47,3,10,1961.47,Processing,4.5,1,3,1,2024,588.441
ORD100612,2023-08-13,CUST5347,Returning,Beauty,Beauty Product 27,Central,Marketplace,Credit Card,1371.32,2,15,2331.24,Delivered,4.2,0,8,3,2023,792.6216
ORD100613,2023-06-30,CUST1070,VIP,Toys,Toys Product 5,West,Mobile App,Debit Card,3860.79,1,0,3860.79,Shipped,4.4,0,6,2,2023,810.7659
ORD100614,2024-12-13,CUST9695,Returning,Beauty,Beauty Product 31,North,Marketplace,UPI,996.18,4,5,3785.48,Shipped,3.7,0,12,4,2024,1476.3372000000002
ORD100615,2024-06-14,CUST4755,VIP,Electronics,Electronics Product 3,Central,Website,Credit Card,16289.12,4,15,55383.01,Processing,4.2,0,6,2,2024,19937.8836
ORD100616,2024-04-20,CUST1664,Returning,Sports,Sports Product 47,East,Marketplace,UPI,18862.06,1,20,15089.65,Shipped,3.3,0,4,2,2024,2867.0335
ORD100617,2023-02-21,CUST4633,VIP,Books,Books Product 21,North,Mobile App,Net Banking,437.14,1,0,437.14,Processing,5.0,0,2,1,2023,43.714
ORD100618,2024-07-24,CUST8360,At-Risk,Sports,Sports Product 2,East,Marketplace,Debit Card,10895.92,3,10,29418.98,Processing,3.5,1,7,3,2024,5589.6062
ORD100619,2023-09-13,CUST4915,VIP,Clothing,Clothing Product 22,South,Marketplace,Net Banking,3962.52,2,0,7925.04,Delivered,4.9,0,9,3,2023,1426.5072
ORD100620,2023-05-05,CUST7504,New,Toys,Toys Product 35,South,Social Media,Wallet,3869.24,1,0,3869.24,Returned,3.8,1,5,2,2023,1431.6188
ORD100621,2024-04-12,CUST1036,At-Risk,Beauty,Beauty Product 14,East,Social Media,Wallet,1394.83,1,20,1115.86,Delivered,4.2,0,4,2,2024,435.18539999999996
ORD100622,2023-05-17,CUST8045,New,Clothing,Clothing Product 24,East,Website,Credit Card,4580.47,1,15,3893.4,Cancelled,3.6,0,5,2,2023,467.20799999999997
ORD100623,2024-04-20,CUST1782,VIP,Home & Kitchen,Home & Kitchen Product 13,West,Marketplace,Credit Card,8683.66,1,15,7381.11,Delivered,3.2,0,4,2,2024,1771.4663999999998
ORD100624,2024-11-14,CUST2246,VIP,Automotive,Automotive Product 17,East,Marketplace,Wallet,41292.37,2,0,82584.74,Returned,2.6,0,11,4,2024,21472.032400000004
ORD100625,2024-06-27,CUST5483,At-Risk,Beauty,Beauty Product 23,North,Website,Credit Card,1748.59,1,15,1486.3,Shipped,3.2,0,6,2,2024,193.219
ORD100626,2024-07-26,CUST9769,Returning,Beauty,Beauty Product 42,North,Mobile App,UPI,2697.27,1,5,2562.41,Delivered,3.7,1,7,3,2024,538.1061
ORD100627,2024-09-01,CUST9954,VIP,Books,Books Product 35,Central,Website,Credit Card,238.99,2,0,477.98,Shipped,4.2,0,9,3,2024,95.596
ORD100628,2023-11-21,CUST7828,VIP,Sports,Sports Product 5,Central,Website,Net Banking,14565.38,1,5,13837.11,Cancelled,4.8,0,11,4,2023,3597.6486000000004
ORD100629,2024-03-29,CUST1267,Returning,Home & Kitchen,Home & Kitchen Product 38,South,Social Media,UPI,8803.79,1,0,8803.79,Processing,3.6,1,3,1,2024,2641.137
ORD100630,2024-09-19,CUST9220,New,Books,Books Product 23,East,Marketplace,Net Banking,201.23,2,15,342.09,Cancelled,3.3,0,9,3,2024,106.0479
ORD100631,2024-05-31,CUST6016,VIP,Automotive,Automotive Product 28,East,Marketplace,Wallet,33471.9,4,10,120498.84,Processing,2.8,0,5,2,2024,16869.837600000003
ORD100632,2024-03-12,CUST1838,Returning,Books,Books Product 21,North,Marketplace,UPI,676.45,2,0,1352.9,Shipped,4.4,1,3,1,2024,459.98600000000005
ORD100633,2024-07-15,CUST9136,At-Risk,Books,Books Product 29,South,Social Media,Debit Card,614.05,2,0,1228.1,Processing,5.0,1,7,3,2024,368.42999999999995
ORD100634,2024-04-01,CUST4496,New,Books,Books Product 46,East,Social Media,Credit Card,677.66,1,0,677.66,Returned,5.0,0,4,2,2024,250.7342
ORD100635,2023-06-12,CUST9750,Returning,Sports,Sports Product 10,South,Website,Net Banking,14769.28,1,0,14769.28,Cancelled,4.6,0,6,2,2023,3396.9344
ORD100636,2024-05-01,CUST5711,Returning,Books,Books Product 35,Central,Marketplace,Debit Card,109.93,2,10,197.87,Processing,4.5,0,5,2,2024,73.2119
ORD100637,2024-04-05,CUST2898,New,Books,Books Product 24,North,Website,Credit Card,727.55,1,15,618.42,Processing,5.0,0,4,2,2024,222.63119999999998
ORD100638,2023-09-23,CUST4847,Returning,Books,Books Product 16,West,Marketplace,Wallet,753.67,1,0,753.67,Cancelled,4.3,0,9,3,2023,173.3441
ORD100639,2023-09-11,CUST7373,At-Risk,Books,Books Product 24,Central,Marketplace,Wallet,449.61,1,0,449.61,Delivered,4.5,0,9,3,2023,94.4181
ORD100640,2024-10-14,CUST6383,New,Beauty,Beauty Product 16,North,Website,Net Banking,1051.76,1,10,946.58,Returned,3.7,0,10,4,2024,359.7004
ORD100641,2023-10-11,CUST3903,New,Home & Kitchen,Home & Kitchen Product 16,Central,Marketplace,Net Banking,11942.65,1,15,10151.25,Shipped,2.9,0,10,4,2023,3146.8875
ORD100642,2024-06-17,CUST9930,Returning,Clothing,Clothing Product 38,North,Website,Credit Card,3434.94,1,0,3434.94,Delivered,3.5,0,6,2,2024,1305.2772
ORD100643,2024-05-11,CUST4281,Returning,Clothing,Clothing Product 42,South,Mobile App,Net Banking,1461.45,1,0,1461.45,Shipped,4.0,0,5,2,2024,496.89300000000003
ORD100644,2024-10-03,CUST1232,Returning,Clothing,Clothing Product 38,East,Marketplace,Wallet,3666.97,1,10,3300.27,Cancelled,4.0,0,10,4,2024,924.0756000000001
ORD100645,2023-09-02,CUST8036,At-Risk,Automotive,Automotive Product 50,North,Marketplace,Wallet,49421.34,4,0,197685.36,Shipped,5.0,0,9,3,2023,25699.0968
ORD100646,2023-10-09,CUST2305,New,Electronics,Electronics Product 49,East,Social Media,Credit Card,75494.24,2,0,150988.48,Delivered,4.1,0,10,4,2023,28687.811200000004
ORD100647,2024-03-26,CUST6386,At-Risk,Electronics,Electronics Product 33,South,Marketplace,Net Banking,68652.73,2,10,123574.91,Delivered,4.9,1,3,1,2024,48194.214900000006
ORD100648,2023-03-21,CUST5023,Returning,Automotive,Automotive Product 11,East,Website,UPI,32007.22,3,10,86419.49,Delivered,3.7,0,3,1,2023,17283.898
ORD100649,2024-12-31,CUST8862,New,Beauty,Beauty Product 19,Central,Mobile App,Wallet,1970.91,1,10,1773.82,Shipped,3.8,0,12,4,2024,230.5966
ORD100650,2023-10-20,CUST1338,VIP,Beauty,Beauty Product 11,East,Marketplace,Net Banking,1798.37,1,10,1618.53,Returned,2.9,0,10,4,2023,501.7443
ORD100651,2023-08-29,CUST2629,Returning,Automotive,Automotive Product 25,North,Website,Debit Card,2595.11,2,10,4671.2,Processing,3.4,0,8,3,2023,1494.7839999999999
ORD100652,2023-10-06,CUST3127,At-Risk,Sports,Sports Product 26,Central,Social Media,Debit Card,15015.87,2,0,30031.74,Shipped,4.4,0,10,4,2023,5706.0306
ORD100653,2023-12-10,CUST5230,At-Risk,Automotive,Automotive Product 43,West,Social Media,Net Banking,10032.72,2,0,20065.44,Delivered,4.0,1,12,4,2023,3812.4336
ORD100654,2023-11-24,CUST3769,Returning,Home & Kitchen,Home & Kitchen Product 10,North,Marketplace,Debit Card,10537.76,1,0,10537.76,Cancelled,4.8,0,11,4,2023,2529.0624
ORD100655,2024-07-07,CUST5789,New,Sports,Sports Product 7,East,Marketplace,UPI,15577.93,1,0,15577.93,Delivered,4.1,0,7,3,2024,1713.5723
ORD100656,2023-03-24,CUST5212,VIP,Toys,Toys Product 30,West,Marketplace,Credit Card,2483.58,1,10,2235.22,Processing,3.7,0,3,1,2023,759.9748
ORD100657,2023-05-22,CUST7808,At-Risk,Books,Books Product 50,East,Mobile App,Credit Card,251.3,1,20,201.04,Processing,5.0,0,5,2,2023,40.208
ORD100658,2023-06-04,CUST3651,Returning,Home & Kitchen,Home & Kitchen Product 45,East,Marketplace,Credit Card,3383.52,2,25,5075.28,Processing,3.9,0,6,2,2023,1827.1008
ORD100659,2023-08-25,CUST7986,VIP,Electronics,Electronics Product 31,West,Marketplace,UPI,15697.14,2,10,28254.85,Returned,4.9,1,8,3,2023,9606.649
ORD100660,2024-01-28,CUST4343,New,Toys,Toys Product 22,North,Website,Wallet,2782.59,1,0,2782.59,Cancelled,3.7,1,1,1,2024,834.777
ORD100661,2024-12-11,CUST3685,VIP,Automotive,Automotive Product 36,West,Website,UPI,47791.14,5,0,238955.7,Cancelled,4.6,1,12,4,2024,47791.14000000001
ORD100662,2023-06-06,CUST6921,Returning,Electronics,Electronics Product 3,West,Mobile App,Net Banking,29935.39,2,15,50890.16,Cancelled,4.7,0,6,2,2023,12722.54
ORD100663,2024-12-24,CUST2599,New,Beauty,Beauty Product 5,South,Mobile App,Wallet,1186.81,1,10,1068.13,Shipped,4.2,0,12,4,2024,245.66990000000004
ORD100664,2023-08-08,CUST5731,At-Risk,Toys,Toys Product 44,South,Social Media,Net Banking,1347.39,1,10,1212.65,Returned,2.1,0,8,3,2023,242.53000000000003
ORD100665,2023-03-07,CUST6070,VIP,Home & Kitchen,Home & Kitchen Product 22,Central,Social Media,Net Banking,4812.39,1,15,4090.53,Returned,4.0,1,3,1,2023,1431.6855
ORD100666,2024-02-29,CUST9885,At-Risk,Automotive,Automotive Product 35,South,Marketplace,Credit Card,41097.33,1,10,36987.6,Delivered,5.0,0,2,1,2024,9246.9
ORD100667,2024-02-22,CUST9989,VIP,Clothing,Clothing Product 18,East,Marketplace,Debit Card,798.78,1,15,678.96,Returned,4.4,0,2,1,2024,237.636
ORD100668,2023-12-05,CUST2123,Returning,Automotive,Automotive Product 28,West,Social Media,Net Banking,25357.23,1,0,25357.23,Delivered,4.4,0,12,4,2023,3296.4399
ORD100669,2024-07-09,CUST2248,VIP,Beauty,Beauty Product 28,South,Social Media,UPI,2997.29,1,10,2697.56,Processing,2.6,1,7,3,2024,377.65840000000003
ORD100670,2024-04-22,CUST3548,Returning,Electronics,Electronics Product 36,North,Social Media,Net Banking,33417.27,1,20,26733.82,Delivered,3.4,1,4,2,2024,10426.1898
ORD100671,2024-03-01,CUST2989,At-Risk,Electronics,Electronics Product 32,West,Social Media,Debit Card,28462.45,4,0,113849.8,Returned,4.3,0,3,1,2024,31877.944000000003
ORD100672,2023-03-05,CUST1054,New,Books,Books Product 39,North,Marketplace,Wallet,679.73,1,10,611.76,Delivered,4.3,0,3,1,2023,152.94
ORD100673,2023-07-31,CUST4924,New,Toys,Toys Product 14,West,Marketplace,Credit Card,1818.23,2,0,3636.46,Cancelled,5.0,0,7,3,2023,945.4796
ORD100674,2024-03-06,CUST2081,New,Clothing,Clothing Product 1,South,Mobile App,Wallet,4875.54,1,25,3656.66,Processing,3.9,1,3,1,2024,585.0656
ORD100675,2024-02-03,CUST5424,VIP,Beauty,Beauty Product 50,North,Marketplace,Debit Card,1107.11,5,0,5535.55,Delivered,4.3,0,2,1,2024,1771.3760000000002
ORD100676,2024-08-21,CUST3932,At-Risk,Beauty,Beauty Product 13,Central,Marketplace,Wallet,2790.09,1,10,2511.08,Returned,4.0,0,8,3,2024,326.4404
ORD100677,2024-12-13,CUST2857,At-Risk,Sports,Sports Product 1,East,Website,Credit Card,9392.94,1,0,9392.94,Shipped,3.2,0,12,4,2024,2536.0938
ORD100678,2023-01-21,CUST8393,Returning,Home & Kitchen,Home & Kitchen Product 10,West,Mobile App,Debit Card,5784.89,5,10,26032.0,Returned,2.2,0,1,1,2023,7028.64
ORD100679,2024-08-12,CUST6530,VIP,Sports,Sports Product 33,South,Mobile App,Net Banking,11233.97,3,0,33701.91,Shipped,4.3,0,8,3,2024,12469.7067
ORD100680,2024-01-25,CUST2989,VIP,Books,Books Product 22,East,Social Media,Wallet,213.86,3,0,641.58,Shipped,4.1,1,1,1,2024,166.81080000000003
ORD100681,2024-05-03,CUST9199,At-Risk,Sports,Sports Product 14,South,Mobile App,Wallet,8943.17,1,5,8496.01,Returned,3.5,0,5,2,2024,1189.4414000000002
ORD100682,2023-01-07,CUST9758,At-Risk,Automotive,Automotive Product 11,North,Marketplace,Wallet,14823.37,1,20,11858.7,Returned,2.7,0,1,1,2023,3201.8490000000006
ORD100683,2023-12-27,CUST8623,New,Beauty,Beauty Product 30,North,Mobile App,Wallet,2029.88,2,0,4059.76,Shipped,4.5,0,12,4,2023,527.7688
ORD100684,2023-11-02,CUST9368,At-Risk,Beauty,Beauty Product 12,West,Social Media,UPI,2088.8,4,0,8355.2,Processing,3.8,0,11,4,2023,1336.832
ORD100685,2024-02-04,CUST3000,At-Risk,Home & Kitchen,Home & Kitchen Product 31,West,Social Media,Debit Card,9621.38,2,15,16356.35,Shipped,4.4,0,2,1,2024,1799.1985
ORD100686,2024-03-05,CUST8884,At-Risk,Automotive,Automotive Product 49,North,Website,UPI,35342.96,2,5,67151.62,Shipped,5.0,0,3,1,2024,16787.905
ORD100687,2024-07-05,CUST5559,Returning,Toys,Toys Product 25,East,Website,Wallet,3764.03,1,20,3011.22,Returned,2.3,0,7,3,2024,391.4586
ORD100688,2024-07-13,CUST2364,At-Risk,Books,Books Product 28,North,Social Media,Wallet,734.12,3,0,2202.36,Processing,3.4,0,7,3,2024,528.5664
ORD100689,2024-09-09,CUST6836,New,Toys,Toys Product 38,East,Website,Credit Card,577.06,1,10,519.35,Returned,3.8,0,9,3,2024,197.353
ORD100690,2023-08-14,CUST2507,VIP,Beauty,Beauty Product 36,South,Marketplace,Wallet,399.72,1,0,399.72,Shipped,5.0,0,8,3,2023,127.91040000000001
ORD100691,2024-05-14,CUST6787,Returning,Beauty,Beauty Product 42,North,Marketplace,Net Banking,2536.12,1,0,2536.12,Delivered,2.7,0,5,2,2024,304.33439999999996
ORD100692,2023-08-13,CUST3890,Returning,Toys,Toys Product 15,East,Marketplace,Credit Card,540.62,2,10,973.12,Returned,5.0,0,8,3,2023,165.43040000000002
ORD100693,2023-10-07,CUST7355,At-Risk,Sports,Sports Product 17,Central,Marketplace,Wallet,721.96,1,10,649.76,Cancelled,4.1,0,10,4,2023,194.928
ORD100694,2024-03-22,CUST4101,Returning,Automotive,Automotive Product 21,Central,Marketplace,UPI,46678.84,1,15,39677.01,Cancelled,3.9,0,3,1,2024,14680.4937
ORD100695,2024-05-12,CUST9934,VIP,Home & Kitchen,Home & Kitchen Product 5,West,Social Media,Credit Card,1824.03,2,0,3648.06,Delivered,3.8,0,5,2,2024,401.2866
ORD100696,2023-01-30,CUST5100,At-Risk,Home & Kitchen,Home & Kitchen Product 41,Central,Social Media,UPI,11324.17,1,5,10757.96,Processing,3.7,0,1,1,2023,3657.7064
ORD100697,2024-02-03,CUST1298,At-Risk,Books,Books Product 24,East,Marketplace,Wallet,536.68,2,5,1019.69,Returned,4.8,1,2,1,2024,275.3163
ORD100698,2023-12-11,CUST2415,VIP,Clothing,Clothing Product 48,West,Website,UPI,2814.72,1,25,2111.04,Delivered,3.1,0,12,4,2023,548.8704
ORD100699,2024-11-15,CUST2039,VIP,Sports,Sports Product 46,Central,Social Media,UPI,12817.09,1,0,12817.09,Returned,4.3,0,11,4,2024,4998.6651
ORD100700,2024-11-26,CUST3658,New,Books,Books Product 4,West,Social Media,Debit Card,452.35,2,0,904.7,Cancelled,3.7,0,11,4,2024,289.504
ORD100701,2024-02-19,CUST3388,New,Toys,Toys Product 11,West,Mobile App,Net Banking,3262.31,1,0,3262.31,Cancelled,3.4,0,2,1,2024,1174.4316
ORD100702,2023-06-19,CUST6604,New,Toys,Toys Product 21,North,Mobile App,Debit Card,2737.3,1,10,2463.57,Shipped,5.0,1,6,2,2023,517.3497
ORD100703,2024-04-23,CUST3627,New,Books,Books Product 9,East,Marketplace,Credit Card,696.19,1,0,696.19,Returned,4.3,1,4,2,2024,187.9713
ORD100704,2023-05-11,CUST9553,New,Home & Kitchen,Home & Kitchen Product 34,South,Social Media,UPI,3414.51,1,20,2731.61,Cancelled,4.5,0,5,2,2023,764.8508000000002
ORD100705,2024-09-29,CUST9762,VIP,Home & Kitchen,Home & Kitchen Product 24,South,Social Media,Debit Card,11720.14,5,0,58600.7,Cancelled,4.9,0,9,3,2024,11720.14
ORD100706,2024-06-30,CUST4181,At-Risk,Automotive,Automotive Product 20,West,Website,Net Banking,27938.13,1,20,22350.5,Returned,2.9,0,6,2,2024,6034.635
ORD100707,2023-01-28,CUST8842,Returning,Electronics,Electronics Product 28,North,Mobile App,Net Banking,9602.84,3,0,28808.52,Returned,5.0,0,1,1,2023,4897.4484
ORD100708,2024-02-08,CUST6757,New,Home & Kitchen,Home & Kitchen Product 7,Central,Marketplace,Debit Card,12888.24,1,10,11599.42,Processing,2.0,0,2,1,2024,1623.9188000000001
ORD100709,2024-08-29,CUST1488,Returning,Toys,Toys Product 16,North,Marketplace,Credit Card,3812.1,2,20,6099.36,Shipped,3.4,0,8,3,2024,1280.8655999999999
ORD100710,2024-07-31,CUST6573,VIP,Automotive,Automotive Product 1,Central,Mobile App,Wallet,18050.19,3,0,54150.57,Shipped,3.6,0,7,3,2024,17328.1824
ORD100711,2024-11-09,CUST7377,Returning,Home & Kitchen,Home & Kitchen Product 35,North,Marketplace,UPI,11968.14,2,25,17952.21,Cancelled,4.5,0,11,4,2024,6642.3177
ORD100712,2023-01-28,CUST8084,New,Beauty,Beauty Product 30,North,Website,UPI,1472.25,1,5,1398.64,Cancelled,4.2,1,1,1,2023,335.6736
ORD100713,2023-03-27,CUST2696,New,Automotive,Automotive Product 13,North,Mobile App,Wallet,45473.28,1,20,36378.62,Cancelled,3.9,0,3,1,2023,10549.7998
ORD100714,2024-10-20,CUST9395,At-Risk,Sports,Sports Product 1,North,Social Media,Net Banking,13039.24,1,10,11735.32,Returned,4.0,0,10,4,2024,1525.5916
ORD100715,2024-03-14,CUST7593,VIP,Sports,Sports Product 35,East,Social Media,Net Banking,15778.85,4,0,63115.4,Shipped,3.2,0,3,1,2024,23352.698
ORD100716,2023-05-19,CUST4479,VIP,Electronics,Electronics Product 37,West,Social Media,Credit Card,31966.78,3,0,95900.34,Returned,2.8,1,5,2,2023,25893.091800000002
ORD100717,2024-04-17,CUST3744,Returning,Toys,Toys Product 31,North,Marketplace,Net Banking,3770.54,5,0,18852.7,Cancelled,4.6,0,4,2,2024,6221.3910000000005
ORD100718,2023-07-06,CUST4115,VIP,Clothing,Clothing Product 9,North,Website,Credit Card,3954.54,1,0,3954.54,Delivered,4.6,0,7,3,2023,1344.5436000000002
ORD100719,2023-02-21,CUST8920,At-Risk,Home & Kitchen,Home & Kitchen Product 47,South,Social Media,Net Banking,7761.14,2,0,15522.28,Cancelled,5.0,0,2,1,2023,2794.0104
ORD100720,2023-09-24,CUST2096,VIP,Electronics,Electronics Product 1,Central,Marketplace,Wallet,21774.93,4,0,87099.72,Processing,3.4,0,9,3,2023,22645.927200000002
ORD100721,2024-01-24,CUST4715,VIP,Books,Books Product 41,South,Website,UPI,561.08,1,5,533.03,Processing,4.6,0,1,1,2024,207.8817
ORD100722,2023-12-02,CUST9099,At-Risk,Sports,Sports Product 30,West,Mobile App,UPI,6424.98,1,15,5461.23,Processing,3.8,0,12,4,2023,709.9599
ORD100723,2023-08-05,CUST8501,VIP,Automotive,Automotive Product 49,Central,Mobile App,Wallet,45211.51,2,0,90423.02,Processing,5.0,0,8,3,2023,27126.906
ORD100724,2024-04-10,CUST7345,At-Risk,Clothing,Clothing Product 15,Central,Social Media,Credit Card,4564.82,2,0,9129.64,Delivered,4.8,0,4,2,2024,3560.5596
ORD100725,2023-12-01,CUST6279,Returning,Automotive,Automotive Product 36,Central,Mobile App,UPI,33926.4,3,10,91601.28,Cancelled,4.2,0,12,4,2023,17404.2432
ORD100726,2023-12-12,CUST7043,VIP,Beauty,Beauty Product 46,Central,Social Media,UPI,161.85,1,0,161.85,Cancelled,3.7,1,12,4,2023,58.266
ORD100727,2024-01-24,CUST4262,At-Risk,Sports,Sports Product 11,North,Social Media,Credit Card,18217.56,3,0,54652.68,Shipped,4.8,0,1,1,2024,20768.0184
ORD100728,2023-10-12,CUST1687,VIP,Beauty,Beauty Product 31,Central,Marketplace,Credit Card,243.12,1,0,243.12,Cancelled,4.5,1,10,4,2023,77.7984
ORD100729,2024-03-07,CUST1596,VIP,Beauty,Beauty Product 31,Central,Mobile App,Credit Card,224.8,1,20,179.84,Processing,3.5,0,3,1,2024,30.572800000000004
ORD100730,2023-09-16,CUST8420,Returning,Sports,Sports Product 31,South,Website,UPI,15894.0,1,15,13509.9,Returned,2.9,0,9,3,2023,2701.98
ORD100731,2023-03-25,CUST4081,New,Beauty,Beauty Product 30,North,Marketplace,Credit Card,2546.19,3,0,7638.57,Cancelled,3.8,0,3,1,2023,840.2427
ORD100732,2024-04-26,CUST1060,New,Electronics,Electronics Product 48,East,Marketplace,Net Banking,41757.58,2,10,75163.64,Shipped,5.0,0,4,2,2024,26307.273999999998
ORD100733,2023-01-20,CUST6823,Returning,Toys,Toys Product 49,West,Website,UPI,3016.73,2,5,5731.79,Cancelled,4.9,0,1,1,2023,2006.1264999999999
ORD100734,2024-07-06,CUST1280,Returning,Clothing,Clothing Product 8,North,Mobile App,Net Banking,1723.86,1,10,1551.47,Shipped,3.1,0,7,3,2024,449.92629999999997
ORD100735,2023-02-23,CUST7103,New,Beauty,Beauty Product 8,West,Marketplace,Credit Card,635.67,4,10,2288.41,Returned,3.1,1,2,1,2023,480.56609999999995
ORD100736,2023-12-25,CUST6549,At-Risk,Books,Books Product 49,South,Website,Debit Card,500.53,1,10,450.48,Shipped,5.0,0,12,4,2023,54.0576
ORD100737,2023-08-18,CUST7808,At-Risk,Home & Kitchen,Home & Kitchen Product 33,Central,Social Media,Debit Card,6621.29,3,0,19863.87,Cancelled,3.1,1,8,3,2023,6555.0770999999995
ORD100738,2024-10-27,CUST1121,New,Sports,Sports Product 19,Central,Website,Credit Card,11292.5,1,0,11292.5,Delivered,4.4,0,10,4,2024,3613.6
ORD100739,2023-03-12,CUST6163,Returning,Beauty,Beauty Product 9,North,Website,Credit Card,1265.38,1,5,1202.11,Delivered,3.5,0,3,1,2023,444.78069999999997
ORD100740,2024-10-29,CUST8593,VIP,Beauty,Beauty Product 21,West,Marketplace,Net Banking,1906.36,1,20,1525.09,Returned,5.0,0,10,4,2024,488.0288
ORD100741,2023-02-11,CUST2396,Returning,Automotive,Automotive Product 9,Central,Marketplace,UPI,20151.23,1,10,18136.11,Processing,3.4,0,2,1,2023,6347.6385
ORD100742,2023-02-01,CUST3196,At-Risk,Automotive,Automotive Product 45,West,Marketplace,Credit Card,3337.78,2,15,5674.23,Delivered,4.9,0,2,1,2023,1815.7536
ORD100743,2023-09-11,CUST2572,New,Clothing,Clothing Product 47,Central,Marketplace,Net Banking,4673.31,2,25,7009.96,Processing,4.1,0,9,3,2023,2032.8883999999998
ORD100744,2023-07-24,CUST9528,At-Risk,Toys,Toys Product 31,East,Mobile App,Wallet,1830.59,1,0,1830.59,Cancelled,4.2,0,7,3,2023,421.0357
ORD100745,2023-01-21,CUST2908,New,Sports,Sports Product 42,North,Marketplace,Net Banking,18812.08,4,10,67723.49,Cancelled,2.4,0,1,1,2023,25057.691300000002
ORD100746,2024-09-28,CUST3224,VIP,Automotive,Automotive Product 33,Central,Marketplace,Debit Card,20008.26,1,10,18007.43,Processing,2.2,0,9,3,2024,5402.229
ORD100747,2023-06-06,CUST8756,VIP,Home & Kitchen,Home & Kitchen Product 25,East,Marketplace,Wallet,11003.26,2,25,16504.89,Shipped,3.8,0,6,2,2023,3631.0758
ORD100748,2023-09-02,CUST9099,VIP,Home & Kitchen,Home & Kitchen Product 13,West,Marketplace,Net Banking,6225.85,4,25,18677.55,Returned,4.2,0,9,3,2023,2428.0815
ORD100749,2023-05-10,CUST6582,VIP,Beauty,Beauty Product 1,Central,Marketplace,Wallet,1056.66,2,10,1901.99,Processing,3.1,0,5,2,2023,361.3781
ORD100750,2024-04-29,CUST2962,New,Toys,Toys Product 50,North,Social Media,Debit Card,802.09,1,0,802.09,Returned,3.1,0,4,2,2024,208.54340000000002
ORD100751,2024-11-16,CUST1532,VIP,Toys,Toys Product 39,East,Mobile App,Debit Card,1077.68,4,15,3664.11,Cancelled,4.4,0,11,4,2024,659.5398
ORD100752,2023-04-28,CUST6194,Returning,Clothing,Clothing Product 4,North,Website,Wallet,3608.12,2,0,7216.24,Returned,4.5,0,4,2,2023,1226.7608
ORD100753,2024-07-31,CUST5031,At-Risk,Clothing,Clothing Product 1,Central,Social Media,Wallet,806.39,1,15,685.43,Delivered,3.9,0,7,3,2024,178.21179999999998
ORD100754,2023-08-12,CUST6112,At-Risk,Home & Kitchen,Home & Kitchen Product 29,West,Mobile App,UPI,2040.08,1,20,1632.06,Processing,4.6,0,8,3,2023,244.80899999999997
ORD100755,2024-04-21,CUST9799,Returning,Beauty,Beauty Product 6,East,Mobile App,UPI,1794.26,3,0,5382.78,Processing,3.1,0,4,2,2024,1830.1452
ORD100756,2024-12-17,CUST7973,At-Risk,Books,Books Product 10,West,Marketplace,Debit Card,374.41,2,10,673.94,Shipped,3.7,0,12,4,2024,168.485
ORD100757,2023-09-20,CUST5807,New,Beauty,Beauty Product 5,Central,Social Media,Net Banking,2322.19,2,5,4412.16,Shipped,5.0,0,9,3,2023,1191.2832
ORD100758,2024-01-13,CUST1637,New,Beauty,Beauty Product 4,Central,Social Media,Debit Card,2762.5,4,5,10497.5,Shipped,4.1,0,1,1,2024,1469.65
ORD100759,2023-06-21,CUST2746,Returning,Sports,Sports Product 10,South,Social Media,UPI,16811.82,3,0,50435.46,Delivered,4.1,0,6,2,2023,10087.092
ORD100760,2024-09-12,CUST1899,Returning,Sports,Sports Product 46,West,Website,UPI,3517.44,1,15,2989.82,Returned,5.0,1,9,3,2024,657.7604
ORD100761,2024-09-13,CUST5918,New,Toys,Toys Product 18,West,Marketplace,Wallet,1425.14,1,20,1140.11,Cancelled,2.9,0,9,3,2024,387.6374
ORD100762,2023-04-28,CUST3243,Returning,Sports,Sports Product 10,South,Website,Net Banking,2227.79,1,20,1782.23,Shipped,4.6,0,4,2,2023,588.1359
ORD100763,2023-06-17,CUST5231,VIP,Automotive,Automotive Product 13,Central,Marketplace,Wallet,2061.5,2,0,4123.0,Delivered,5.0,0,6,2,2023,700.9100000000001
ORD100764,2023-11-15,CUST7219,At-Risk,Beauty,Beauty Product 19,North,Website,Wallet,182.88,1,20,146.3,Shipped,3.7,0,11,4,2023,40.964000000000006
ORD100765,2023-04-21,CUST3507,New,Automotive,Automotive Product 44,North,Website,Debit Card,38685.59,2,10,69634.06,Processing,4.7,1,4,2,2023,11837.790200000001
ORD100766,2024-08-15,CUST5598,New,Toys,Toys Product 19,West,Social Media,UPI,781.58,3,0,2344.74,Returned,3.2,0,8,3,2024,937.896
ORD100767,2023-01-27,CUST6569,Returning,Home & Kitchen,Home & Kitchen Product 32,South,Website,Credit Card,9386.06,4,0,37544.24,Processing,3.5,0,1,1,2023,14642.2536
ORD100768,2023-11-16,CUST7750,At-Risk,Home & Kitchen,Home & Kitchen Product 14,West,Marketplace,Wallet,8291.99,1,0,8291.99,Returned,4.3,0,11,4,2023,2238.8373
ORD100769,2024-08-12,CUST2218,New,Electronics,Electronics Product 44,South,Mobile App,Net Banking,77805.79,3,20,186733.9,Delivered,4.6,0,8,3,2024,57887.509
ORD100770,2024-11-24,CUST9699,VIP,Home & Kitchen,Home & Kitchen Product 4,North,Website,Debit Card,8705.37,1,10,7834.83,Cancelled,4.9,1,11,4,2024,2663.8422
ORD100771,2024-01-20,CUST6960,VIP,Books,Books Product 23,Central,Social Media,Net Banking,117.7,3,10,317.79,Returned,5.0,0,1,1,2024,101.6928
ORD100772,2024-02-11,CUST2230,New,Sports,Sports Product 48,North,Website,Net Banking,14789.72,1,0,14789.72,Delivered,3.9,0,2,1,2024,4584.8132
ORD100773,2023-07-23,CUST9163,New,Clothing,Clothing Product 43,East,Marketplace,UPI,4920.39,1,10,4428.35,Returned,5.0,0,7,3,2023,1727.0565000000001
ORD100774,2023-03-19,CUST6052,Returning,Books,Books Product 31,West,Marketplace,UPI,544.12,3,0,1632.36,Returned,3.7,0,3,1,2023,457.06080000000003
ORD100775,2024-08-29,CUST5912,New,Home & Kitchen,Home & Kitchen Product 45,South,Social Media,Net Banking,11730.57,1,0,11730.57,Processing,4.7,0,8,3,2024,3401.8652999999995
ORD100776,2024-12-08,CUST7666,At-Risk,Toys,Toys Product 43,South,Marketplace,UPI,908.91,1,10,818.02,Delivered,4.2,0,12,4,2024,286.30699999999996
ORD100777,2024-10-04,CUST1372,At-Risk,Clothing,Clothing Product 29,West,Mobile App,Wallet,3332.11,2,0,6664.22,Shipped,4.4,0,10,4,2024,1999.266
ORD100778,2023-09-06,CUST1428,New,Clothing,Clothing Product 31,South,Website,Net Banking,1264.43,2,15,2149.53,Delivered,4.3,0,9,3,2023,687.8496000000001
ORD100779,2023-04-15,CUST5671,VIP,Clothing,Clothing Product 7,East,Social Media,Wallet,1130.38,2,0,2260.76,Delivered,2.7,0,4,2,2023,384.32920000000007
ORD100780,2024-12-14,CUST6369,VIP,Automotive,Automotive Product 49,West,Mobile App,Debit Card,42150.47,2,10,75870.85,Delivered,3.1,0,12,4,2024,15932.8785
ORD100781,2023-11-05,CUST4027,Returning,Electronics,Electronics Product 40,East,Mobile App,Net Banking,58241.85,2,5,110659.51,Delivered,4.1,1,11,4,2023,15492.331400000001
ORD100782,2024-12-01,CUST2524,At-Risk,Electronics,Electronics Product 46,North,Social Media,Credit Card,64664.24,1,10,58197.82,Shipped,2.7,0,12,4,2024,14549.455
ORD100783,2024-09-06,CUST3251,At-Risk,Toys,Toys Product 28,West,Social Media,Credit Card,1636.81,1,0,1636.81,Returned,4.7,1,9,3,2024,392.83439999999996
ORD100784,2023-05-04,CUST9600,Returning,Clothing,Clothing Product 8,Central,Website,UPI,1450.3,1,0,1450.3,Cancelled,4.7,1,5,2,2023,580.12
ORD100785,2024-08-02,CUST2640,Returning,Clothing,Clothing Product 44,South,Mobile App,Debit Card,448.39,4,20,1434.85,Returned,4.3,1,8,3,2024,401.75800000000004
ORD100786,2023-02-12,CUST6939,VIP,Sports,Sports Product 38,North,Website,Wallet,2026.08,2,0,4052.16,Processing,3.1,0,2,1,2023,1377.7344
ORD100787,2023-12-22,CUST2857,New,Home & Kitchen,Home & Kitchen Product 38,Central,Social Media,Debit Card,2413.41,1,15,2051.4,Cancelled,5.0,0,12,4,2023,410.28000000000003
ORD100788,2024-06-29,CUST2559,VIP,Clothing,Clothing Product 41,South,Website,UPI,311.08,1,25,233.31,Cancelled,5.0,0,6,2,2024,81.65849999999999
ORD100789,2024-03-14,CUST5328,New,Toys,Toys Product 31,North,Marketplace,Wallet,3942.23,4,0,15768.92,Processing,4.1,0,3,1,2024,4415.297600000001
ORD100790,2024-11-08,CUST6468,At-Risk,Sports,Sports Product 7,West,Website,Credit Card,17392.01,1,0,17392.01,Cancelled,4.4,0,11,4,2024,5391.523099999999
ORD100791,2024-01-15,CUST6215,New,Books,Books Product 25,Central,Website,Net Banking,177.65,2,10,319.77,Returned,4.2,0,1,1,2024,60.756299999999996
ORD100792,2023-03-12,CUST3027,VIP,Books,Books Product 24,West,Website,Net Banking,749.04,2,25,1123.56,Delivered,4.4,0,3,1,2023,292.1256
ORD100793,2024-06-02,CUST3992,Returning,Sports,Sports Product 46,Central,Marketplace,Net Banking,2804.61,2,20,4487.38,Delivered,3.9,1,6,2,2024,1301.3401999999999
ORD100794,2024-10-25,CUST4478,Returning,Automotive,Automotive Product 40,Central,Marketplace,Credit Card,7778.3,1,5,7389.38,Processing,4.0,1,10,4,2024,2069.0264
ORD100795,2023-12-16,CUST2291,At-Risk,Home & Kitchen,Home & Kitchen Product 28,Central,Mobile App,Wallet,4151.32,4,15,14114.49,Delivered,4.7,0,12,4,2023,5222.3613
ORD100796,2023-01-13,CUST4793,New,Home & Kitchen,Home & Kitchen Product 23,Central,Website,UPI,2955.23,4,0,11820.92,Shipped,5.0,0,1,1,2023,4373.7404
ORD100797,2024-03-06,CUST1804,New,Home & Kitchen,Home & Kitchen Product 50,East,Website,Debit Card,1437.51,2,25,2156.26,Processing,2.9,1,3,1,2024,840.9414000000002
ORD100798,2024-05-16,CUST5530,New,Electronics,Electronics Product 26,North,Website,Net Banking,67647.58,2,25,101471.37,Shipped,3.9,1,5,2,2024,30441.410999999996
ORD100799,2023-04-19,CUST6103,Returning,Electronics,Electronics Product 26,East,Marketplace,Credit Card,73061.17,4,0,292244.68,Cancelled,3.1,0,4,2,2023,113975.4252
ORD100800,2024-03-19,CUST9868,New,Beauty,Beauty Product 50,East,Mobile App,Credit Card,742.72,2,0,1485.44,Delivered,5.0,0,3,1,2024,519.904
ORD100801,2024-01-06,CUST2305,New,Beauty,Beauty Product 30,East,Mobile App,Net Banking,436.91,1,0,436.91,Returned,3.5,1,1,1,2024,78.6438
ORD100802,2024-10-12,CUST9993,Returning,Automotive,Automotive Product 27,Central,Website,UPI,39935.72,2,0,79871.44,Shipped,2.8,0,10,4,2024,18370.431200000003
ORD100803,2024-04-15,CUST9946,Returning,Automotive,Automotive Product 19,Central,Mobile App,Debit Card,21156.26,2,15,35965.64,Delivered,4.5,0,4,2,2024,6114.1588
ORD100804,2024-12-25,CUST5869,At-Risk,Sports,Sports Product 3,South,Social Media,Credit Card,9935.74,1,0,9935.74,Cancelled,5.0,0,12,4,2024,993.5740000000001
ORD100805,2023-06-06,CUST5874,VIP,Automotive,Automotive Product 39,West,Marketplace,UPI,31583.59,2,0,63167.18,Delivered,4.5,0,6,2,2023,10106.7488
ORD100806,2024-03-21,CUST2645,Returning,Home & Kitchen,Home & Kitchen Product 40,West,Website,Credit Card,3391.35,4,0,13565.4,Processing,4.2,1,3,1,2024,1356.54
ORD100807,2023-06-30,CUST7613,VIP,Home & Kitchen,Home & Kitchen Product 47,North,Website,Debit Card,6472.63,4,25,19417.89,Shipped,4.3,0,6,2,2023,6213.7248
ORD100808,2024-06-18,CUST1667,VIP,Automotive,Automotive Product 44,East,Mobile App,UPI,44573.91,1,10,40116.52,Returned,5.0,0,6,2,2024,9226.7996
ORD100809,2024-10-28,CUST6110,New,Toys,Toys Product 25,West,Mobile App,Net Banking,2607.5,1,5,2477.12,Returned,3.3,0,10,4,2024,470.65279999999996
ORD100810,2023-10-04,CUST7884,Returning,Sports,Sports Product 34,West,Mobile App,Credit Card,9237.22,5,0,46186.1,Cancelled,3.9,0,10,4,2023,15241.413
ORD100811,2024-09-22,CUST2523,At-Risk,Beauty,Beauty Product 16,East,Social Media,Credit Card,609.15,3,25,1370.59,Shipped,3.6,1,9,3,2024,479.70649999999995
ORD100812,2024-07-05,CUST6460,New,Automotive,Automotive Product 13,Central,Mobile App,UPI,15498.75,1,15,13173.94,Shipped,3.1,0,7,3,2024,5137.8366000000005
ORD100813,2024-05-10,CUST5408,New,Books,Books Product 19,North,Social Media,Credit Card,732.55,4,0,2930.2,Cancelled,3.7,0,5,2,2024,849.7579999999999
ORD100814,2024-04-21,CUST1852,VIP,Clothing,Clothing Product 50,West,Website,Debit Card,3366.4,3,0,10099.2,Returned,4.9,0,4,2,2024,2423.808
ORD100815,2024-03-22,CUST3242,New,Automotive,Automotive Product 18,West,Mobile App,Credit Card,31855.7,2,0,63711.4,Cancelled,4.5,0,3,1,2024,12105.166000000001
ORD100816,2024-08-29,CUST2126,New,Sports,Sports Product 2,Central,Website,Net Banking,17154.25,2,0,34308.5,Shipped,4.5,1,8,3,2024,5832.445000000001
ORD100817,2023-10-02,CUST2545,New,Beauty,Beauty Product 2,Central,Mobile App,Net Banking,484.04,1,10,435.64,Returned,4.1,1,10,4,2023,69.7024
ORD100818,2023-11-27,CUST1065,VIP,Toys,Toys Product 40,West,Social Media,Net Banking,1502.68,1,20,1202.14,Processing,4.4,0,11,4,2023,264.4708
ORD100819,2023-09-09,CUST2750,VIP,Sports,Sports Product 46,West,Mobile App,Net Banking,7196.96,1,5,6837.11,Returned,3.4,0,9,3,2023,2734.844
ORD100820,2023-03-30,CUST8814,New,Home & Kitchen,Home & Kitchen Product 24,East,Website,UPI,14925.27,3,15,38059.44,Shipped,3.8,0,3,1,2023,3805.9440000000004
ORD100821,2023-10-13,CUST1696,Returning,Sports,Sports Product 10,North,Mobile App,Debit Card,12159.86,1,5,11551.87,Shipped,4.2,0,10,4,2023,1848.2992000000002
ORD100822,2024-04-06,CUST8687,VIP,Electronics,Electronics Product 11,Central,Marketplace,Net Banking,898.66,1,10,808.79,Returned,4.2,0,4,2,2024,129.4064
ORD100823,2023-09-07,CUST6916,Returning,Electronics,Electronics Product 19,East,Marketplace,Credit Card,41979.01,1,10,37781.11,Cancelled,4.3,0,9,3,2023,12089.9552
ORD100824,2024-04-20,CUST7651,At-Risk,Home & Kitchen,Home & Kitchen Product 9,West,Social Media,Net Banking,4041.17,2,0,8082.34,Cancelled,3.9,1,4,2,2024,1697.2914
ORD100825,2024-08-06,CUST9879,Returning,Beauty,Beauty Product 44,North,Website,Credit Card,496.54,4,0,1986.16,Returned,3.7,0,8,3,2024,476.6784
ORD100826,2024-09-16,CUST2751,At-Risk,Sports,Sports Product 25,North,Social Media,Debit Card,12279.77,1,10,11051.79,Processing,5.0,0,9,3,2024,1547.2506000000003
ORD100827,2024-11-15,CUST5330,New,Automotive,Automotive Product 44,West,Social Media,Net Banking,27168.95,1,0,27168.95,Shipped,4.7,0,11,4,2024,5977.169
ORD100828,2024-01-24,CUST3601,VIP,Electronics,Electronics Product 46,East,Social Media,Wallet,41680.6,2,0,83361.2,Delivered,4.3,0,1,1,2024,10836.956
ORD100829,2023-12-11,CUST5056,At-Risk,Automotive,Automotive Product 24,East,Social Media,Net Banking,38239.28,1,5,36327.32,Delivered,3.8,1,12,4,2023,9445.1032
ORD100830,2023-01-30,CUST2343,Returning,Automotive,Automotive Product 13,West,Mobile App,Credit Card,11442.28,1,25,8581.71,Processing,3.6,0,1,1,2023,1115.6223
ORD100831,2024-05-21,CUST6473,At-Risk,Sports,Sports Product 50,North,Marketplace,Net Banking,7551.86,1,5,7174.27,Shipped,3.9,0,5,2,2024,2439.2518000000005
ORD100832,2023-11-29,CUST3758,At-Risk,Electronics,Electronics Product 30,East,Mobile App,Net Banking,71936.5,1,15,61146.02,Processing,4.2,1,11,4,2023,16509.4254
ORD100833,2023-07-06,CUST4033,Returning,Toys,Toys Product 40,Central,Website,Debit Card,312.09,1,5,296.49,Shipped,2.5,0,7,3,2023,94.8768
ORD100834,2024-05-14,CUST2701,At-Risk,Sports,Sports Product 13,East,Mobile App,UPI,3115.87,1,15,2648.49,Cancelled,2.7,1,5,2,2024,609.1527
ORD100835,2023-08-06,CUST1275,New,Books,Books Product 45,West,Marketplace,Credit Card,158.41,1,10,142.57,Returned,3.5,1,8,3,2023,29.9397
ORD100836,2023-12-30,CUST8705,Returning,Electronics,Electronics Product 12,South,Website,Net Banking,55482.34,4,20,177543.49,Shipped,4.2,0,12,4,2023,23080.6537
ORD100837,2023-09-22,CUST4578,VIP,Beauty,Beauty Product 9,East,Mobile App,UPI,510.75,1,5,485.21,Delivered,3.8,0,9,3,2023,126.1546
ORD100838,2023-12-15,CUST3075,At-Risk,Books,Books Product 6,South,Marketplace,Debit Card,291.57,2,10,524.83,Returned,5.0,1,12,4,2023,131.2075
ORD100839,2023-10-14,CUST3774,Returning,Toys,Toys Product 38,North,Mobile App,Net Banking,957.1,2,10,1722.78,Processing,2.8,0,10,4,2023,413.4672
ORD100840,2024-09-02,CUST9350,Returning,Toys,Toys Product 5,Central,Social Media,Debit Card,549.49,1,5,522.02,Returned,3.4,0,9,3,2024,167.0464
ORD100841,2024-12-19,CUST4909,VIP,Toys,Toys Product 49,North,Social Media,Wallet,2890.72,2,0,5781.44,Cancelled,5.0,1,12,4,2024,2023.5039999999997
ORD100842,2023-10-10,CUST7683,Returning,Books,Books Product 17,West,Marketplace,Wallet,556.35,1,0,556.35,Shipped,4.1,0,10,4,2023,183.59550000000002
ORD100843,2024-07-23,CUST1086,New,Home & Kitchen,Home & Kitchen Product 16,South,Social Media,Credit Card,7165.54,5,0,35827.7,Delivered,4.7,0,7,3,2024,5015.878
ORD100844,2023-01-11,CUST9568,New,Toys,Toys Product 40,Central,Marketplace,UPI,3274.24,1,20,2619.39,Processing,5.0,1,1,1,2023,759.6230999999999
ORD100845,2024-06-13,CUST5477,VIP,Toys,Toys Product 46,South,Mobile App,Debit Card,1857.04,1,0,1857.04,Processing,3.4,0,6,2,2024,222.8448
ORD100846,2023-07-15,CUST4072,VIP,Books,Books Product 1,North,Social Media,Wallet,762.44,1,0,762.44,Processing,3.9,0,7,3,2023,236.3564
ORD100847,2023-03-29,CUST9071,At-Risk,Sports,Sports Product 30,North,Marketplace,Wallet,18478.02,5,10,83151.09,Cancelled,3.8,0,3,1,2023,17461.7289
ORD100848,2023-09-05,CUST9971,New,Clothing,Clothing Product 2,South,Marketplace,Credit Card,1400.45,2,0,2800.9,Processing,2.4,1,9,3,2023,392.12600000000003
ORD100849,2024-02-21,CUST4897,VIP,Toys,Toys Product 24,East,Website,Net Banking,951.93,2,5,1808.67,Delivered,3.8,0,2,1,2024,651.1212
ORD100850,2024-05-15,CUST1972,VIP,Books,Books Product 45,Central,Marketplace,Net Banking,692.23,1,0,692.23,Cancelled,4.7,0,5,2,2024,193.82440000000003
ORD100851,2024-07-22,CUST8040,At-Risk,Sports,Sports Product 19,East,Social Media,Net Banking,14460.96,2,25,21691.44,Cancelled,4.4,0,7,3,2024,4555.202399999999
ORD100852,2023-09-04,CUST4457,Returning,Sports,Sports Product 31,West,Mobile App,Net Banking,19252.68,1,20,15402.14,Returned,4.5,0,9,3,2023,1694.2354
ORD100853,2024-12-08,CUST7364,New,Sports,Sports Product 43,East,Mobile App,Debit Card,2416.73,4,20,7733.54,Processing,3.7,0,12,4,2024,2010.7204000000002
ORD100854,2024-05-02,CUST4153,VIP,Toys,Toys Product 16,South,Social Media,Debit Card,3213.98,1,5,3053.28,Processing,3.5,0,5,2,2024,1160.2464
ORD100855,2024-10-23,CUST9647,At-Risk,Books,Books Product 27,South,Social Media,Net Banking,511.31,1,15,434.61,Cancelled,5.0,0,10,4,2024,121.69080000000001
ORD100856,2024-12-29,CUST5795,At-Risk,Clothing,Clothing Product 4,West,Social Media,Credit Card,995.13,1,0,995.13,Returned,3.6,1,12,4,2024,388.1007
ORD100857,2024-05-17,CUST6640,Returning,Home & Kitchen,Home & Kitchen Product 49,West,Mobile App,Debit Card,3325.73,1,0,3325.73,Shipped,4.2,0,5,2,2024,465.60220000000004
ORD100858,2024-04-03,CUST3231,At-Risk,Home & Kitchen,Home & Kitchen Product 8,West,Social Media,UPI,10914.29,2,0,21828.58,Processing,4.1,0,4,2,2024,5893.716600000001
ORD100859,2023-01-18,CUST7627,Returning,Sports,Sports Product 22,South,Marketplace,UPI,8896.04,1,10,8006.44,Shipped,5.0,0,1,1,2023,2722.1896
ORD100860,2023-04-06,CUST7742,VIP,Clothing,Clothing Product 32,North,Website,Debit Card,2341.56,3,5,6673.45,Cancelled,4.8,0,4,2,2023,1735.097
ORD100861,2023-10-29,CUST5713,VIP,Automotive,Automotive Product 41,South,Social Media,Credit Card,30139.43,1,5,28632.46,Processing,3.0,1,10,4,2023,3722.2198
ORD100862,2023-08-15,CUST5413,New,Automotive,Automotive Product 38,North,Social Media,Net Banking,14166.36,2,0,28332.72,Delivered,3.0,0,8,3,2023,7649.834400000001
ORD100863,2024-02-19,CUST5080,New,Sports,Sports Product 8,West,Marketplace,Debit Card,6647.47,1,5,6315.1,Cancelled,4.5,1,2,1,2024,1768.2280000000003
ORD100864,2024-12-09,CUST3042,At-Risk,Automotive,Automotive Product 6,West,Marketplace,Wallet,6091.91,1,10,5482.72,Shipped,3.9,0,12,4,2024,1754.4704000000002
ORD100865,2023-09-07,CUST7884,VIP,Books,Books Product 22,Central,Mobile App,Credit Card,368.13,2,5,699.45,Returned,3.6,0,9,3,2023,230.81850000000003
ORD100866,2023-11-10,CUST5177,Returning,Beauty,Beauty Product 3,West,Marketplace,UPI,719.2,1,10,647.28,Returned,4.8,0,11,4,2023,213.6024
ORD100867,2024-11-10,CUST9153,At-Risk,Electronics,Electronics Product 48,North,Social Media,Wallet,28556.78,1,0,28556.78,Delivered,4.1,1,11,4,2024,8567.034
ORD100868,2024-08-18,CUST1023,New,Home & Kitchen,Home & Kitchen Product 45,Central,Social Media,UPI,13499.05,3,15,34422.58,Processing,4.0,1,8,3,2024,5507.612800000001
ORD100869,2024-01-13,CUST2877,Returning,Electronics,Electronics Product 7,South,Website,Net Banking,65637.66,4,10,236295.58,Returned,4.6,1,1,1,2024,51985.027599999994
ORD100870,2024-04-29,CUST7644,Returning,Electronics,Electronics Product 3,West,Marketplace,UPI,36227.57,1,0,36227.57,Shipped,3.7,1,4,2,2024,11955.098100000001
ORD100871,2024-07-20,CUST4132,At-Risk,Home & Kitchen,Home & Kitchen Product 5,North,Marketplace,Net Banking,13374.91,1,0,13374.91,Returned,5.0,0,7,3,2024,5216.2149
ORD100872,2024-06-27,CUST5144,At-Risk,Clothing,Clothing Product 26,East,Social Media,Debit Card,4798.87,2,10,8637.97,Cancelled,3.4,0,6,2,2024,1036.5564
ORD100873,2023-12-19,CUST3100,Returning,Sports,Sports Product 46,East,Mobile App,UPI,5360.05,1,15,4556.04,Processing,4.5,0,12,4,2023,1184.5704
ORD100874,2024-03-11,CUST4020,At-Risk,Sports,Sports Product 10,Central,Marketplace,Net Banking,8432.24,1,5,8010.63,Delivered,5.0,0,3,1,2024,1522.0197
ORD100875,2024-07-17,CUST2965,New,Home & Kitchen,Home & Kitchen Product 27,West,Mobile App,Credit Card,9177.07,1,0,9177.07,Returned,2.9,0,7,3,2024,1560.1019000000001
ORD100876,2023-12-05,CUST5076,Returning,Automotive,Automotive Product 1,South,Website,UPI,43960.8,2,20,70337.28,Delivered,3.7,0,12,4,2023,17584.32
ORD100877,2023-12-27,CUST3170,At-Risk,Electronics,Electronics Product 2,North,Marketplace,Net Banking,76055.06,2,10,136899.11,Processing,4.9,1,12,4,2023,38331.7508
ORD100878,2024-12-20,CUST1658,At-Risk,Books,Books Product 33,North,Marketplace,Net Banking,471.35,1,5,447.78,Delivered,4.9,0,12,4,2024,44.778
ORD100879,2024-04-09,CUST4782,At-Risk,Clothing,Clothing Product 3,South,Social Media,Wallet,2111.87,1,5,2006.28,Cancelled,3.9,0,4,2,2024,662.0724
ORD100880,2023-10-05,CUST5095,New,Home & Kitchen,Home & Kitchen Product 9,East,Social Media,Debit Card,1985.35,1,0,1985.35,Shipped,3.4,0,10,4,2023,694.8725
ORD100881,2023-11-10,CUST1762,VIP,Electronics,Electronics Product 26,North,Marketplace,Credit Card,64818.72,2,10,116673.7,Processing,4.8,0,11,4,2023,45502.743
ORD100882,2023-09-15,CUST2182,Returning,Automotive,Automotive Product 23,South,Mobile App,Debit Card,21925.83,1,0,21925.83,Delivered,4.9,0,9,3,2023,3288.8745000000004
ORD100883,2023-08-25,CUST7467,VIP,Books,Books Product 36,East,Mobile App,Net Banking,230.14,1,25,172.6,Delivered,3.1,1,8,3,2023,48.328
ORD100884,2023-05-04,CUST3178,Returning,Beauty,Beauty Product 37,East,Marketplace,Wallet,849.16,3,5,2420.11,Delivered,3.0,0,5,2,2023,556.6253
ORD100885,2023-07-17,CUST4573,New,Toys,Toys Product 46,East,Website,Credit Card,1017.7,1,5,966.82,Shipped,4.2,0,7,3,2023,193.36400000000003
ORD100886,2023-11-20,CUST5530,At-Risk,Sports,Sports Product 14,East,Mobile App,Net Banking,7684.54,2,10,13832.17,Delivered,4.5,0,11,4,2023,3734.6859000000004
ORD100887,2023-05-03,CUST2845,VIP,Automotive,Automotive Product 43,North,Social Media,Credit Card,7935.95,1,20,6348.76,Cancelled,3.8,0,5,2,2023,2095.0908
ORD100888,2024-07-02,CUST1046,VIP,Beauty,Beauty Product 17,North,Website,UPI,1046.19,1,15,889.26,Returned,4.5,0,7,3,2024,97.8186
ORD100889,2024-12-07,CUST4443,New,Automotive,Automotive Product 30,East,Social Media,UPI,1273.94,1,5,1210.24,Returned,3.4,1,12,4,2024,471.9936
ORD100890,2023-07-09,CUST2814,At-Risk,Electronics,Electronics Product 22,East,Marketplace,Credit Card,55219.25,2,10,99394.65,Shipped,2.3,0,7,3,2023,33794.181
ORD100891,2023-07-16,CUST1225,New,Beauty,Beauty Product 39,Central,Social Media,Debit Card,2192.89,3,10,5920.8,Delivered,3.7,1,7,3,2023,1953.8640000000003
ORD100892,2023-08-10,CUST7772,New,Clothing,Clothing Product 30,North,Social Media,Net Banking,1226.11,3,5,3494.41,Returned,4.1,0,8,3,2023,1153.1553
ORD100893,2024-05-10,CUST2752,New,Home & Kitchen,Home & Kitchen Product 36,Central,Social Media,Credit Card,8641.8,1,0,8641.8,Processing,3.8,0,5,2,2024,1901.196
ORD100894,2023-10-11,CUST6592,At-Risk,Electronics,Electronics Product 14,North,Website,Debit Card,26064.12,2,5,49521.83,Cancelled,3.1,0,10,4,2023,16342.203900000002
ORD100895,2024-08-26,CUST4380,VIP,Sports,Sports Product 15,Central,Website,UPI,4959.92,1,0,4959.92,Delivered,2.5,0,8,3,2024,1091.1824
ORD100896,2024-06-21,CUST8324,Returning,Toys,Toys Product 21,Central,Mobile App,Credit Card,451.69,1,20,361.35,Processing,3.6,1,6,2,2024,133.6995
ORD100897,2024-09-03,CUST3365,VIP,Clothing,Clothing Product 19,Central,Mobile App,Wallet,1561.35,4,0,6245.4,Processing,4.7,1,9,3,2024,936.81
ORD100898,2023-10-17,CUST3408,VIP,Automotive,Automotive Product 33,South,Mobile App,Net Banking,11239.02,1,25,8429.26,Processing,5.0,0,10,4,2023,1601.5594
ORD100899,2023-04-13,CUST3019,At-Risk,Home & Kitchen,Home & Kitchen Product 33,Central,Mobile App,Debit Card,3496.71,1,5,3321.87,Returned,5.0,1,4,2,2023,896.9049
ORD100900,2023-07-18,CUST7041,VIP,Books,Books Product 46,West,Mobile App,Credit Card,492.67,1,10,443.4,Returned,3.3,0,7,3,2023,88.68
ORD100901,2023-10-31,CUST6326,New,Sports,Sports Product 14,West,Marketplace,Debit Card,14438.81,1,5,13716.87,Delivered,3.1,1,10,4,2023,3154.8801000000003
ORD100902,2023-08-21,CUST7735,VIP,Toys,Toys Product 23,West,Social Media,Debit Card,3795.83,1,0,3795.83,Cancelled,4.4,0,8,3,2023,948.9575
ORD100903,2024-01-05,CUST7205,New,Electronics,Electronics Product 32,South,Social Media,Credit Card,64690.41,2,0,129380.82,Returned,4.5,0,1,1,2024,46577.0952
ORD100904,2023-07-03,CUST9501,New,Clothing,Clothing Product 6,Central,Mobile App,Net Banking,3422.46,1,0,3422.46,Returned,4.3,0,7,3,2023,889.8396
ORD100905,2023-11-06,CUST5506,Returning,Books,Books Product 39,Central,Mobile App,Net Banking,501.76,4,10,1806.34,Returned,2.4,0,11,4,2023,379.3314
ORD100906,2023-01-15,CUST8264,New,Toys,Toys Product 12,West,Website,Net Banking,2655.83,3,5,7569.12,Returned,3.3,0,1,1,2023,1286.7504000000001
ORD100907,2024-12-26,CUST4302,Returning,Automotive,Automotive Product 7,South,Mobile App,Net Banking,34360.89,1,15,29206.76,Delivered,4.0,0,12,4,2024,6425.4872
ORD100908,2024-06-30,CUST3390,At-Risk,Books,Books Product 19,East,Social Media,Net Banking,404.64,1,0,404.64,Delivered,4.4,0,6,2,2024,101.16
ORD100909,2023-05-10,CUST4387,Returning,Electronics,Electronics Product 37,West,Mobile App,UPI,65164.86,1,0,65164.86,Processing,4.6,0,5,2,2023,20852.7552
ORD100910,2023-10-08,CUST7376,New,Books,Books Product 26,North,Mobile App,UPI,238.71,2,5,453.55,Delivered,4.1,0,10,4,2023,63.49700000000001
ORD100911,2023-02-16,CUST6786,VIP,Automotive,Automotive Product 31,West,Social Media,Credit Card,3243.26,1,20,2594.61,Processing,4.3,0,2,1,2023,441.0837000000001
ORD100912,2023-02-25,CUST4080,Returning,Clothing,Clothing Product 37,South,Marketplace,UPI,2570.88,2,10,4627.58,Shipped,4.1,0,2,1,2023,971.7918
ORD100913,2024-07-20,CUST4977,At-Risk,Books,Books Product 6,North,Website,Debit Card,132.75,1,5,126.11,Processing,4.5,0,7,3,2024,26.4831
ORD100914,2023-10-27,CUST9026,At-Risk,Automotive,Automotive Product 17,South,Social Media,Debit Card,14301.24,2,5,27172.36,Delivered,4.3,1,10,4,2023,5977.9192
ORD100915,2024-12-15,CUST9010,Returning,Toys,Toys Product 25,East,Website,UPI,653.18,1,0,653.18,Delivered,4.1,0,12,4,2024,222.0812
ORD100916,2023-05-10,CUST5487,At-Risk,Sports,Sports Product 16,South,Mobile App,Debit Card,9274.59,1,25,6955.94,Delivered,3.8,0,5,2,2023,1391.188
ORD100917,2024-10-15,CUST8167,Returning,Beauty,Beauty Product 46,Central,Social Media,Credit Card,1864.08,4,10,6710.69,Shipped,4.1,0,10,4,2024,1677.6725
ORD100918,2024-05-17,CUST1801,New,Home & Kitchen,Home & Kitchen Product 33,South,Social Media,Net Banking,8990.22,3,0,26970.66,Returned,4.4,0,5,2,2024,7821.491399999999
ORD100919,2023-04-16,CUST5130,VIP,Electronics,Electronics Product 27,North,Marketplace,Wallet,19295.54,1,10,17365.99,Processing,4.2,0,4,2,2023,2952.2183000000005
ORD100920,2023-01-13,CUST1050,VIP,Clothing,Clothing Product 41,North,Marketplace,UPI,302.09,3,0,906.27,Processing,4.3,1,1,1,2023,290.0064
ORD100921,2024-08-10,CUST8099,VIP,Sports,Sports Product 25,North,Social Media,Debit Card,749.59,1,25,562.19,Returned,5.0,0,8,3,2024,146.16940000000002
ORD100922,2023-10-19,CUST8595,At-Risk,Automotive,Automotive Product 19,Central,Mobile App,UPI,39338.64,4,0,157354.56,Returned,4.2,0,10,4,2023,36191.548800000004
ORD100923,2024-04-25,CUST3598,New,Sports,Sports Product 44,North,Website,Debit Card,11684.87,3,10,31549.15,Processing,3.5,0,4,2,2024,10726.711000000001
ORD100924,2024-05-05,CUST2006,Returning,Books,Books Product 16,East,Marketplace,Debit Card,103.25,1,0,103.25,Returned,4.7,0,5,2,2024,17.552500000000002
ORD100925,2024-03-27,CUST1976,VIP,Beauty,Beauty Product 10,South,Marketplace,Wallet,1466.05,1,10,1319.44,Processing,2.9,0,3,1,2024,474.9984
ORD100926,2023-12-15,CUST8516,Returning,Electronics,Electronics Product 2,East,Marketplace,Net Banking,10919.12,1,15,9281.25,Returned,3.1,0,12,4,2023,2505.9375
ORD100927,2023-07-08,CUST9589,New,Books,Books Product 14,South,Social Media,Credit Card,776.8,2,10,1398.24,Returned,4.3,1,7,3,2023,391.5072
ORD100928,2023-02-22,CUST5736,At-Risk,Clothing,Clothing Product 6,Central,Marketplace,Net Banking,377.64,2,10,679.75,Processing,4.4,0,2,1,2023,244.70999999999998
ORD100929,2023-09-16,CUST4339,New,Books,Books Product 32,East,Social Media,Wallet,473.43,1,20,378.74,Returned,3.0,0,9,3,2023,132.559
ORD100930,2024-05-04,CUST7773,At-Risk,Toys,Toys Product 45,Central,Social Media,Credit Card,2204.55,1,0,2204.55,Shipped,3.7,0,5,2,2024,617.2740000000001
ORD100931,2023-04-27,CUST2809,At-Risk,Beauty,Beauty Product 9,South,Marketplace,UPI,1111.56,3,0,3334.68,Shipped,3.5,0,4,2,2023,1100.4444
ORD100932,2023-03-08,CUST5705,At-Risk,Electronics,Electronics Product 43,North,Social Media,Wallet,1793.65,5,0,8968.25,Cancelled,3.6,1,3,1,2023,2062.6975
ORD100933,2024-02-15,CUST3305,VIP,Home & Kitchen,Home & Kitchen Product 27,West,Social Media,Credit Card,7207.43,2,25,10811.14,Returned,4.8,1,2,1,2024,2810.8964
ORD100934,2024-05-18,CUST5643,New,Sports,Sports Product 28,East,Website,Debit Card,16665.06,1,0,16665.06,Returned,4.6,0,5,2,2024,1999.8072000000002
ORD100935,2023-03-17,CUST5576,Returning,Clothing,Clothing Product 24,North,Website,Wallet,2192.38,1,10,1973.14,Processing,4.0,0,3,1,2023,256.50820000000004
ORD100936,2024-08-13,CUST3900,Returning,Toys,Toys Product 10,West,Marketplace,Credit Card,1343.79,1,10,1209.41,Delivered,3.6,0,8,3,2024,423.2935
ORD100937,2024-10-06,CUST7982,VIP,Books,Books Product 50,Central,Marketplace,UPI,322.03,4,0,1288.12,Delivered,2.9,0,10,4,2024,154.57439999999997
ORD100938,2024-12-03,CUST1225,At-Risk,Electronics,Electronics Product 34,Central,Website,Net Banking,27993.05,1,0,27993.05,Processing,5.0,0,12,4,2024,4198.9574999999995
ORD100939,2023-02-24,CUST8753,VIP,Electronics,Electronics Product 10,West,Mobile App,Debit Card,6841.49,2,0,13682.98,Delivered,4.5,0,2,1,2023,4652.2132
ORD100940,2023-06-05,CUST9676,VIP,Automotive,Automotive Product 20,East,Social Media,Debit Card,38910.98,1,5,36965.43,Returned,3.4,0,6,2,2023,3696.543
ORD100941,2023-06-02,CUST2069,VIP,Home & Kitchen,Home & Kitchen Product 26,East,Social Media,Credit Card,7559.13,2,0,15118.26,Cancelled,4.6,1,6,2,2023,2721.2868
ORD100942,2024-07-30,CUST8445,New,Beauty,Beauty Product 35,West,Social Media,Debit Card,284.16,2,0,568.32,Processing,3.9,1,7,3,2024,159.12960000000004
ORD100943,2023-11-08,CUST6699,Returning,Clothing,Clothing Product 22,West,Marketplace,Net Banking,1632.53,3,20,3918.07,Cancelled,3.8,0,11,4,2023,1097.0596
ORD100944,2023-03-29,CUST5967,VIP,Books,Books Product 17,South,Marketplace,Net Banking,788.78,1,25,591.58,Delivered,4.3,0,3,1,2023,195.22140000000002
ORD100945,2023-09-12,CUST4675,At-Risk,Home & Kitchen,Home & Kitchen Product 38,Central,Marketplace,Wallet,7552.05,1,0,7552.05,Shipped,3.4,1,9,3,2023,1888.0125
ORD100946,2023-05-02,CUST8362,Returning,Automotive,Automotive Product 11,Central,Mobile App,Wallet,32341.98,1,0,32341.98,Shipped,3.7,0,5,2,2023,8085.495
ORD100947,2024-07-25,CUST4291,At-Risk,Clothing,Clothing Product 47,West,Social Media,Net Banking,4570.26,4,0,18281.04,Shipped,4.1,0,7,3,2024,5849.9328000000005
ORD100948,2024-03-02,CUST5515,New,Beauty,Beauty Product 32,South,Mobile App,UPI,2552.77,4,10,9189.97,Delivered,3.6,0,3,1,2024,2297.4925
ORD100949,2024-09-12,CUST8812,At-Risk,Electronics,Electronics Product 43,East,Mobile App,UPI,75047.45,2,15,127580.66,Cancelled,4.5,0,9,3,2024,35722.584800000004
ORD100950,2024-09-02,CUST7399,VIP,Electronics,Electronics Product 9,North,Social Media,UPI,8668.12,2,0,17336.24,Processing,5.0,0,9,3,2024,6414.4088
ORD100951,2024-09-25,CUST5417,Returning,Beauty,Beauty Product 19,Central,Website,UPI,788.44,2,0,1576.88,Returned,3.4,0,9,3,2024,346.91360000000003
ORD100952,2023-08-20,CUST3628,New,Home & Kitchen,Home & Kitchen Product 1,Central,Marketplace,Debit Card,12434.21,1,15,10569.08,Shipped,2.7,0,8,3,2023,2325.1976
ORD100953,2024-06-19,CUST8870,At-Risk,Clothing,Clothing Product 3,West,Social Media,Net Banking,865.93,4,10,3117.35,Delivered,2.4,0,6,2,2024,311.735
ORD100954,2024-01-25,CUST4613,New,Home & Kitchen,Home & Kitchen Product 3,South,Website,Credit Card,14905.04,1,0,14905.04,Processing,3.9,1,1,1,2024,4173.4112000000005
ORD100955,2024-04-06,CUST8178,New,Automotive,Automotive Product 45,South,Marketplace,UPI,43180.33,1,10,38862.3,Returned,3.5,0,4,2,2024,4274.853
ORD100956,2024-03-29,CUST3187,At-Risk,Books,Books Product 48,East,Social Media,Credit Card,606.98,2,0,1213.96,Delivered,4.2,0,3,1,2024,303.49
ORD100957,2023-11-01,CUST1280,VIP,Beauty,Beauty Product 44,South,Marketplace,Credit Card,795.07,1,0,795.07,Returned,4.1,0,11,4,2023,270.32380000000006
ORD100958,2024-08-25,CUST4840,New,Beauty,Beauty Product 43,West,Mobile App,Net Banking,400.85,1,15,340.72,Delivered,2.7,0,8,3,2024,88.58720000000001
ORD100959,2024-03-15,CUST8961,Returning,Automotive,Automotive Product 10,East,Marketplace,Credit Card,36426.11,2,15,61924.39,Returned,2.5,0,3,1,2024,11146.3902
ORD100960,2023-11-09,CUST7300,VIP,Books,Books Product 2,West,Marketplace,UPI,668.6,1,5,635.17,Processing,4.2,0,11,4,2023,215.9578
ORD100961,2024-08-05,CUST4586,Returning,Electronics,Electronics Product 35,North,Mobile App,UPI,65383.74,2,20,104613.98,Shipped,4.1,0,8,3,2024,18830.516399999997
ORD100962,2024-09-27,CUST9350,New,Toys,Toys Product 26,North,Website,Net Banking,2242.72,1,5,2130.58,Returned,3.7,0,9,3,2024,681.7856
ORD100963,2023-03-03,CUST3370,At-Risk,Beauty,Beauty Product 43,South,Website,Credit Card,164.08,1,15,139.47,Shipped,2.7,0,3,1,2023,39.0516
ORD100964,2024-09-16,CUST2799,Returning,Home & Kitchen,Home & Kitchen Product 4,South,Marketplace,UPI,10417.15,1,5,9896.29,Delivered,4.4,0,9,3,2024,1484.4435
ORD100965,2023-04-12,CUST5385,At-Risk,Sports,Sports Product 6,South,Mobile App,Debit Card,1428.82,1,20,1143.06,Processing,5.0,0,4,2,2023,422.93219999999997
ORD100966,2023-08-01,CUST7075,At-Risk,Electronics,Electronics Product 20,North,Website,Wallet,70723.89,2,20,113158.22,Shipped,4.2,1,8,3,2023,18105.3152
ORD100967,2024-10-02,CUST9552,VIP,Automotive,Automotive Product 43,South,Social Media,UPI,2919.35,1,0,2919.35,Processing,3.3,0,10,4,2024,1167.74
ORD100968,2023-08-05,CUST5174,Returning,Automotive,Automotive Product 48,South,Social Media,Credit Card,3161.77,2,20,5058.83,Shipped,4.0,0,8,3,2023,505.88300000000004
ORD100969,2023-09-28,CUST2619,Returning,Sports,Sports Product 25,East,Marketplace,Wallet,6364.09,1,15,5409.48,Cancelled,2.9,0,9,3,2023,973.7063999999999
ORD100970,2024-11-07,CUST5453,Returning,Automotive,Automotive Product 2,North,Social Media,Net Banking,13775.37,2,15,23418.13,Cancelled,4.8,0,11,4,2024,3746.9008000000003
ORD100971,2023-03-25,CUST9462,At-Risk,Books,Books Product 21,East,Website,Wallet,581.55,4,0,2326.2,Delivered,4.1,0,3,1,2023,232.62
ORD100972,2023-06-10,CUST6082,VIP,Home & Kitchen,Home & Kitchen Product 6,West,Marketplace,Net Banking,11936.93,2,15,20292.78,Returned,2.6,0,6,2,2023,6493.6896
ORD100973,2023-09-03,CUST7614,At-Risk,Beauty,Beauty Product 38,West,Mobile App,UPI,1231.74,1,20,985.39,Cancelled,3.8,0,9,3,2023,305.4709
ORD100974,2023-06-27,CUST1332,At-Risk,Beauty,Beauty Product 2,West,Website,UPI,2141.19,1,0,2141.19,Delivered,4.4,0,6,2,2023,728.0046000000001
ORD100975,2024-07-19,CUST2031,New,Automotive,Automotive Product 36,North,Mobile App,Credit Card,46303.03,1,25,34727.27,Returned,3.7,0,7,3,2024,6250.908599999999
ORD100976,2023-03-18,CUST2755,VIP,Sports,Sports Product 50,South,Marketplace,Debit Card,11835.68,2,0,23671.36,Shipped,3.8,0,3,1,2023,5444.4128
ORD100977,2023-06-10,CUST4952,New,Home & Kitchen,Home & Kitchen Product 22,East,Website,Debit Card,2062.55,1,0,2062.55,Cancelled,3.0,0,6,2,2023,618.765
ORD100978,2023-01-03,CUST5633,Returning,Clothing,Clothing Product 18,North,Website,UPI,1732.8,1,5,1646.16,Shipped,4.5,0,1,1,2023,378.6168
ORD100979,2024-02-23,CUST5130,New,Home & Kitchen,Home & Kitchen Product 14,East,Marketplace,Wallet,2475.62,2,10,4456.12,Delivered,3.5,0,2,1,2024,1381.3971999999999
ORD100980,2024-04-06,CUST5002,New,Automotive,Automotive Product 10,Central,Website,Wallet,29539.21,1,10,26585.29,Cancelled,2.3,0,4,2,2024,7709.7341
ORD100981,2024-12-06,CUST9682,New,Sports,Sports Product 32,Central,Marketplace,Wallet,17063.01,3,0,51189.03,Returned,3.7,1,12,4,2024,6654.5739
ORD100982,2024-08-31,CUST3997,VIP,Sports,Sports Product 8,North,Social Media,Wallet,17951.35,1,25,13463.51,Delivered,4.8,0,8,3,2024,4442.9583
ORD100983,2024-04-26,CUST9143,Returning,Beauty,Beauty Product 26,East,Marketplace,Net Banking,1965.18,1,0,1965.18,Processing,3.7,0,4,2,2024,628.8576
ORD100984,2023-10-26,CUST9656,At-Risk,Automotive,Automotive Product 42,North,Website,Debit Card,33677.17,2,0,67354.34,Delivered,5.0,1,10,4,2023,20206.302
ORD100985,2023-02-03,CUST1055,New,Electronics,Electronics Product 13,Central,Mobile App,UPI,41980.21,1,0,41980.21,Returned,4.3,0,2,1,2023,6297.0315
ORD100986,2023-08-26,CUST3442,Returning,Toys,Toys Product 47,South,Mobile App,Wallet,1113.99,2,10,2005.18,Delivered,4.3,0,8,3,2023,360.9324
ORD100987,2023-10-23,CUST1320,Returning,Home & Kitchen,Home & Kitchen Product 4,Central,Marketplace,Net Banking,7325.52,1,20,5860.42,Delivered,3.9,0,10,4,2023,1289.2924
ORD100988,2024-12-24,CUST6363,At-Risk,Electronics,Electronics Product 42,North,Marketplace,Wallet,39463.26,1,10,35516.93,Returned,3.9,0,12,4,2024,6393.0473999999995
ORD100989,2023-10-17,CUST7876,Returning,Beauty,Beauty Product 45,East,Website,Debit Card,949.54,3,15,2421.33,Returned,3.8,0,10,4,2023,411.6261
ORD100990,2024-12-20,CUST6591,VIP,Books,Books Product 47,North,Website,Net Banking,640.85,3,0,1922.55,Delivered,3.8,1,12,4,2024,653.667
ORD100991,2024-04-09,CUST1023,VIP,Beauty,Beauty Product 13,West,Marketplace,Debit Card,1525.71,2,5,2898.85,Returned,4.4,1,4,2,2024,840.6664999999999
ORD100992,2023-03-14,CUST8881,Returning,Clothing,Clothing Product 16,West,Mobile App,UPI,640.64,1,5,608.61,Cancelled,3.3,0,3,1,2023,164.3247
ORD100993,2024-12-04,CUST4168,New,Toys,Toys Product 21,West,Mobile App,Net Banking,3111.57,2,5,5911.98,Delivered,3.1,0,12,4,2024,1005.0366
ORD100994,2023-08-28,CUST4069,VIP,Books,Books Product 27,North,Mobile App,Credit Card,597.97,1,0,597.97,Shipped,3.1,0,8,3,2023,227.2286
ORD100995,2023-09-28,CUST2777,New,Automotive,Automotive Product 42,Central,Social Media,Credit Card,18168.08,1,10,16351.27,Returned,5.0,1,9,3,2023,2616.2032
ORD100996,2024-10-02,CUST6019,Returning,Home & Kitchen,Home & Kitchen Product 14,North,Social Media,Net Banking,12582.47,4,5,47813.39,Returned,4.4,0,10,4,2024,16256.5526
ORD100997,2024-08-26,CUST7960,Returning,Sports,Sports Product 25,South,Social Media,Debit Card,5150.57,1,15,4377.98,Delivered,4.2,0,8,3,2024,1707.4122
ORD100998,2024-11-08,CUST5115,New,Beauty,Beauty Product 39,South,Mobile App,UPI,1994.33,5,5,9473.07,Processing,3.2,1,11,4,2024,3031.3824
ORD100999,2023-07-22,CUST5455,New,Toys,Toys Product 46,Central,Mobile App,UPI,3452.28,1,0,3452.28,Cancelled,4.5,1,7,3,2023,1380.9120000000003
ORD101000,2024-03-11,CUST4268,VIP,Beauty,Beauty Product 49,South,Social Media,Credit Card,2130.65,1,10,1917.58,Delivered,3.9,0,3,1,2024,575.274
ORD101001,2023-04-28,CUST7585,At-Risk,Clothing,Clothing Product 13,West,Website,UPI,560.69,2,0,1121.38,Processing,4.2,0,4,2,2023,190.63460000000003
ORD101002,2024-07-11,CUST6847,At-Risk,Clothing,Clothing Product 1,Central,Marketplace,Credit Card,2574.11,4,20,8237.15,Delivered,3.2,0,7,3,2024,1317.944
ORD101003,2023-08-19,CUST2574,Returning,Clothing,Clothing Product 6,Central,Mobile App,Net Banking,1219.88,2,10,2195.78,Delivered,4.1,1,8,3,2023,439.15600000000006
ORD101004,2024-10-25,CUST7224,New,Electronics,Electronics Product 4,East,Mobile App,Wallet,53804.67,3,0,161414.01,Returned,3.7,0,10,4,2024,16141.401000000002
ORD101005,2023-06-02,CUST8730,VIP,Home & Kitchen,Home & Kitchen Product 4,East,Mobile App,Net Banking,7181.81,2,25,10772.72,Cancelled,3.4,1,6,2,2023,3231.816
ORD101006,2023-09-30,CUST4215,VIP,Home & Kitchen,Home & Kitchen Product 47,West,Website,UPI,5960.39,2,5,11324.74,Returned,4.6,0,9,3,2023,2038.4532
ORD101007,2023-05-26,CUST5012,New,Electronics,Electronics Product 3,Central,Website,Credit Card,39267.82,3,0,117803.46,Returned,2.8,1,5,2,2023,40053.176400000004
ORD101008,2023-03-15,CUST6320,New,Books,Books Product 38,North,Social Media,Wallet,338.32,1,10,304.49,Cancelled,4.5,0,3,1,2023,63.9429
ORD101009,2023-03-03,CUST1750,New,Clothing,Clothing Product 4,Central,Website,Debit Card,4107.18,1,0,4107.18,Returned,4.5,0,3,1,2023,985.7232
ORD101010,2023-06-19,CUST6507,At-Risk,Automotive,Automotive Product 34,Central,Website,Net Banking,38270.84,1,15,32530.21,Shipped,3.3,0,6,2,2023,12686.7819
ORD101011,2023-11-11,CUST6847,VIP,Books,Books Product 39,West,Social Media,Wallet,459.75,5,15,1953.94,Delivered,3.3,1,11,4,2023,332.1698
ORD101012,2024-09-01,CUST8723,New,Clothing,Clothing Product 38,South,Website,UPI,1704.12,4,25,5112.36,Cancelled,3.8,0,9,3,2024,1635.9551999999999
ORD101013,2024-08-05,CUST4951,Returning,Electronics,Electronics Product 16,West,Website,Wallet,75578.32,1,5,71799.4,Cancelled,4.2,1,8,3,2024,23693.802
ORD101014,2023-10-23,CUST9724,Returning,Toys,Toys Product 5,North,Marketplace,UPI,2892.35,2,5,5495.46,Processing,3.9,0,10,4,2023,934.2282000000001
ORD101015,2024-03-25,CUST6462,VIP,Automotive,Automotive Product 36,East,Mobile App,Debit Card,33040.24,4,15,112336.82,Returned,4.3,0,3,1,2024,28084.205
ORD101016,2023-05-08,CUST9079,VIP,Sports,Sports Product 29,South,Mobile App,Credit Card,17017.02,1,0,17017.02,Returned,5.0,1,5,2,2023,3573.5742
ORD101017,2024-04-24,CUST4728,Returning,Electronics,Electronics Product 34,West,Website,Debit Card,8900.01,2,5,16910.02,Delivered,3.6,0,4,2,2024,5580.306600000001
ORD101018,2024-12-06,CUST8058,New,Beauty,Beauty Product 8,West,Marketplace,Net Banking,520.67,4,5,1978.55,Cancelled,2.6,1,12,4,2024,573.7795
ORD101019,2023-11-08,CUST1269,New,Books,Books Product 47,Central,Marketplace,Debit Card,741.69,1,0,741.69,Cancelled,4.7,1,11,4,2023,178.00560000000002
ORD101020,2024-12-17,CUST2249,At-Risk,Clothing,Clothing Product 1,East,Social Media,UPI,2050.76,2,5,3896.44,Returned,5.0,0,12,4,2024,1285.8252
ORD101021,2024-02-17,CUST2690,VIP,Electronics,Electronics Product 20,Central,Marketplace,UPI,36468.34,1,20,29174.67,Delivered,4.3,0,2,1,2024,4959.6939
ORD101022,2023-10-06,CUST3244,New,Books,Books Product 35,East,Social Media,UPI,534.33,4,20,1709.86,Cancelled,3.1,0,10,4,2023,564.2538
ORD101023,2024-05-27,CUST4789,Returning,Automotive,Automotive Product 3,East,Marketplace,Wallet,10788.62,5,0,53943.1,Returned,3.9,1,5,2,2024,19419.516
ORD101024,2024-07-06,CUST7729,Returning,Clothing,Clothing Product 12,East,Website,Credit Card,2120.98,4,0,8483.92,Processing,3.1,0,7,3,2024,3054.2111999999997
ORD101025,2024-05-20,CUST1718,VIP,Automotive,Automotive Product 34,South,Marketplace,Credit Card,4177.05,1,0,4177.05,Cancelled,4.5,0,5,2,2024,1420.1970000000001
ORD101026,2024-03-24,CUST4358,At-Risk,Electronics,Electronics Product 42,North,Mobile App,Wallet,34135.97,3,20,81926.33,Returned,2.9,0,3,1,2024,18023.7926
ORD101027,2023-03-24,CUST8652,New,Beauty,Beauty Product 15,South,Social Media,Net Banking,2105.86,3,0,6317.58,Delivered,3.8,0,3,1,2023,2463.8562
ORD101028,2024-09-04,CUST7756,At-Risk,Toys,Toys Product 22,South,Website,Net Banking,3815.68,1,10,3434.11,Shipped,3.2,0,9,3,2024,721.1631
ORD101029,2023-02-10,CUST9765,Returning,Beauty,Beauty Product 45,East,Mobile App,Debit Card,1795.14,3,0,5385.42,Shipped,4.1,0,2,1,2023,1561.7718
ORD101030,2024-03-18,CUST2189,At-Risk,Electronics,Electronics Product 18,Central,Marketplace,Credit Card,8614.12,1,10,7752.71,Cancelled,3.7,0,3,1,2024,1162.9065
ORD101031,2023-11-27,CUST2681,VIP,Sports,Sports Product 5,South,Social Media,Debit Card,9434.7,2,0,18869.4,Cancelled,4.1,0,11,4,2023,7359.066000000001
ORD101032,2024-09-10,CUST9987,At-Risk,Electronics,Electronics Product 22,East,Website,UPI,9020.28,1,15,7667.24,Shipped,4.0,1,9,3,2024,2376.8444
ORD101033,2023-09-14,CUST8229,Returning,Clothing,Clothing Product 35,Central,Website,Net Banking,728.96,1,0,728.96,Delivered,3.2,1,9,3,2023,240.5568
ORD101034,2023-01-27,CUST3223,Returning,Sports,Sports Product 39,Central,Marketplace,Credit Card,725.12,1,10,652.61,Cancelled,4.5,1,1,1,2023,78.3132
ORD101035,2023-04-04,CUST4616,Returning,Clothing,Clothing Product 49,West,Mobile App,Net Banking,2412.06,2,0,4824.12,Returned,4.0,0,4,2,2023,1591.9596000000001
ORD101036,2023-08-23,CUST4514,VIP,Books,Books Product 12,South,Marketplace,UPI,286.73,1,10,258.06,Cancelled,3.2,1,8,3,2023,85.1598
ORD101037,2024-11-21,CUST4579,New,Clothing,Clothing Product 40,North,Mobile App,Net Banking,2485.95,2,20,3977.52,Cancelled,5.0,0,11,4,2024,1193.2559999999999
ORD101038,2024-08-12,CUST7076,At-Risk,Clothing,Clothing Product 44,South,Website,Credit Card,2748.25,1,0,2748.25,Processing,4.4,0,8,3,2024,522.1675
ORD101039,2024-08-24,CUST2586,VIP,Books,Books Product 4,West,Marketplace,UPI,346.37,1,20,277.1,Returned,3.9,1,8,3,2024,69.275
ORD101040,2023-01-22,CUST1599,Returning,Toys,Toys Product 40,South,Website,Debit Card,649.64,2,10,1169.35,Returned,5.0,0,1,1,2023,152.0155
ORD101041,2024-11-19,CUST5201,Returning,Books,Books Product 48,West,Social Media,Net Banking,485.21,3,0,1455.63,Cancelled,5.0,0,11,4,2024,349.3512
ORD101042,2023-10-03,CUST1191,VIP,Books,Books Product 15,North,Social Media,UPI,348.1,1,5,330.7,Cancelled,3.9,0,10,4,2023,56.219
ORD101043,2024-08-13,CUST7703,New,Books,Books Product 4,East,Marketplace,Debit Card,248.45,2,0,496.9,Cancelled,4.3,0,8,3,2024,99.38
ORD101044,2023-02-11,CUST2970,VIP,Home & Kitchen,Home & Kitchen Product 17,East,Website,Debit Card,6134.84,4,10,22085.42,Cancelled,3.2,1,2,1,2023,3312.8129999999996
ORD101045,2023-06-29,CUST5594,Returning,Toys,Toys Product 46,North,Mobile App,Debit Card,1837.22,2,15,3123.27,Shipped,3.9,1,6,2,2023,530.9559
ORD101046,2024-04-26,CUST8370,Returning,Clothing,Clothing Product 15,South,Website,Debit Card,1801.95,1,0,1801.95,Processing,3.8,1,4,2,2024,216.234
ORD101047,2024-06-15,CUST4425,At-Risk,Beauty,Beauty Product 41,North,Social Media,UPI,1407.82,1,5,1337.43,Shipped,4.1,0,6,2,2024,508.2234
ORD101048,2024-10-29,CUST2531,New,Automotive,Automotive Product 29,North,Website,Net Banking,18993.21,4,15,64576.91,Returned,4.3,0,10,4,2024,16789.996600000002
ORD101049,2024-03-28,CUST6583,New,Toys,Toys Product 27,Central,Website,Credit Card,386.71,1,20,309.37,Processing,4.4,0,3,1,2024,68.0614
ORD101050,2023-10-12,CUST4878,New,Clothing,Clothing Product 28,North,Mobile App,Wallet,2036.11,4,5,7737.22,Cancelled,4.2,0,10,4,2023,2011.6772
ORD101051,2023-07-05,CUST2946,New,Home & Kitchen,Home & Kitchen Product 6,South,Mobile App,Credit Card,13941.89,2,25,20912.84,Returned,3.0,0,7,3,2023,6064.723599999999
ORD101052,2024-08-22,CUST2532,Returning,Home & Kitchen,Home & Kitchen Product 16,West,Website,Credit Card,3150.79,4,5,11973.0,Cancelled,3.2,0,8,3,2024,4549.74
ORD101053,2024-03-22,CUST5101,VIP,Toys,Toys Product 50,West,Social Media,Credit Card,919.91,3,0,2759.73,Returned,3.6,1,3,1,2024,413.9595
ORD101054,2024-10-12,CUST9796,At-Risk,Beauty,Beauty Product 27,Central,Social Media,UPI,653.44,5,15,2777.12,Cancelled,3.8,0,10,4,2024,527.6528
ORD101055,2024-05-18,CUST4951,At-Risk,Home & Kitchen,Home & Kitchen Product 26,North,Marketplace,Wallet,4356.11,1,5,4138.3,Returned,4.8,0,5,2,2024,1613.9370000000001
ORD101056,2023-04-04,CUST1723,New,Automotive,Automotive Product 11,East,Marketplace,Credit Card,30686.45,3,5,87456.38,Shipped,3.1,0,4,2,2023,18365.8398
ORD101057,2024-04-26,CUST8798,At-Risk,Beauty,Beauty Product 35,North,Mobile App,Debit Card,1628.06,1,5,1546.66,Returned,3.7,0,4,2,2024,170.1326
ORD101058,2023-12-23,CUST5539,Returning,Beauty,Beauty Product 42,Central,Social Media,Wallet,461.18,1,15,392.0,Processing,4.8,1,12,4,2023,54.88
ORD101059,2024-02-23,CUST9864,New,Beauty,Beauty Product 2,South,Website,Net Banking,292.13,2,15,496.62,Cancelled,3.8,1,2,1,2024,54.6282
ORD101060,2023-12-08,CUST3736,At-Risk,Beauty,Beauty Product 33,Central,Marketplace,Credit Card,859.49,4,5,3266.06,Shipped,4.4,0,12,4,2023,1306.424
ORD101061,2023-11-25,CUST1104,New,Toys,Toys Product 6,West,Social Media,Wallet,622.11,5,0,3110.55,Shipped,3.9,1,11,4,2023,559.899
ORD101062,2024-11-17,CUST9020,Returning,Toys,Toys Product 9,North,Mobile App,Wallet,637.71,3,5,1817.47,Delivered,4.2,1,11,4,2024,690.6386
ORD101063,2023-04-18,CUST4544,At-Risk,Beauty,Beauty Product 9,West,Mobile App,Wallet,2700.92,1,10,2430.83,Delivered,3.8,0,4,2,2023,972.332
ORD101064,2023-06-14,CUST7747,At-Risk,Books,Books Product 44,North,Website,UPI,502.66,1,0,502.66,Cancelled,4.5,1,6,2,2023,140.74480000000003
ORD101065,2023-12-04,CUST6418,Returning,Books,Books Product 41,North,Marketplace,Credit Card,267.14,2,15,454.14,Returned,2.8,0,12,4,2023,49.9554
ORD101066,2024-02-26,CUST2639,New,Toys,Toys Product 28,East,Mobile App,Wallet,2222.1,1,5,2111.0,Delivered,3.7,1,2,1,2024,253.32
ORD101067,2024-12-11,CUST2453,Returning,Sports,Sports Product 34,West,Website,Wallet,5799.01,1,0,5799.01,Processing,4.2,1,12,4,2024,1391.7624
ORD101068,2024-05-22,CUST9252,New,Beauty,Beauty Product 5,North,Mobile App,UPI,2665.41,1,0,2665.41,Processing,4.4,0,5,2,2024,586.3901999999999
ORD101069,2023-10-23,CUST4757,New,Automotive,Automotive Product 23,Central,Social Media,Debit Card,35216.0,1,0,35216.0,Returned,5.0,0,10,4,2023,9860.480000000001
ORD101070,2024-11-09,CUST5549,VIP,Automotive,Automotive Product 49,Central,Marketplace,Net Banking,20704.32,1,20,16563.46,Processing,3.7,0,11,4,2024,3809.5958
ORD101071,2024-02-15,CUST1001,Returning,Toys,Toys Product 37,North,Mobile App,UPI,1692.96,1,0,1692.96,Cancelled,5.0,0,2,1,2024,643.3248
ORD101072,2024-07-17,CUST7997,At-Risk,Electronics,Electronics Product 20,North,Website,Wallet,17981.12,1,0,17981.12,Processing,3.5,0,7,3,2024,4675.0912
ORD101073,2023-02-07,CUST6717,At-Risk,Electronics,Electronics Product 50,Central,Mobile App,Credit Card,66013.46,1,5,62712.79,Delivered,5.0,1,2,1,2023,19440.9649
ORD101074,2024-04-10,CUST6847,Returning,Sports,Sports Product 30,Central,Social Media,Debit Card,13957.0,5,0,69785.0,Delivered,4.7,0,4,2,2024,25820.45
ORD101075,2023-04-01,CUST8411,New,Electronics,Electronics Product 45,South,Social Media,Net Banking,39866.15,1,0,39866.15,Shipped,3.3,0,4,2,2023,5581.261
ORD101076,2023-11-19,CUST3691,VIP,Home & Kitchen,Home & Kitchen Product 17,East,Social Media,Wallet,2814.13,1,0,2814.13,Shipped,4.2,0,11,4,2023,478.4021000000001
ORD101077,2023-09-16,CUST1440,Returning,Sports,Sports Product 50,West,Marketplace,Credit Card,4390.08,2,5,8341.15,Returned,4.0,1,9,3,2023,1084.3495
ORD101078,2023-11-28,CUST2597,At-Risk,Electronics,Electronics Product 30,Central,Social Media,Net Banking,51133.49,1,10,46020.14,Returned,4.5,0,11,4,2023,6442.819600000001
ORD101079,2023-04-29,CUST1349,New,Sports,Sports Product 1,South,Website,Wallet,14234.73,4,0,56938.92,Shipped,3.8,0,4,2,2023,14234.73
ORD101080,2024-02-18,CUST5509,New,Books,Books Product 23,East,Mobile App,Debit Card,301.59,3,5,859.53,Delivered,3.8,0,2,1,2024,171.906
ORD101081,2024-06-10,CUST4154,VIP,Books,Books Product 46,West,Mobile App,Credit Card,102.17,1,25,76.63,Delivered,5.0,0,6,2,2024,17.6249
ORD101082,2023-01-02,CUST3819,At-Risk,Beauty,Beauty Product 15,West,Mobile App,Credit Card,677.47,1,0,677.47,Processing,3.9,0,1,1,2023,264.2133
ORD101083,2024-11-04,CUST3571,At-Risk,Electronics,Electronics Product 5,Central,Social Media,Wallet,72668.7,4,0,290674.8,Returned,4.7,0,11,4,2024,43601.219999999994
ORD101084,2024-07-09,CUST4837,VIP,Sports,Sports Product 6,Central,Website,Credit Card,12593.52,4,0,50374.08,Returned,3.8,0,7,3,2024,13097.2608
ORD101085,2024-04-18,CUST1740,New,Home & Kitchen,Home & Kitchen Product 3,South,Social Media,UPI,11164.63,1,5,10606.4,Cancelled,5.0,0,4,2,2024,1378.832
ORD101086,2024-02-28,CUST3939,New,Clothing,Clothing Product 23,East,Marketplace,Wallet,4292.31,2,15,7296.93,Delivered,3.5,0,2,1,2024,1459.3860000000002
ORD101087,2023-02-25,CUST4208,New,Electronics,Electronics Product 44,North,Marketplace,Wallet,55190.91,1,0,55190.91,Processing,3.5,0,2,1,2023,14349.636600000002
ORD101088,2023-07-12,CUST4425,At-Risk,Automotive,Automotive Product 36,North,Website,Wallet,9175.44,5,10,41289.48,Delivered,5.0,0,7,3,2023,15690.002400000001
ORD101089,2024-06-14,CUST4238,Returning,Beauty,Beauty Product 14,South,Social Media,Wallet,2092.11,1,0,2092.11,Cancelled,3.6,0,6,2,2024,460.2642
ORD101090,2024-01-06,CUST3172,Returning,Home & Kitchen,Home & Kitchen Product 44,East,Mobile App,Credit Card,2749.69,4,5,10448.82,Shipped,5.0,0,1,1,2024,1253.8583999999998
ORD101091,2024-09-29,CUST5833,VIP,Home & Kitchen,Home & Kitchen Product 50,North,Marketplace,UPI,5182.68,2,15,8810.56,Cancelled,4.7,0,9,3,2024,1938.3231999999998
ORD101092,2024-05-25,CUST8550,New,Sports,Sports Product 48,East,Social Media,Wallet,9322.24,2,0,18644.48,Shipped,3.9,0,5,2,2024,2610.2272000000003
ORD101093,2024-10-02,CUST2003,New,Beauty,Beauty Product 16,North,Marketplace,Credit Card,2892.39,2,10,5206.3,Processing,2.5,1,10,4,2024,885.0710000000001
ORD101094,2024-03-28,CUST8364,At-Risk,Books,Books Product 1,South,Marketplace,Wallet,566.22,1,0,566.22,Returned,4.0,0,3,1,2024,164.2038
ORD101095,2023-02-22,CUST4696,Returning,Books,Books Product 40,North,Marketplace,Credit Card,399.55,1,10,359.6,Processing,4.1,0,2,1,2023,43.152
ORD101096,2023-07-28,CUST3203,At-Risk,Sports,Sports Product 28,Central,Mobile App,UPI,808.21,1,0,808.21,Cancelled,4.9,0,7,3,2023,193.9704
ORD101097,2023-10-01,CUST1515,New,Sports,Sports Product 32,North,Social Media,Credit Card,19497.67,1,20,15598.14,Delivered,5.0,0,10,4,2023,4367.479200000001
ORD101098,2024-07-16,CUST2931,Returning,Clothing,Clothing Product 13,North,Social Media,Debit Card,4430.04,3,0,13290.12,Shipped,3.5,0,7,3,2024,3056.7276
ORD101099,2023-05-15,CUST4345,New,Toys,Toys Product 39,Central,Mobile App,Debit Card,848.76,1,20,679.01,Returned,4.6,0,5,2,2023,74.6911
ORD101100,2023-10-22,CUST7007,At-Risk,Books,Books Product 29,North,Website,UPI,632.18,1,0,632.18,Delivered,4.6,1,10,4,2023,252.87199999999999
ORD101101,2024-03-24,CUST5908,Returning,Clothing,Clothing Product 40,East,Mobile App,Credit Card,246.72,5,10,1110.24,Returned,4.9,0,3,1,2024,233.1504
ORD101102,2024-12-16,CUST8074,Returning,Beauty,Beauty Product 33,North,Social Media,UPI,1153.61,4,0,4614.44,Processing,4.4,0,12,4,2024,1522.7652
ORD101103,2024-05-11,CUST3521,New,Automotive,Automotive Product 19,East,Social Media,Credit Card,24112.44,4,20,77159.81,Delivered,2.4,0,5,2,2024,15431.962
ORD101104,2023-05-05,CUST2036,New,Home & Kitchen,Home & Kitchen Product 9,North,Website,Wallet,314.8,5,0,1574.0,Cancelled,3.9,0,5,2,2023,377.76
ORD101105,2023-01-30,CUST3606,Returning,Automotive,Automotive Product 7,South,Mobile App,Credit Card,43762.35,1,0,43762.35,Processing,3.1,0,1,1,2023,9627.717
ORD101106,2024-10-07,CUST8761,At-Risk,Clothing,Clothing Product 36,South,Social Media,Credit Card,2468.33,1,5,2344.91,Shipped,3.8,0,10,4,2024,468.98199999999997
ORD101107,2024-09-15,CUST7194,New,Sports,Sports Product 38,East,Marketplace,UPI,1285.46,3,0,3856.38,Shipped,4.8,0,9,3,2024,424.2018
ORD101108,2023-09-03,CUST1124,At-Risk,Electronics,Electronics Product 8,North,Website,Net Banking,1882.57,2,0,3765.14,Delivered,4.2,0,9,3,2023,790.6794
ORD101109,2024-12-27,CUST3807,New,Toys,Toys Product 48,West,Website,Debit Card,2784.18,1,20,2227.34,Processing,4.9,0,12,4,2024,824.1158
ORD101110,2023-06-12,CUST7136,At-Risk,Clothing,Clothing Product 20,Central,Website,UPI,1595.16,3,25,3589.11,Cancelled,4.3,0,6,2,2023,1112.6241
ORD101111,2023-11-15,CUST1575,At-Risk,Electronics,Electronics Product 9,North,Marketplace,Wallet,18648.87,1,0,18648.87,Returned,3.0,0,11,4,2023,2610.8418
ORD101112,2024-07-18,CUST9733,Returning,Beauty,Beauty Product 43,East,Social Media,Net Banking,1583.97,1,20,1267.18,Shipped,2.0,0,7,3,2024,354.8104000000001
ORD101113,2023-01-15,CUST3868,Returning,Beauty,Beauty Product 28,East,Social Media,Wallet,2301.73,2,5,4373.29,Returned,4.1,0,1,1,2023,1618.1173
ORD101114,2024-07-19,CUST7887,New,Toys,Toys Product 39,West,Website,Wallet,3145.97,2,0,6291.94,Cancelled,3.8,1,7,3,2024,1950.5013999999999
ORD101115,2024-02-22,CUST2778,New,Toys,Toys Product 15,North,Social Media,Credit Card,579.97,2,10,1043.95,Delivered,3.2,0,2,1,2024,146.15300000000002
ORD101116,2023-04-06,CUST2389,VIP,Clothing,Clothing Product 31,Central,Website,Debit Card,4058.68,1,10,3652.81,Shipped,2.6,0,4,2,2023,1315.0116
ORD101117,2023-08-19,CUST3581,VIP,Books,Books Product 27,East,Marketplace,Credit Card,334.97,4,25,1004.91,Delivered,3.4,0,8,3,2023,190.9329
ORD101118,2023-04-27,CUST4469,VIP,Electronics,Electronics Product 47,West,Social Media,Debit Card,39507.62,1,0,39507.62,Cancelled,3.8,1,4,2,2023,9481.828800000001
ORD101119,2024-04-17,CUST2199,At-Risk,Toys,Toys Product 23,North,Website,Credit Card,1532.97,1,10,1379.67,Delivered,4.5,0,4,2,2024,358.7142
ORD101120,2023-05-01,CUST3518,New,Electronics,Electronics Product 42,Central,Website,Credit Card,43884.35,4,0,175537.4,Processing,4.2,1,5,2,2023,63193.46399999999
ORD101121,2024-10-25,CUST7800,At-Risk,Sports,Sports Product 2,East,Mobile App,Net Banking,13402.81,5,0,67014.05,Delivered,5.0,1,10,4,2024,25465.339
ORD101122,2023-06-07,CUST2776,New,Electronics,Electronics Product 49,North,Website,Net Banking,20656.18,3,0,61968.54,Cancelled,3.2,1,6,2,2023,23548.0452
ORD101123,2024-05-25,CUST8120,Returning,Beauty,Beauty Product 47,West,Website,Wallet,1457.44,3,25,3279.24,Delivered,4.7,1,5,2,2024,327.924
ORD101124,2023-10-26,CUST4756,New,Home & Kitchen,Home & Kitchen Product 7,West,Social Media,UPI,12467.92,2,15,21195.46,Shipped,4.0,0,10,4,2023,8054.2748
ORD101125,2024-06-05,CUST3722,At-Risk,Beauty,Beauty Product 26,North,Social Media,Net Banking,1008.23,2,15,1713.99,Returned,4.6,0,6,2,2024,205.6788
ORD101126,2024-12-23,CUST5360,New,Books,Books Product 32,East,Mobile App,Credit Card,333.62,1,5,316.94,Cancelled,3.7,0,12,4,2024,57.0492
ORD101127,2023-10-07,CUST9523,At-Risk,Home & Kitchen,Home & Kitchen Product 28,Central,Mobile App,Debit Card,7912.12,1,0,7912.12,Delivered,4.9,0,10,4,2023,1978.03
ORD101128,2024-03-01,CUST9697,VIP,Electronics,Electronics Product 31,West,Mobile App,Credit Card,53282.99,1,0,53282.99,Delivered,4.2,0,3,1,2024,12787.917599999999
ORD101129,2024-05-09,CUST6407,VIP,Toys,Toys Product 45,Central,Marketplace,Debit Card,3487.49,1,0,3487.49,Processing,3.5,1,5,2,2024,976.4972
ORD101130,2024-04-28,CUST8422,Returning,Automotive,Automotive Product 7,South,Mobile App,UPI,42309.9,2,0,84619.8,Returned,4.0,0,4,2,2024,20308.752
ORD101131,2023-09-07,CUST3578,At-Risk,Clothing,Clothing Product 33,North,Mobile App,Net Banking,2524.9,1,15,2146.16,Cancelled,3.8,0,9,3,2023,815.5408
ORD101132,2024-04-12,CUST9730,New,Books,Books Product 32,North,Mobile App,Net Banking,288.96,1,5,274.51,Delivered,4.4,0,4,2,2024,46.6667
ORD101133,2024-07-18,CUST4532,Returning,Toys,Toys Product 31,South,Website,Net Banking,2173.37,1,0,2173.37,Processing,3.1,0,7,3,2024,391.2066
ORD101134,2023-05-29,CUST8357,Returning,Sports,Sports Product 26,North,Marketplace,UPI,12940.09,2,0,25880.18,Returned,4.0,0,5,2,2023,9834.4684
ORD101135,2024-01-28,CUST7961,VIP,Toys,Toys Product 9,East,Marketplace,Debit Card,762.02,1,0,762.02,Processing,4.3,0,1,1,2024,91.44239999999999
ORD101136,2023-07-15,CUST3820,VIP,Home & Kitchen,Home & Kitchen Product 43,East,Marketplace,Wallet,6331.69,3,5,18045.32,Processing,4.0,1,7,3,2023,5052.689600000001
ORD101137,2024-09-05,CUST8292,Returning,Home & Kitchen,Home & Kitchen Product 34,West,Marketplace,Credit Card,3537.76,1,20,2830.21,Cancelled,5.0,0,9,3,2024,849.063
ORD101138,2024-06-04,CUST5574,Returning,Beauty,Beauty Product 35,East,Website,Debit Card,2983.15,1,10,2684.84,Processing,4.6,0,6,2,2024,671.21
ORD101139,2023-05-20,CUST6172,VIP,Clothing,Clothing Product 14,East,Social Media,UPI,1914.53,2,15,3254.7,Delivered,4.0,0,5,2,2023,1008.9569999999999
ORD101140,2023-03-13,CUST5263,Returning,Automotive,Automotive Product 27,West,Marketplace,Wallet,2320.51,3,5,6613.45,Processing,4.2,0,3,1,2023,992.0174999999999
ORD101141,2023-10-10,CUST4508,New,Electronics,Electronics Product 16,South,Social Media,Wallet,46417.94,1,0,46417.94,Cancelled,4.2,0,10,4,2023,16710.4584
ORD101142,2024-02-29,CUST1328,At-Risk,Toys,Toys Product 28,South,Website,Debit Card,2844.06,2,0,5688.12,Delivered,4.3,0,2,1,2024,796.3368
ORD101143,2023-12-15,CUST4215,New,Sports,Sports Product 35,West,Social Media,Net Banking,8842.12,2,20,14147.39,Processing,2.5,0,12,4,2023,3112.4258
ORD101144,2024-06-03,CUST7648,Returning,Clothing,Clothing Product 34,East,Marketplace,Debit Card,1190.28,1,15,1011.74,Delivered,3.8,0,6,2,2024,121.4088
ORD101145,2023-10-01,CUST5842,VIP,Toys,Toys Product 43,West,Mobile App,Credit Card,539.24,4,0,2156.96,Cancelled,2.8,0,10,4,2023,560.8096
ORD101146,2023-01-03,CUST7152,Returning,Toys,Toys Product 43,Central,Mobile App,Net Banking,3698.46,3,5,10540.61,Shipped,5.0,0,1,1,2023,3162.183
ORD101147,2023-10-17,CUST9772,Returning,Home & Kitchen,Home & Kitchen Product 23,East,Website,UPI,5853.34,2,5,11121.35,Cancelled,4.0,0,10,4,2023,4226.113
ORD101148,2023-11-02,CUST8616,VIP,Home & Kitchen,Home & Kitchen Product 2,North,Mobile App,Wallet,1886.6,3,10,5093.82,Processing,3.8,0,11,4,2023,1630.0223999999998
ORD101149,2024-08-24,CUST2491,New,Automotive,Automotive Product 6,West,Website,Wallet,14277.06,3,20,34264.94,Shipped,4.7,0,8,3,2024,8908.8844
ORD101150,2024-08-16,CUST2889,Returning,Books,Books Product 47,East,Mobile App,Wallet,538.82,2,10,969.88,Returned,4.3,0,8,3,2024,368.5544
ORD101151,2024-11-06,CUST3077,New,Automotive,Automotive Product 42,North,Marketplace,UPI,27609.89,3,5,78688.19,Cancelled,3.1,0,11,4,2024,18885.1656
ORD101152,2024-05-16,CUST1881,VIP,Toys,Toys Product 26,South,Mobile App,Wallet,3667.08,2,0,7334.16,Cancelled,3.9,0,5,2,2024,1980.2232000000001
ORD101153,2023-06-02,CUST4764,VIP,Books,Books Product 50,South,Social Media,UPI,791.13,2,0,1582.26,Delivered,3.7,1,6,2,2023,443.03280000000007
ORD101154,2024-04-02,CUST9741,At-Risk,Books,Books Product 41,West,Marketplace,Wallet,713.26,2,0,1426.52,Delivered,2.6,1,4,2,2024,313.8344
ORD101155,2024-07-05,CUST2854,At-Risk,Books,Books Product 11,East,Social Media,Credit Card,222.47,3,0,667.41,Cancelled,3.4,0,7,3,2024,233.59349999999998
ORD101156,2024-05-10,CUST8853,Returning,Clothing,Clothing Product 30,East,Marketplace,Debit Card,4569.57,1,10,4112.61,Shipped,3.9,0,5,2,2024,658.0176
ORD101157,2023-12-20,CUST7465,At-Risk,Sports,Sports Product 26,Central,Marketplace,Net Banking,7237.36,4,10,26054.5,Returned,3.9,0,12,4,2023,7034.715
ORD101158,2023-12-07,CUST3215,New,Toys,Toys Product 12,Central,Website,Credit Card,1458.54,4,0,5834.16,Cancelled,2.8,0,12,4,2023,1866.9312
ORD101159,2024-07-19,CUST1865,Returning,Beauty,Beauty Product 38,Central,Website,Wallet,1829.07,1,15,1554.71,Cancelled,4.9,0,7,3,2024,575.2427
ORD101160,2024-07-10,CUST9486,Returning,Clothing,Clothing Product 11,Central,Mobile App,Debit Card,4737.28,3,0,14211.84,Delivered,3.9,0,7,3,2024,5258.3808
ORD101161,2024-01-22,CUST3945,At-Risk,Clothing,Clothing Product 12,West,Website,Credit Card,1525.99,1,0,1525.99,Delivered,4.0,0,1,1,2024,381.4975
ORD101162,2024-04-11,CUST9831,VIP,Toys,Toys Product 28,North,Marketplace,Debit Card,924.18,1,0,924.18,Cancelled,4.3,0,4,2,2024,268.01219999999995
ORD101163,2023-11-26,CUST4797,VIP,Toys,Toys Product 28,Central,Website,Debit Card,2402.16,2,0,4804.32,Cancelled,3.4,0,11,4,2023,1056.9504
ORD101164,2023-07-13,CUST3071,New,Beauty,Beauty Product 28,South,Website,Credit Card,2150.23,1,0,2150.23,Returned,4.4,1,7,3,2023,516.0552
ORD101165,2024-12-15,CUST4940,Returning,Beauty,Beauty Product 29,South,Marketplace,UPI,2527.39,3,5,7203.06,Delivered,3.7,1,12,4,2024,2665.1322
ORD101166,2023-09-02,CUST1831,Returning,Books,Books Product 33,Central,Marketplace,Net Banking,186.07,3,5,530.3,Returned,3.3,0,9,3,2023,201.51399999999998
ORD101167,2024-08-08,CUST9329,At-Risk,Beauty,Beauty Product 45,North,Website,UPI,2416.7,2,25,3625.05,Cancelled,4.5,0,8,3,2024,1341.2685000000001
ORD101168,2024-01-28,CUST9907,At-Risk,Beauty,Beauty Product 33,South,Marketplace,Net Banking,1764.99,1,0,1764.99,Delivered,5.0,0,1,1,2024,247.09860000000003
ORD101169,2023-08-28,CUST2215,New,Electronics,Electronics Product 1,West,Website,UPI,63505.78,1,0,63505.78,Processing,4.6,1,8,3,2023,22862.0808
ORD101170,2024-02-25,CUST4956,At-Risk,Sports,Sports Product 37,Central,Website,Net Banking,7201.16,2,0,14402.32,Processing,4.7,0,2,1,2024,5472.8816
ORD101171,2023-02-14,CUST9831,VIP,Home & Kitchen,Home & Kitchen Product 45,East,Mobile App,Credit Card,1919.8,5,10,8639.1,Delivered,3.6,0,2,1,2023,1814.211
ORD101172,2023-11-22,CUST2369,New,Beauty,Beauty Product 45,North,Mobile App,Net Banking,173.75,2,0,347.5,Returned,2.7,1,11,4,2023,90.35000000000001
ORD101173,2024-04-29,CUST6556,Returning,Automotive,Automotive Product 13,South,Marketplace,Net Banking,46419.87,1,15,39456.89,Returned,5.0,0,4,2,2024,13020.7737
ORD101174,2024-12-23,CUST9602,VIP,Home & Kitchen,Home & Kitchen Product 29,West,Social Media,UPI,2462.83,2,5,4679.38,Returned,5.0,0,12,4,2024,1263.4326
ORD101175,2024-01-26,CUST9807,VIP,Automotive,Automotive Product 42,East,Marketplace,Net Banking,34301.41,2,5,65172.68,Delivered,5.0,0,1,1,2024,26069.072
ORD101176,2024-01-31,CUST2532,VIP,Electronics,Electronics Product 26,North,Mobile App,Wallet,42093.3,3,10,113651.91,Delivered,3.7,0,1,1,2024,27276.4584
ORD101177,2024-11-10,CUST5254,VIP,Books,Books Product 6,North,Mobile App,Credit Card,302.85,1,0,302.85,Returned,3.1,0,11,4,2024,93.88350000000001
ORD101178,2024-10-29,CUST5278,New,Books,Books Product 26,West,Social Media,Debit Card,490.7,3,0,1472.1,Returned,3.1,0,10,4,2024,500.514
ORD101179,2023-06-05,CUST6440,At-Risk,Beauty,Beauty Product 21,North,Mobile App,Credit Card,613.43,2,0,1226.86,Shipped,2.7,0,6,2,2023,306.715
ORD101180,2024-05-22,CUST9993,New,Home & Kitchen,Home & Kitchen Product 11,South,Mobile App,UPI,7456.32,5,10,33553.44,Cancelled,3.9,0,5,2,2024,12079.2384
ORD101181,2023-02-07,CUST3231,Returning,Clothing,Clothing Product 12,South,Website,Wallet,510.16,1,0,510.16,Processing,5.0,0,2,1,2023,132.6416
ORD101182,2023-05-10,CUST3921,New,Clothing,Clothing Product 36,West,Marketplace,Wallet,1614.69,2,0,3229.38,Shipped,3.9,0,5,2,2023,710.4636
ORD101183,2024-05-29,CUST1721,New,Electronics,Electronics Product 42,West,Social Media,UPI,36581.73,4,25,109745.19,Delivered,4.2,0,5,2,2024,14266.8747
ORD101184,2024-08-27,CUST8007,New,Books,Books Product 39,East,Marketplace,Credit Card,252.13,1,0,252.13,Returned,5.0,0,8,3,2024,55.4686
ORD101185,2023-12-06,CUST9036,VIP,Home & Kitchen,Home & Kitchen Product 44,South,Marketplace,UPI,12434.42,4,15,42277.03,Returned,3.7,0,12,4,2023,13528.6496
ORD101186,2023-04-13,CUST4363,New,Sports,Sports Product 46,North,Mobile App,Debit Card,2819.34,2,15,4792.88,Delivered,5.0,1,4,2,2023,1821.2944
ORD101187,2024-03-26,CUST3289,Returning,Electronics,Electronics Product 35,Central,Social Media,Wallet,39325.13,1,0,39325.13,Cancelled,5.0,0,3,1,2024,7078.523399999999
ORD101188,2023-04-13,CUST4612,At-Risk,Beauty,Beauty Product 39,North,Website,Wallet,164.51,1,0,164.51,Delivered,3.9,1,4,2,2023,34.5471
ORD101189,2024-06-22,CUST2464,At-Risk,Clothing,Clothing Product 1,East,Website,Net Banking,1890.83,2,0,3781.66,Processing,3.5,1,6,2,2024,567.2489999999999
ORD101190,2024-04-12,CUST9486,VIP,Sports,Sports Product 30,West,Marketplace,UPI,16748.56,1,10,15073.7,Cancelled,4.6,0,4,2,2024,4672.847
ORD101191,2023-01-16,CUST3421,At-Risk,Automotive,Automotive Product 19,West,Website,Credit Card,3255.18,2,10,5859.32,Processing,3.7,0,1,1,2023,2285.1348
ORD101192,2023-05-28,CUST8247,VIP,Automotive,Automotive Product 38,South,Social Media,Net Banking,7575.76,1,15,6439.4,Cancelled,3.1,0,5,2,2023,1867.4259999999997
ORD101193,2024-02-24,CUST2170,At-Risk,Electronics,Electronics Product 38,North,Marketplace,UPI,70358.41,2,20,112573.46,Shipped,5.0,0,2,1,2024,32646.3034
ORD101194,2024-11-01,CUST7916,At-Risk,Beauty,Beauty Product 16,North,Mobile App,UPI,2388.0,1,10,2149.2,Processing,5.0,1,11,4,2024,580.284
ORD101195,2023-06-08,CUST9957,At-Risk,Books,Books Product 21,North,Social Media,Credit Card,451.4,4,0,1805.6,Delivered,4.1,0,6,2,2023,234.728
ORD101196,2023-03-18,CUST2313,Returning,Books,Books Product 37,North,Social Media,Wallet,770.97,5,0,3854.85,Processing,3.0,1,3,1,2023,1233.552
ORD101197,2024-04-25,CUST6273,Returning,Books,Books Product 35,Central,Website,Net Banking,492.52,5,15,2093.21,Cancelled,3.0,0,4,2,2024,586.0988000000001
ORD101198,2023-09-29,CUST8551,At-Risk,Sports,Sports Product 7,Central,Mobile App,Debit Card,19092.23,2,0,38184.46,Returned,4.1,1,9,3,2023,11455.338
ORD101199,2023-12-13,CUST3697,At-Risk,Automotive,Automotive Product 9,West,Website,Wallet,35889.3,1,0,35889.3,Returned,3.6,0,12,4,2023,13279.041000000001
ORD101200,2024-09-30,CUST5527,New,Home & Kitchen,Home & Kitchen Product 21,East,Social Media,UPI,2396.87,3,10,6471.55,Cancelled,3.7,0,9,3,2024,2200.327
ORD101201,2024-12-10,CUST6532,New,Electronics,Electronics Product 22,East,Website,Debit Card,58777.72,1,5,55838.83,Processing,4.8,0,12,4,2024,18426.8139
ORD101202,2024-02-12,CUST1490,VIP,Toys,Toys Product 40,West,Marketplace,Debit Card,1841.79,1,20,1473.43,Returned,4.6,0,2,1,2024,559.9034
ORD101203,2024-10-27,CUST1542,VIP,Electronics,Electronics Product 31,North,Social Media,Debit Card,73501.66,1,10,66151.49,Shipped,5.0,0,10,4,2024,26460.596000000005
ORD101204,2023-03-24,CUST1188,At-Risk,Sports,Sports Product 31,South,Website,Debit Card,6099.72,1,0,6099.72,Processing,3.2,0,3,1,2023,1646.9244
ORD101205,2023-12-03,CUST1447,VIP,Home & Kitchen,Home & Kitchen Product 30,East,Website,Credit Card,772.41,3,20,1853.78,Delivered,3.7,0,12,4,2023,240.9914
ORD101206,2024-11-21,CUST1396,New,Electronics,Electronics Product 10,South,Mobile App,Net Banking,74668.31,2,0,149336.62,Delivered,4.6,1,11,4,2024,35840.788799999995
ORD101207,2024-06-30,CUST1497,Returning,Sports,Sports Product 28,West,Marketplace,Debit Card,5275.08,1,0,5275.08,Shipped,4.4,0,6,2,2024,1793.5272
ORD101208,2024-01-25,CUST2370,At-Risk,Books,Books Product 21,North,Mobile App,UPI,574.95,1,5,546.2,Delivered,5.0,0,1,1,2024,60.08200000000001
ORD101209,2023-11-21,CUST6283,New,Sports,Sports Product 39,West,Mobile App,Wallet,7970.32,5,0,39851.6,Shipped,4.3,1,11,4,2023,4782.192
ORD101210,2024-10-03,CUST3702,New,Electronics,Electronics Product 32,East,Mobile App,Net Banking,32229.53,1,5,30618.05,Delivered,5.0,1,10,4,2024,3674.1659999999997
ORD101211,2024-05-14,CUST2328,New,Automotive,Automotive Product 25,North,Social Media,Net Banking,45284.81,1,0,45284.81,Processing,4.4,0,5,2,2024,14491.1392
ORD101212,2024-07-08,CUST2353,At-Risk,Electronics,Electronics Product 19,North,Website,UPI,71496.17,1,5,67921.36,Delivered,4.8,0,7,3,2024,16980.34
ORD101213,2023-02-06,CUST4119,VIP,Clothing,Clothing Product 2,East,Social Media,Credit Card,4616.93,3,0,13850.79,Cancelled,3.7,0,2,1,2023,2908.6659
ORD101214,2024-09-24,CUST8877,Returning,Toys,Toys Product 36,West,Marketplace,Debit Card,2468.75,2,15,4196.88,Returned,4.0,0,9,3,2024,545.5944000000001
ORD101215,2023-03-12,CUST2609,New,Sports,Sports Product 13,East,Social Media,Net Banking,3796.72,1,15,3227.21,Delivered,4.7,1,3,1,2023,1032.7072
ORD101216,2023-08-29,CUST8192,At-Risk,Beauty,Beauty Product 36,Central,Website,Credit Card,1392.08,1,0,1392.08,Returned,5.0,0,8,3,2023,278.416
ORD101217,2024-10-08,CUST9831,VIP,Clothing,Clothing Product 24,West,Social Media,Debit Card,4404.48,2,0,8808.96,Processing,4.6,0,10,4,2024,1585.6127999999999
ORD101218,2024-12-01,CUST7087,New,Electronics,Electronics Product 48,West,Social Media,Wallet,64448.23,2,0,128896.46,Cancelled,3.9,0,12,4,2024,38668.938
ORD101219,2023-10-22,CUST1937,New,Sports,Sports Product 35,Central,Social Media,UPI,3127.86,1,0,3127.86,Cancelled,5.0,0,10,4,2023,844.5222000000001
ORD101220,2023-08-21,CUST1423,At-Risk,Toys,Toys Product 2,East,Marketplace,UPI,3117.11,5,15,13247.72,Cancelled,2.2,0,8,3,2023,2782.0211999999997
ORD101221,2023-04-03,CUST3453,Returning,Books,Books Product 21,Central,Website,Net Banking,275.01,1,10,247.51,Returned,2.9,0,4,2,2023,71.77789999999999
ORD101222,2024-03-20,CUST6789,At-Risk,Toys,Toys Product 2,West,Marketplace,UPI,1781.99,1,0,1781.99,Shipped,4.5,0,3,1,2024,320.7582
ORD101223,2023-04-11,CUST6125,Returning,Clothing,Clothing Product 5,Central,Website,UPI,1157.71,4,0,4630.84,Shipped,4.0,0,4,2,2023,1574.4856000000002
ORD101224,2024-10-10,CUST7210,Returning,Beauty,Beauty Product 46,Central,Social Media,Wallet,1019.24,1,0,1019.24,Processing,4.5,0,10,4,2024,173.2708
ORD101225,2024-12-21,CUST2886,VIP,Automotive,Automotive Product 19,Central,Mobile App,Net Banking,15428.84,2,10,27771.91,Cancelled,4.1,0,12,4,2024,4165.7865
ORD101226,2023-04-13,CUST9257,Returning,Clothing,Clothing Product 8,East,Mobile App,Credit Card,4650.17,1,0,4650.17,Processing,4.5,0,4,2,2023,1534.5561
ORD101227,2024-03-30,CUST5749,VIP,Home & Kitchen,Home & Kitchen Product 50,Central,Website,Wallet,7078.97,1,25,5309.23,Returned,3.3,0,3,1,2024,1645.8612999999998
ORD101228,2023-06-20,CUST5786,VIP,Books,Books Product 29,East,Website,Credit Card,228.36,5,15,970.53,Returned,4.5,0,6,2,2023,145.5795
ORD101229,2024-12-11,CUST5273,At-Risk,Automotive,Automotive Product 7,Central,Website,UPI,39294.36,1,0,39294.36,Processing,4.8,0,12,4,2024,5108.2668
ORD101230,2023-11-03,CUST3609,VIP,Electronics,Electronics Product 50,North,Marketplace,Wallet,66791.26,4,10,240448.54,Delivered,5.0,1,11,4,2023,84156.989
ORD101231,2023-01-30,CUST2393,At-Risk,Electronics,Electronics Product 25,West,Marketplace,Debit Card,8135.36,1,20,6508.29,Cancelled,5.0,0,1,1,2023,2147.7357
ORD101232,2023-02-17,CUST9941,New,Books,Books Product 22,North,Website,Wallet,468.6,1,10,421.74,Processing,4.2,0,2,1,2023,84.34800000000001
ORD101233,2023-11-29,CUST3423,Returning,Sports,Sports Product 31,South,Social Media,Debit Card,14005.01,1,0,14005.01,Cancelled,4.2,0,11,4,2023,4201.503
ORD101234,2023-02-27,CUST9847,New,Beauty,Beauty Product 36,West,Mobile App,UPI,1585.87,2,0,3171.74,Processing,2.8,0,2,1,2023,444.0436
ORD101235,2023-10-28,CUST8811,Returning,Automotive,Automotive Product 38,North,Mobile App,Credit Card,34510.03,1,15,29333.53,Cancelled,3.6,1,10,4,2023,7333.3825
ORD101236,2024-01-03,CUST5705,At-Risk,Toys,Toys Product 13,North,Website,Wallet,1558.72,3,10,4208.54,Shipped,3.8,0,1,1,2024,462.9394
ORD101237,2024-01-19,CUST9046,VIP,Home & Kitchen,Home & Kitchen Product 37,North,Social Media,Debit Card,5506.65,1,10,4955.98,Shipped,4.8,1,1,1,2024,1090.3156
ORD101238,2024-03-17,CUST9556,VIP,Electronics,Electronics Product 5,West,Mobile App,UPI,37590.93,5,20,150363.72,Processing,3.5,0,3,1,2024,18043.646399999998
ORD101239,2023-05-30,CUST2255,At-Risk,Beauty,Beauty Product 9,West,Social Media,UPI,2890.12,1,20,2312.1,Delivered,4.6,0,5,2,2023,554.904
ORD101240,2023-09-08,CUST3467,Returning,Beauty,Beauty Product 38,North,Marketplace,UPI,1464.66,3,20,3515.18,Cancelled,4.0,0,9,3,2023,808.4914
ORD101241,2024-06-27,CUST3879,Returning,Beauty,Beauty Product 23,North,Social Media,Debit Card,2750.79,3,0,8252.37,Cancelled,3.9,0,6,2,2024,1898.0451000000003
ORD101242,2024-02-26,CUST5734,New,Sports,Sports Product 26,West,Website,Net Banking,917.87,3,5,2615.93,Delivered,4.2,0,2,1,2024,287.7523
ORD101243,2024-08-02,CUST9215,Returning,Books,Books Product 23,West,Marketplace,Wallet,636.74,3,10,1719.2,Delivered,3.7,0,8,3,2024,361.032
ORD101244,2024-11-29,CUST1695,New,Sports,Sports Product 6,South,Marketplace,Wallet,2133.21,3,15,5439.69,Delivered,3.7,0,11,4,2024,1795.0977
ORD101245,2023-07-04,CUST6146,Returning,Electronics,Electronics Product 35,West,Website,UPI,11676.55,2,10,21017.79,Shipped,2.6,1,7,3,2023,4413.7359
ORD101246,2023-06-24,CUST7216,Returning,Sports,Sports Product 35,East,Social Media,Wallet,18174.24,1,0,18174.24,Returned,3.8,0,6,2,2023,5634.0144
ORD101247,2023-06-29,CUST8682,At-Risk,Toys,Toys Product 29,Central,Marketplace,Wallet,3189.2,1,15,2710.82,Shipped,3.6,0,6,2,2023,569.2722
ORD101248,2023-03-22,CUST1661,Returning,Electronics,Electronics Product 6,East,Marketplace,Wallet,46635.63,4,10,167888.27,Shipped,3.6,0,3,1,2023,38614.3021
ORD101249,2024-09-16,CUST9309,New,Sports,Sports Product 42,Central,Marketplace,Credit Card,7712.98,2,0,15425.96,Processing,4.3,0,9,3,2024,4165.0092
ORD101250,2024-01-27,CUST8121,VIP,Books,Books Product 8,South,Mobile App,Wallet,534.62,3,5,1523.67,Cancelled,4.5,0,1,1,2024,594.2313
ORD101251,2024-09-26,CUST8656,VIP,Home & Kitchen,Home & Kitchen Product 20,South,Marketplace,Debit Card,13528.71,1,0,13528.71,Shipped,4.2,0,9,3,2024,1758.7323
ORD101252,2024-11-30,CUST1430,New,Beauty,Beauty Product 34,North,Mobile App,Credit Card,2651.74,1,0,2651.74,Shipped,4.8,0,11,4,2024,291.6914
ORD101253,2023-09-04,CUST1723,Returning,Toys,Toys Product 28,West,Marketplace,Net Banking,403.44,1,0,403.44,Returned,4.5,0,9,3,2023,112.96320000000001
ORD101254,2024-05-24,CUST1800,Returning,Home & Kitchen,Home & Kitchen Product 3,Central,Social Media,Wallet,12723.08,2,5,24173.85,Returned,3.8,0,5,2,2024,9186.063
ORD101255,2024-08-20,CUST1045,New,Clothing,Clothing Product 4,North,Website,Net Banking,804.49,1,5,764.27,Returned,3.6,0,8,3,2024,305.708
ORD101256,2023-05-27,CUST5280,New,Toys,Toys Product 42,North,Social Media,UPI,2746.3,1,10,2471.67,Delivered,4.3,0,5,2,2023,617.9175
ORD101257,2023-08-26,CUST5024,New,Books,Books Product 24,North,Social Media,Net Banking,423.97,1,10,381.57,Cancelled,4.5,0,8,3,2023,91.57679999999999
ORD101258,2024-04-17,CUST7191,New,Toys,Toys Product 50,West,Marketplace,Wallet,3099.38,1,15,2634.47,Processing,5.0,0,4,2,2024,763.9962999999999
ORD101259,2024-10-15,CUST6658,At-Risk,Books,Books Product 3,North,Website,Debit Card,462.61,2,0,925.22,Cancelled,5.0,0,10,4,2024,249.8094
ORD101260,2023-09-18,CUST6594,Returning,Home & Kitchen,Home & Kitchen Product 1,Central,Marketplace,Debit Card,12636.21,1,0,12636.21,Processing,3.6,0,9,3,2023,3664.5008999999995
ORD101261,2024-04-15,CUST2453,VIP,Toys,Toys Product 46,West,Social Media,UPI,521.7,3,20,1252.08,Shipped,3.9,0,4,2,2024,450.74879999999996
ORD101262,2023-09-19,CUST6922,At-Risk,Sports,Sports Product 39,North,Mobile App,Wallet,5695.43,1,0,5695.43,Returned,4.5,0,9,3,2023,1822.5376
ORD101263,2024-11-13,CUST9452,At-Risk,Beauty,Beauty Product 12,North,Website,Net Banking,2960.59,1,25,2220.44,Cancelled,4.9,0,11,4,2024,555.11
ORD101264,2023-01-10,CUST5506,Returning,Automotive,Automotive Product 17,East,Social Media,Debit Card,6066.81,1,15,5156.79,Shipped,4.8,0,1,1,2023,1237.6296
ORD101265,2024-04-21,CUST9684,New,Home & Kitchen,Home & Kitchen Product 18,Central,Marketplace,Net Banking,9036.79,1,5,8584.95,Shipped,3.9,0,4,2,2024,2489.6355
ORD101266,2023-10-22,CUST3456,New,Books,Books Product 39,North,Social Media,Net Banking,675.36,1,25,506.52,Cancelled,3.0,0,10,4,2023,121.56479999999999
ORD101267,2024-11-24,CUST7638,New,Home & Kitchen,Home & Kitchen Product 46,South,Mobile App,Debit Card,8612.02,1,0,8612.02,Processing,3.2,0,11,4,2024,2066.8848
ORD101268,2024-07-13,CUST7188,New,Books,Books Product 41,North,Mobile App,Debit Card,583.42,2,0,1166.84,Processing,4.2,1,7,3,2024,116.684
ORD101269,2023-06-11,CUST3014,New,Home & Kitchen,Home & Kitchen Product 12,East,Social Media,Debit Card,13005.42,1,10,11704.88,Processing,4.3,1,6,2,2023,1755.7319999999997
ORD101270,2023-03-17,CUST4863,VIP,Sports,Sports Product 34,East,Website,Net Banking,2780.28,2,0,5560.56,Shipped,3.1,0,3,1,2023,1390.14
ORD101271,2024-03-28,CUST7766,New,Home & Kitchen,Home & Kitchen Product 29,East,Mobile App,Wallet,8893.88,3,20,21345.31,Processing,4.0,1,3,1,2024,7470.8585
ORD101272,2023-12-20,CUST3445,At-Risk,Toys,Toys Product 36,North,Social Media,Debit Card,2141.12,3,0,6423.36,Processing,4.5,0,12,4,2023,1156.2048
ORD101273,2024-08-24,CUST5414,New,Home & Kitchen,Home & Kitchen Product 32,East,Website,Credit Card,10839.19,1,5,10297.23,Cancelled,3.1,0,8,3,2024,2677.2798
ORD101274,2023-11-03,CUST9383,New,Home & Kitchen,Home & Kitchen Product 23,East,Mobile App,Debit Card,10613.12,1,10,9551.81,Shipped,4.9,1,11,4,2023,1910.362
ORD101275,2024-10-16,CUST4733,New,Beauty,Beauty Product 41,Central,Social Media,Net Banking,1621.35,1,10,1459.22,Delivered,3.7,0,10,4,2024,189.6986
ORD101276,2024-03-10,CUST6269,At-Risk,Clothing,Clothing Product 30,West,Website,UPI,2897.84,1,0,2897.84,Shipped,5.0,0,3,1,2024,1130.1576
ORD101277,2024-12-07,CUST7054,Returning,Clothing,Clothing Product 4,West,Website,Debit Card,4842.94,5,0,24214.7,Cancelled,3.6,0,12,4,2024,8717.292
ORD101278,2023-09-14,CUST1802,Returning,Home & Kitchen,Home & Kitchen Product 41,East,Social Media,UPI,2305.12,1,15,1959.35,Delivered,3.2,0,9,3,2023,235.12199999999999
ORD101279,2024-04-12,CUST6999,Returning,Beauty,Beauty Product 15,South,Website,Credit Card,2700.9,1,0,2700.9,Delivered,3.6,0,4,2,2024,864.288
ORD101280,2023-11-06,CUST6081,At-Risk,Home & Kitchen,Home & Kitchen Product 42,South,Website,Wallet,9703.12,2,15,16495.3,Delivered,3.9,0,11,4,2023,3299.06
ORD101281,2023-07-23,CUST3789,Returning,Electronics,Electronics Product 2,South,Website,Debit Card,12804.65,2,10,23048.37,Processing,3.7,0,7,3,2023,9219.348
ORD101282,2024-01-29,CUST7149,At-Risk,Beauty,Beauty Product 50,Central,Mobile App,Wallet,1940.48,2,15,3298.82,Processing,3.8,0,1,1,2024,626.7758
ORD101283,2024-05-09,CUST1686,At-Risk,Toys,Toys Product 10,East,Social Media,Wallet,2932.74,1,10,2639.47,Returned,4.3,0,5,2,2024,448.7099
ORD101284,2023-04-20,CUST1645,New,Toys,Toys Product 38,Central,Website,UPI,3758.82,1,0,3758.82,Returned,3.9,1,4,2,2023,1014.8814000000001
ORD101285,2023-08-31,CUST8696,At-Risk,Sports,Sports Product 13,West,Website,UPI,16190.09,2,10,29142.16,Cancelled,3.9,0,8,3,2023,10199.756
ORD101286,2024-01-26,CUST1868,New,Automotive,Automotive Product 2,East,Marketplace,Net Banking,31484.26,1,20,25187.41,Processing,2.6,0,1,1,2024,4029.9856
ORD101287,2024-08-08,CUST7663,VIP,Sports,Sports Product 8,East,Website,Wallet,4333.72,1,5,4117.03,Delivered,4.3,0,8,3,2024,1276.2793
ORD101288,2024-01-03,CUST4406,VIP,Home & Kitchen,Home & Kitchen Product 7,South,Website,Credit Card,1286.99,1,25,965.24,Processing,3.9,0,1,1,2024,115.8288
ORD101289,2024-08-11,CUST4938,New,Books,Books Product 47,South,Social Media,Debit Card,207.12,1,5,196.76,Delivered,5.0,0,8,3,2024,74.7688
ORD101290,2023-10-30,CUST7720,At-Risk,Clothing,Clothing Product 10,Central,Website,Debit Card,4423.52,1,0,4423.52,Shipped,3.2,0,10,4,2023,530.8224
ORD101291,2024-12-17,CUST8537,At-Risk,Home & Kitchen,Home & Kitchen Product 22,North,Website,Wallet,7941.39,1,0,7941.39,Cancelled,2.6,0,12,4,2024,2938.3143
ORD101292,2023-10-30,CUST6817,VIP,Home & Kitchen,Home & Kitchen Product 41,West,Mobile App,Credit Card,3933.93,2,25,5900.9,Cancelled,4.5,0,10,4,2023,1475.225
ORD101293,2023-01-23,CUST1278,At-Risk,Electronics,Electronics Product 1,North,Mobile App,Credit Card,8736.76,2,0,17473.52,Processing,4.3,1,1,1,2023,4018.9096000000004
ORD101294,2024-11-05,CUST9615,Returning,Sports,Sports Product 5,South,Social Media,Net Banking,883.27,3,20,2119.85,Processing,3.2,0,11,4,2024,826.7415
ORD101295,2024-02-10,CUST4027,New,Books,Books Product 42,South,Social Media,Net Banking,454.06,1,20,363.25,Shipped,2.8,0,2,1,2024,145.3
ORD101296,2023-10-09,CUST3060,New,Books,Books Product 33,East,Mobile App,Credit Card,373.5,1,0,373.5,Shipped,5.0,1,10,4,2023,112.05
ORD101297,2023-01-09,CUST2057,New,Books,Books Product 26,South,Website,Credit Card,748.23,1,0,748.23,Shipped,5.0,0,1,1,2023,104.75220000000002
ORD101298,2024-08-02,CUST1994,VIP,Electronics,Electronics Product 41,North,Marketplace,Net Banking,24343.94,2,10,43819.09,Returned,2.0,0,8,3,2024,10954.7725
ORD101299,2024-12-03,CUST5387,Returning,Beauty,Beauty Product 3,North,Social Media,Debit Card,1528.6,2,0,3057.2,Processing,3.6,0,12,4,2024,794.872
ORD101300,2023-02-20,CUST1769,Returning,Clothing,Clothing Product 32,East,Social Media,Wallet,1083.41,1,15,920.9,Delivered,5.0,0,2,1,2023,230.225
ORD101301,2024-09-12,CUST3005,At-Risk,Automotive,Automotive Product 18,Central,Social Media,UPI,12358.45,4,5,46962.11,Cancelled,3.6,0,9,3,2024,12679.7697
ORD101302,2024-05-23,CUST7417,New,Home & Kitchen,Home & Kitchen Product 11,Central,Social Media,UPI,12761.61,1,5,12123.53,Shipped,3.6,0,5,2,2024,1333.5883000000001
ORD101303,2023-10-21,CUST5142,New,Automotive,Automotive Product 37,Central,Website,Credit Card,13605.36,2,15,23129.11,Cancelled,3.8,0,10,4,2023,7170.0241000000005
ORD101304,2023-08-24,CUST9660,Returning,Beauty,Beauty Product 49,South,Website,Debit Card,1896.37,2,0,3792.74,Returned,3.1,0,8,3,2023,1175.7494
ORD101305,2024-09-13,CUST3035,At-Risk,Home & Kitchen,Home & Kitchen Product 2,West,Marketplace,Net Banking,6755.21,4,5,25669.8,Shipped,2.6,0,9,3,2024,3337.074
ORD101306,2023-12-27,CUST9671,New,Toys,Toys Product 26,West,Social Media,Wallet,2701.01,2,0,5402.02,Delivered,4.8,0,12,4,2023,1458.5454000000002
ORD101307,2023-08-13,CUST1081,New,Automotive,Automotive Product 43,East,Mobile App,UPI,6861.27,3,0,20583.81,Returned,2.5,0,8,3,2023,5557.628700000001
ORD101308,2024-10-13,CUST5286,New,Automotive,Automotive Product 42,South,Social Media,UPI,7995.32,1,5,7595.55,Processing,4.2,0,10,4,2024,2278.665
ORD101309,2023-07-14,CUST5237,VIP,Home & Kitchen,Home & Kitchen Product 39,West,Mobile App,Net Banking,618.37,3,15,1576.84,Shipped,4.7,0,7,3,2023,204.98919999999998
ORD101310,2024-09-27,CUST3907,New,Home & Kitchen,Home & Kitchen Product 23,North,Website,Debit Card,2382.79,1,0,2382.79,Processing,2.8,0,9,3,2024,691.0091
ORD101311,2023-09-14,CUST9969,VIP,Books,Books Product 10,Central,Website,UPI,621.22,4,5,2360.64,Shipped,3.3,0,9,3,2023,424.91519999999997
ORD101312,2024-11-25,CUST8760,VIP,Books,Books Product 12,West,Marketplace,Debit Card,268.48,2,10,483.26,Shipped,5.0,1,11,4,2024,120.815
ORD101313,2024-11-06,CUST9166,VIP,Electronics,Electronics Product 11,West,Social Media,UPI,41165.44,3,0,123496.32,Shipped,4.4,0,11,4,2024,40753.7856
ORD101314,2024-11-28,CUST5079,Returning,Toys,Toys Product 15,South,Social Media,Credit Card,2858.59,1,0,2858.59,Processing,3.5,0,11,4,2024,886.1629
ORD101315,2023-05-21,CUST9448,VIP,Electronics,Electronics Product 13,North,Marketplace,UPI,16427.91,2,20,26284.66,Shipped,5.0,0,5,2,2023,3679.8524
ORD101316,2024-10-05,CUST4176,Returning,Sports,Sports Product 27,West,Social Media,Debit Card,9817.14,2,10,17670.85,Processing,5.0,1,10,4,2024,4947.838
ORD101317,2023-04-10,CUST7194,New,Toys,Toys Product 39,South,Website,Wallet,1299.91,2,10,2339.84,Shipped,4.2,0,4,2,2023,912.5376000000001
ORD101318,2024-10-04,CUST4075,Returning,Books,Books Product 14,Central,Social Media,Credit Card,170.01,1,10,153.01,Delivered,3.3,0,10,4,2024,22.9515
ORD101319,2024-10-23,CUST9656,VIP,Books,Books Product 8,East,Social Media,Credit Card,512.13,1,0,512.13,Shipped,3.7,0,10,4,2024,184.36679999999998
ORD101320,2023-02-10,CUST2051,New,Books,Books Product 41,West,Mobile App,Debit Card,357.14,1,10,321.43,Cancelled,4.2,0,2,1,2023,99.6433
ORD101321,2023-11-13,CUST7548,New,Clothing,Clothing Product 36,South,Marketplace,Debit Card,1520.87,1,5,1444.83,Processing,3.8,0,11,4,2023,476.7939
ORD101322,2024-03-27,CUST5387,VIP,Home & Kitchen,Home & Kitchen Product 2,East,Marketplace,Debit Card,5971.57,4,5,22691.97,Returned,4.8,1,3,1,2024,4084.5546
ORD101323,2023-02-04,CUST4968,Returning,Automotive,Automotive Product 25,Central,Social Media,Credit Card,40152.88,1,0,40152.88,Cancelled,2.8,0,2,1,2023,7629.0472
ORD101324,2024-08-16,CUST3537,VIP,Automotive,Automotive Product 11,West,Website,Wallet,23627.01,5,0,118135.05,Returned,2.8,0,8,3,2024,43709.9685
ORD101325,2024-01-09,CUST2073,Returning,Beauty,Beauty Product 3,South,Mobile App,Net Banking,2468.46,1,0,2468.46,Processing,4.1,1,1,1,2024,518.3765999999999
ORD101326,2023-05-15,CUST3318,VIP,Automotive,Automotive Product 1,South,Mobile App,Net Banking,8089.79,1,25,6067.34,Returned,3.6,1,5,2,2023,728.0808
ORD101327,2023-04-03,CUST7554,At-Risk,Books,Books Product 32,Central,Website,Net Banking,298.4,3,5,850.44,Shipped,3.5,0,4,2,2023,238.12320000000003
ORD101328,2023-10-30,CUST5835,At-Risk,Toys,Toys Product 41,East,Marketplace,Wallet,656.48,2,5,1247.31,Cancelled,2.6,0,10,4,2023,174.6234
ORD101329,2023-12-01,CUST3799,New,Toys,Toys Product 13,Central,Website,Credit Card,1679.83,1,0,1679.83,Delivered,4.0,0,12,4,2023,571.1422
ORD101330,2024-03-01,CUST9547,At-Risk,Electronics,Electronics Product 2,West,Mobile App,Net Banking,46652.78,2,0,93305.56,Returned,4.0,0,3,1,2024,27058.612399999998
ORD101331,2023-06-29,CUST6038,VIP,Toys,Toys Product 9,East,Marketplace,Net Banking,329.52,2,10,593.14,Shipped,4.5,0,6,2,2023,213.5304
ORD101332,2023-07-25,CUST7678,At-Risk,Beauty,Beauty Product 17,South,Social Media,Net Banking,2003.7,1,5,1903.52,Shipped,4.1,0,7,3,2023,647.1968
ORD101333,2023-05-16,CUST5875,VIP,Toys,Toys Product 12,Central,Mobile App,UPI,2697.33,5,5,12812.32,Processing,3.9,0,5,2,2023,1665.6016
ORD101334,2024-07-06,CUST3598,VIP,Electronics,Electronics Product 25,South,Social Media,Net Banking,35836.11,5,0,179180.55,Delivered,4.9,0,7,3,2024,37627.915499999996
ORD101335,2024-01-10,CUST1339,VIP,Clothing,Clothing Product 42,West,Marketplace,Net Banking,4558.92,2,10,8206.06,Delivered,3.0,0,1,1,2024,2707.9998
ORD101336,2024-06-27,CUST4976,At-Risk,Automotive,Automotive Product 46,West,Mobile App,Debit Card,18252.56,1,0,18252.56,Returned,4.4,1,6,2,2024,4198.0888
ORD101337,2024-05-28,CUST7877,At-Risk,Automotive,Automotive Product 28,Central,Marketplace,Credit Card,7653.73,2,0,15307.46,Processing,2.7,0,5,2,2024,5969.9094
ORD101338,2023-10-07,CUST3138,At-Risk,Electronics,Electronics Product 9,West,Website,Credit Card,70652.72,1,5,67120.08,Processing,3.3,0,10,4,2023,21478.425600000002
ORD101339,2023-06-18,CUST7033,Returning,Books,Books Product 17,North,Website,Credit Card,420.85,1,0,420.85,Processing,3.0,0,6,2,2023,42.08500000000001
ORD101340,2023-09-21,CUST9656,New,Toys,Toys Product 45,East,Social Media,Credit Card,234.66,1,0,234.66,Cancelled,4.6,0,9,3,2023,84.4776
ORD101341,2024-05-08,CUST8059,New,Electronics,Electronics Product 37,North,Marketplace,UPI,13086.01,1,10,11777.41,Delivered,3.9,1,5,2,2024,1531.0633
ORD101342,2023-10-30,CUST4504,New,Toys,Toys Product 29,South,Website,Credit Card,2102.43,3,10,5676.56,Processing,4.0,0,10,4,2023,794.7184000000001
ORD101343,2023-12-13,CUST2705,Returning,Electronics,Electronics Product 24,East,Social Media,Wallet,68951.26,2,15,117217.14,Cancelled,3.1,0,12,4,2023,37509.4848
ORD101344,2023-04-28,CUST6072,VIP,Books,Books Product 16,Central,Social Media,Debit Card,247.55,2,5,470.34,Shipped,3.8,0,4,2,2023,169.3224
ORD101345,2024-04-24,CUST5126,New,Sports,Sports Product 31,South,Marketplace,Wallet,18089.99,1,0,18089.99,Cancelled,3.4,0,4,2,2024,4703.397400000001
ORD101346,2023-03-19,CUST2346,Returning,Automotive,Automotive Product 48,North,Social Media,UPI,26632.74,1,0,26632.74,Processing,4.3,0,3,1,2023,5060.220600000001
ORD101347,2023-05-25,CUST8568,New,Toys,Toys Product 41,West,Social Media,Debit Card,2149.57,1,25,1612.18,Delivered,3.2,0,5,2,2023,338.5578
ORD101348,2023-08-20,CUST1668,Returning,Sports,Sports Product 19,Central,Mobile App,Net Banking,3820.14,5,10,17190.63,Returned,5.0,1,8,3,2023,3438.126
ORD101349,2024-11-23,CUST7392,Returning,Sports,Sports Product 2,West,Marketplace,Wallet,3367.49,1,10,3030.74,Cancelled,2.7,0,11,4,2024,606.148
ORD101350,2024-11-21,CUST5777,Returning,Automotive,Automotive Product 45,West,Website,Debit Card,33071.92,3,0,99215.76,Shipped,3.4,0,11,4,2024,16866.6792
ORD101351,2024-02-11,CUST7387,At-Risk,Home & Kitchen,Home & Kitchen Product 21,North,Mobile App,Net Banking,8578.27,2,5,16298.71,Cancelled,5.0,1,2,1,2024,4563.638800000001
ORD101352,2024-07-24,CUST3566,VIP,Toys,Toys Product 32,West,Website,Credit Card,1946.03,1,0,1946.03,Returned,3.7,0,7,3,2024,720.0311
ORD101353,2024-01-10,CUST6811,New,Sports,Sports Product 45,North,Social Media,Credit Card,17229.81,2,10,31013.66,Shipped,2.9,0,1,1,2024,5892.5954
ORD101354,2023-04-03,CUST7122,Returning,Electronics,Electronics Product 6,East,Social Media,Wallet,11633.12,1,20,9306.5,Processing,4.2,0,4,2,2023,1489.04
ORD101355,2024-02-09,CUST5761,At-Risk,Home & Kitchen,Home & Kitchen Product 42,East,Marketplace,Net Banking,11838.93,4,25,35516.79,Processing,3.6,0,2,1,2024,12430.8765
ORD101356,2023-01-15,CUST1693,Returning,Automotive,Automotive Product 49,Central,Social Media,Net Banking,33195.44,4,5,126142.67,Cancelled,3.3,0,1,1,2023,40365.6544
ORD101357,2023-09-28,CUST4057,New,Automotive,Automotive Product 18,North,Marketplace,Net Banking,46235.07,1,5,43923.32,Returned,3.1,0,9,3,2023,16690.8616
ORD101358,2024-07-03,CUST7607,VIP,Clothing,Clothing Product 20,West,Social Media,Wallet,527.41,1,20,421.93,Shipped,5.0,0,7,3,2024,63.2895
ORD101359,2023-05-07,CUST4753,New,Clothing,Clothing Product 26,South,Social Media,UPI,4228.76,2,10,7611.77,Cancelled,3.8,0,5,2,2023,1065.6478000000002
ORD101360,2024-04-10,CUST7046,At-Risk,Home & Kitchen,Home & Kitchen Product 43,East,Mobile App,Debit Card,7411.05,4,0,29644.2,Shipped,2.5,1,4,2,2024,7707.492
ORD101361,2024-01-13,CUST6569,VIP,Home & Kitchen,Home & Kitchen Product 39,West,Marketplace,Debit Card,14449.56,1,5,13727.08,Returned,5.0,0,1,1,2024,3843.5824000000002
ORD101362,2024-11-19,CUST9904,VIP,Toys,Toys Product 24,Central,Marketplace,UPI,2502.2,2,0,5004.4,Delivered,4.5,0,11,4,2024,1201.0559999999998
ORD101363,2024-11-19,CUST4063,Returning,Toys,Toys Product 27,South,Marketplace,Debit Card,885.42,2,5,1682.3,Returned,3.4,0,11,4,2024,471.04400000000004
ORD101364,2023-09-26,CUST5814,At-Risk,Beauty,Beauty Product 44,North,Mobile App,Debit Card,2169.23,2,5,4121.54,Shipped,3.3,0,9,3,2023,618.231
ORD101365,2024-08-21,CUST4140,Returning,Automotive,Automotive Product 50,North,Mobile App,UPI,25743.43,1,10,23169.09,Processing,4.5,0,8,3,2024,5560.5815999999995
ORD101366,2024-01-26,CUST1381,VIP,Electronics,Electronics Product 32,West,Marketplace,Debit Card,52882.96,2,0,105765.92,Cancelled,3.8,1,1,1,2024,31729.775999999998
ORD101367,2024-10-15,CUST2386,Returning,Home & Kitchen,Home & Kitchen Product 17,South,Social Media,Wallet,4110.62,4,0,16442.48,Returned,2.5,0,10,4,2024,3781.7704
ORD101368,2024-01-16,CUST8697,At-Risk,Automotive,Automotive Product 4,East,Social Media,Debit Card,35130.22,1,5,33373.71,Shipped,5.0,0,1,1,2024,10012.113
ORD101369,2023-04-21,CUST7181,VIP,Books,Books Product 47,North,Website,Wallet,512.2,1,15,435.37,Returned,3.7,0,4,2,2023,104.4888
ORD101370,2024-11-22,CUST6041,Returning,Automotive,Automotive Product 25,West,Mobile App,Debit Card,29371.66,5,10,132172.47,Delivered,5.0,0,11,4,2024,26434.494000000002
ORD101371,2023-08-28,CUST7736,Returning,Clothing,Clothing Product 35,Central,Marketplace,Debit Card,3005.57,1,0,3005.57,Cancelled,5.0,0,8,3,2023,571.0583
ORD101372,2024-04-27,CUST5584,VIP,Sports,Sports Product 32,Central,Mobile App,UPI,16665.77,3,20,39997.85,Delivered,3.2,0,4,2,2024,8799.527
ORD101373,2023-01-26,CUST5761,At-Risk,Beauty,Beauty Product 14,Central,Website,Debit Card,342.57,1,20,274.06,Processing,4.8,0,1,1,2023,30.1466
ORD101374,2024-09-26,CUST9404,New,Home & Kitchen,Home & Kitchen Product 24,South,Website,UPI,733.97,1,0,733.97,Processing,3.5,0,9,3,2024,220.191
ORD101375,2024-07-28,CUST9689,New,Clothing,Clothing Product 42,East,Mobile App,Net Banking,3717.81,4,0,14871.24,Cancelled,2.5,0,7,3,2024,5204.933999999999
ORD101376,2023-12-02,CUST9277,VIP,Clothing,Clothing Product 20,East,Website,Net Banking,1312.18,1,10,1180.96,Shipped,3.7,0,12,4,2023,248.0016
ORD101377,2024-09-16,CUST1368,New,Clothing,Clothing Product 17,West,Social Media,Net Banking,3393.25,2,15,5768.52,Shipped,4.3,0,9,3,2024,634.5372000000001
ORD101378,2023-08-15,CUST4700,Returning,Automotive,Automotive Product 24,East,Marketplace,Debit Card,25372.15,1,25,19029.11,Returned,3.6,1,8,3,2023,7611.644
ORD101379,2024-10-25,CUST2785,New,Beauty,Beauty Product 15,West,Social Media,Net Banking,2086.07,2,20,3337.71,Shipped,3.8,0,10,4,2024,600.7878
ORD101380,2023-03-06,CUST7035,Returning,Clothing,Clothing Product 17,South,Website,Net Banking,1753.57,1,10,1578.21,Shipped,4.9,0,3,1,2023,220.94940000000003
ORD101381,2024-10-12,CUST4955,VIP,Toys,Toys Product 22,Central,Mobile App,UPI,1079.83,1,5,1025.84,Delivered,4.1,0,10,4,2024,215.42639999999997
ORD101382,2024-04-20,CUST9207,New,Home & Kitchen,Home & Kitchen Product 47,Central,Social Media,UPI,11644.63,5,0,58223.15,Returned,3.3,0,4,2,2024,18631.408
ORD101383,2024-12-18,CUST9499,New,Toys,Toys Product 5,Central,Social Media,Net Banking,3685.62,1,0,3685.62,Returned,4.6,0,12,4,2024,700.2678
ORD101384,2023-11-06,CUST3923,At-Risk,Toys,Toys Product 18,West,Website,UPI,3223.3,2,5,6124.27,Processing,4.2,0,11,4,2023,1653.5529000000001
ORD101385,2024-10-26,CUST5512,New,Electronics,Electronics Product 25,North,Website,Credit Card,8881.83,1,10,7993.65,Delivered,2.0,0,10,4,2024,1758.6029999999998
ORD101386,2024-02-23,CUST6432,Returning,Home & Kitchen,Home & Kitchen Product 42,North,Social Media,Debit Card,13247.1,3,10,35767.17,Delivered,4.3,0,2,1,2024,5007.4038
ORD101387,2023-04-30,CUST3199,VIP,Beauty,Beauty Product 28,East,Mobile App,Credit Card,2225.27,1,10,2002.74,Delivered,4.3,0,4,2,2023,400.548
ORD101388,2023-05-24,CUST8629,VIP,Home & Kitchen,Home & Kitchen Product 36,East,Mobile App,Wallet,5946.03,5,0,29730.15,Processing,4.0,1,5,2,2023,9513.648000000001
ORD101389,2023-02-16,CUST2008,New,Home & Kitchen,Home & Kitchen Product 35,East,Marketplace,Wallet,14607.8,1,10,13147.02,Shipped,4.7,0,2,1,2023,3681.1656000000003
ORD101390,2023-02-08,CUST6569,VIP,Home & Kitchen,Home & Kitchen Product 43,West,Mobile App,UPI,13858.92,1,0,13858.92,Shipped,3.5,0,2,1,2023,1940.2488000000003
ORD101391,2023-11-08,CUST1615,At-Risk,Home & Kitchen,Home & Kitchen Product 27,North,Website,Debit Card,1210.32,1,5,1149.8,Returned,4.3,1,11,4,2023,172.47
ORD101392,2024-05-19,CUST5746,New,Electronics,Electronics Product 23,South,Mobile App,Credit Card,20413.47,1,15,17351.45,Delivered,2.7,0,5,2,2024,5031.9205
ORD101393,2023-04-29,CUST1942,New,Toys,Toys Product 33,Central,Website,Credit Card,342.19,2,10,615.94,Shipped,4.3,0,4,2,2023,209.41960000000003
ORD101394,2023-04-10,CUST5773,New,Sports,Sports Product 13,South,Mobile App,UPI,15098.72,1,25,11324.04,Processing,5.0,0,4,2,2023,2264.8080000000004
ORD101395,2023-08-29,CUST4912,At-Risk,Sports,Sports Product 43,East,Social Media,Wallet,9053.96,3,0,27161.88,Delivered,3.2,0,8,3,2023,7605.326400000001
ORD101396,2024-07-04,CUST4352,Returning,Automotive,Automotive Product 48,South,Mobile App,UPI,19216.65,1,5,18255.82,Processing,3.4,0,7,3,2024,2738.373
ORD101397,2023-05-19,CUST4541,Returning,Sports,Sports Product 18,West,Website,Net Banking,12773.36,1,0,12773.36,Returned,3.4,0,5,2,2023,2426.9384
ORD101398,2024-02-02,CUST4423,New,Home & Kitchen,Home & Kitchen Product 33,North,Marketplace,Credit Card,733.05,2,5,1392.79,Returned,4.1,1,2,1,2024,153.2069
ORD101399,2024-04-09,CUST6817,VIP,Clothing,Clothing Product 13,Central,Social Media,Debit Card,1035.52,2,20,1656.83,Processing,3.1,0,4,2,2024,546.7539
ORD101400,2024-01-15,CUST4183,At-Risk,Home & Kitchen,Home & Kitchen Product 19,West,Mobile App,Net Banking,1882.62,1,10,1694.36,Returned,4.3,0,1,1,2024,372.75919999999996
ORD101401,2024-11-17,CUST9621,At-Risk,Books,Books Product 36,West,Social Media,Debit Card,414.66,1,20,331.73,Cancelled,4.7,0,11,4,2024,112.78820000000002
ORD101402,2024-12-14,CUST5222,New,Electronics,Electronics Product 48,Central,Marketplace,Wallet,11090.72,1,0,11090.72,Cancelled,4.4,0,12,4,2024,3438.1232
ORD101403,2024-07-07,CUST6162,New,Sports,Sports Product 15,South,Mobile App,Debit Card,12892.96,2,20,20628.74,Returned,2.6,0,7,3,2024,7220.059
ORD101404,2024-03-05,CUST3001,New,Electronics,Electronics Product 43,East,Mobile App,Wallet,44739.22,2,0,89478.44,Shipped,4.8,0,3,1,2024,17000.9036
ORD101405,2024-08-24,CUST7467,Returning,Automotive,Automotive Product 23,East,Marketplace,Net Banking,10429.32,1,20,8343.46,Returned,4.7,1,8,3,2024,1334.9535999999998
ORD101406,2023-06-08,CUST4635,Returning,Automotive,Automotive Product 42,South,Marketplace,Wallet,24962.27,3,0,74886.81,Delivered,4.7,0,6,2,2023,29205.8559
ORD101407,2024-02-29,CUST3316,Returning,Automotive,Automotive Product 36,Central,Mobile App,Net Banking,34199.37,3,0,102598.11,Shipped,4.3,0,2,1,2024,32831.3952
ORD101408,2024-11-01,CUST2674,At-Risk,Electronics,Electronics Product 28,North,Social Media,Wallet,18426.97,2,5,35011.24,Returned,4.2,0,11,4,2024,12253.934
ORD101409,2023-04-12,CUST2475,New,Automotive,Automotive Product 41,East,Mobile App,Wallet,37313.97,3,20,89553.53,Cancelled,4.8,0,4,2,2023,8955.353000000001
ORD101410,2024-05-16,CUST2549,New,Books,Books Product 11,North,Website,UPI,403.84,1,0,403.84,Cancelled,5.0,0,5,2,2024,84.8064
ORD101411,2024-09-22,CUST8450,New,Books,Books Product 27,Central,Mobile App,Debit Card,469.97,1,0,469.97,Cancelled,3.2,0,9,3,2024,150.3904
ORD101412,2024-02-22,CUST9621,Returning,Automotive,Automotive Product 32,South,Marketplace,Credit Card,39668.21,1,20,31734.57,Returned,4.9,0,2,1,2024,3808.1484
ORD101413,2023-10-14,CUST8642,Returning,Automotive,Automotive Product 14,West,Social Media,UPI,5032.1,1,0,5032.1,Delivered,3.9,0,10,4,2023,1358.6670000000001
ORD101414,2023-02-03,CUST3027,Returning,Toys,Toys Product 28,North,Marketplace,Net Banking,292.12,2,0,584.24,Cancelled,3.9,0,2,1,2023,134.3752
ORD101415,2024-12-07,CUST9919,At-Risk,Automotive,Automotive Product 26,North,Social Media,UPI,48023.75,4,5,182490.25,Delivered,2.8,0,12,4,2024,20073.9275
ORD101416,2024-01-15,CUST1791,New,Clothing,Clothing Product 20,North,Website,Wallet,661.79,1,0,661.79,Processing,3.8,0,1,1,2024,112.5043
ORD101417,2023-08-11,CUST4254,VIP,Electronics,Electronics Product 34,North,Website,Wallet,3142.52,1,20,2514.02,Shipped,3.2,0,8,3,2023,477.6638
ORD101418,2024-03-30,CUST4950,New,Books,Books Product 21,North,Mobile App,Debit Card,198.39,1,15,168.63,Cancelled,3.6,0,3,1,2024,21.9219
ORD101419,2024-03-31,CUST2497,Returning,Sports,Sports Product 16,North,Mobile App,UPI,502.63,4,5,1909.99,Shipped,3.1,0,3,1,2024,553.8970999999999
ORD101420,2023-08-30,CUST4243,New,Books,Books Product 10,North,Social Media,Wallet,642.07,1,25,481.55,Cancelled,3.6,1,8,3,2023,81.8635
ORD101421,2024-01-07,CUST9070,VIP,Electronics,Electronics Product 2,East,Mobile App,Wallet,45679.45,2,5,86790.95,Cancelled,3.7,1,1,1,2024,15622.371
ORD101422,2023-04-12,CUST4551,VIP,Home & Kitchen,Home & Kitchen Product 43,West,Marketplace,UPI,13008.02,1,0,13008.02,Cancelled,4.1,1,4,2,2023,4812.9674
ORD101423,2024-12-03,CUST3207,New,Home & Kitchen,Home & Kitchen Product 30,North,Marketplace,Net Banking,5308.46,1,0,5308.46,Delivered,2.7,1,12,4,2024,1274.0303999999999
ORD101424,2024-01-12,CUST7635,At-Risk,Electronics,Electronics Product 31,West,Website,Net Banking,54747.72,5,5,260051.67,Shipped,2.8,0,1,1,2024,57211.3674
ORD101425,2024-07-11,CUST6292,At-Risk,Beauty,Beauty Product 24,North,Social Media,Credit Card,2879.57,5,0,14397.85,Shipped,4.3,0,7,3,2024,4607.312
ORD101426,2024-10-22,CUST4698,At-Risk,Electronics,Electronics Product 34,Central,Mobile App,Net Banking,58398.54,1,20,46718.83,Shipped,3.4,0,10,4,2024,17285.9671
ORD101427,2024-01-03,CUST1642,VIP,Home & Kitchen,Home & Kitchen Product 31,West,Mobile App,Wallet,8063.87,5,15,34271.45,Cancelled,4.9,0,1,1,2024,3769.8594999999996
ORD101428,2023-03-04,CUST7662,Returning,Electronics,Electronics Product 1,South,Mobile App,Debit Card,15615.88,2,0,31231.76,Returned,4.2,0,3,1,2023,7183.3048
ORD101429,2024-02-12,CUST1569,VIP,Sports,Sports Product 33,Central,Mobile App,Wallet,4466.51,3,10,12059.58,Processing,4.5,0,2,1,2024,3376.6824
ORD101430,2023-10-10,CUST2258,VIP,Beauty,Beauty Product 39,East,Mobile App,Debit Card,2508.59,1,10,2257.73,Returned,5.0,0,10,4,2023,451.54600000000005
ORD101431,2023-07-14,CUST2374,At-Risk,Clothing,Clothing Product 19,East,Website,Wallet,2604.08,2,20,4166.53,Processing,3.8,0,7,3,2023,1374.9549
ORD101432,2023-05-06,CUST9272,New,Electronics,Electronics Product 16,Central,Social Media,UPI,28840.57,1,20,23072.46,Shipped,3.5,1,5,2,2023,8998.2594
ORD101433,2024-04-10,CUST9137,VIP,Clothing,Clothing Product 11,Central,Social Media,Debit Card,4518.83,2,5,8585.78,Returned,4.7,0,4,2,2024,3262.5964000000004
ORD101434,2023-04-04,CUST6364,Returning,Toys,Toys Product 50,North,Social Media,Debit Card,3443.0,1,15,2926.55,Returned,4.4,0,4,2,2023,526.779
ORD101435,2024-11-09,CUST7378,Returning,Home & Kitchen,Home & Kitchen Product 42,South,Marketplace,Credit Card,12083.46,1,10,10875.11,Processing,3.9,0,11,4,2024,1848.7687000000003
ORD101436,2023-08-06,CUST2561,At-Risk,Home & Kitchen,Home & Kitchen Product 27,North,Website,Debit Card,6751.51,1,10,6076.36,Processing,5.0,0,8,3,2023,2369.7804
ORD101437,2024-10-19,CUST8564,At-Risk,Sports,Sports Product 50,South,Mobile App,UPI,12659.23,2,0,25318.46,Processing,3.8,0,10,4,2024,6076.430399999999
ORD101438,2024-10-16,CUST9203,Returning,Home & Kitchen,Home & Kitchen Product 40,North,Marketplace,UPI,13147.46,1,0,13147.46,Delivered,4.0,0,10,4,2024,2103.5935999999997
ORD101439,2024-09-03,CUST7671,VIP,Automotive,Automotive Product 36,North,Social Media,Net Banking,28802.3,2,5,54724.37,Shipped,4.0,0,9,3,2024,16964.5547
ORD101440,2023-01-22,CUST9592,At-Risk,Beauty,Beauty Product 14,Central,Marketplace,Credit Card,512.5,5,0,2562.5,Processing,3.3,0,1,1,2023,486.875
ORD101441,2023-02-21,CUST1137,New,Electronics,Electronics Product 43,Central,Website,Net Banking,41621.13,1,0,41621.13,Returned,4.1,0,2,1,2023,7491.803399999999
ORD101442,2023-12-08,CUST1174,New,Clothing,Clothing Product 42,South,Marketplace,Net Banking,684.38,2,10,1231.88,Shipped,5.0,0,12,4,2023,443.4768
ORD101443,2023-09-07,CUST4028,New,Sports,Sports Product 17,South,Marketplace,Wallet,10174.76,1,0,10174.76,Shipped,4.4,0,9,3,2023,1526.214
ORD101444,2023-05-09,CUST4419,VIP,Beauty,Beauty Product 20,Central,Social Media,UPI,296.72,3,10,801.14,Shipped,4.0,0,5,2,2023,96.1368
ORD101445,2024-08-01,CUST1435,Returning,Beauty,Beauty Product 16,East,Social Media,Net Banking,1690.53,1,5,1606.0,Delivered,3.9,0,8,3,2024,289.08
ORD101446,2023-07-30,CUST1481,New,Toys,Toys Product 47,West,Social Media,Net Banking,285.66,2,25,428.49,Cancelled,4.3,0,7,3,2023,119.97720000000001
ORD101447,2023-03-12,CUST2748,VIP,Clothing,Clothing Product 28,Central,Website,Net Banking,4142.37,3,5,11805.75,Shipped,4.6,0,3,1,2023,1652.805
ORD101448,2024-07-21,CUST6481,At-Risk,Toys,Toys Product 39,Central,Social Media,Wallet,1301.61,4,0,5206.44,Processing,4.5,0,7,3,2024,1249.5456
ORD101449,2023-08-01,CUST7799,Returning,Clothing,Clothing Product 45,North,Marketplace,Credit Card,4175.11,2,10,7515.2,Returned,3.7,0,8,3,2023,2179.408
ORD101450,2024-08-23,CUST2835,VIP,Sports,Sports Product 22,Central,Mobile App,Wallet,8052.36,1,15,6844.51,Processing,4.3,1,8,3,2024,2395.5785
ORD101451,2023-08-10,CUST3095,At-Risk,Automotive,Automotive Product 35,West,Website,Wallet,18408.94,2,25,27613.41,Processing,4.4,0,8,3,2023,4694.2797
ORD101452,2023-08-27,CUST9583,Returning,Home & Kitchen,Home & Kitchen Product 3,West,Mobile App,Wallet,13124.91,3,5,37405.99,Shipped,3.2,0,8,3,2023,13092.096499999998
ORD101453,2023-12-03,CUST1214,VIP,Clothing,Clothing Product 23,South,Marketplace,Net Banking,957.74,2,0,1915.48,Cancelled,4.1,0,12,4,2023,325.63160000000005
ORD101454,2023-06-01,CUST5004,Returning,Sports,Sports Product 2,South,Mobile App,Debit Card,6046.15,1,20,4836.92,Cancelled,2.3,0,6,2,2023,1451.076
ORD101455,2024-09-02,CUST7181,VIP,Beauty,Beauty Product 49,South,Marketplace,Net Banking,1673.11,4,0,6692.44,Returned,4.4,0,9,3,2024,1539.2612
ORD101456,2023-01-03,CUST6469,At-Risk,Toys,Toys Product 47,North,Marketplace,Credit Card,1117.31,2,10,2011.16,Delivered,4.5,0,1,1,2023,261.4508
ORD101457,2023-10-11,CUST8737,New,Books,Books Product 20,North,Mobile App,Debit Card,462.43,2,5,878.62,Shipped,4.6,1,10,4,2023,272.3722
ORD101458,2023-05-29,CUST9148,At-Risk,Books,Books Product 21,East,Marketplace,Wallet,527.87,1,0,527.87,Cancelled,3.7,0,5,2,2023,89.73790000000001
ORD101459,2023-05-14,CUST5323,At-Risk,Electronics,Electronics Product 4,East,Mobile App,UPI,25323.03,2,0,50646.06,Delivered,4.2,0,5,2,2023,7596.909
ORD101460,2024-07-07,CUST5647,Returning,Clothing,Clothing Product 24,Central,Website,Wallet,3169.5,1,0,3169.5,Returned,5.0,1,7,3,2024,665.595
ORD101461,2023-09-14,CUST2961,Returning,Clothing,Clothing Product 47,North,Website,UPI,2820.52,2,10,5076.94,Delivered,5.0,1,9,3,2023,1523.0819999999999
ORD101462,2023-06-28,CUST7807,VIP,Automotive,Automotive Product 3,West,Marketplace,UPI,44676.97,1,20,35741.58,Cancelled,4.0,0,6,2,2023,6076.0686000000005
ORD101463,2023-04-23,CUST1050,New,Sports,Sports Product 39,West,Social Media,Wallet,11822.34,2,0,23644.68,Returned,4.1,0,4,2,2023,3783.1488
ORD101464,2024-11-07,CUST4501,Returning,Toys,Toys Product 12,South,Marketplace,Debit Card,3760.32,5,15,15981.36,Delivered,4.9,0,11,4,2024,1598.1360000000002
ORD101465,2023-01-27,CUST7418,At-Risk,Beauty,Beauty Product 35,West,Website,Credit Card,2957.06,1,0,2957.06,Returned,2.8,0,1,1,2023,709.6944
ORD101466,2023-05-15,CUST7027,Returning,Sports,Sports Product 18,East,Mobile App,Credit Card,13203.35,5,5,62715.91,Cancelled,3.7,0,5,2,2023,14424.659300000001
ORD101467,2023-01-16,CUST6665,At-Risk,Beauty,Beauty Product 26,East,Social Media,Wallet,241.98,1,0,241.98,Cancelled,5.0,0,1,1,2023,41.1366
ORD101468,2024-01-02,CUST3194,At-Risk,Home & Kitchen,Home & Kitchen Product 30,West,Mobile App,UPI,6494.66,4,20,20782.91,Shipped,4.8,0,1,1,2024,2493.9492
ORD101469,2023-09-01,CUST1949,New,Automotive,Automotive Product 11,North,Website,Net Banking,10665.15,3,15,27196.13,Cancelled,4.3,1,9,3,2023,6255.1099
ORD101470,2024-08-25,CUST2249,At-Risk,Automotive,Automotive Product 47,Central,Marketplace,Debit Card,44490.98,2,10,80083.76,Cancelled,2.8,0,8,3,2024,27228.4784
ORD101471,2023-11-28,CUST6099,At-Risk,Automotive,Automotive Product 1,South,Website,Debit Card,3722.08,2,15,6327.54,Processing,4.0,0,11,4,2023,1961.5374
ORD101472,2023-01-17,CUST2161,At-Risk,Home & Kitchen,Home & Kitchen Product 4,South,Mobile App,UPI,3302.23,4,10,11888.03,Processing,3.5,0,1,1,2023,4279.6908
ORD101473,2023-06-28,CUST3018,VIP,Books,Books Product 30,North,Social Media,Credit Card,671.73,1,25,503.8,Delivered,4.3,0,6,2,2023,50.38
ORD101474,2023-09-29,CUST9617,At-Risk,Sports,Sports Product 13,Central,Marketplace,Credit Card,6860.34,1,10,6174.31,Delivered,3.4,0,9,3,2023,2407.9809
ORD101475,2023-02-23,CUST5699,Returning,Books,Books Product 18,Central,Social Media,Wallet,630.14,2,20,1008.22,Returned,3.2,0,2,1,2023,201.644
ORD101476,2023-05-10,CUST2783,Returning,Electronics,Electronics Product 12,South,Marketplace,UPI,73029.4,3,5,208133.79,Cancelled,2.3,1,5,2,2023,83253.516
ORD101477,2024-03-07,CUST9834,VIP,Clothing,Clothing Product 49,South,Social Media,Net Banking,499.18,3,0,1497.54,Shipped,5.0,0,3,1,2024,269.55719999999997
ORD101478,2024-06-22,CUST5788,New,Electronics,Electronics Product 39,North,Mobile App,Debit Card,39737.63,3,5,113252.25,Cancelled,3.7,0,6,2,2024,27180.539999999997
ORD101479,2023-04-27,CUST4700,At-Risk,Automotive,Automotive Product 49,West,Marketplace,Net Banking,40438.57,1,0,40438.57,Shipped,4.1,1,4,2,2023,8492.099699999999
ORD101480,2023-03-07,CUST4790,At-Risk,Clothing,Clothing Product 13,South,Mobile App,Net Banking,2906.51,3,10,7847.58,Cancelled,4.0,0,3,1,2023,1647.9918
ORD101481,2024-05-02,CUST7504,At-Risk,Books,Books Product 37,North,Mobile App,Wallet,527.0,1,5,500.65,Shipped,3.1,0,5,2,2024,175.2275
ORD101482,2024-04-04,CUST9681,VIP,Toys,Toys Product 3,Central,Website,Net Banking,3373.01,2,10,6071.42,Delivered,3.0,0,4,2,2024,1942.8544000000002
ORD101483,2024-01-06,CUST8820,VIP,Toys,Toys Product 45,West,Social Media,Debit Card,3268.45,1,0,3268.45,Returned,3.2,0,1,1,2024,1307.38
ORD101484,2024-06-09,CUST6618,At-Risk,Electronics,Electronics Product 30,East,Social Media,Net Banking,27994.72,1,0,27994.72,Shipped,3.4,0,6,2,2024,7838.521600000001
ORD101485,2024-08-30,CUST1432,At-Risk,Beauty,Beauty Product 29,North,Social Media,Debit Card,351.67,1,5,334.09,Cancelled,4.3,0,8,3,2024,80.18159999999999
ORD101486,2023-04-22,CUST3282,New,Beauty,Beauty Product 15,West,Website,Wallet,1336.28,1,25,1002.21,Cancelled,3.4,0,4,2,2023,130.28730000000002
ORD101487,2024-04-07,CUST7672,Returning,Books,Books Product 48,West,Marketplace,Wallet,617.5,2,0,1235.0,Returned,5.0,0,4,2,2024,494.0
ORD101488,2024-05-30,CUST4190,New,Electronics,Electronics Product 32,North,Marketplace,Net Banking,74384.41,1,5,70665.19,Delivered,4.8,0,5,2,2024,19079.601300000002
ORD101489,2023-08-15,CUST3795,Returning,Books,Books Product 10,South,Website,UPI,721.26,1,10,649.13,Processing,4.6,0,8,3,2023,201.2303
ORD101490,2024-09-21,CUST3583,VIP,Sports,Sports Product 38,North,Social Media,UPI,9783.92,1,10,8805.53,Shipped,3.9,0,9,3,2024,1937.2166000000002
ORD101491,2023-02-14,CUST4532,New,Sports,Sports Product 21,South,Marketplace,Wallet,2937.51,1,0,2937.51,Returned,5.0,0,2,1,2023,763.7526
ORD101492,2024-11-05,CUST9287,New,Clothing,Clothing Product 18,South,Mobile App,Wallet,3671.98,1,5,3488.38,Cancelled,3.8,0,11,4,2024,1325.5844
ORD101493,2024-06-17,CUST3422,At-Risk,Sports,Sports Product 41,West,Marketplace,Net Banking,2439.6,1,0,2439.6,Processing,4.0,0,6,2,2024,365.94
ORD101494,2023-11-05,CUST2204,New,Sports,Sports Product 23,East,Marketplace,Net Banking,10133.3,2,25,15199.95,Returned,4.1,0,11,4,2023,2887.9905000000003
ORD101495,2024-04-14,CUST4934,VIP,Beauty,Beauty Product 43,North,Website,Wallet,791.95,2,0,1583.9,Delivered,4.6,0,4,2,2024,237.585
ORD101496,2024-10-20,CUST8393,At-Risk,Electronics,Electronics Product 41,West,Website,Credit Card,28345.49,2,0,56690.98,Delivered,4.5,1,10,4,2024,19274.933200000003
ORD101497,2023-02-01,CUST5505,VIP,Clothing,Clothing Product 44,Central,Website,Net Banking,2492.44,1,0,2492.44,Shipped,3.6,0,2,1,2023,299.0928
ORD101498,2023-03-04,CUST6491,Returning,Beauty,Beauty Product 1,South,Website,Wallet,2377.39,1,0,2377.39,Returned,3.6,1,3,1,2023,285.28679999999997
ORD101499,2024-05-05,CUST6532,Returning,Beauty,Beauty Product 16,West,Marketplace,Debit Card,2647.88,3,15,6752.09,Shipped,4.5,0,5,2,2024,1282.8971000000001
ORD101500,2024-02-16,CUST7852,Returning,Toys,Toys Product 36,Central,Mobile App,Debit Card,1065.47,2,0,2130.94,Delivered,4.6,0,2,1,2024,532.735
ORD101501,2024-03-12,CUST2257,VIP,Electronics,Electronics Product 2,South,Social Media,Credit Card,74534.1,1,0,74534.1,Processing,3.7,0,3,1,2024,16397.502
ORD101502,2024-12-03,CUST2511,VIP,Home & Kitchen,Home & Kitchen Product 5,East,Social Media,Credit Card,687.4,1,5,653.03,Returned,2.7,0,12,4,2024,71.8333
ORD101503,2023-04-21,CUST5180,Returning,Books,Books Product 27,Central,Marketplace,Wallet,647.28,1,0,647.28,Cancelled,3.8,0,4,2,2023,252.4392
ORD101504,2024-05-17,CUST1597,VIP,Beauty,Beauty Product 9,Central,Mobile App,Credit Card,709.1,1,0,709.1,Processing,4.5,0,5,2,2024,276.54900000000004
ORD101505,2024-12-30,CUST5816,New,Beauty,Beauty Product 22,North,Marketplace,Credit Card,1883.2,1,15,1600.72,Returned,5.0,0,12,4,2024,288.1296
ORD101506,2024-03-30,CUST3130,VIP,Automotive,Automotive Product 36,West,Marketplace,Credit Card,19465.91,2,15,33092.05,Shipped,3.0,0,3,1,2024,10589.456000000002
ORD101507,2023-03-17,CUST9514,At-Risk,Automotive,Automotive Product 23,West,Mobile App,Credit Card,34432.88,2,20,55092.61,Processing,3.7,0,3,1,2023,14875.004700000001
ORD101508,2023-03-24,CUST9783,At-Risk,Electronics,Electronics Product 8,West,Website,UPI,1938.54,2,20,3101.66,Delivered,3.7,0,3,1,2023,527.2822
ORD101509,2023-11-26,CUST7672,Returning,Home & Kitchen,Home & Kitchen Product 23,East,Website,Debit Card,7387.95,3,10,19947.46,Cancelled,5.0,0,11,4,2023,3590.5427999999997
ORD101510,2024-09-14,CUST1702,New,Automotive,Automotive Product 3,North,Website,Wallet,19846.54,3,0,59539.62,Returned,4.0,0,9,3,2024,14884.905
ORD101511,2023-06-01,CUST7010,Returning,Home & Kitchen,Home & Kitchen Product 44,South,Website,Net Banking,5845.25,2,15,9936.92,Cancelled,3.3,0,6,2,2023,2285.4916000000003
ORD101512,2023-03-09,CUST1348,New,Automotive,Automotive Product 9,South,Social Media,Net Banking,6961.68,5,15,29587.14,Processing,4.4,0,3,1,2023,5621.5566
ORD101513,2023-05-10,CUST6529,VIP,Beauty,Beauty Product 45,South,Website,Wallet,2148.81,1,15,1826.49,Delivered,3.7,0,5,2,2023,621.0066
ORD101514,2023-10-09,CUST4893,At-Risk,Automotive,Automotive Product 45,Central,Mobile App,Credit Card,27837.61,1,5,26445.73,Shipped,3.0,0,10,4,2023,6346.9752
ORD101515,2024-10-01,CUST9067,VIP,Toys,Toys Product 41,North,Mobile App,Net Banking,639.22,1,0,639.22,Shipped,3.3,0,10,4,2024,191.766
ORD101516,2024-10-10,CUST7479,VIP,Electronics,Electronics Product 1,Central,Mobile App,Debit Card,9880.41,2,15,16796.7,Processing,5.0,0,10,4,2024,2687.472
ORD101517,2024-08-22,CUST8023,Returning,Sports,Sports Product 20,South,Marketplace,UPI,12466.8,4,10,44880.48,Shipped,4.3,0,8,3,2024,11668.9248
ORD101518,2024-07-15,CUST8133,VIP,Beauty,Beauty Product 22,South,Social Media,Credit Card,2725.12,1,25,2043.84,Cancelled,4.1,0,7,3,2024,408.76800000000003
ORD101519,2024-12-30,CUST1759,VIP,Electronics,Electronics Product 2,East,Marketplace,UPI,28467.23,4,0,113868.92,Cancelled,3.8,0,12,4,2024,29605.9192
ORD101520,2023-11-29,CUST9508,Returning,Books,Books Product 43,South,Mobile App,Net Banking,340.19,1,0,340.19,Cancelled,4.2,0,11,4,2023,112.26270000000001
ORD101521,2024-01-26,CUST2572,New,Beauty,Beauty Product 12,Central,Marketplace,UPI,2766.5,4,0,11066.0,Cancelled,4.2,1,1,1,2024,3651.78
ORD101522,2024-09-03,CUST2908,At-Risk,Beauty,Beauty Product 36,South,Website,Wallet,828.79,1,15,704.47,Cancelled,4.2,0,9,3,2024,147.9387
ORD101523,2024-06-27,CUST3110,VIP,Clothing,Clothing Product 7,West,Website,UPI,641.56,1,0,641.56,Delivered,4.1,0,6,2,2024,198.88359999999997
ORD101524,2023-10-29,CUST7988,VIP,Home & Kitchen,Home & Kitchen Product 20,West,Website,Credit Card,447.73,1,0,447.73,Cancelled,4.7,0,10,4,2023,170.1374
ORD101525,2024-04-09,CUST1294,New,Sports,Sports Product 14,North,Marketplace,UPI,8496.08,1,25,6372.06,Cancelled,4.0,1,4,2,2024,1847.8974
ORD101526,2024-06-01,CUST1690,New,Electronics,Electronics Product 22,South,Social Media,Wallet,60329.24,1,0,60329.24,Cancelled,3.2,0,6,2,2024,8446.0936
ORD101527,2024-09-11,CUST4161,New,Beauty,Beauty Product 15,West,Website,Credit Card,2452.04,1,15,2084.23,Returned,3.5,0,9,3,2024,625.269
ORD101528,2024-03-16,CUST1907,At-Risk,Toys,Toys Product 5,Central,Mobile App,Wallet,2237.63,3,0,6712.89,Delivered,2.4,0,3,1,2024,872.6757000000001
ORD101529,2023-04-12,CUST9523,Returning,Home & Kitchen,Home & Kitchen Product 9,South,Marketplace,Net Banking,972.96,2,15,1654.03,Cancelled,5.0,0,4,2,2023,595.4508
ORD101530,2024-12-19,CUST4328,New,Toys,Toys Product 30,West,Social Media,Net Banking,3246.71,1,10,2922.04,Delivered,4.7,0,12,4,2024,730.51
ORD101531,2023-04-28,CUST6919,Returning,Home & Kitchen,Home & Kitchen Product 39,Central,Marketplace,Credit Card,13136.86,2,20,21018.98,Delivered,3.3,0,4,2,2023,4624.1756
ORD101532,2024-11-01,CUST7399,At-Risk,Clothing,Clothing Product 17,East,Social Media,Credit Card,1399.63,2,20,2239.41,Delivered,3.8,0,11,4,2024,268.7292
ORD101533,2024-10-28,CUST7518,Returning,Sports,Sports Product 50,Central,Website,Wallet,1514.92,1,0,1514.92,Returned,3.5,1,10,4,2024,318.1332
ORD101534,2024-07-18,CUST2448,New,Beauty,Beauty Product 44,Central,Website,Credit Card,311.47,1,0,311.47,Delivered,5.0,0,7,3,2024,115.24390000000001
ORD101535,2023-08-09,CUST1446,At-Risk,Electronics,Electronics Product 44,Central,Social Media,Credit Card,35365.19,1,0,35365.19,Processing,2.9,0,8,3,2023,3890.1709
ORD101536,2024-03-16,CUST7328,Returning,Sports,Sports Product 44,East,Marketplace,UPI,5938.88,1,10,5344.99,Cancelled,4.1,0,3,1,2024,1282.7975999999999
ORD101537,2024-04-07,CUST3523,VIP,Toys,Toys Product 44,South,Mobile App,UPI,1393.68,2,20,2229.89,Shipped,3.9,0,4,2,2024,847.3582
ORD101538,2023-08-22,CUST8465,Returning,Clothing,Clothing Product 15,South,Social Media,Wallet,3091.6,1,5,2937.02,Shipped,4.7,0,8,3,2023,646.1444
ORD101539,2024-02-28,CUST2190,VIP,Automotive,Automotive Product 15,East,Mobile App,Net Banking,44608.9,2,10,80296.02,Returned,3.9,0,2,1,2024,18468.084600000002
ORD101540,2023-12-14,CUST6249,VIP,Books,Books Product 49,South,Marketplace,Debit Card,798.66,2,0,1597.32,Delivered,2.6,0,12,4,2023,431.2764
ORD101541,2024-04-09,CUST4487,Returning,Beauty,Beauty Product 32,Central,Marketplace,UPI,519.69,1,15,441.74,Shipped,3.8,0,4,2,2024,106.0176
ORD101542,2024-02-13,CUST2637,New,Automotive,Automotive Product 40,West,Marketplace,Debit Card,20372.68,2,25,30559.02,Returned,3.2,0,2,1,2024,4583.853
ORD101543,2024-03-01,CUST3875,VIP,Sports,Sports Product 49,East,Marketplace,Debit Card,13288.62,1,0,13288.62,Cancelled,4.1,0,3,1,2024,1461.7482
ORD101544,2023-04-08,CUST4581,At-Risk,Books,Books Product 22,East,Social Media,Net Banking,559.61,5,5,2658.15,Delivered,5.0,0,4,2,2023,744.2820000000002
ORD101545,2023-11-17,CUST5161,New,Sports,Sports Product 13,East,Mobile App,UPI,1897.01,1,0,1897.01,Cancelled,2.6,0,11,4,2023,720.8638
ORD101546,2024-03-13,CUST6579,At-Risk,Home & Kitchen,Home & Kitchen Product 6,Central,Website,Wallet,14094.04,3,10,38053.91,Processing,3.4,1,3,1,2024,4947.0083
ORD101547,2023-11-17,CUST6829,At-Risk,Clothing,Clothing Product 47,East,Mobile App,Net Banking,1188.13,2,5,2257.45,Cancelled,3.6,1,11,4,2023,361.19199999999995
ORD101548,2024-11-12,CUST1852,VIP,Beauty,Beauty Product 47,South,Website,Net Banking,2159.98,1,0,2159.98,Cancelled,3.7,0,11,4,2024,453.5958
ORD101549,2023-09-19,CUST8041,New,Electronics,Electronics Product 7,West,Mobile App,UPI,65167.27,2,5,123817.81,Processing,4.6,0,9,3,2023,42098.055400000005
ORD101550,2024-01-19,CUST9340,VIP,Books,Books Product 8,Central,Marketplace,Debit Card,728.35,5,0,3641.75,Processing,3.9,0,1,1,2024,655.515
ORD101551,2023-06-06,CUST4004,New,Clothing,Clothing Product 10,West,Marketplace,Wallet,4322.05,2,5,8211.9,Processing,4.3,0,6,2,2023,2956.2839999999997
ORD101552,2024-12-04,CUST8147,New,Automotive,Automotive Product 16,Central,Social Media,UPI,22622.26,3,10,61080.1,Shipped,3.5,0,12,4,2024,7329.611999999999
ORD101553,2024-04-30,CUST2782,New,Electronics,Electronics Product 43,North,Mobile App,Wallet,24566.15,4,0,98264.6,Returned,4.2,0,4,2,2024,37340.548
ORD101554,2023-03-10,CUST8952,Returning,Automotive,Automotive Product 23,North,Mobile App,Debit Card,18853.13,1,15,16025.16,Shipped,4.6,0,3,1,2023,4326.7932
ORD101555,2023-04-04,CUST8950,New,Home & Kitchen,Home & Kitchen Product 37,North,Mobile App,Credit Card,8405.67,1,10,7565.1,Delivered,3.4,0,4,2,2023,2269.53
ORD101556,2023-03-29,CUST7954,Returning,Books,Books Product 2,East,Marketplace,UPI,708.28,2,0,1416.56,Shipped,4.6,0,3,1,2023,297.4776
ORD101557,2023-04-06,CUST3336,VIP,Beauty,Beauty Product 18,South,Website,Credit Card,845.99,1,0,845.99,Shipped,4.0,0,4,2,2023,279.17670000000004
ORD101558,2024-03-18,CUST4454,VIP,Automotive,Automotive Product 11,South,Social Media,Net Banking,44734.54,3,15,114073.08,Returned,4.8,1,3,1,2024,17110.962
ORD101559,2023-04-09,CUST9593,Returning,Sports,Sports Product 26,North,Website,Credit Card,6649.64,4,25,19948.92,Returned,3.8,0,4,2,2023,2194.3812
ORD101560,2024-01-17,CUST5321,VIP,Beauty,Beauty Product 23,West,Social Media,Wallet,1693.04,1,0,1693.04,Returned,4.3,0,1,1,2024,372.4688
ORD101561,2023-05-14,CUST5757,New,Home & Kitchen,Home & Kitchen Product 12,East,Mobile App,Net Banking,1834.36,1,0,1834.36,Returned,4.0,1,5,2,2023,660.3696
ORD101562,2024-07-23,CUST1660,Returning,Clothing,Clothing Product 30,North,Marketplace,Debit Card,1863.85,3,0,5591.55,Shipped,3.9,0,7,3,2024,1845.2115000000001
ORD101563,2023-03-03,CUST2897,Returning,Home & Kitchen,Home & Kitchen Product 17,Central,Mobile App,UPI,6339.26,1,10,5705.33,Cancelled,4.2,0,3,1,2023,1483.3858
ORD101564,2024-08-23,CUST4966,New,Books,Books Product 10,Central,Marketplace,Credit Card,765.39,3,0,2296.17,Shipped,4.4,0,8,3,2024,619.9659
ORD101565,2024-07-29,CUST5980,New,Electronics,Electronics Product 36,North,Social Media,Debit Card,39153.51,1,0,39153.51,Delivered,3.0,1,7,3,2024,5481.491400000001
ORD101566,2024-07-29,CUST1081,At-Risk,Automotive,Automotive Product 28,East,Social Media,Debit Card,4659.55,2,10,8387.19,Cancelled,5.0,1,7,3,2024,2935.5165
ORD101567,2023-12-04,CUST9647,New,Toys,Toys Product 44,Central,Website,UPI,3665.79,1,10,3299.21,Delivered,2.5,0,12,4,2023,1121.7314000000001
ORD101568,2024-11-17,CUST8330,VIP,Clothing,Clothing Product 25,West,Marketplace,Debit Card,4238.84,2,0,8477.68,Cancelled,3.5,0,11,4,2024,2543.304
ORD101569,2023-05-06,CUST4179,At-Risk,Electronics,Electronics Product 12,West,Marketplace,Debit Card,41919.1,1,5,39823.14,Delivered,3.9,0,5,2,2023,9557.5536
ORD101570,2024-02-25,CUST6613,New,Sports,Sports Product 43,North,Social Media,UPI,6376.81,2,10,11478.26,Processing,4.3,0,2,1,2024,4476.5214000000005
ORD101571,2023-12-29,CUST5889,Returning,Electronics,Electronics Product 23,East,Website,Debit Card,44460.77,1,0,44460.77,Shipped,5.0,0,12,4,2023,16005.877199999999
ORD101572,2024-11-12,CUST4889,At-Risk,Clothing,Clothing Product 8,East,Website,Net Banking,789.19,2,0,1578.38,Cancelled,2.5,0,11,4,2024,457.7302
ORD101573,2024-03-09,CUST8813,Returning,Beauty,Beauty Product 45,East,Social Media,Net Banking,2216.0,3,20,5318.4,Processing,3.6,0,3,1,2024,1116.8639999999998
ORD101574,2023-02-22,CUST9660,New,Automotive,Automotive Product 4,Central,Website,UPI,39566.65,1,0,39566.65,Shipped,2.3,0,2,1,2023,11474.3285
ORD101575,2023-10-22,CUST3236,At-Risk,Electronics,Electronics Product 34,North,Mobile App,Net Banking,3351.48,1,10,3016.33,Delivered,4.0,0,10,4,2023,814.4091000000001
ORD101576,2024-09-06,CUST7675,New,Clothing,Clothing Product 24,West,Website,Net Banking,1328.51,1,20,1062.81,Cancelled,4.2,0,9,3,2024,233.8182
ORD101577,2023-11-16,CUST1755,New,Sports,Sports Product 32,South,Website,Net Banking,9029.44,2,0,18058.88,Returned,5.0,0,11,4,2023,3431.1872000000003
ORD101578,2023-12-27,CUST4472,Returning,Electronics,Electronics Product 15,West,Social Media,Net Banking,61253.26,2,0,122506.52,Cancelled,4.1,0,12,4,2023,26951.434400000002
ORD101579,2023-04-17,CUST4829,Returning,Sports,Sports Product 34,Central,Marketplace,Debit Card,19079.68,2,10,34343.42,Returned,4.8,0,4,2,2023,9272.7234
ORD101580,2024-08-14,CUST7132,New,Books,Books Product 13,West,Website,UPI,114.9,1,20,91.92,Processing,4.5,1,8,3,2024,21.1416
ORD101581,2024-06-03,CUST3033,Returning,Beauty,Beauty Product 36,Central,Social Media,Debit Card,2533.53,1,20,2026.82,Returned,3.7,1,6,2,2024,364.82759999999996
ORD101582,2023-08-06,CUST1874,New,Books,Books Product 46,North,Mobile App,Net Banking,289.21,2,10,520.58,Cancelled,2.9,0,8,3,2023,171.7914
ORD101583,2023-06-08,CUST2678,At-Risk,Books,Books Product 44,South,Marketplace,UPI,511.77,1,0,511.77,Processing,4.2,1,6,2,2023,133.0602
ORD101584,2024-11-03,CUST7071,New,Sports,Sports Product 23,East,Mobile App,Wallet,6288.09,5,10,28296.41,Shipped,2.8,0,11,4,2024,3395.5692
ORD101585,2024-05-08,CUST8397,New,Sports,Sports Product 23,Central,Website,Net Banking,19315.89,1,5,18350.1,Delivered,5.0,0,5,2,2024,3853.5209999999997
ORD101586,2023-08-18,CUST1295,New,Beauty,Beauty Product 19,North,Marketplace,UPI,320.2,2,5,608.38,Cancelled,3.9,1,8,3,2023,225.1006
ORD101587,2023-04-21,CUST1778,VIP,Automotive,Automotive Product 22,South,Website,Credit Card,42845.05,1,0,42845.05,Delivered,5.0,1,4,2,2023,14138.866500000002
ORD101588,2023-12-25,CUST9313,New,Clothing,Clothing Product 6,North,Mobile App,Debit Card,2042.89,1,0,2042.89,Cancelled,3.6,0,12,4,2023,408.57800000000003
ORD101589,2024-07-23,CUST7033,New,Sports,Sports Product 17,East,Website,Credit Card,769.43,2,15,1308.03,Delivered,4.2,0,7,3,2024,497.0514
ORD101590,2024-01-12,CUST2062,Returning,Home & Kitchen,Home & Kitchen Product 41,West,Mobile App,Credit Card,5924.05,2,5,11255.7,Delivered,4.2,0,1,1,2024,1350.684
ORD101591,2023-04-28,CUST5740,VIP,Home & Kitchen,Home & Kitchen Product 49,South,Mobile App,UPI,6827.09,5,0,34135.45,Cancelled,4.0,0,4,2,2023,13312.825499999999
ORD101592,2023-10-13,CUST5681,At-Risk,Sports,Sports Product 28,West,Marketplace,Wallet,4799.19,1,0,4799.19,Returned,3.7,0,10,4,2023,815.8623
ORD101593,2024-08-10,CUST3978,New,Clothing,Clothing Product 3,South,Website,Net Banking,2020.77,1,20,1616.62,Processing,4.3,1,8,3,2024,161.662
ORD101594,2023-08-20,CUST1258,Returning,Electronics,Electronics Product 39,North,Social Media,Wallet,52964.09,2,10,95335.36,Returned,3.3,0,8,3,2023,21927.1328
ORD101595,2024-03-15,CUST8423,New,Clothing,Clothing Product 41,West,Marketplace,Credit Card,2755.96,2,0,5511.92,Shipped,3.0,0,3,1,2024,1157.5031999999999
ORD101596,2024-07-28,CUST5181,At-Risk,Books,Books Product 6,South,Social Media,UPI,562.28,1,0,562.28,Cancelled,5.0,0,7,3,2024,146.1928
ORD101597,2024-09-28,CUST3713,New,Beauty,Beauty Product 38,West,Website,Credit Card,239.22,1,0,239.22,Delivered,4.6,0,9,3,2024,81.3348
ORD101598,2024-09-20,CUST7600,At-Risk,Beauty,Beauty Product 15,West,Social Media,Net Banking,2324.54,1,20,1859.63,Shipped,4.1,0,9,3,2024,650.8705
ORD101599,2024-11-22,CUST7893,At-Risk,Sports,Sports Product 21,North,Website,Net Banking,18769.59,4,10,67570.52,Delivered,5.0,0,11,4,2024,14865.514400000002
ORD101600,2024-10-20,CUST7158,New,Home & Kitchen,Home & Kitchen Product 7,South,Marketplace,Credit Card,13677.79,1,5,12993.9,Delivered,3.8,0,10,4,2024,2988.597
ORD101601,2024-07-24,CUST5856,New,Sports,Sports Product 6,South,Social Media,Debit Card,15187.77,1,10,13668.99,Shipped,5.0,1,7,3,2024,1913.6586000000002
ORD101602,2023-01-27,CUST8474,At-Risk,Books,Books Product 31,South,Marketplace,Wallet,335.35,1,0,335.35,Returned,4.1,0,1,1,2023,36.8885
ORD101603,2024-09-15,CUST2468,Returning,Home & Kitchen,Home & Kitchen Product 43,East,Website,Credit Card,12473.92,1,15,10602.83,Processing,3.2,0,9,3,2024,3074.8206999999998
ORD101604,2024-11-04,CUST9555,VIP,Clothing,Clothing Product 20,Central,Marketplace,Net Banking,1460.16,1,5,1387.15,Cancelled,5.0,0,11,4,2024,166.458
ORD101605,2024-12-11,CUST5842,New,Sports,Sports Product 23,East,Marketplace,Credit Card,15165.04,2,0,30330.08,Returned,4.8,0,12,4,2024,9705.625600000001
ORD101606,2023-10-01,CUST3378,VIP,Beauty,Beauty Product 23,North,Website,Wallet,767.15,1,0,767.15,Processing,3.9,1,10,4,2023,199.459
ORD101607,2023-01-30,CUST9769,New,Automotive,Automotive Product 21,Central,Mobile App,Wallet,2145.38,3,5,6114.33,Returned,4.6,0,1,1,2023,978.2928
ORD101608,2023-07-04,CUST6999,VIP,Electronics,Electronics Product 49,North,Mobile App,Credit Card,58200.01,1,20,46560.01,Delivered,3.7,0,7,3,2023,12105.6026
ORD101609,2023-10-07,CUST7293,At-Risk,Home & Kitchen,Home & Kitchen Product 44,South,Mobile App,Net Banking,9436.5,2,0,18873.0,Shipped,4.7,0,10,4,2023,2830.95
ORD101610,2024-12-20,CUST5066,VIP,Electronics,Electronics Product 15,Central,Social Media,UPI,69326.51,4,20,221844.83,Delivered,2.1,0,12,4,2024,51024.3109
ORD101611,2023-11-13,CUST3407,VIP,Automotive,Automotive Product 45,East,Social Media,Net Banking,39304.54,2,15,66817.72,Shipped,3.2,0,11,4,2023,22718.024800000003
ORD101612,2023-12-14,CUST6412,New,Electronics,Electronics Product 30,East,Marketplace,Net Banking,74321.03,2,0,148642.06,Shipped,4.8,0,12,4,2023,35674.094399999994
ORD101613,2023-12-26,CUST2686,New,Clothing,Clothing Product 45,Central,Website,Net Banking,3811.52,1,0,3811.52,Delivered,3.8,0,12,4,2023,533.6128
ORD101614,2023-01-07,CUST5823,New,Toys,Toys Product 3,Central,Mobile App,Wallet,3268.11,1,0,3268.11,Shipped,4.2,0,1,1,2023,1045.7952
ORD101615,2023-07-05,CUST1348,Returning,Electronics,Electronics Product 49,Central,Marketplace,Net Banking,44486.89,2,10,80076.4,Delivered,2.9,0,7,3,2023,12812.224
ORD101616,2023-05-27,CUST9199,At-Risk,Clothing,Clothing Product 27,West,Website,UPI,4771.87,5,0,23859.35,Returned,5.0,0,5,2,2023,7634.991999999999
ORD101617,2024-08-02,CUST6072,VIP,Toys,Toys Product 9,West,Marketplace,Net Banking,3743.4,2,0,7486.8,Cancelled,5.0,0,8,3,2024,1796.8319999999999
ORD101618,2024-11-04,CUST4185,Returning,Toys,Toys Product 31,South,Social Media,Debit Card,1292.19,2,5,2455.16,Delivered,3.8,0,11,4,2024,589.2384
ORD101619,2024-02-15,CUST3869,VIP,Home & Kitchen,Home & Kitchen Product 12,West,Marketplace,Credit Card,14866.1,2,10,26758.98,Returned,3.7,0,2,1,2024,9633.2328
ORD101620,2023-03-13,CUST4119,Returning,Automotive,Automotive Product 35,Central,Website,Net Banking,27110.26,1,0,27110.26,Delivered,4.8,0,3,1,2023,8404.1806
ORD101621,2023-05-26,CUST2775,New,Beauty,Beauty Product 7,South,Social Media,Credit Card,1357.93,1,5,1290.03,Processing,5.0,0,5,2,2023,141.9033
ORD101622,2024-10-10,CUST4030,New,Sports,Sports Product 27,Central,Website,Debit Card,14496.72,2,5,27543.77,Shipped,4.8,0,10,4,2024,5233.3163
ORD101623,2023-02-01,CUST4654,At-Risk,Beauty,Beauty Product 30,East,Marketplace,UPI,2341.69,5,5,11123.03,Shipped,5.0,0,2,1,2023,4004.2908
ORD101624,2023-04-04,CUST5823,Returning,Books,Books Product 13,West,Social Media,Debit Card,282.07,1,15,239.76,Shipped,3.3,1,4,2,2023,26.3736
ORD101625,2024-06-27,CUST3314,At-Risk,Clothing,Clothing Product 16,Central,Mobile App,UPI,4809.46,2,0,9618.92,Returned,3.3,0,6,2,2024,2500.9192000000003
ORD101626,2023-08-09,CUST8043,New,Automotive,Automotive Product 29,East,Website,Net Banking,23792.76,1,15,20223.85,Processing,3.0,0,8,3,2023,6471.632
ORD101627,2024-01-21,CUST7622,At-Risk,Home & Kitchen,Home & Kitchen Product 17,East,Marketplace,Net Banking,14891.41,2,10,26804.54,Cancelled,4.4,1,1,1,2024,7773.3166
ORD101628,2024-03-05,CUST1897,Returning,Clothing,Clothing Product 25,North,Mobile App,Wallet,1343.49,1,10,1209.14,Cancelled,4.1,0,3,1,2024,399.0162
ORD101629,2024-04-09,CUST7681,At-Risk,Automotive,Automotive Product 7,Central,Marketplace,Debit Card,45459.46,1,10,40913.51,Cancelled,3.9,0,4,2,2024,13092.3232
ORD101630,2023-12-16,CUST1376,New,Clothing,Clothing Product 9,South,Mobile App,Credit Card,1547.36,3,5,4409.98,Delivered,4.6,1,12,4,2023,1367.0937999999999
ORD101631,2023-06-11,CUST8749,Returning,Automotive,Automotive Product 6,East,Mobile App,Debit Card,34383.86,1,0,34383.86,Delivered,5.0,1,6,2,2023,12034.350999999999
ORD101632,2024-01-14,CUST3539,At-Risk,Sports,Sports Product 43,West,Website,Debit Card,5778.1,2,10,10400.58,Cancelled,2.8,0,1,1,2024,3016.1681999999996
ORD101633,2023-11-16,CUST7520,New,Automotive,Automotive Product 21,East,Website,UPI,49941.26,3,5,142332.59,Processing,3.5,0,11,4,2023,31313.1698
ORD101634,2023-11-29,CUST2928,At-Risk,Automotive,Automotive Product 31,North,Website,Debit Card,38749.89,4,10,139499.6,Cancelled,4.7,0,11,4,2023,33479.904
ORD101635,2024-08-04,CUST8490,New,Books,Books Product 24,North,Marketplace,Net Banking,307.08,1,0,307.08,Shipped,3.6,0,8,3,2024,98.26559999999999
ORD101636,2024-09-02,CUST7843,At-Risk,Books,Books Product 28,North,Mobile App,Wallet,499.76,1,20,399.81,Delivered,3.4,1,9,3,2024,143.9316
ORD101637,2023-03-28,CUST1500,New,Home & Kitchen,Home & Kitchen Product 47,West,Marketplace,UPI,867.51,1,10,780.76,Returned,4.8,0,3,1,2023,140.5368
ORD101638,2023-02-23,CUST8241,New,Sports,Sports Product 47,South,Website,Debit Card,5775.69,5,0,28878.45,Shipped,3.0,1,2,1,2023,5775.6900000000005
ORD101639,2023-06-09,CUST3849,At-Risk,Beauty,Beauty Product 49,West,Marketplace,UPI,915.93,4,5,3480.53,Delivered,3.8,0,6,2,2023,1322.6014
ORD101640,2023-06-11,CUST4537,Returning,Toys,Toys Product 48,West,Website,UPI,1151.95,2,15,1958.32,Processing,4.3,0,6,2,2023,528.7464
ORD101641,2024-09-24,CUST6070,Returning,Home & Kitchen,Home & Kitchen Product 11,North,Marketplace,Wallet,9899.56,3,15,25243.88,Delivered,3.5,0,9,3,2024,3786.582
ORD101642,2023-02-20,CUST4737,Returning,Beauty,Beauty Product 49,South,Website,Net Banking,2348.96,2,5,4463.02,Returned,4.6,0,2,1,2023,1338.9060000000002
ORD101643,2024-11-21,CUST9519,At-Risk,Beauty,Beauty Product 28,Central,Website,Net Banking,185.17,2,20,296.27,Processing,3.5,0,11,4,2024,118.508
ORD101644,2023-03-25,CUST4610,VIP,Automotive,Automotive Product 17,West,Mobile App,Net Banking,15899.24,1,0,15899.24,Shipped,5.0,0,3,1,2023,5564.7339999999995
ORD101645,2023-10-06,CUST6337,At-Risk,Automotive,Automotive Product 7,South,Marketplace,Debit Card,33310.2,3,5,94934.07,Returned,3.9,0,10,4,2023,30378.902400000003
ORD101646,2024-03-29,CUST6927,At-Risk,Electronics,Electronics Product 12,East,Social Media,UPI,66961.98,1,20,53569.58,Shipped,4.5,1,3,1,2024,8571.132800000001
ORD101647,2024-11-08,CUST4997,New,Clothing,Clothing Product 49,West,Mobile App,Credit Card,4268.44,3,20,10244.26,Returned,4.6,0,11,4,2024,3687.9336
ORD101648,2024-03-10,CUST9523,Returning,Automotive,Automotive Product 28,West,Website,Net Banking,22635.39,3,10,61115.55,Delivered,3.5,0,3,1,2024,15890.043000000001
ORD101649,2024-05-12,CUST3269,At-Risk,Clothing,Clothing Product 2,West,Marketplace,Wallet,282.88,2,20,452.61,Cancelled,2.4,0,5,2,2024,167.4657
ORD101650,2024-09-13,CUST1286,VIP,Beauty,Beauty Product 33,North,Mobile App,Credit Card,175.28,1,0,175.28,Cancelled,4.3,0,9,3,2024,35.056000000000004
ORD101651,2024-03-28,CUST5664,Returning,Automotive,Automotive Product 17,North,Social Media,Credit Card,2620.59,1,20,2096.47,Delivered,4.1,0,3,1,2024,251.57639999999998
ORD101652,2024-02-29,CUST1050,New,Automotive,Automotive Product 34,South,Marketplace,Net Banking,18449.2,1,0,18449.2,Delivered,4.4,0,2,1,2024,4427.808
ORD101653,2023-10-07,CUST6647,At-Risk,Home & Kitchen,Home & Kitchen Product 8,East,Mobile App,Debit Card,9674.82,1,0,9674.82,Cancelled,3.8,0,10,4,2023,1741.4676
ORD101654,2023-08-09,CUST7676,At-Risk,Sports,Sports Product 33,Central,Website,Wallet,11309.52,1,0,11309.52,Processing,3.7,0,8,3,2023,3505.9512
ORD101655,2024-06-08,CUST2930,New,Beauty,Beauty Product 42,East,Website,Debit Card,1314.54,4,5,4995.25,Shipped,5.0,0,6,2,2024,1948.1475
ORD101656,2023-04-27,CUST3334,New,Home & Kitchen,Home & Kitchen Product 29,South,Mobile App,Wallet,8819.68,2,0,17639.36,Delivered,2.8,0,4,2,2023,5468.2016
ORD101657,2023-12-20,CUST8113,Returning,Clothing,Clothing Product 26,South,Website,UPI,581.83,1,0,581.83,Delivered,4.6,0,12,4,2023,215.27710000000002
ORD101658,2024-03-16,CUST6592,VIP,Toys,Toys Product 11,South,Website,Net Banking,3608.77,1,0,3608.77,Delivered,3.5,0,3,1,2024,866.1048
ORD101659,2023-04-24,CUST1490,New,Clothing,Clothing Product 1,North,Social Media,Net Banking,2846.95,1,0,2846.95,Delivered,3.7,0,4,2,2023,939.4935
ORD101660,2023-10-18,CUST9998,VIP,Beauty,Beauty Product 38,North,Marketplace,UPI,2866.89,2,10,5160.4,Returned,3.7,0,10,4,2023,1806.1399999999996
ORD101661,2024-11-25,CUST3412,VIP,Clothing,Clothing Product 40,Central,Website,Net Banking,2314.11,2,5,4396.81,Cancelled,3.4,1,11,4,2024,1363.0111000000002
ORD101662,2024-11-25,CUST7655,At-Risk,Sports,Sports Product 4,North,Mobile App,Credit Card,5456.94,4,0,21827.76,Shipped,4.5,0,11,4,2024,5456.94
ORD101663,2024-08-30,CUST6877,New,Automotive,Automotive Product 28,East,Website,Debit Card,39507.4,1,10,35556.66,Processing,5.0,0,8,3,2024,10311.4314
ORD101664,2024-05-13,CUST9921,New,Toys,Toys Product 37,West,Marketplace,Net Banking,1186.26,5,20,4745.04,Delivered,4.4,0,5,2,2024,1470.9624
ORD101665,2024-06-23,CUST3402,Returning,Toys,Toys Product 15,South,Marketplace,Credit Card,2080.73,3,15,5305.86,Shipped,4.1,0,6,2,2024,955.0547999999999
ORD101666,2024-11-14,CUST8113,VIP,Books,Books Product 6,North,Social Media,UPI,259.19,1,0,259.19,Returned,3.2,0,11,4,2024,88.1246
ORD101667,2023-11-12,CUST5358,VIP,Books,Books Product 39,Central,Social Media,Wallet,222.15,4,10,799.74,Shipped,4.4,0,11,4,2023,311.8986
ORD101668,2023-02-16,CUST2531,Returning,Home & Kitchen,Home & Kitchen Product 28,South,Social Media,Wallet,13107.22,1,0,13107.22,Shipped,5.0,1,2,1,2023,3145.7327999999998
ORD101669,2023-08-14,CUST7265,Returning,Automotive,Automotive Product 16,Central,Marketplace,Debit Card,33074.13,3,0,99222.39,Shipped,3.7,0,8,3,2023,30758.940899999998
ORD101670,2024-02-09,CUST7198,Returning,Toys,Toys Product 2,South,Marketplace,Net Banking,1084.16,1,0,1084.16,Cancelled,3.7,0,2,1,2024,346.93120000000005
ORD101671,2024-09-05,CUST6647,At-Risk,Clothing,Clothing Product 16,East,Website,Debit Card,3342.08,4,15,11363.07,Delivered,3.6,0,9,3,2024,3408.921
ORD101672,2023-02-26,CUST7667,Returning,Beauty,Beauty Product 40,Central,Mobile App,Credit Card,675.13,3,0,2025.39,Delivered,3.6,0,2,1,2023,526.6014
ORD101673,2023-01-08,CUST2192,Returning,Books,Books Product 39,South,Social Media,Wallet,454.7,3,0,1364.1,Shipped,1.8,0,1,1,2023,491.07599999999996
ORD101674,2023-07-29,CUST4549,New,Toys,Toys Product 22,Central,Mobile App,Net Banking,1873.17,3,0,5619.51,Returned,4.3,0,7,3,2023,1292.4873
ORD101675,2023-11-05,CUST1244,At-Risk,Toys,Toys Product 5,West,Website,Debit Card,1405.87,1,20,1124.7,Delivered,3.3,0,11,4,2023,134.964
ORD101676,2023-08-05,CUST8895,New,Beauty,Beauty Product 28,South,Mobile App,Net Banking,1727.21,1,10,1554.49,Shipped,2.7,1,8,3,2023,544.0715
ORD101677,2023-05-21,CUST7978,At-Risk,Books,Books Product 48,South,Social Media,UPI,259.57,1,0,259.57,Delivered,4.6,0,5,2,2023,77.871
ORD101678,2023-09-19,CUST2609,At-Risk,Home & Kitchen,Home & Kitchen Product 32,North,Social Media,Net Banking,14290.05,1,10,12861.04,Cancelled,3.1,0,9,3,2023,4501.364
ORD101679,2023-10-24,CUST3387,VIP,Clothing,Clothing Product 4,North,Marketplace,UPI,4961.46,2,5,9426.77,Cancelled,3.7,0,10,4,2023,1319.7478
ORD101680,2023-12-02,CUST4117,At-Risk,Automotive,Automotive Product 20,West,Website,UPI,48783.89,1,10,43905.5,Delivered,5.0,0,12,4,2023,4829.6050000000005
ORD101681,2023-05-03,CUST9659,VIP,Clothing,Clothing Product 22,Central,Social Media,Debit Card,277.37,5,0,1386.85,Cancelled,2.9,0,5,2,2023,527.0029999999999
ORD101682,2023-01-08,CUST6139,At-Risk,Automotive,Automotive Product 3,Central,Marketplace,Wallet,42370.6,2,20,67792.96,Processing,2.8,0,1,1,2023,9491.014400000002
ORD101683,2024-05-24,CUST6518,At-Risk,Beauty,Beauty Product 46,South,Marketplace,Credit Card,2570.81,3,0,7712.43,Delivered,4.2,0,5,2,2024,2622.2262
ORD101684,2024-03-16,CUST2969,New,Clothing,Clothing Product 22,North,Website,Wallet,2794.12,1,10,2514.71,Delivered,4.9,0,3,1,2024,880.1485
ORD101685,2023-06-29,CUST5127,At-Risk,Automotive,Automotive Product 47,South,Marketplace,UPI,3000.87,3,0,9002.61,Processing,2.7,0,6,2,2023,2790.8091
ORD101686,2023-05-13,CUST4146,At-Risk,Home & Kitchen,Home & Kitchen Product 40,West,Mobile App,Credit Card,3750.04,4,0,15000.16,Returned,4.3,1,5,2,2023,2100.0224000000003
ORD101687,2024-01-25,CUST5375,VIP,Sports,Sports Product 38,South,Mobile App,Wallet,2539.6,1,0,2539.6,Cancelled,4.5,0,1,1,2024,761.88
ORD101688,2024-06-29,CUST7531,New,Toys,Toys Product 35,West,Website,UPI,2126.36,2,5,4040.08,Returned,2.4,1,6,2,2024,1494.8296
ORD101689,2024-12-21,CUST9871,At-Risk,Clothing,Clothing Product 10,East,Website,Net Banking,743.28,3,0,2229.84,Delivered,4.6,0,12,4,2024,512.8632
ORD101690,2023-08-24,CUST3440,New,Clothing,Clothing Product 9,East,Website,Net Banking,571.76,1,15,486.0,Shipped,4.7,0,8,3,2023,106.92
ORD101691,2024-05-27,CUST4942,Returning,Toys,Toys Product 44,Central,Website,Debit Card,975.36,2,0,1950.72,Returned,3.8,0,5,2,2024,448.66560000000004
ORD101692,2024-07-26,CUST6091,VIP,Beauty,Beauty Product 46,East,Mobile App,Credit Card,1775.54,1,10,1597.99,Delivered,5.0,0,7,3,2024,191.7588
ORD101693,2024-11-15,CUST9339,Returning,Automotive,Automotive Product 47,South,Website,Credit Card,41593.58,1,15,35354.54,Returned,4.9,0,11,4,2024,13081.1798
ORD101694,2023-12-29,CUST5454,New,Electronics,Electronics Product 27,South,Marketplace,Net Banking,54640.79,1,10,49176.71,Returned,4.1,0,12,4,2023,17703.615599999997
ORD101695,2023-03-15,CUST1664,VIP,Clothing,Clothing Product 29,North,Mobile App,Debit Card,542.69,1,10,488.42,Shipped,3.6,0,3,1,2023,195.36800000000002
ORD101696,2024-02-11,CUST1482,New,Books,Books Product 15,West,Mobile App,Net Banking,398.53,1,10,358.68,Returned,3.2,0,2,1,2024,100.4304
ORD101697,2023-02-13,CUST3690,New,Home & Kitchen,Home & Kitchen Product 44,South,Website,Debit Card,4461.34,1,0,4461.34,Shipped,4.0,1,2,1,2023,1472.2422000000001
ORD101698,2024-03-22,CUST8838,At-Risk,Electronics,Electronics Product 7,North,Marketplace,Credit Card,2463.22,5,15,10468.68,Delivered,4.5,0,3,1,2024,1674.9888
ORD101699,2023-01-20,CUST4665,VIP,Home & Kitchen,Home & Kitchen Product 12,North,Social Media,Credit Card,9222.41,2,0,18444.82,Processing,3.7,0,1,1,2023,5533.446
ORD101700,2024-04-15,CUST1016,Returning,Home & Kitchen,Home & Kitchen Product 49,Central,Mobile App,UPI,5596.22,5,10,25182.99,Processing,2.2,0,4,2,2024,7303.0671
ORD101701,2023-03-21,CUST1106,At-Risk,Automotive,Automotive Product 14,West,Mobile App,Credit Card,48774.86,1,10,43897.37,Delivered,5.0,0,3,1,2023,16242.0269
ORD101702,2023-11-17,CUST9419,New,Sports,Sports Product 18,North,Marketplace,Net Banking,17988.89,1,0,17988.89,Cancelled,4.2,0,11,4,2023,6296.111499999999
ORD101703,2024-08-12,CUST8114,New,Toys,Toys Product 15,Central,Mobile App,UPI,1623.92,2,0,3247.84,Cancelled,3.7,0,8,3,2024,1234.1792
ORD101704,2024-03-15,CUST7400,At-Risk,Automotive,Automotive Product 50,East,Marketplace,Credit Card,47169.99,1,5,44811.49,Delivered,4.7,1,3,1,2024,16132.1364
ORD101705,2024-08-10,CUST7378,New,Books,Books Product 34,South,Website,Net Banking,305.84,1,15,259.96,Returned,5.0,0,8,3,2024,93.58559999999999
ORD101706,2024-02-19,CUST2025,Returning,Books,Books Product 36,Central,Mobile App,Wallet,121.81,2,20,194.9,Shipped,1.8,0,2,1,2024,23.387999999999998
ORD101707,2024-12-27,CUST1903,Returning,Beauty,Beauty Product 34,West,Mobile App,Net Banking,1199.66,1,5,1139.68,Processing,4.3,0,12,4,2024,398.888
ORD101708,2024-10-17,CUST2913,VIP,Sports,Sports Product 3,East,Marketplace,Credit Card,6101.1,2,10,10981.98,Shipped,2.9,0,10,4,2024,3074.9544
ORD101709,2024-03-03,CUST7343,New,Sports,Sports Product 20,North,Social Media,UPI,3341.24,2,20,5345.98,Shipped,4.4,0,3,1,2024,1122.6557999999998
ORD101710,2023-10-24,CUST9255,VIP,Toys,Toys Product 33,West,Mobile App,Wallet,2446.66,1,0,2446.66,Shipped,4.1,0,10,4,2023,293.5992
ORD101711,2023-04-28,CUST4310,Returning,Beauty,Beauty Product 23,South,Social Media,Credit Card,452.76,1,0,452.76,Processing,4.5,0,4,2,2023,135.828
ORD101712,2024-02-19,CUST2229,VIP,Clothing,Clothing Product 6,West,Social Media,Credit Card,1215.1,3,10,3280.77,Delivered,3.6,0,2,1,2024,656.154
ORD101713,2023-01-22,CUST2330,Returning,Electronics,Electronics Product 43,Central,Website,Debit Card,25391.91,1,15,21583.12,Delivered,2.5,0,1,1,2023,5179.948799999999
ORD101714,2023-11-29,CUST4167,New,Toys,Toys Product 19,West,Mobile App,UPI,2919.92,1,20,2335.94,Returned,3.6,0,11,4,2023,700.782
ORD101715,2023-06-25,CUST6486,Returning,Home & Kitchen,Home & Kitchen Product 42,South,Mobile App,Debit Card,11208.04,5,5,53238.19,Shipped,4.3,0,6,2,2023,19698.1303
ORD101716,2024-09-24,CUST1417,Returning,Sports,Sports Product 10,West,Website,Net Banking,15755.96,1,0,15755.96,Returned,4.8,0,9,3,2024,5514.585999999999
ORD101717,2024-04-16,CUST1785,VIP,Electronics,Electronics Product 4,East,Mobile App,Debit Card,57170.8,2,5,108624.52,Shipped,3.1,0,4,2,2024,26069.8848
ORD101718,2024-12-07,CUST2084,VIP,Beauty,Beauty Product 10,North,Marketplace,Wallet,2828.83,5,0,14144.15,Processing,4.8,0,12,4,2024,3111.7129999999997
ORD101719,2024-01-06,CUST7147,New,Electronics,Electronics Product 24,South,Mobile App,Net Banking,30617.76,1,0,30617.76,Delivered,3.5,0,1,1,2024,5205.0192
ORD101720,2023-04-01,CUST9647,Returning,Electronics,Electronics Product 39,Central,Marketplace,UPI,46823.56,1,15,39800.03,Delivered,4.3,0,4,2,2023,8358.0063
ORD101721,2024-03-23,CUST1917,New,Beauty,Beauty Product 16,East,Mobile App,Debit Card,2022.62,1,0,2022.62,Processing,3.6,0,3,1,2024,262.9406
ORD101722,2023-04-19,CUST5575,New,Clothing,Clothing Product 26,East,Mobile App,Net Banking,920.36,1,15,782.31,Cancelled,4.1,1,4,2,2023,305.10089999999997
ORD101723,2023-09-07,CUST2312,VIP,Sports,Sports Product 20,East,Social Media,Debit Card,15347.19,1,5,14579.83,Processing,4.7,0,9,3,2023,3936.5541000000003
ORD101724,2024-03-22,CUST5801,New,Electronics,Electronics Product 24,North,Social Media,Wallet,52112.36,2,10,93802.25,Returned,3.0,0,3,1,2024,13132.315
ORD101725,2024-08-26,CUST2198,At-Risk,Books,Books Product 3,North,Website,UPI,768.63,1,0,768.63,Delivered,3.5,0,8,3,2024,161.4123
ORD101726,2024-02-15,CUST6265,New,Toys,Toys Product 44,North,Social Media,Wallet,3842.78,2,0,7685.56,Returned,4.1,0,2,1,2024,1998.2456000000002
ORD101727,2024-06-20,CUST1890,New,Toys,Toys Product 10,East,Social Media,Wallet,3970.81,5,0,19854.05,Shipped,5.0,0,6,2,2024,5162.053
ORD101728,2023-03-22,CUST8424,VIP,Beauty,Beauty Product 36,North,Social Media,Net Banking,1761.4,3,25,3963.15,Delivered,3.3,0,3,1,2023,435.9465
ORD101729,2024-02-10,CUST7681,Returning,Toys,Toys Product 12,North,Website,Net Banking,3991.69,2,15,6785.87,Processing,5.0,1,2,1,2024,2646.4893
ORD101730,2023-11-14,CUST3903,New,Toys,Toys Product 47,Central,Marketplace,Net Banking,2595.23,1,5,2465.47,Delivered,5.0,1,11,4,2023,443.78459999999995
ORD101731,2023-12-14,CUST9549,Returning,Toys,Toys Product 16,North,Mobile App,Net Banking,2989.01,2,0,5978.02,Processing,3.9,0,12,4,2023,597.802
ORD101732,2023-08-15,CUST4209,New,Toys,Toys Product 7,Central,Mobile App,Credit Card,2248.08,2,20,3596.93,Delivered,3.8,0,8,3,2023,431.6316
ORD101733,2023-12-08,CUST8263,VIP,Books,Books Product 16,East,Social Media,UPI,184.87,1,0,184.87,Shipped,3.4,0,12,4,2023,49.9149
ORD101734,2023-06-22,CUST7736,New,Home & Kitchen,Home & Kitchen Product 17,Central,Social Media,UPI,13213.65,1,0,13213.65,Shipped,3.9,0,6,2,2023,1849.911
ORD101735,2023-03-20,CUST3353,At-Risk,Automotive,Automotive Product 9,East,Social Media,UPI,40071.71,4,10,144258.16,Shipped,2.9,0,3,1,2023,15868.3976
ORD101736,2024-06-06,CUST1824,At-Risk,Home & Kitchen,Home & Kitchen Product 31,South,Social Media,Wallet,9224.4,1,20,7379.52,Delivered,3.9,0,6,2,2024,1549.6992
ORD101737,2024-10-10,CUST7035,VIP,Books,Books Product 24,South,Marketplace,Wallet,561.44,1,0,561.44,Cancelled,5.0,0,10,4,2024,162.8176
ORD101738,2023-04-27,CUST4612,At-Risk,Toys,Toys Product 50,West,Website,Wallet,2177.28,1,0,2177.28,Returned,3.5,1,4,2,2023,283.04640000000006
ORD101739,2024-06-27,CUST5584,VIP,Beauty,Beauty Product 24,South,Social Media,Credit Card,1053.28,1,20,842.62,Returned,3.8,1,6,2,2024,160.0978
ORD101740,2024-06-06,CUST5425,At-Risk,Toys,Toys Product 29,South,Social Media,Net Banking,941.09,3,0,2823.27,Shipped,2.6,0,6,2,2024,649.3521000000001
ORD101741,2023-07-18,CUST1275,Returning,Home & Kitchen,Home & Kitchen Product 25,North,Mobile App,Credit Card,8756.08,2,0,17512.16,Delivered,4.3,0,7,3,2023,2626.824
ORD101742,2023-12-24,CUST9114,Returning,Sports,Sports Product 30,North,Website,Debit Card,18256.96,3,10,49293.79,Cancelled,4.2,1,12,4,2023,12323.4475
ORD101743,2023-12-26,CUST8219,VIP,Home & Kitchen,Home & Kitchen Product 12,South,Website,Wallet,5131.66,1,20,4105.33,Shipped,4.1,0,12,4,2023,533.6929
ORD101744,2024-10-22,CUST8253,Returning,Home & Kitchen,Home & Kitchen Product 39,West,Social Media,Wallet,12045.39,1,5,11443.12,Processing,3.8,0,10,4,2024,1258.7432000000001
ORD101745,2023-06-01,CUST5612,VIP,Electronics,Electronics Product 40,North,Marketplace,Net Banking,78209.24,1,25,58656.93,Delivered,3.8,0,6,2,2023,15250.801800000001
ORD101746,2023-08-30,CUST7401,New,Clothing,Clothing Product 5,West,Mobile App,Wallet,1308.28,1,10,1177.45,Returned,4.4,1,8,3,2023,200.1665
ORD101747,2023-04-16,CUST3659,New,Electronics,Electronics Product 8,South,Marketplace,Wallet,25527.9,1,0,25527.9,Processing,4.0,1,4,2,2023,3318.6270000000004
ORD101748,2023-05-30,CUST1953,New,Home & Kitchen,Home & Kitchen Product 46,South,Website,Credit Card,14594.23,3,25,32837.02,Delivered,4.3,0,5,2,2023,7552.5145999999995
ORD101749,2023-09-20,CUST8356,VIP,Automotive,Automotive Product 22,South,Website,UPI,34899.2,1,5,33154.24,Shipped,4.2,1,9,3,2023,12267.0688
ORD101750,2023-07-22,CUST3289,New,Toys,Toys Product 19,East,Mobile App,UPI,1891.03,2,0,3782.06,Processing,4.9,0,7,3,2023,1210.2592
ORD101751,2023-06-27,CUST7606,New,Home & Kitchen,Home & Kitchen Product 38,North,Mobile App,Wallet,14376.85,1,10,12939.16,Cancelled,4.5,0,6,2,2023,4399.3144
ORD101752,2024-09-08,CUST7744,VIP,Clothing,Clothing Product 2,South,Website,Debit Card,2167.64,1,0,2167.64,Returned,4.2,0,9,3,2024,780.3503999999999
ORD101753,2023-06-06,CUST3130,At-Risk,Home & Kitchen,Home & Kitchen Product 48,Central,Marketplace,Net Banking,1471.44,1,0,1471.44,Returned,5.0,1,6,2,2023,573.8616000000001
ORD101754,2024-11-02,CUST3247,At-Risk,Toys,Toys Product 19,South,Website,Credit Card,2329.74,5,0,11648.7,Processing,4.3,0,11,4,2024,3844.0710000000004
ORD101755,2023-03-19,CUST6645,VIP,Automotive,Automotive Product 41,North,Website,Credit Card,4561.03,3,5,12998.94,Shipped,5.0,0,3,1,2023,3639.7032000000004
ORD101756,2023-07-01,CUST1318,Returning,Toys,Toys Product 17,South,Social Media,Debit Card,1576.73,5,15,6701.1,Shipped,4.5,1,7,3,2023,1407.231
ORD101757,2024-10-05,CUST2508,At-Risk,Home & Kitchen,Home & Kitchen Product 13,East,Mobile App,Wallet,7417.07,1,10,6675.36,Cancelled,2.5,0,10,4,2024,1001.3039999999999
ORD101758,2024-05-20,CUST9062,At-Risk,Automotive,Automotive Product 6,South,Marketplace,Debit Card,12133.21,1,25,9099.91,Delivered,5.0,1,5,2,2024,2820.9721
ORD101759,2024-04-20,CUST8768,New,Toys,Toys Product 34,East,Social Media,Debit Card,3187.96,2,0,6375.92,Shipped,4.1,0,4,2,2024,2550.3680000000004
ORD101760,2024-07-31,CUST7299,VIP,Automotive,Automotive Product 46,South,Mobile App,Credit Card,12104.35,1,0,12104.35,Returned,4.0,0,7,3,2024,2905.044
ORD101761,2024-08-16,CUST1781,At-Risk,Toys,Toys Product 13,West,Marketplace,Debit Card,3345.72,3,0,10037.16,Shipped,4.2,0,8,3,2024,3211.8912
ORD101762,2024-04-04,CUST3637,Returning,Beauty,Beauty Product 42,East,Marketplace,Debit Card,2962.22,1,0,2962.22,Cancelled,3.7,0,4,2,2024,740.555
ORD101763,2024-11-28,CUST2094,VIP,Books,Books Product 20,South,Mobile App,Net Banking,748.0,1,0,748.0,Processing,4.2,0,11,4,2024,172.04000000000002
ORD101764,2024-08-01,CUST5317,VIP,Home & Kitchen,Home & Kitchen Product 16,Central,Social Media,Wallet,3900.68,1,15,3315.58,Returned,3.5,0,8,3,2024,729.4276
ORD101765,2024-10-20,CUST1372,New,Toys,Toys Product 28,North,Marketplace,Wallet,3655.21,1,20,2924.17,Processing,5.0,1,10,4,2024,731.0425
ORD101766,2024-10-12,CUST7509,Returning,Electronics,Electronics Product 40,West,Marketplace,Debit Card,54091.36,2,25,81137.04,Shipped,3.9,1,10,4,2024,17038.7784
ORD101767,2024-10-01,CUST9584,New,Automotive,Automotive Product 24,Central,Website,Net Banking,33562.41,1,0,33562.41,Shipped,3.7,0,10,4,2024,10739.971200000002
ORD101768,2023-11-27,CUST9741,At-Risk,Books,Books Product 15,South,Social Media,UPI,523.88,1,20,419.1,Cancelled,3.3,0,11,4,2023,150.876
ORD101769,2024-10-04,CUST5305,At-Risk,Sports,Sports Product 6,Central,Mobile App,Net Banking,15998.78,1,0,15998.78,Delivered,4.2,0,10,4,2024,5759.5608
ORD101770,2023-11-20,CUST2100,VIP,Toys,Toys Product 3,North,Mobile App,Credit Card,1497.97,1,0,1497.97,Cancelled,4.1,1,11,4,2023,254.65490000000003
ORD101771,2023-06-04,CUST4199,New,Beauty,Beauty Product 44,Central,Social Media,Debit Card,486.2,3,20,1166.88,Processing,4.3,1,6,2,2023,431.7456
ORD101772,2024-03-26,CUST4251,Returning,Electronics,Electronics Product 42,North,Social Media,Credit Card,32975.97,4,10,118713.49,Cancelled,3.2,0,3,1,2024,23742.698000000004
ORD101773,2023-03-11,CUST4320,Returning,Electronics,Electronics Product 11,West,Mobile App,Debit Card,40649.56,5,0,203247.8,Delivered,2.7,1,3,1,2023,38617.081999999995
ORD101774,2024-04-25,CUST8436,VIP,Automotive,Automotive Product 43,West,Marketplace,Net Banking,8101.21,3,5,23088.45,Delivered,4.5,1,4,2,2024,7388.304
ORD101775,2024-03-28,CUST4802,At-Risk,Beauty,Beauty Product 38,South,Mobile App,Wallet,1558.47,1,0,1558.47,Delivered,5.0,0,3,1,2024,296.1093
ORD101776,2024-10-08,CUST2461,New,Clothing,Clothing Product 31,North,Mobile App,Wallet,4430.92,2,10,7975.66,Cancelled,3.2,0,10,4,2024,957.0791999999999
ORD101777,2023-11-07,CUST3173,VIP,Automotive,Automotive Product 31,West,Website,UPI,10546.73,1,5,10019.39,Processing,5.0,0,11,4,2023,2104.0719
ORD101778,2023-10-09,CUST6147,VIP,Clothing,Clothing Product 8,West,Mobile App,Credit Card,1063.6,1,25,797.7,Delivered,4.2,1,10,4,2023,255.264
ORD101779,2024-08-28,CUST6863,VIP,Home & Kitchen,Home & Kitchen Product 44,Central,Mobile App,UPI,6974.82,3,0,20924.46,Returned,4.0,0,8,3,2024,4184.892
ORD101780,2023-02-27,CUST3805,Returning,Sports,Sports Product 42,West,Social Media,Net Banking,3668.71,1,0,3668.71,Shipped,3.7,0,2,1,2023,1063.9259
ORD101781,2023-12-27,CUST4319,At-Risk,Automotive,Automotive Product 7,Central,Mobile App,Net Banking,21396.38,4,5,81306.24,Returned,2.9,0,12,4,2023,24391.872
ORD101782,2024-06-03,CUST6648,New,Clothing,Clothing Product 21,West,Mobile App,Credit Card,3874.45,1,5,3680.73,Returned,4.8,1,6,2,2024,1177.8336
ORD101783,2023-03-17,CUST7575,At-Risk,Clothing,Clothing Product 2,East,Social Media,Debit Card,3614.63,2,0,7229.26,Processing,3.4,0,3,1,2023,2674.8262
ORD101784,2023-11-14,CUST2781,Returning,Books,Books Product 27,North,Social Media,Wallet,428.9,2,10,772.02,Delivered,3.4,0,11,4,2023,177.5646
ORD101785,2024-04-17,CUST8654,Returning,Automotive,Automotive Product 10,South,Website,Credit Card,5768.97,4,20,18460.7,Delivered,4.8,0,4,2,2024,2769.105
ORD101786,2024-04-07,CUST9924,At-Risk,Clothing,Clothing Product 44,South,Social Media,Wallet,4373.4,2,20,6997.44,Processing,2.5,0,4,2,2024,1399.488
ORD101787,2023-02-08,CUST2296,New,Sports,Sports Product 38,North,Website,UPI,16743.63,2,15,28464.17,Returned,2.8,1,2,1,2023,6546.7591
ORD101788,2023-02-28,CUST8606,Returning,Electronics,Electronics Product 8,East,Marketplace,Debit Card,2402.55,1,20,1922.04,Cancelled,4.0,0,2,1,2023,595.8324
ORD101789,2024-01-13,CUST1174,VIP,Beauty,Beauty Product 44,East,Mobile App,UPI,625.77,2,10,1126.39,Shipped,4.2,0,1,1,2024,112.63900000000001
ORD101790,2023-10-21,CUST4357,VIP,Electronics,Electronics Product 30,East,Mobile App,Credit Card,6304.67,1,15,5358.97,Delivered,4.4,0,10,4,2023,1018.2043000000001
ORD101791,2023-03-20,CUST3691,At-Risk,Automotive,Automotive Product 39,East,Marketplace,Wallet,26132.94,2,0,52265.88,Processing,3.8,0,3,1,2023,17247.7404
ORD101792,2024-10-22,CUST2665,VIP,Automotive,Automotive Product 9,North,Social Media,UPI,26842.04,2,0,53684.08,Returned,5.0,0,10,4,2024,16105.224
ORD101793,2023-04-03,CUST2287,VIP,Automotive,Automotive Product 25,North,Mobile App,Net Banking,19895.22,2,0,39790.44,Processing,3.8,0,4,2,2023,12732.9408
ORD101794,2024-09-21,CUST3676,At-Risk,Beauty,Beauty Product 22,West,Website,Credit Card,1353.72,1,5,1286.03,Delivered,3.8,0,9,3,2024,437.2502
ORD101795,2024-08-31,CUST1007,At-Risk,Toys,Toys Product 5,North,Marketplace,Net Banking,684.32,1,0,684.32,Delivered,3.4,0,8,3,2024,225.82560000000004
ORD101796,2024-06-03,CUST7223,At-Risk,Beauty,Beauty Product 29,West,Mobile App,Net Banking,2136.25,2,25,3204.38,Shipped,4.1,0,6,2,2024,961.314
ORD101797,2024-01-29,CUST2845,Returning,Sports,Sports Product 14,West,Website,UPI,5132.12,1,0,5132.12,Cancelled,4.5,1,1,1,2024,1180.3876
ORD101798,2024-04-18,CUST4585,New,Sports,Sports Product 11,East,Website,UPI,6150.48,1,0,6150.48,Processing,5.0,0,4,2,2024,2460.192
ORD101799,2024-08-17,CUST7912,VIP,Home & Kitchen,Home & Kitchen Product 33,Central,Social Media,Wallet,5251.08,1,5,4988.53,Processing,2.8,0,8,3,2024,1346.9031
ORD101800,2024-07-21,CUST4898,New,Electronics,Electronics Product 8,West,Mobile App,Wallet,66064.89,5,0,330324.45,Processing,3.8,0,7,3,2024,52851.912000000004
ORD101801,2023-02-12,CUST9409,At-Risk,Sports,Sports Product 28,North,Website,Debit Card,6998.15,2,0,13996.3,Cancelled,4.4,0,2,1,2023,2659.297
ORD101802,2024-04-05,CUST6206,New,Sports,Sports Product 10,North,Mobile App,Debit Card,12331.65,1,0,12331.65,Processing,4.5,0,4,2,2024,3822.8115
ORD101803,2024-08-08,CUST3168,New,Electronics,Electronics Product 44,Central,Marketplace,Debit Card,9067.86,1,5,8614.47,Returned,4.0,0,8,3,2024,3273.4986
ORD101804,2024-10-29,CUST8663,At-Risk,Automotive,Automotive Product 40,East,Mobile App,UPI,36331.24,1,5,34514.68,Processing,4.4,0,10,4,2024,5177.202
ORD101805,2023-07-12,CUST9122,Returning,Home & Kitchen,Home & Kitchen Product 6,East,Marketplace,UPI,1384.16,3,15,3529.61,Shipped,3.4,0,7,3,2023,423.5532
ORD101806,2023-11-26,CUST9947,New,Electronics,Electronics Product 48,East,Social Media,Debit Card,73697.53,2,10,132655.55,Delivered,5.0,0,11,4,2023,47755.99799999999
ORD101807,2024-09-11,CUST6651,At-Risk,Sports,Sports Product 4,Central,Website,Wallet,19018.41,1,5,18067.49,Delivered,4.8,0,9,3,2024,6684.9713
ORD101808,2024-05-02,CUST7160,New,Electronics,Electronics Product 47,North,Marketplace,UPI,72898.6,1,0,72898.6,Cancelled,2.9,0,5,2,2024,13121.748000000001
ORD101809,2024-05-28,CUST2986,VIP,Sports,Sports Product 33,North,Website,Wallet,12764.31,1,0,12764.31,Delivered,3.1,0,5,2,2024,2680.5051
ORD101810,2023-06-04,CUST4119,At-Risk,Automotive,Automotive Product 32,East,Social Media,Net Banking,37242.32,2,15,63311.94,Cancelled,3.2,0,6,2,2023,18993.582
ORD101811,2023-03-05,CUST4575,VIP,Clothing,Clothing Product 15,North,Website,Credit Card,2291.31,3,0,6873.93,Delivered,4.5,0,3,1,2023,1374.786
ORD101812,2024-04-06,CUST8331,At-Risk,Home & Kitchen,Home & Kitchen Product 40,West,Social Media,Net Banking,11437.6,1,0,11437.6,Shipped,3.0,0,4,2,2024,4117.536
ORD101813,2023-04-16,CUST2217,Returning,Clothing,Clothing Product 10,West,Social Media,Debit Card,3560.55,1,15,3026.47,Shipped,3.7,0,4,2,2023,393.4411
ORD101814,2023-12-18,CUST9932,At-Risk,Sports,Sports Product 11,East,Marketplace,Credit Card,14775.49,1,5,14036.72,Shipped,4.4,1,12,4,2023,1544.0392
ORD101815,2023-03-28,CUST5861,New,Sports,Sports Product 7,South,Website,Debit Card,14584.67,5,0,72923.35,Delivered,3.9,0,3,1,2023,11667.736
ORD101816,2024-05-31,CUST6031,Returning,Home & Kitchen,Home & Kitchen Product 38,Central,Marketplace,Debit Card,8966.5,1,0,8966.5,Delivered,4.2,1,5,2,2024,1703.635
ORD101817,2024-10-23,CUST5335,New,Sports,Sports Product 36,West,Marketplace,Wallet,16474.08,3,20,39537.79,Returned,3.1,1,10,4,2024,5139.9127
ORD101818,2023-06-26,CUST1805,At-Risk,Sports,Sports Product 16,South,Social Media,Debit Card,10383.73,2,20,16613.97,Processing,4.5,0,6,2,2023,1993.6764
ORD101819,2023-02-10,CUST3763,VIP,Sports,Sports Product 26,Central,Mobile App,Wallet,3384.23,1,10,3045.81,Delivered,3.5,1,2,1,2023,1005.1173
ORD101820,2023-09-11,CUST6292,VIP,Electronics,Electronics Product 37,North,Marketplace,Debit Card,1118.81,1,5,1062.87,Cancelled,3.7,0,9,3,2023,159.43049999999997
ORD101821,2024-12-25,CUST1782,Returning,Clothing,Clothing Product 5,Central,Social Media,Debit Card,3046.63,1,5,2894.3,Cancelled,4.2,0,12,4,2024,1070.891
ORD101822,2024-03-24,CUST3307,New,Home & Kitchen,Home & Kitchen Product 21,South,Social Media,UPI,10206.43,2,25,15309.64,Cancelled,4.1,1,3,1,2024,3215.0244
ORD101823,2024-03-25,CUST7481,Returning,Home & Kitchen,Home & Kitchen Product 29,East,Social Media,Debit Card,6966.85,3,25,15675.41,Cancelled,4.0,0,3,1,2024,4702.623
ORD101824,2024-06-20,CUST5817,At-Risk,Automotive,Automotive Product 14,North,Social Media,Wallet,16565.49,2,0,33130.98,Delivered,3.4,1,6,2,2024,5632.266600000001
ORD101825,2024-06-19,CUST9360,VIP,Beauty,Beauty Product 44,North,Mobile App,Net Banking,653.66,2,15,1111.22,Returned,3.8,0,6,2,2024,188.90740000000002
ORD101826,2024-09-16,CUST1704,New,Home & Kitchen,Home & Kitchen Product 30,East,Website,Wallet,10921.24,1,0,10921.24,Delivered,4.0,1,9,3,2024,2948.7348
ORD101827,2023-06-12,CUST2548,VIP,Sports,Sports Product 28,North,Mobile App,Wallet,5874.27,5,0,29371.35,Cancelled,2.9,0,6,2,2023,7930.2645
ORD101828,2024-01-08,CUST8064,VIP,Books,Books Product 50,East,Website,Net Banking,641.1,3,10,1730.97,Delivered,3.6,0,1,1,2024,571.2201
ORD101829,2024-01-17,CUST5512,At-Risk,Automotive,Automotive Product 31,North,Marketplace,Credit Card,12227.37,1,5,11616.0,Returned,4.3,0,1,1,2024,3833.28
ORD101830,2023-10-17,CUST5665,Returning,Home & Kitchen,Home & Kitchen Product 8,Central,Marketplace,UPI,7551.41,5,20,30205.64,Processing,3.0,0,10,4,2023,9061.692
ORD101831,2024-02-01,CUST1866,At-Risk,Electronics,Electronics Product 50,West,Website,Debit Card,4338.89,2,0,8677.78,Delivered,4.9,0,2,1,2024,1995.8894000000003
ORD101832,2024-02-23,CUST4874,New,Beauty,Beauty Product 2,Central,Marketplace,UPI,1625.38,2,5,3088.22,Returned,5.0,0,2,1,2024,1142.6414
ORD101833,2023-12-13,CUST8401,Returning,Clothing,Clothing Product 23,Central,Marketplace,Wallet,2720.93,2,20,4353.49,Processing,3.0,0,12,4,2023,1262.5121
ORD101834,2024-11-26,CUST4356,Returning,Home & Kitchen,Home & Kitchen Product 9,West,Marketplace,Net Banking,7770.95,3,20,18650.28,Delivered,5.0,0,11,4,2024,7460.112
ORD101835,2024-09-04,CUST5098,VIP,Home & Kitchen,Home & Kitchen Product 37,North,Marketplace,UPI,13942.24,2,0,27884.48,Cancelled,3.9,0,9,3,2024,9759.568
ORD101836,2023-02-23,CUST2664,VIP,Automotive,Automotive Product 33,South,Mobile App,Net Banking,14834.65,1,0,14834.65,Shipped,4.3,0,2,1,2023,1631.8115
ORD101837,2024-10-08,CUST7526,At-Risk,Toys,Toys Product 44,North,Mobile App,Debit Card,1659.46,1,10,1493.51,Returned,3.6,1,10,4,2024,298.702
ORD101838,2024-10-24,CUST8707,At-Risk,Toys,Toys Product 29,East,Marketplace,Net Banking,3077.74,4,0,12310.96,Returned,4.7,0,10,4,2024,3323.9592
ORD101839,2023-12-09,CUST9752,Returning,Books,Books Product 32,South,Marketplace,Wallet,767.46,1,25,575.6,Returned,4.3,1,12,4,2023,184.192
ORD101840,2023-03-09,CUST2774,At-Risk,Automotive,Automotive Product 1,East,Marketplace,UPI,2863.17,1,20,2290.54,Processing,3.3,0,3,1,2023,618.4458000000001
ORD101841,2023-12-04,CUST3322,Returning,Home & Kitchen,Home & Kitchen Product 29,East,Website,Net Banking,14192.27,1,0,14192.27,Delivered,3.1,0,12,4,2023,4825.371800000001
ORD101842,2023-04-07,CUST8589,VIP,Books,Books Product 42,South,Mobile App,UPI,717.67,1,0,717.67,Processing,2.8,0,4,2,2023,129.1806
ORD101843,2024-07-25,CUST9186,New,Beauty,Beauty Product 19,South,Mobile App,Net Banking,2233.31,2,0,4466.62,Returned,4.2,0,7,3,2024,714.6591999999999
ORD101844,2024-11-25,CUST9411,At-Risk,Electronics,Electronics Product 23,South,Website,UPI,34727.74,4,20,111128.77,Delivered,4.5,0,11,4,2024,13335.4524
ORD101845,2024-01-31,CUST3790,At-Risk,Sports,Sports Product 39,South,Marketplace,UPI,5853.82,1,0,5853.82,Returned,4.5,1,1,1,2024,1580.5314
ORD101846,2023-10-18,CUST4058,At-Risk,Clothing,Clothing Product 48,Central,Website,UPI,4422.0,1,5,4200.9,Shipped,3.9,0,10,4,2023,1302.2789999999998
ORD101847,2023-09-16,CUST2231,VIP,Electronics,Electronics Product 40,North,Marketplace,Credit Card,25492.21,1,5,24217.6,Shipped,3.1,0,9,3,2023,4843.5199999999995
ORD101848,2024-11-03,CUST1229,Returning,Home & Kitchen,Home & Kitchen Product 47,East,Marketplace,Net Banking,5405.98,4,10,19461.53,Cancelled,3.5,0,11,4,2024,5449.2284
ORD101849,2024-09-09,CUST3645,New,Automotive,Automotive Product 6,Central,Website,Debit Card,8947.15,2,0,17894.3,Processing,4.9,0,9,3,2024,2147.316
ORD101850,2023-06-03,CUST2511,At-Risk,Toys,Toys Product 24,Central,Social Media,Wallet,1293.8,1,0,1293.8,Shipped,3.6,1,6,2,2023,168.194
ORD101851,2023-12-08,CUST9053,At-Risk,Automotive,Automotive Product 13,South,Mobile App,Debit Card,24742.48,3,20,59381.95,Cancelled,4.1,0,12,4,2023,18408.4045
ORD101852,2023-03-25,CUST9785,Returning,Sports,Sports Product 4,West,Marketplace,Credit Card,4783.21,3,20,11479.7,Returned,3.1,0,3,1,2023,2410.737
ORD101853,2024-08-19,CUST3988,Returning,Automotive,Automotive Product 17,West,Website,Credit Card,9130.58,3,15,23282.98,Processing,4.3,1,8,3,2024,6984.893999999999
ORD101854,2024-11-10,CUST2676,At-Risk,Books,Books Product 18,East,Website,Credit Card,757.44,4,0,3029.76,Returned,3.6,0,11,4,2024,1060.416
ORD101855,2023-05-25,CUST4168,New,Toys,Toys Product 21,South,Website,Wallet,1185.83,1,0,1185.83,Cancelled,4.8,0,5,2,2023,426.89879999999994
ORD101856,2023-12-25,CUST5277,Returning,Toys,Toys Product 4,East,Social Media,UPI,2503.45,3,10,6759.32,Cancelled,4.6,0,12,4,2023,1013.8979999999999
ORD101857,2023-11-14,CUST9510,VIP,Automotive,Automotive Product 1,East,Social Media,Credit Card,6021.08,1,0,6021.08,Returned,3.6,1,11,4,2023,1505.27
ORD101858,2024-11-02,CUST7879,Returning,Sports,Sports Product 12,North,Marketplace,Wallet,4940.82,3,20,11857.97,Shipped,3.9,0,11,4,2024,3794.5504
ORD101859,2024-12-16,CUST3811,At-Risk,Home & Kitchen,Home & Kitchen Product 1,East,Marketplace,Wallet,4395.84,2,10,7912.51,Delivered,3.6,0,12,4,2024,2611.1283000000003
ORD101860,2024-11-09,CUST9947,At-Risk,Toys,Toys Product 9,West,Website,Credit Card,564.71,3,0,1694.13,Shipped,2.9,0,11,4,2024,576.0042000000001
ORD101861,2024-02-06,CUST6572,At-Risk,Electronics,Electronics Product 50,West,Mobile App,Wallet,44396.99,2,20,71035.18,Delivered,3.3,0,2,1,2024,12075.980599999999
ORD101862,2023-05-13,CUST9049,Returning,Sports,Sports Product 42,South,Social Media,Net Banking,10370.48,1,25,7777.86,Processing,4.2,0,5,2,2023,1244.4576
ORD101863,2024-09-01,CUST8175,VIP,Automotive,Automotive Product 25,East,Mobile App,UPI,9107.54,2,0,18215.08,Cancelled,4.3,0,9,3,2024,5100.222400000001
ORD101864,2024-12-26,CUST4831,Returning,Toys,Toys Product 48,South,Social Media,Net Banking,2473.89,5,5,11750.98,Returned,4.1,1,12,4,2024,3760.3136
ORD101865,2023-03-28,CUST7979,Returning,Beauty,Beauty Product 34,Central,Marketplace,UPI,263.27,4,0,1053.08,Delivered,3.8,0,3,1,2023,210.61599999999999
ORD101866,2023-11-14,CUST4795,At-Risk,Electronics,Electronics Product 16,East,Website,UPI,71306.23,1,0,71306.23,Delivered,4.7,0,11,4,2023,9269.8099
ORD101867,2024-07-26,CUST9836,At-Risk,Clothing,Clothing Product 36,North,Marketplace,Credit Card,2782.0,1,0,2782.0,Shipped,4.1,1,7,3,2024,890.24
ORD101868,2024-01-21,CUST4981,New,Beauty,Beauty Product 32,North,Website,UPI,706.13,1,10,635.52,Returned,4.6,0,1,1,2024,120.7488
ORD101869,2024-10-20,CUST2883,At-Risk,Toys,Toys Product 36,North,Marketplace,Wallet,2055.79,2,25,3083.68,Processing,2.6,0,10,4,2024,462.55199999999996
ORD101870,2023-12-03,CUST9442,New,Sports,Sports Product 40,North,Website,Credit Card,16519.0,3,5,47079.15,Shipped,1.0,1,12,4,2023,6591.081000000001
ORD101871,2023-05-11,CUST3903,VIP,Beauty,Beauty Product 3,East,Social Media,Credit Card,1203.19,1,0,1203.19,Processing,4.2,0,5,2,2023,228.60610000000003
ORD101872,2024-11-17,CUST9904,At-Risk,Sports,Sports Product 14,South,Mobile App,UPI,5924.02,2,10,10663.24,Returned,2.9,1,11,4,2024,2985.7072000000003
ORD101873,2024-12-20,CUST6217,Returning,Sports,Sports Product 48,East,Social Media,Wallet,18978.44,3,0,56935.32,Returned,3.8,0,12,4,2024,11956.4172
ORD101874,2024-12-02,CUST7691,Returning,Clothing,Clothing Product 20,East,Mobile App,Credit Card,2247.21,2,20,3595.54,Processing,3.8,0,12,4,2024,395.50939999999997
ORD101875,2024-06-23,CUST1477,New,Sports,Sports Product 41,Central,Mobile App,Credit Card,9118.56,2,5,17325.26,Delivered,5.0,0,6,2,2024,2252.2837999999997
ORD101876,2023-04-06,CUST6545,VIP,Toys,Toys Product 23,West,Mobile App,Credit Card,679.48,2,0,1358.96,Processing,4.3,0,4,2,2023,258.2024
ORD101877,2024-10-23,CUST4750,VIP,Automotive,Automotive Product 4,South,Marketplace,Wallet,23129.39,2,0,46258.78,Processing,4.1,0,10,4,2024,13877.634
ORD101878,2024-11-17,CUST8366,Returning,Books,Books Product 11,West,Mobile App,Wallet,742.6,1,15,631.21,Shipped,4.7,1,11,4,2024,82.05730000000001
ORD101879,2024-03-09,CUST1375,VIP,Books,Books Product 39,West,Social Media,Net Banking,601.38,2,0,1202.76,Returned,4.3,0,3,1,2024,324.7452
ORD101880,2024-06-04,CUST9074,New,Beauty,Beauty Product 21,Central,Social Media,Net Banking,2769.67,2,15,4708.44,Delivered,3.6,0,6,2,2024,659.1816
ORD101881,2024-01-06,CUST9922,VIP,Home & Kitchen,Home & Kitchen Product 33,Central,Social Media,Wallet,2063.13,4,0,8252.52,Cancelled,4.9,1,1,1,2024,1320.4032000000002
ORD101882,2023-01-19,CUST8023,New,Beauty,Beauty Product 26,Central,Website,Net Banking,2683.31,2,0,5366.62,Returned,3.1,0,1,1,2023,804.9929999999999
ORD101883,2024-01-07,CUST7599,Returning,Electronics,Electronics Product 29,South,Mobile App,UPI,39713.82,3,5,113184.39,Processing,4.3,0,1,1,2024,13582.1268
ORD101884,2023-11-13,CUST2949,At-Risk,Electronics,Electronics Product 49,West,Mobile App,UPI,7405.67,1,20,5924.54,Processing,2.8,0,11,4,2023,1777.3619999999999
ORD101885,2023-07-04,CUST8431,Returning,Clothing,Clothing Product 26,North,Mobile App,Net Banking,856.73,1,20,685.38,Shipped,4.2,0,7,3,2023,164.4912
ORD101886,2023-08-08,CUST8836,At-Risk,Electronics,Electronics Product 4,South,Website,Net Banking,22637.03,1,0,22637.03,Delivered,4.2,0,8,3,2023,7922.960499999999
ORD101887,2023-12-16,CUST2000,New,Toys,Toys Product 16,North,Mobile App,Credit Card,2741.12,1,0,2741.12,Processing,5.0,0,12,4,2023,356.3456
ORD101888,2024-05-12,CUST7597,VIP,Clothing,Clothing Product 42,West,Website,Wallet,4848.51,2,0,9697.02,Processing,2.7,0,5,2,2024,1357.5828000000001
ORD101889,2023-07-16,CUST9134,At-Risk,Clothing,Clothing Product 50,East,Social Media,Debit Card,4057.48,5,5,19273.03,Cancelled,3.5,1,7,3,2023,3661.8756999999996
ORD101890,2023-08-20,CUST4865,At-Risk,Automotive,Automotive Product 4,Central,Website,Net Banking,37418.45,1,5,35547.53,Processing,4.7,0,8,3,2023,11730.6849
ORD101891,2023-05-21,CUST7636,VIP,Beauty,Beauty Product 18,Central,Mobile App,Wallet,783.96,1,20,627.17,Processing,4.3,0,5,2,2023,119.16229999999999
ORD101892,2023-06-08,CUST9491,New,Books,Books Product 1,North,Marketplace,Wallet,152.05,3,20,364.92,Delivered,4.1,0,6,2,2023,80.28240000000001
ORD101893,2023-03-21,CUST3400,VIP,Sports,Sports Product 39,South,Marketplace,Net Banking,3471.85,1,0,3471.85,Cancelled,3.2,0,3,1,2023,659.6514999999999
ORD101894,2023-10-30,CUST1253,Returning,Sports,Sports Product 50,North,Social Media,Net Banking,6972.61,2,5,13247.96,Delivered,3.5,0,10,4,2023,1589.7551999999998
ORD101895,2023-04-14,CUST6981,VIP,Books,Books Product 47,East,Marketplace,Debit Card,417.42,2,20,667.87,Delivered,5.0,0,4,2,2023,253.7906
ORD101896,2024-06-03,CUST1036,At-Risk,Electronics,Electronics Product 14,East,Mobile App,Net Banking,58973.98,2,15,100255.77,Shipped,4.0,0,6,2,2024,26066.500200000002
ORD101897,2024-07-06,CUST7162,At-Risk,Electronics,Electronics Product 18,Central,Website,UPI,53930.48,1,0,53930.48,Cancelled,4.3,0,7,3,2024,18336.363200000003
ORD101898,2024-06-23,CUST9857,New,Clothing,Clothing Product 27,Central,Website,Net Banking,555.62,1,0,555.62,Delivered,3.9,1,6,2,2024,166.686
ORD101899,2023-02-08,CUST3353,At-Risk,Electronics,Electronics Product 44,North,Mobile App,UPI,55191.04,3,5,157294.46,Returned,3.1,0,2,1,2023,39323.615
ORD101900,2024-11-08,CUST2382,At-Risk,Books,Books Product 45,Central,Social Media,Debit Card,724.59,2,0,1449.18,Cancelled,4.7,0,11,4,2024,188.3934
ORD101901,2023-12-11,CUST3800,At-Risk,Clothing,Clothing Product 30,West,Marketplace,Debit Card,384.11,1,0,384.11,Processing,4.4,1,12,4,2023,111.39189999999999
ORD101902,2024-09-24,CUST3956,VIP,Clothing,Clothing Product 44,North,Social Media,Debit Card,682.11,3,0,2046.33,Processing,5.0,1,9,3,2024,306.9495
ORD101903,2023-05-15,CUST4668,VIP,Clothing,Clothing Product 23,Central,Mobile App,UPI,3584.5,1,10,3226.05,Returned,3.2,1,5,2,2023,709.731
ORD101904,2024-09-03,CUST6722,VIP,Home & Kitchen,Home & Kitchen Product 20,West,Social Media,Net Banking,7963.06,2,0,15926.12,Shipped,4.7,0,9,3,2024,4618.5748
ORD101905,2024-01-21,CUST6372,Returning,Toys,Toys Product 41,North,Mobile App,Net Banking,923.51,1,0,923.51,Processing,3.0,0,1,1,2024,304.7583
ORD101906,2023-06-07,CUST3608,At-Risk,Home & Kitchen,Home & Kitchen Product 5,East,Website,UPI,8505.1,5,0,42525.5,Returned,4.1,0,6,2,2023,13182.905
ORD101907,2023-06-16,CUST2412,New,Clothing,Clothing Product 35,South,Website,Wallet,4220.65,1,15,3587.55,Processing,4.8,0,6,2,2023,1076.265
ORD101908,2023-07-05,CUST7444,New,Home & Kitchen,Home & Kitchen Product 46,South,Marketplace,Net Banking,9503.39,1,20,7602.71,Shipped,2.3,1,7,3,2023,1064.3794
ORD101909,2024-12-10,CUST6997,Returning,Sports,Sports Product 47,Central,Mobile App,Debit Card,19003.98,1,5,18053.78,Returned,3.8,1,12,4,2024,3610.756
ORD101910,2024-10-01,CUST1243,VIP,Sports,Sports Product 10,South,Mobile App,Debit Card,12694.79,1,5,12060.05,Shipped,3.5,0,10,4,2024,1326.6055
ORD101911,2023-06-19,CUST6489,Returning,Automotive,Automotive Product 16,East,Website,Net Banking,12898.96,4,25,38696.88,Cancelled,3.4,0,6,2,2023,12383.0016
ORD101912,2024-03-24,CUST9832,Returning,Clothing,Clothing Product 28,East,Website,Wallet,3014.45,5,0,15072.25,Processing,4.3,0,3,1,2024,5878.1775
ORD101913,2023-02-14,CUST8328,At-Risk,Automotive,Automotive Product 35,East,Social Media,Debit Card,43708.05,1,0,43708.05,Shipped,4.9,0,2,1,2023,7867.4490000000005
ORD101914,2024-02-25,CUST2718,Returning,Sports,Sports Product 33,East,Mobile App,Debit Card,4716.11,1,0,4716.11,Returned,3.9,0,2,1,2024,613.0943
ORD101915,2024-01-09,CUST5340,At-Risk,Toys,Toys Product 7,Central,Mobile App,Net Banking,943.58,2,0,1887.16,Delivered,4.2,1,1,1,2024,452.9184
ORD101916,2024-11-23,CUST7634,Returning,Beauty,Beauty Product 3,South,Website,Debit Card,1489.83,4,0,5959.32,Delivered,4.1,0,11,4,2024,2145.3552
ORD101917,2023-09-01,CUST3463,At-Risk,Sports,Sports Product 5,North,Social Media,Wallet,9896.34,2,20,15834.14,Cancelled,4.0,0,9,3,2023,4275.2178
ORD101918,2024-03-30,CUST2193,Returning,Home & Kitchen,Home & Kitchen Product 16,East,Marketplace,Credit Card,3050.44,1,10,2745.4,Delivered,3.1,0,3,1,2024,301.994
ORD101919,2024-09-17,CUST9566,Returning,Clothing,Clothing Product 36,East,Marketplace,Wallet,2584.29,1,5,2455.08,Cancelled,4.9,1,9,3,2024,957.4812000000001
ORD101920,2023-10-19,CUST3854,New,Sports,Sports Product 43,Central,Website,Credit Card,2983.12,2,20,4772.99,Cancelled,4.2,1,10,4,2023,1670.5465
ORD101921,2024-04-04,CUST2191,Returning,Electronics,Electronics Product 9,West,Website,UPI,50964.43,1,0,50964.43,Shipped,4.3,0,4,2,2024,7135.020200000001
ORD101922,2023-08-28,CUST3273,Returning,Toys,Toys Product 29,West,Mobile App,Credit Card,537.1,2,0,1074.2,Processing,3.4,0,8,3,2023,408.196
ORD101923,2024-06-30,CUST6363,Returning,Toys,Toys Product 12,East,Website,Debit Card,2161.96,1,10,1945.76,Processing,3.6,1,6,2,2024,466.9824
ORD101924,2023-09-02,CUST7519,At-Risk,Beauty,Beauty Product 5,West,Website,Debit Card,2211.36,3,10,5970.67,Delivered,3.9,1,9,3,2023,1253.8407
ORD101925,2023-11-13,CUST8482,New,Electronics,Electronics Product 4,West,Mobile App,Net Banking,17528.03,1,0,17528.03,Cancelled,2.8,0,11,4,2023,4206.727199999999
ORD101926,2024-04-25,CUST1646,New,Sports,Sports Product 49,Central,Social Media,UPI,8912.65,2,5,16934.04,Delivered,2.6,0,4,2,2024,5926.914
ORD101927,2023-07-18,CUST9753,New,Sports,Sports Product 21,Central,Marketplace,Debit Card,10017.55,1,10,9015.8,Processing,3.5,1,7,3,2023,2704.74
ORD101928,2024-01-12,CUST5399,At-Risk,Home & Kitchen,Home & Kitchen Product 7,North,Marketplace,Wallet,9284.89,2,10,16712.8,Returned,4.4,1,1,1,2024,2005.5359999999998
ORD101929,2024-11-25,CUST4853,VIP,Automotive,Automotive Product 16,North,Website,Net Banking,35731.53,1,10,32158.38,Processing,3.5,0,11,4,2024,12541.7682
ORD101930,2024-08-07,CUST8044,At-Risk,Clothing,Clothing Product 16,South,Website,Debit Card,386.3,2,0,772.6,Returned,3.2,0,8,3,2024,108.16400000000002
ORD101931,2024-03-27,CUST9877,At-Risk,Automotive,Automotive Product 18,West,Website,UPI,34648.7,2,0,69297.4,Delivered,3.3,0,3,1,2024,22175.167999999998
ORD101932,2024-04-17,CUST5731,New,Books,Books Product 25,Central,Mobile App,UPI,529.36,2,5,1005.78,Shipped,3.6,0,4,2,2024,291.6762
ORD101933,2023-10-16,CUST9957,At-Risk,Toys,Toys Product 4,Central,Website,Credit Card,2597.9,2,0,5195.8,Shipped,3.7,1,10,4,2023,831.3280000000001
ORD101934,2024-01-27,CUST1264,New,Home & Kitchen,Home & Kitchen Product 7,South,Mobile App,UPI,3750.32,2,20,6000.51,Returned,5.0,0,1,1,2024,900.0765
ORD101935,2024-05-29,CUST3594,At-Risk,Automotive,Automotive Product 35,North,Marketplace,Debit Card,17956.23,3,5,51175.26,Delivered,4.8,0,5,2,2024,18423.0936
ORD101936,2024-06-24,CUST3078,Returning,Clothing,Clothing Product 20,East,Website,Credit Card,2746.21,1,0,2746.21,Returned,4.8,0,6,2,2024,631.6283000000001
ORD101937,2024-03-04,CUST1619,New,Home & Kitchen,Home & Kitchen Product 11,East,Marketplace,Wallet,14328.73,3,15,36538.26,Processing,4.9,0,3,1,2024,10961.478000000001
ORD101938,2023-06-15,CUST6421,VIP,Toys,Toys Product 10,West,Website,UPI,3535.98,1,5,3359.18,Delivered,3.2,0,6,2,2023,839.795
ORD101939,2023-07-24,CUST1555,Returning,Books,Books Product 1,West,Website,Credit Card,688.48,1,0,688.48,Returned,3.0,0,7,3,2023,220.3136
ORD101940,2024-09-11,CUST4765,VIP,Clothing,Clothing Product 7,South,Social Media,UPI,4400.19,1,15,3740.16,Delivered,3.1,0,9,3,2024,897.6383999999999
ORD101941,2023-05-22,CUST9884,New,Automotive,Automotive Product 16,West,Website,Credit Card,33664.41,1,20,26931.53,Returned,5.0,1,5,2,2023,5116.9907
ORD101942,2023-09-14,CUST8096,VIP,Sports,Sports Product 35,East,Mobile App,UPI,10008.35,3,10,27022.54,Delivered,3.6,1,9,3,2023,5674.7334
ORD101943,2023-02-23,CUST5108,VIP,Clothing,Clothing Product 43,East,Marketplace,Net Banking,3224.13,2,0,6448.26,Shipped,3.0,0,2,1,2023,2321.3736
ORD101944,2024-10-18,CUST9312,At-Risk,Electronics,Electronics Product 36,North,Social Media,Debit Card,48028.45,3,10,129676.81,Shipped,3.7,0,10,4,2024,31122.4344
ORD101945,2024-05-07,CUST5781,Returning,Clothing,Clothing Product 11,North,Website,Net Banking,2808.38,2,15,4774.25,Processing,3.8,0,5,2,2024,763.88
ORD101946,2024-01-16,CUST3129,New,Clothing,Clothing Product 24,West,Social Media,Credit Card,1618.0,1,0,1618.0,Shipped,4.2,0,1,1,2024,614.84
ORD101947,2024-07-21,CUST5884,VIP,Sports,Sports Product 16,North,Social Media,Wallet,4691.04,1,0,4691.04,Processing,4.2,0,7,3,2024,1594.9536
ORD101948,2023-04-16,CUST6533,Returning,Automotive,Automotive Product 12,Central,Social Media,Net Banking,48175.61,1,20,38540.49,Processing,3.3,0,4,2,2023,4624.8588
ORD101949,2024-12-29,CUST9391,New,Electronics,Electronics Product 3,Central,Mobile App,Wallet,71797.06,1,0,71797.06,Shipped,4.5,0,12,4,2024,28718.824
ORD101950,2024-06-12,CUST2081,At-Risk,Automotive,Automotive Product 50,East,Mobile App,Net Banking,38385.68,1,15,32627.83,Delivered,3.5,0,6,2,2024,10114.6273
ORD101951,2023-05-08,CUST2376,New,Home & Kitchen,Home & Kitchen Product 36,Central,Website,Debit Card,6468.03,1,5,6144.63,Shipped,3.9,1,5,2,2023,921.6945
ORD101952,2023-10-19,CUST5645,Returning,Electronics,Electronics Product 48,Central,Marketplace,Wallet,36050.25,2,5,68495.47,Processing,4.5,0,10,4,2023,11644.2299
ORD101953,2023-03-27,CUST6681,Returning,Electronics,Electronics Product 13,West,Social Media,Credit Card,20168.0,2,0,40336.0,Delivered,3.5,1,3,1,2023,12504.16
ORD101954,2023-06-14,CUST8403,Returning,Toys,Toys Product 44,North,Website,UPI,1814.49,5,15,7711.58,Returned,3.5,0,6,2,2023,2544.8214000000003
ORD101955,2023-10-07,CUST9940,New,Sports,Sports Product 47,North,Mobile App,UPI,3853.41,4,0,15413.64,Returned,4.5,1,10,4,2023,2620.3188
ORD101956,2024-04-05,CUST9315,Returning,Home & Kitchen,Home & Kitchen Product 5,East,Mobile App,Wallet,14357.84,2,5,27279.9,Shipped,3.3,0,4,2,2024,4910.3820000000005
ORD101957,2024-06-09,CUST8501,At-Risk,Beauty,Beauty Product 49,South,Website,Net Banking,2032.75,1,10,1829.48,Shipped,3.7,0,6,2,2024,347.6012
ORD101958,2023-05-31,CUST1586,New,Toys,Toys Product 44,South,Marketplace,Net Banking,1520.8,2,10,2737.44,Cancelled,4.4,1,5,2,2023,766.4832000000001
ORD101959,2024-03-23,CUST8231,New,Electronics,Electronics Product 25,North,Mobile App,Debit Card,32148.1,3,25,72333.22,Delivered,5.0,1,3,1,2024,10849.983
ORD101960,2023-04-04,CUST2501,VIP,Automotive,Automotive Product 34,South,Marketplace,Net Banking,7100.45,1,5,6745.43,Cancelled,4.5,0,4,2,2023,876.9059000000001
ORD101961,2023-08-16,CUST6848,Returning,Automotive,Automotive Product 8,South,Social Media,Net Banking,44202.84,1,0,44202.84,Processing,4.4,0,8,3,2023,13260.851999999999
ORD101962,2024-04-06,CUST3933,At-Risk,Toys,Toys Product 47,West,Marketplace,Credit Card,3392.46,3,25,7633.04,Processing,4.4,0,4,2,2024,2518.9032
ORD101963,2023-12-24,CUST4854,VIP,Toys,Toys Product 50,Central,Mobile App,Wallet,3483.24,1,10,3134.92,Delivered,3.1,0,12,4,2023,783.73
ORD101964,2023-01-28,CUST9912,At-Risk,Clothing,Clothing Product 41,Central,Mobile App,Wallet,3085.08,2,0,6170.16,Returned,4.1,0,1,1,2023,1295.7336
ORD101965,2024-02-29,CUST7580,New,Books,Books Product 27,West,Marketplace,UPI,581.06,2,0,1162.12,Processing,4.0,0,2,1,2024,267.2876
ORD101966,2023-02-24,CUST8333,New,Electronics,Electronics Product 15,North,Marketplace,Wallet,2802.52,1,15,2382.14,Processing,4.3,0,2,1,2023,524.0708
ORD101967,2024-02-10,CUST7397,At-Risk,Toys,Toys Product 27,North,Mobile App,Credit Card,1218.11,1,0,1218.11,Delivered,4.1,0,2,1,2024,475.06289999999996
ORD101968,2024-05-29,CUST8825,New,Automotive,Automotive Product 1,Central,Website,Wallet,11383.22,1,10,10244.9,Delivered,4.3,1,5,2,2024,3380.817
ORD101969,2024-01-18,CUST4211,New,Clothing,Clothing Product 16,South,Website,Wallet,4284.74,1,5,4070.5,Returned,3.8,0,1,1,2024,651.28
ORD101970,2023-08-30,CUST9835,At-Risk,Beauty,Beauty Product 35,East,Social Media,Credit Card,1315.67,1,0,1315.67,Shipped,4.0,0,8,3,2023,289.4474
ORD101971,2024-01-31,CUST4059,At-Risk,Beauty,Beauty Product 37,West,Marketplace,Net Banking,1752.43,3,10,4731.56,Returned,3.0,0,1,1,2024,1230.2056000000002
ORD101972,2023-03-25,CUST1429,New,Sports,Sports Product 44,West,Website,UPI,6734.56,1,0,6734.56,Cancelled,3.7,0,3,1,2023,1885.6768000000002
ORD101973,2024-01-19,CUST8405,Returning,Toys,Toys Product 43,North,Website,Net Banking,2764.96,2,5,5253.42,Delivered,5.0,0,1,1,2024,1260.8208
ORD101974,2023-08-18,CUST5503,New,Electronics,Electronics Product 44,South,Website,Debit Card,33192.71,1,5,31533.07,Processing,4.3,1,8,3,2023,10721.2438
ORD101975,2023-01-29,CUST7233,At-Risk,Clothing,Clothing Product 6,Central,Marketplace,Net Banking,4083.35,4,5,15516.73,Cancelled,4.0,0,1,1,2023,5120.5209
ORD101976,2023-11-23,CUST2277,Returning,Beauty,Beauty Product 42,Central,Social Media,Net Banking,1361.82,1,10,1225.64,Processing,5.0,0,11,4,2023,306.41
ORD101977,2023-04-12,CUST2040,At-Risk,Beauty,Beauty Product 45,Central,Website,UPI,892.99,1,15,759.04,Cancelled,2.9,0,4,2,2023,273.2544
ORD101978,2024-10-27,CUST8559,New,Clothing,Clothing Product 31,Central,Website,Debit Card,462.24,4,15,1571.62,Shipped,3.1,0,10,4,2024,518.6346
ORD101979,2023-12-10,CUST9108,VIP,Automotive,Automotive Product 16,Central,Website,Wallet,24686.87,3,0,74060.61,Cancelled,5.0,0,12,4,2023,24440.0013
ORD101980,2023-05-30,CUST9719,New,Sports,Sports Product 48,South,Marketplace,Net Banking,4691.38,1,0,4691.38,Delivered,4.0,0,5,2,2023,1829.6382
ORD101981,2023-05-21,CUST9068,New,Books,Books Product 25,North,Website,Wallet,545.39,3,5,1554.36,Returned,3.8,0,5,2,2023,279.78479999999996
ORD101982,2023-02-09,CUST7299,VIP,Home & Kitchen,Home & Kitchen Product 39,West,Mobile App,Wallet,970.74,1,20,776.59,Shipped,3.0,0,2,1,2023,139.7862
ORD101983,2023-10-21,CUST9879,Returning,Electronics,Electronics Product 1,East,Website,UPI,36087.09,1,15,30674.03,Cancelled,4.4,0,10,4,2023,11349.391099999999
ORD101984,2024-04-28,CUST3456,Returning,Toys,Toys Product 30,West,Mobile App,Wallet,1040.98,1,15,884.83,Shipped,4.4,1,4,2,2024,291.99390000000005
ORD101985,2024-12-13,CUST8151,Returning,Books,Books Product 48,North,Marketplace,Net Banking,712.94,1,0,712.94,Shipped,3.1,1,12,4,2024,270.91720000000004
ORD101986,2023-05-23,CUST9287,At-Risk,Sports,Sports Product 33,North,Marketplace,UPI,10905.86,2,5,20721.13,Cancelled,3.9,0,5,2,2023,2486.5356
ORD101987,2024-12-23,CUST9146,At-Risk,Toys,Toys Product 38,South,Marketplace,Wallet,3162.3,1,5,3004.18,Returned,3.7,0,12,4,2024,871.2121999999999
ORD101988,2024-04-25,CUST3521,Returning,Clothing,Clothing Product 46,Central,Social Media,Wallet,729.51,1,0,729.51,Cancelled,4.2,0,4,2,2024,102.13140000000001
ORD101989,2024-04-04,CUST3121,VIP,Beauty,Beauty Product 20,Central,Marketplace,UPI,2909.53,2,0,5819.06,Delivered,3.1,0,4,2,2024,1454.765
ORD101990,2024-09-22,CUST6244,VIP,Automotive,Automotive Product 42,West,Mobile App,UPI,30848.97,3,20,74037.53,Delivered,5.0,0,9,3,2024,11105.6295
ORD101991,2023-01-06,CUST9456,At-Risk,Clothing,Clothing Product 32,Central,Website,Net Banking,820.23,1,0,820.23,Cancelled,4.7,0,1,1,2023,114.83220000000001
ORD101992,2023-03-23,CUST4213,Returning,Automotive,Automotive Product 28,Central,Social Media,Credit Card,27356.55,2,0,54713.1,Shipped,3.7,0,3,1,2023,5471.31
ORD101993,2023-01-20,CUST9092,New,Books,Books Product 31,South,Mobile App,Debit Card,765.19,1,0,765.19,Cancelled,3.8,0,1,1,2023,221.9051
ORD101994,2023-09-20,CUST1625,At-Risk,Home & Kitchen,Home & Kitchen Product 12,West,Mobile App,Credit Card,610.43,3,20,1465.03,Returned,3.9,0,9,3,2023,307.6563
ORD101995,2023-08-09,CUST9718,Returning,Electronics,Electronics Product 3,North,Mobile App,Wallet,30645.46,2,10,55161.83,Processing,3.4,1,8,3,2023,7171.0379
ORD101996,2023-06-03,CUST6214,VIP,Books,Books Product 3,East,Marketplace,Wallet,646.3,5,10,2908.35,Returned,3.6,1,6,2,2023,581.67
ORD101997,2024-07-15,CUST9591,At-Risk,Electronics,Electronics Product 2,West,Social Media,UPI,26996.4,1,20,21597.12,Delivered,3.8,0,7,3,2024,3239.5679999999998
ORD101998,2024-09-15,CUST1010,At-Risk,Books,Books Product 23,North,Social Media,UPI,346.89,1,0,346.89,Shipped,5.0,0,9,3,2024,131.8182
ORD101999,2024-06-24,CUST7530,Returning,Automotive,Automotive Product 9,South,Mobile App,UPI,38487.84,1,10,34639.06,Delivered,4.8,0,6,2,2024,6927.812
ORD102000,2024-03-09,CUST4051,New,Toys,Toys Product 6,South,Website,Wallet,441.17,1,0,441.17,Returned,4.7,1,3,1,2024,88.23400000000001
ORD102001,2023-04-24,CUST4890,Returning,Clothing,Clothing Product 17,Central,Social Media,Net Banking,436.23,1,0,436.23,Processing,4.3,0,4,2,2023,152.6805
ORD102002,2023-10-23,CUST7040,New,Sports,Sports Product 45,West,Social Media,Credit Card,4525.08,4,15,15385.27,Returned,3.1,0,10,4,2023,4461.7283
ORD102003,2023-09-01,CUST1849,At-Risk,Automotive,Automotive Product 46,Central,Website,Net Banking,27145.26,1,15,23073.47,Processing,4.0,1,9,3,2023,7152.7757
ORD102004,2023-11-05,CUST5412,VIP,Automotive,Automotive Product 7,Central,Social Media,Debit Card,49272.69,1,0,49272.69,Returned,4.8,0,11,4,2023,14289.0801
ORD102005,2023-05-05,CUST1489,VIP,Electronics,Electronics Product 50,East,Social Media,Wallet,67132.85,3,0,201398.55,Returned,3.0,0,5,2,2023,76531.449
ORD102006,2023-02-18,CUST6904,New,Electronics,Electronics Product 4,South,Social Media,UPI,31944.34,1,5,30347.12,Returned,4.5,0,2,1,2023,4855.5392
ORD102007,2023-09-02,CUST7392,Returning,Beauty,Beauty Product 31,Central,Social Media,Debit Card,2195.79,3,0,6587.37,Processing,5.0,0,9,3,2023,2634.9480000000003
ORD102008,2024-03-05,CUST7241,VIP,Electronics,Electronics Product 1,East,Social Media,UPI,23569.9,1,0,23569.9,Returned,4.8,1,3,1,2024,8249.465
ORD102009,2024-10-16,CUST6437,VIP,Beauty,Beauty Product 30,Central,Social Media,Net Banking,610.0,1,0,610.0,Cancelled,5.0,0,10,4,2024,170.8
ORD102010,2024-09-29,CUST8481,New,Electronics,Electronics Product 8,Central,Marketplace,UPI,30223.46,1,0,30223.46,Processing,4.2,0,9,3,2024,9067.037999999999
ORD102011,2024-04-13,CUST1627,Returning,Toys,Toys Product 28,Central,Website,Net Banking,1770.9,1,15,1505.26,Returned,4.8,0,4,2,2024,436.5254
ORD102012,2023-03-06,CUST1501,Returning,Clothing,Clothing Product 16,West,Mobile App,Net Banking,2854.17,4,0,11416.68,Shipped,3.4,0,3,1,2023,1370.0016
ORD102013,2023-04-24,CUST3045,Returning,Books,Books Product 18,Central,Social Media,Net Banking,274.09,1,0,274.09,Processing,4.6,0,4,2,2023,46.5953
ORD102014,2024-05-26,CUST3751,At-Risk,Automotive,Automotive Product 36,North,Social Media,UPI,1471.13,2,5,2795.15,Delivered,4.5,0,5,2,2024,1090.1085
ORD102015,2024-09-03,CUST5580,Returning,Home & Kitchen,Home & Kitchen Product 24,Central,Website,Debit Card,12728.58,1,20,10182.86,Cancelled,4.2,0,9,3,2024,2647.5436000000004
ORD102016,2024-07-02,CUST9876,At-Risk,Books,Books Product 2,East,Mobile App,Net Banking,628.59,1,0,628.59,Processing,5.0,0,7,3,2024,132.00390000000002
ORD102017,2023-01-17,CUST3882,Returning,Clothing,Clothing Product 42,South,Mobile App,Debit Card,2727.47,4,0,10909.88,Processing,3.6,0,1,1,2023,3600.2604
ORD102018,2024-10-09,CUST6613,New,Electronics,Electronics Product 43,Central,Website,Credit Card,40369.2,1,0,40369.2,Delivered,3.9,0,10,4,2024,10495.992
ORD102019,2024-06-11,CUST7136,Returning,Home & Kitchen,Home & Kitchen Product 35,West,Mobile App,Debit Card,11932.75,2,10,21478.95,Delivered,4.1,0,6,2,2024,2147.895
ORD102020,2024-08-11,CUST5396,New,Automotive,Automotive Product 39,West,Social Media,Debit Card,2880.43,5,10,12961.94,Processing,3.2,0,8,3,2024,4147.8208
ORD102021,2023-09-05,CUST5115,At-Risk,Electronics,Electronics Product 21,South,Mobile App,Wallet,23005.63,2,15,39109.57,Shipped,4.2,1,9,3,2023,12515.0624
ORD102022,2023-05-28,CUST3990,Returning,Automotive,Automotive Product 7,North,Website,UPI,1992.82,4,25,5978.46,Cancelled,2.6,0,5,2,2023,896.769
ORD102023,2023-10-26,CUST9578,VIP,Electronics,Electronics Product 12,Central,Marketplace,Wallet,50708.66,1,15,43102.36,Cancelled,4.8,0,10,4,2023,16809.9204
ORD102024,2024-03-15,CUST7441,New,Books,Books Product 14,North,Social Media,Net Banking,581.65,1,10,523.48,Cancelled,4.0,1,3,1,2024,88.9916
ORD102025,2023-01-02,CUST8547,VIP,Home & Kitchen,Home & Kitchen Product 30,North,Mobile App,Net Banking,796.54,1,5,756.71,Shipped,3.6,0,1,1,2023,181.6104
ORD102026,2024-09-21,CUST7456,At-Risk,Electronics,Electronics Product 1,West,Website,UPI,60118.27,2,0,120236.54,Processing,3.3,1,9,3,2024,15630.7502
ORD102027,2023-12-28,CUST4213,New,Home & Kitchen,Home & Kitchen Product 34,South,Marketplace,Net Banking,12251.04,5,25,45941.4,Returned,3.8,0,12,4,2023,12863.592000000002
ORD102028,2023-09-04,CUST3299,Returning,Electronics,Electronics Product 24,West,Marketplace,Credit Card,30539.61,1,0,30539.61,Delivered,4.6,1,9,3,2023,6413.3180999999995
ORD102029,2024-08-07,CUST6783,At-Risk,Sports,Sports Product 6,Central,Website,Wallet,8254.72,2,0,16509.44,Cancelled,4.4,0,8,3,2024,3466.9823999999994
ORD102030,2024-03-02,CUST5819,At-Risk,Clothing,Clothing Product 49,East,Marketplace,Credit Card,4127.82,1,10,3715.04,Cancelled,3.4,0,3,1,2024,1300.264
ORD102031,2023-07-11,CUST4042,At-Risk,Automotive,Automotive Product 8,Central,Marketplace,Wallet,43929.78,2,0,87859.56,Shipped,3.3,0,7,3,2023,8785.956
ORD102032,2024-11-11,CUST5040,At-Risk,Home & Kitchen,Home & Kitchen Product 50,Central,Marketplace,Wallet,12971.16,1,10,11674.04,Cancelled,4.5,0,11,4,2024,3969.1736000000005
ORD102033,2024-11-15,CUST3180,VIP,Clothing,Clothing Product 38,Central,Social Media,Wallet,567.33,5,10,2552.98,Returned,3.4,0,11,4,2024,689.3046
ORD102034,2023-03-29,CUST9727,Returning,Clothing,Clothing Product 49,East,Website,Net Banking,2621.65,2,5,4981.14,Delivered,4.0,0,3,1,2023,1992.4560000000001
ORD102035,2024-06-20,CUST5411,At-Risk,Clothing,Clothing Product 6,East,Social Media,UPI,3576.75,1,15,3040.24,Delivered,4.1,1,6,2,2024,851.2672
ORD102036,2024-01-05,CUST7412,Returning,Automotive,Automotive Product 40,East,Mobile App,UPI,36845.83,1,0,36845.83,Shipped,4.2,1,1,1,2024,4421.4996
ORD102037,2023-03-11,CUST4640,VIP,Books,Books Product 17,West,Marketplace,Net Banking,114.11,1,5,108.4,Cancelled,4.7,0,3,1,2023,13.008000000000001
ORD102038,2024-06-22,CUST4187,VIP,Clothing,Clothing Product 42,East,Website,Wallet,3764.73,1,5,3576.49,Processing,3.0,0,6,2,2024,1287.5364
ORD102039,2024-07-11,CUST9948,Returning,Books,Books Product 20,East,Website,Wallet,479.19,1,10,431.27,Processing,2.5,1,7,3,2024,150.94449999999998
ORD102040,2024-06-03,CUST2689,At-Risk,Toys,Toys Product 24,East,Social Media,Debit Card,3692.1,3,15,9414.86,Delivered,3.5,1,6,2,2024,1882.9720000000002
ORD102041,2024-06-03,CUST6573,VIP,Beauty,Beauty Product 17,North,Social Media,Debit Card,422.34,2,0,844.68,Processing,5.0,0,6,2,2024,244.95719999999997
ORD102042,2024-07-21,CUST7633,VIP,Toys,Toys Product 24,North,Marketplace,Debit Card,2435.14,2,10,4383.25,Shipped,5.0,1,7,3,2024,1095.8125
ORD102043,2023-01-21,CUST3693,New,Beauty,Beauty Product 27,West,Website,Wallet,1264.7,1,0,1264.7,Cancelled,5.0,0,1,1,2023,493.23300000000006
ORD102044,2024-02-04,CUST5271,At-Risk,Clothing,Clothing Product 39,West,Mobile App,Credit Card,4191.06,3,20,10058.54,Shipped,3.8,0,2,1,2024,3822.2452000000003
ORD102045,2024-04-26,CUST2304,New,Home & Kitchen,Home & Kitchen Product 31,Central,Website,Credit Card,12931.75,2,0,25863.5,Processing,2.6,0,4,2,2024,10345.400000000001
ORD102046,2023-02-14,CUST6371,At-Risk,Beauty,Beauty Product 10,South,Marketplace,Credit Card,2386.6,1,10,2147.94,Processing,2.1,0,2,1,2023,773.2583999999999
ORD102047,2024-10-12,CUST4057,VIP,Books,Books Product 40,West,Social Media,UPI,397.61,2,0,795.22,Shipped,3.5,0,10,4,2024,294.2314
ORD102048,2024-02-01,CUST9733,New,Electronics,Electronics Product 26,South,Marketplace,Wallet,59606.93,2,0,119213.86,Delivered,3.8,0,2,1,2024,20266.356200000002
ORD102049,2024-01-18,CUST6535,At-Risk,Home & Kitchen,Home & Kitchen Product 23,West,Marketplace,Credit Card,4741.66,1,5,4504.58,Shipped,5.0,0,1,1,2024,1576.6029999999998
ORD102050,2023-09-17,CUST8918,At-Risk,Beauty,Beauty Product 22,East,Mobile App,UPI,1457.88,1,20,1166.3,Shipped,4.7,0,9,3,2023,361.553
ORD102051,2023-01-17,CUST3914,VIP,Clothing,Clothing Product 25,East,Website,UPI,678.46,1,5,644.54,Cancelled,4.2,0,1,1,2023,251.3706
ORD102052,2024-01-01,CUST6625,At-Risk,Clothing,Clothing Product 8,South,Marketplace,UPI,4852.46,1,20,3881.97,Returned,3.3,0,1,1,2024,1048.1319
ORD102053,2023-03-11,CUST7374,New,Sports,Sports Product 39,East,Mobile App,Credit Card,11693.54,4,5,44435.45,Processing,3.2,1,3,1,2023,5776.608499999999
ORD102054,2023-12-20,CUST3747,Returning,Home & Kitchen,Home & Kitchen Product 12,West,Social Media,Net Banking,5835.74,3,5,16631.86,Cancelled,4.2,0,12,4,2023,4656.920800000001
ORD102055,2023-09-04,CUST3815,New,Toys,Toys Product 30,East,Mobile App,Debit Card,1832.23,2,0,3664.46,Delivered,4.6,0,9,3,2023,1135.9826
ORD102056,2024-11-03,CUST7613,New,Home & Kitchen,Home & Kitchen Product 28,Central,Website,Net Banking,3567.12,1,15,3032.05,Cancelled,4.3,0,11,4,2024,515.4485000000001
ORD102057,2024-10-05,CUST4631,New,Beauty,Beauty Product 32,North,Marketplace,UPI,1308.04,1,0,1308.04,Delivered,3.2,0,10,4,2024,287.7688
ORD102058,2023-04-17,CUST4641,Returning,Home & Kitchen,Home & Kitchen Product 6,West,Marketplace,Wallet,4394.8,2,20,7031.68,Cancelled,4.5,0,4,2,2023,1968.8704000000002
ORD102059,2024-08-18,CUST6625,New,Automotive,Automotive Product 16,North,Marketplace,UPI,14793.61,2,20,23669.78,Cancelled,4.3,0,8,3,2024,4970.653799999999
ORD102060,2023-12-07,CUST9679,Returning,Books,Books Product 29,East,Mobile App,UPI,592.02,1,20,473.62,Delivered,3.1,1,12,4,2023,99.4602
ORD102061,2023-05-17,CUST7062,Returning,Electronics,Electronics Product 29,South,Mobile App,Credit Card,40774.18,2,5,77470.94,Processing,3.4,0,5,2,2023,10845.931600000002
ORD102062,2023-02-15,CUST2674,New,Home & Kitchen,Home & Kitchen Product 47,East,Mobile App,UPI,5921.4,3,10,15987.78,Shipped,4.6,0,2,1,2023,6075.356400000001
ORD102063,2023-12-27,CUST4662,VIP,Clothing,Clothing Product 44,Central,Social Media,Wallet,4967.14,1,15,4222.07,Cancelled,3.8,1,12,4,2023,1393.2830999999999
ORD102064,2024-07-13,CUST9265,VIP,Toys,Toys Product 8,Central,Website,Credit Card,2964.72,1,0,2964.72,Shipped,5.0,0,7,3,2024,296.472
ORD102065,2023-12-13,CUST2740,Returning,Home & Kitchen,Home & Kitchen Product 45,South,Marketplace,Wallet,14286.42,3,10,38573.33,Cancelled,4.4,1,12,4,2023,12729.198900000001
ORD102066,2024-10-20,CUST7409,New,Electronics,Electronics Product 49,Central,Marketplace,Debit Card,61134.68,1,0,61134.68,Delivered,3.6,0,10,4,2024,19563.0976
ORD102067,2023-06-29,CUST7049,VIP,Automotive,Automotive Product 44,Central,Website,UPI,35957.27,1,5,34159.41,Processing,4.0,0,6,2,2023,3415.9410000000007
ORD102068,2024-12-02,CUST6993,VIP,Clothing,Clothing Product 33,East,Social Media,UPI,2370.9,1,0,2370.9,Shipped,4.1,0,12,4,2024,497.889
ORD102069,2024-04-20,CUST1420,New,Electronics,Electronics Product 33,Central,Mobile App,Debit Card,46441.42,1,0,46441.42,Delivered,3.4,0,4,2,2024,13003.597600000001
ORD102070,2024-12-13,CUST9022,Returning,Electronics,Electronics Product 27,North,Marketplace,UPI,2478.9,3,0,7436.7,Returned,3.3,0,12,4,2024,1784.808
ORD102071,2024-05-05,CUST9502,Returning,Home & Kitchen,Home & Kitchen Product 49,West,Social Media,Net Banking,11636.73,2,5,22109.79,Returned,4.6,0,5,2,2024,7296.230700000001
ORD102072,2024-10-08,CUST5306,Returning,Clothing,Clothing Product 10,Central,Social Media,Debit Card,2346.01,1,10,2111.41,Shipped,4.7,0,10,4,2024,485.6243
ORD102073,2023-07-06,CUST7328,VIP,Sports,Sports Product 28,Central,Website,Net Banking,9745.4,4,0,38981.6,Delivered,4.5,0,7,3,2023,5847.24
ORD102074,2023-05-19,CUST6314,Returning,Toys,Toys Product 16,West,Mobile App,Credit Card,614.0,4,5,2333.2,Cancelled,5.0,0,5,2,2023,909.948
ORD102075,2023-03-06,CUST1256,Returning,Automotive,Automotive Product 38,East,Website,Debit Card,16082.0,4,0,64328.0,Shipped,3.6,1,3,1,2023,10935.76
ORD102076,2024-04-13,CUST6250,Returning,Home & Kitchen,Home & Kitchen Product 23,Central,Social Media,Debit Card,2413.44,1,10,2172.1,Delivered,5.0,0,4,2,2024,695.072
ORD102077,2023-02-07,CUST8991,Returning,Books,Books Product 26,East,Website,Wallet,540.94,1,10,486.85,Shipped,3.3,0,2,1,2023,68.159
ORD102078,2023-10-28,CUST5707,New,Home & Kitchen,Home & Kitchen Product 7,West,Marketplace,Debit Card,1529.43,5,10,6882.44,Cancelled,3.2,0,10,4,2023,1376.488
ORD102079,2023-07-26,CUST5287,Returning,Sports,Sports Product 9,Central,Mobile App,Debit Card,11393.35,3,10,30762.04,Cancelled,2.6,0,7,3,2023,7075.269200000001
ORD102080,2023-02-14,CUST4673,Returning,Automotive,Automotive Product 48,South,Social Media,Credit Card,11017.95,1,0,11017.95,Processing,3.6,0,2,1,2023,1762.872
ORD102081,2023-07-24,CUST1124,VIP,Toys,Toys Product 26,West,Marketplace,Net Banking,3779.95,1,15,3212.96,Delivered,3.6,0,7,3,2023,738.9808
ORD102082,2023-02-12,CUST4181,New,Books,Books Product 49,East,Mobile App,UPI,515.39,1,5,489.62,Delivered,4.4,0,2,1,2023,73.443
ORD102083,2023-11-20,CUST6023,New,Home & Kitchen,Home & Kitchen Product 25,West,Website,Debit Card,1533.17,4,5,5826.05,Returned,4.2,0,11,4,2023,1573.0335000000002
ORD102084,2023-11-14,CUST2965,Returning,Electronics,Electronics Product 50,Central,Marketplace,Debit Card,32554.01,2,10,58597.22,Returned,3.0,0,11,4,2023,17579.166
ORD102085,2024-06-11,CUST9393,VIP,Home & Kitchen,Home & Kitchen Product 29,North,Marketplace,UPI,12619.63,1,0,12619.63,Returned,3.7,0,6,2,2024,1514.3555999999999
ORD102086,2024-02-12,CUST2220,VIP,Automotive,Automotive Product 35,West,Marketplace,Debit Card,26551.56,1,10,23896.4,Returned,3.7,0,2,1,2024,8602.704
ORD102087,2024-07-10,CUST2854,VIP,Clothing,Clothing Product 15,West,Marketplace,UPI,4230.32,2,10,7614.58,Cancelled,2.6,1,7,3,2024,1218.3328
ORD102088,2024-04-29,CUST8884,New,Sports,Sports Product 2,Central,Mobile App,Wallet,15307.4,3,0,45922.2,Shipped,3.2,1,4,2,2024,7806.774
ORD102089,2023-09-17,CUST8933,New,Beauty,Beauty Product 24,East,Marketplace,Net Banking,317.96,1,0,317.96,Delivered,3.4,1,9,3,2023,95.38799999999999
ORD102090,2023-02-07,CUST3700,Returning,Toys,Toys Product 24,South,Marketplace,UPI,2074.99,3,0,6224.97,Cancelled,5.0,0,2,1,2023,1493.9928
ORD102091,2024-10-24,CUST1768,VIP,Electronics,Electronics Product 32,East,Marketplace,Wallet,33242.76,5,20,132971.04,Delivered,4.2,0,10,4,2024,33242.76
ORD102092,2023-07-15,CUST4262,VIP,Books,Books Product 14,North,Website,Wallet,618.36,1,10,556.52,Delivered,4.5,0,7,3,2023,77.9128
ORD102093,2023-10-20,CUST9544,VIP,Books,Books Product 30,West,Social Media,Credit Card,684.03,2,0,1368.06,Processing,2.8,1,10,4,2023,465.1404
ORD102094,2024-01-01,CUST6465,New,Clothing,Clothing Product 7,South,Social Media,Wallet,375.25,1,0,375.25,Delivered,5.0,0,1,1,2024,108.82249999999999
ORD102095,2023-02-18,CUST4866,Returning,Clothing,Clothing Product 13,North,Social Media,Net Banking,3507.19,3,10,9469.41,Returned,5.0,0,2,1,2023,1325.7174
ORD102096,2024-11-02,CUST5409,At-Risk,Beauty,Beauty Product 35,West,Social Media,Debit Card,1856.38,2,15,3155.85,Delivered,2.4,0,11,4,2024,662.7284999999999
ORD102097,2023-12-06,CUST1617,VIP,Books,Books Product 34,North,Mobile App,Wallet,710.0,2,0,1420.0,Cancelled,3.4,0,12,4,2023,482.8
ORD102098,2023-10-07,CUST2409,Returning,Automotive,Automotive Product 31,West,Mobile App,Debit Card,13992.73,3,0,41978.19,Returned,4.4,0,10,4,2023,11334.1113
ORD102099,2023-05-08,CUST6967,Returning,Books,Books Product 48,West,Website,Credit Card,246.46,1,20,197.17,Delivered,4.5,0,5,2,2023,25.632099999999998
ORD102100,2024-01-12,CUST4443,Returning,Sports,Sports Product 19,West,Website,Wallet,11423.23,4,0,45692.92,Cancelled,3.5,1,1,1,2024,9595.5132
ORD102101,2024-03-23,CUST7463,Returning,Electronics,Electronics Product 3,North,Website,Net Banking,39353.79,2,0,78707.58,Processing,3.8,0,3,1,2024,13380.288600000002
ORD102102,2024-02-14,CUST6039,Returning,Books,Books Product 11,South,Social Media,Credit Card,449.87,1,25,337.4,Returned,3.5,0,2,1,2024,87.724
ORD102103,2024-03-26,CUST2445,VIP,Clothing,Clothing Product 47,East,Mobile App,Wallet,4805.48,2,10,8649.86,Processing,4.1,0,3,1,2024,3027.451
ORD102104,2024-01-31,CUST6328,Returning,Home & Kitchen,Home & Kitchen Product 9,North,Website,Net Banking,3765.37,3,0,11296.11,Processing,5.0,1,1,1,2024,2598.1053
ORD102105,2023-12-14,CUST5811,At-Risk,Automotive,Automotive Product 14,North,Marketplace,Wallet,23499.5,1,0,23499.5,Processing,3.4,1,12,4,2023,5404.885
ORD102106,2023-07-11,CUST8433,Returning,Automotive,Automotive Product 44,West,Website,Net Banking,24563.42,3,0,73690.26,Processing,4.8,0,7,3,2023,27265.3962
ORD102107,2024-05-23,CUST2761,At-Risk,Home & Kitchen,Home & Kitchen Product 42,Central,Marketplace,UPI,8455.67,4,0,33822.68,Delivered,3.4,0,5,2,2024,9132.1236
ORD102108,2024-12-09,CUST6353,Returning,Home & Kitchen,Home & Kitchen Product 46,Central,Social Media,Net Banking,11173.37,1,20,8938.7,Returned,3.3,0,12,4,2024,2413.4490000000005
ORD102109,2024-05-24,CUST6370,New,Electronics,Electronics Product 49,South,Website,Wallet,58779.01,5,5,279200.3,Cancelled,4.7,1,5,2,2024,50256.054
ORD102110,2024-01-12,CUST4314,New,Electronics,Electronics Product 19,West,Website,Wallet,73737.82,1,10,66364.04,Delivered,4.7,0,1,1,2024,18581.9312
ORD102111,2024-06-15,CUST2756,VIP,Beauty,Beauty Product 43,Central,Mobile App,Debit Card,1363.25,1,20,1090.6,Processing,4.7,0,6,2,2024,294.462
ORD102112,2023-10-01,CUST4548,Returning,Sports,Sports Product 25,South,Marketplace,Net Banking,1919.09,1,5,1823.14,Shipped,2.9,0,10,4,2023,401.0908
ORD102113,2023-03-26,CUST3842,New,Books,Books Product 5,South,Social Media,Debit Card,189.1,4,0,756.4,Cancelled,3.6,1,3,1,2023,302.56
ORD102114,2024-03-10,CUST6998,Returning,Toys,Toys Product 20,South,Website,Net Banking,251.77,2,5,478.36,Returned,4.7,0,3,1,2024,172.2096
ORD102115,2023-03-22,CUST4513,VIP,Sports,Sports Product 20,South,Social Media,Net Banking,10590.8,1,20,8472.64,Returned,4.0,0,3,1,2023,2711.2448
ORD102116,2024-03-16,CUST7872,VIP,Beauty,Beauty Product 26,Central,Marketplace,Debit Card,496.21,1,15,421.78,Returned,3.1,0,3,1,2024,109.66279999999999
ORD102117,2024-09-08,CUST8796,New,Automotive,Automotive Product 25,East,Social Media,Credit Card,10510.49,2,0,21020.98,Shipped,4.4,0,9,3,2024,5045.035199999999
ORD102118,2023-07-04,CUST9593,Returning,Electronics,Electronics Product 12,East,Website,Wallet,69645.06,1,10,62680.55,Cancelled,3.4,0,7,3,2023,10028.888
ORD102119,2024-07-12,CUST2595,New,Clothing,Clothing Product 32,North,Marketplace,Net Banking,745.59,4,10,2684.12,Processing,5.0,0,7,3,2024,509.9828
ORD102120,2023-10-28,CUST4901,At-Risk,Electronics,Electronics Product 28,South,Website,Net Banking,70897.48,3,20,170153.95,Shipped,5.0,0,10,4,2023,56150.80350000001
ORD102121,2023-11-25,CUST7983,VIP,Home & Kitchen,Home & Kitchen Product 14,South,Website,Debit Card,7579.21,2,0,15158.42,Delivered,4.5,0,11,4,2023,3638.0208
ORD102122,2023-04-16,CUST8329,At-Risk,Home & Kitchen,Home & Kitchen Product 47,West,Marketplace,Wallet,9504.62,5,5,45146.95,Processing,5.0,0,4,2,2023,16252.901999999998
ORD102123,2023-03-23,CUST6198,VIP,Electronics,Electronics Product 14,Central,Social Media,Wallet,42204.83,1,20,33763.86,Processing,4.1,1,3,1,2023,4726.9404
ORD102124,2023-12-02,CUST1750,Returning,Automotive,Automotive Product 1,Central,Social Media,Debit Card,7681.38,5,5,36486.56,Returned,4.6,0,12,4,2023,9121.64
ORD102125,2024-11-07,CUST1263,New,Clothing,Clothing Product 19,Central,Social Media,Net Banking,4396.23,2,5,8352.84,Returned,5.0,0,11,4,2024,2422.3235999999997
ORD102126,2023-10-30,CUST5354,New,Clothing,Clothing Product 44,East,Website,Net Banking,2207.11,2,0,4414.22,Returned,4.2,0,10,4,2023,1147.6972
ORD102127,2023-11-10,CUST3452,Returning,Books,Books Product 8,South,Social Media,Net Banking,106.48,1,0,106.48,Cancelled,3.8,0,11,4,2023,39.397600000000004
ORD102128,2024-04-01,CUST2787,Returning,Automotive,Automotive Product 5,Central,Marketplace,Credit Card,6585.1,4,0,26340.4,Processing,2.6,0,4,2,2024,10536.160000000002
ORD102129,2024-09-09,CUST5644,At-Risk,Beauty,Beauty Product 30,East,Marketplace,Wallet,2987.87,1,20,2390.3,Cancelled,3.9,1,9,3,2024,310.73900000000003
ORD102130,2024-03-12,CUST2427,At-Risk,Toys,Toys Product 27,North,Mobile App,Net Banking,2935.78,1,0,2935.78,Returned,4.7,1,3,1,2024,411.0092000000001
ORD102131,2023-06-20,CUST1576,Returning,Books,Books Product 50,South,Social Media,Wallet,716.16,1,5,680.35,Cancelled,4.8,0,6,2,2023,95.24900000000001
ORD102132,2024-12-07,CUST6797,New,Beauty,Beauty Product 7,South,Mobile App,Net Banking,922.66,2,10,1660.79,Shipped,4.4,0,12,4,2024,498.23699999999997
ORD102133,2024-03-30,CUST3905,At-Risk,Books,Books Product 44,North,Marketplace,Wallet,325.67,2,0,651.34,Cancelled,3.6,0,3,1,2024,136.7814
ORD102134,2023-12-26,CUST8481,At-Risk,Clothing,Clothing Product 20,South,Marketplace,UPI,4469.82,2,5,8492.66,Returned,2.4,0,12,4,2023,2717.6512
ORD102135,2024-04-02,CUST7273,VIP,Beauty,Beauty Product 12,West,Social Media,UPI,1756.86,4,10,6324.7,Shipped,3.6,1,4,2,2024,1391.434
ORD102136,2023-02-13,CUST9670,VIP,Books,Books Product 41,East,Website,Credit Card,216.16,1,20,172.93,Returned,3.8,0,2,1,2023,50.149699999999996
ORD102137,2023-12-28,CUST2999,VIP,Clothing,Clothing Product 43,South,Marketplace,Credit Card,1592.94,2,10,2867.29,Shipped,3.7,0,12,4,2023,946.2057
ORD102138,2024-09-21,CUST9580,Returning,Books,Books Product 7,South,Social Media,UPI,579.52,1,10,521.57,Shipped,4.5,0,9,3,2024,135.6082
ORD102139,2024-03-21,CUST8747,New,Toys,Toys Product 24,West,Social Media,UPI,3250.69,3,0,9752.07,Returned,5.0,0,3,1,2024,2535.5382
ORD102140,2023-10-09,CUST1985,New,Books,Books Product 12,South,Website,UPI,766.4,3,20,1839.36,Shipped,4.1,0,10,4,2023,239.11679999999998
ORD102141,2024-10-16,CUST3156,At-Risk,Toys,Toys Product 19,East,Website,Credit Card,1610.76,2,0,3221.52,Shipped,3.8,0,10,4,2024,708.7344
ORD102142,2023-02-28,CUST8831,Returning,Books,Books Product 33,East,Website,Net Banking,523.16,2,15,889.37,Processing,3.8,0,2,1,2023,231.2362
ORD102143,2023-03-18,CUST1110,VIP,Clothing,Clothing Product 15,North,Website,Debit Card,2466.13,1,0,2466.13,Shipped,4.1,1,3,1,2023,591.8712
ORD102144,2024-11-18,CUST5451,New,Automotive,Automotive Product 8,East,Social Media,Wallet,11162.36,1,20,8929.89,Returned,3.3,1,11,4,2024,3304.0593
ORD102145,2024-10-14,CUST6914,Returning,Automotive,Automotive Product 39,Central,Social Media,Net Banking,17044.72,3,10,46020.74,Delivered,4.1,0,10,4,2024,17027.6738
ORD102146,2024-02-20,CUST3126,At-Risk,Electronics,Electronics Product 26,West,Website,Debit Card,59867.76,1,15,50887.6,Shipped,4.4,0,2,1,2024,17810.66
ORD102147,2024-01-08,CUST4850,VIP,Toys,Toys Product 35,South,Mobile App,Wallet,3985.51,1,0,3985.51,Cancelled,4.2,0,1,1,2024,836.9571
ORD102148,2024-06-09,CUST9425,New,Home & Kitchen,Home & Kitchen Product 48,East,Mobile App,Credit Card,13939.27,1,5,13242.31,Delivered,4.4,1,6,2,2024,4237.5392
ORD102149,2024-11-26,CUST9630,Returning,Books,Books Product 27,Central,Mobile App,Credit Card,214.97,3,10,580.42,Cancelled,4.3,0,11,4,2024,127.69239999999999
ORD102150,2023-06-13,CUST6706,Returning,Automotive,Automotive Product 14,North,Marketplace,Credit Card,35982.01,1,15,30584.71,Delivered,2.6,0,6,2,2023,5199.4007
ORD102151,2023-02-01,CUST7589,At-Risk,Home & Kitchen,Home & Kitchen Product 27,South,Social Media,Net Banking,7265.9,1,0,7265.9,Processing,4.5,1,2,1,2023,1453.18
ORD102152,2023-05-27,CUST3667,At-Risk,Toys,Toys Product 17,South,Website,Wallet,1407.21,2,25,2110.82,Returned,3.5,1,5,2,2023,253.29840000000002
ORD102153,2024-09-14,CUST3242,New,Beauty,Beauty Product 31,South,Marketplace,Debit Card,660.79,3,20,1585.9,Returned,3.1,1,9,3,2024,317.18000000000006
ORD102154,2024-11-25,CUST6421,Returning,Home & Kitchen,Home & Kitchen Product 2,South,Marketplace,Debit Card,7216.25,1,0,7216.25,Processing,3.1,0,11,4,2024,1731.8999999999999
ORD102155,2024-03-24,CUST8014,New,Automotive,Automotive Product 17,East,Mobile App,Debit Card,49670.87,1,15,42220.24,Delivered,4.3,1,3,1,2024,16465.8936
ORD102156,2023-02-05,CUST7817,At-Risk,Books,Books Product 25,West,Website,Net Banking,103.92,1,5,98.72,Processing,3.8,0,2,1,2023,18.7568
ORD102157,2023-05-10,CUST1956,VIP,Beauty,Beauty Product 21,West,Social Media,UPI,2149.17,1,5,2041.71,Delivered,2.7,0,5,2,2023,755.4327
ORD102158,2023-03-10,CUST6315,Returning,Sports,Sports Product 25,North,Mobile App,Debit Card,4305.65,1,0,4305.65,Shipped,4.4,0,3,1,2023,731.9605
ORD102159,2023-08-30,CUST9297,At-Risk,Books,Books Product 35,East,Mobile App,Net Banking,165.69,2,10,298.24,Processing,2.8,0,8,3,2023,47.7184
ORD102160,2024-10-22,CUST7807,Returning,Beauty,Beauty Product 37,West,Marketplace,Wallet,1456.99,2,10,2622.58,Shipped,4.1,0,10,4,2024,681.8708
ORD102161,2024-01-11,CUST8369,At-Risk,Home & Kitchen,Home & Kitchen Product 25,Central,Social Media,Debit Card,1692.3,2,5,3215.37,Delivered,4.2,0,1,1,2024,964.6109999999999
ORD102162,2024-01-06,CUST9829,VIP,Electronics,Electronics Product 38,East,Social Media,UPI,50185.33,1,10,45166.8,Returned,4.7,0,1,1,2024,4968.348
ORD102163,2024-01-28,CUST8245,At-Risk,Electronics,Electronics Product 33,North,Social Media,UPI,47759.13,3,10,128949.65,Returned,5.0,0,1,1,2024,21921.4405
ORD102164,2024-08-03,CUST5579,VIP,Sports,Sports Product 31,Central,Marketplace,Net Banking,1708.73,1,10,1537.86,Cancelled,2.9,0,8,3,2024,369.08639999999997
ORD102165,2023-02-03,CUST5893,Returning,Home & Kitchen,Home & Kitchen Product 2,South,Website,Debit Card,9654.25,5,0,48271.25,Shipped,4.0,0,2,1,2023,9654.25
ORD102166,2024-09-11,CUST3745,At-Risk,Clothing,Clothing Product 14,East,Mobile App,Credit Card,4440.05,2,20,7104.08,Shipped,3.8,0,9,3,2024,2202.2648
ORD102167,2023-06-07,CUST3264,VIP,Automotive,Automotive Product 25,East,Website,UPI,17771.91,1,5,16883.31,Cancelled,4.3,0,6,2,2023,4220.8275
ORD102168,2024-11-26,CUST9072,At-Risk,Automotive,Automotive Product 36,East,Marketplace,Wallet,1495.17,2,0,2990.34,Cancelled,4.2,0,11,4,2024,448.551
ORD102169,2024-04-05,CUST6535,New,Toys,Toys Product 36,East,Mobile App,UPI,932.03,1,0,932.03,Returned,3.7,0,4,2,2024,344.8511
ORD102170,2024-01-15,CUST9359,Returning,Home & Kitchen,Home & Kitchen Product 50,West,Website,Credit Card,4477.56,2,5,8507.36,Returned,3.6,0,1,1,2024,1616.3984
ORD102171,2024-01-16,CUST6526,New,Beauty,Beauty Product 15,North,Social Media,UPI,2747.81,1,20,2198.25,Cancelled,3.1,0,1,1,2024,703.44
ORD102172,2024-03-30,CUST5581,At-Risk,Books,Books Product 1,South,Social Media,Net Banking,398.32,1,0,398.32,Delivered,4.8,0,3,1,2024,131.4456
ORD102173,2023-03-20,CUST9869,New,Sports,Sports Product 2,North,Mobile App,Net Banking,14694.73,3,10,39675.77,Returned,4.4,0,3,1,2023,15473.550299999999
ORD102174,2024-08-10,CUST6562,At-Risk,Home & Kitchen,Home & Kitchen Product 18,North,Marketplace,Credit Card,5698.94,1,0,5698.94,Delivered,4.7,0,8,3,2024,1424.735
ORD102175,2023-05-21,CUST7913,Returning,Home & Kitchen,Home & Kitchen Product 35,West,Social Media,Credit Card,11574.74,3,5,32988.01,Processing,3.8,0,5,2,2023,9236.642800000001
ORD102176,2024-06-26,CUST6959,New,Books,Books Product 15,North,Mobile App,Net Banking,754.02,1,25,565.52,Delivered,3.5,1,6,2,2024,113.104
ORD102177,2024-01-11,CUST6199,New,Clothing,Clothing Product 32,West,Marketplace,Net Banking,2893.34,2,15,4918.68,Cancelled,3.1,1,1,1,2024,1475.604
ORD102178,2024-02-12,CUST5719,Returning,Toys,Toys Product 44,East,Social Media,UPI,2638.08,2,0,5276.16,Delivered,4.3,0,2,1,2024,1266.2784
ORD102179,2023-11-18,CUST3912,VIP,Automotive,Automotive Product 39,North,Website,Debit Card,10767.34,2,5,20457.95,Returned,3.2,0,11,4,2023,4705.3285000000005
ORD102180,2024-10-27,CUST9225,VIP,Books,Books Product 42,South,Marketplace,Wallet,514.85,1,0,514.85,Delivered,5.0,0,10,4,2024,185.346
ORD102181,2023-10-13,CUST3111,Returning,Automotive,Automotive Product 15,West,Website,Wallet,5866.43,1,5,5573.11,Shipped,3.0,0,10,4,2023,668.7732
ORD102182,2023-09-13,CUST5989,VIP,Automotive,Automotive Product 26,East,Website,Net Banking,11448.92,1,15,9731.58,Processing,4.2,0,9,3,2023,3503.3687999999997
ORD102183,2023-04-27,CUST2944,New,Sports,Sports Product 47,East,Mobile App,Debit Card,3895.18,1,15,3310.9,Shipped,5.0,0,4,2,2023,1191.924
ORD102184,2023-01-27,CUST2359,Returning,Electronics,Electronics Product 15,East,Website,UPI,45310.95,2,0,90621.9,Shipped,4.5,1,1,1,2023,22655.475
ORD102185,2023-07-10,CUST8014,Returning,Toys,Toys Product 45,Central,Website,UPI,681.48,4,20,2180.74,Returned,4.1,0,7,3,2023,545.185
ORD102186,2024-05-26,CUST6444,New,Books,Books Product 6,East,Social Media,Wallet,465.62,4,10,1676.23,Shipped,3.2,0,5,2,2024,352.00829999999996
ORD102187,2024-06-14,CUST1416,New,Books,Books Product 49,West,Marketplace,Credit Card,551.38,3,0,1654.14,Returned,2.9,0,6,2,2024,661.6560000000001
ORD102188,2024-02-01,CUST3230,VIP,Beauty,Beauty Product 23,West,Mobile App,Wallet,1241.4,3,5,3537.99,Processing,4.6,0,2,1,2024,459.9387
ORD102189,2024-07-29,CUST1102,Returning,Toys,Toys Product 37,North,Mobile App,Wallet,2387.49,2,10,4297.48,Shipped,5.0,0,7,3,2024,1203.2944
ORD102190,2023-05-01,CUST1645,VIP,Books,Books Product 12,South,Mobile App,Net Banking,697.38,1,10,627.64,Returned,3.6,0,5,2,2023,188.292
ORD102191,2023-09-26,CUST1702,VIP,Home & Kitchen,Home & Kitchen Product 48,North,Website,Credit Card,9190.2,4,5,34922.76,Shipped,3.1,1,9,3,2023,13270.6488
ORD102192,2023-09-24,CUST3554,New,Electronics,Electronics Product 10,Central,Marketplace,Wallet,77349.38,2,5,146963.82,Cancelled,2.0,0,9,3,2023,48498.060600000004
ORD102193,2024-12-21,CUST6027,VIP,Toys,Toys Product 50,Central,Marketplace,Wallet,3001.61,2,0,6003.22,Delivered,3.2,0,12,4,2024,1740.9338
ORD102194,2024-04-01,CUST7103,New,Electronics,Electronics Product 46,South,Social Media,UPI,49463.03,1,15,42043.58,Delivered,3.9,1,4,2,2024,5886.101200000001
ORD102195,2023-08-08,CUST4761,VIP,Electronics,Electronics Product 39,Central,Marketplace,Credit Card,72783.76,1,5,69144.57,Shipped,5.0,0,8,3,2023,14520.3597
ORD102196,2024-09-18,CUST4802,Returning,Automotive,Automotive Product 8,North,Website,Net Banking,11097.89,1,0,11097.89,Delivered,4.5,0,9,3,2024,1553.7046
ORD102197,2023-10-20,CUST2191,Returning,Electronics,Electronics Product 43,South,Website,UPI,712.33,3,15,1816.44,Cancelled,4.2,0,10,4,2023,653.9184
ORD102198,2024-12-11,CUST4873,New,Toys,Toys Product 42,West,Mobile App,UPI,1080.96,2,20,1729.54,Processing,3.7,0,12,4,2024,553.4528
ORD102199,2024-05-17,CUST3148,New,Toys,Toys Product 11,North,Social Media,Debit Card,1022.49,1,20,817.99,Shipped,3.5,1,5,2,2024,269.93670000000003
ORD102200,2023-07-24,CUST2896,VIP,Automotive,Automotive Product 31,West,Marketplace,Wallet,46533.72,5,0,232668.6,Processing,5.0,0,7,3,2023,69800.58
ORD102201,2023-05-06,CUST6340,Returning,Clothing,Clothing Product 4,East,Website,Credit Card,3151.63,1,0,3151.63,Delivered,4.2,1,5,2,2023,787.9075
ORD102202,2023-05-19,CUST6199,New,Automotive,Automotive Product 25,North,Social Media,UPI,7852.0,1,5,7459.4,Shipped,2.3,0,5,2,2023,1044.316
ORD102203,2023-03-17,CUST2134,At-Risk,Automotive,Automotive Product 22,West,Website,Debit Card,24192.83,1,0,24192.83,Processing,3.5,0,3,1,2023,4838.566000000001
ORD102204,2024-04-07,CUST4413,At-Risk,Books,Books Product 39,West,Website,Net Banking,100.17,2,20,160.27,Returned,3.3,0,4,2,2024,22.437800000000003
ORD102205,2023-06-26,CUST1091,At-Risk,Clothing,Clothing Product 15,North,Mobile App,UPI,573.38,4,0,2293.52,Delivered,3.6,0,6,2,2023,733.9264000000001
ORD102206,2024-12-31,CUST6308,Returning,Electronics,Electronics Product 18,South,Marketplace,Wallet,77602.44,1,0,77602.44,Returned,4.5,1,12,4,2024,11640.366
ORD102207,2024-03-31,CUST6569,VIP,Toys,Toys Product 5,South,Mobile App,Net Banking,720.5,3,5,2053.42,Cancelled,3.9,0,3,1,2024,636.5602
ORD102208,2023-03-31,CUST8872,At-Risk,Books,Books Product 3,South,Social Media,Debit Card,665.06,1,0,665.06,Shipped,3.9,0,3,1,2023,206.16859999999997
ORD102209,2024-11-29,CUST1553,Returning,Home & Kitchen,Home & Kitchen Product 17,Central,Marketplace,Net Banking,6553.46,4,15,22281.76,Returned,5.0,0,11,4,2024,5347.622399999999
ORD102210,2023-11-24,CUST9548,VIP,Beauty,Beauty Product 4,South,Mobile App,Wallet,1494.31,3,5,4258.78,Delivered,3.4,0,11,4,2023,596.2292
ORD102211,2024-11-14,CUST4343,VIP,Sports,Sports Product 25,North,Mobile App,Debit Card,6330.14,3,0,18990.42,Delivered,5.0,0,11,4,2024,3608.1798
ORD102212,2023-12-22,CUST7974,Returning,Books,Books Product 48,East,Marketplace,Wallet,632.01,1,0,632.01,Delivered,3.5,1,12,4,2023,126.402
ORD102213,2024-12-27,CUST3984,Returning,Clothing,Clothing Product 44,West,Social Media,UPI,1355.71,5,5,6439.62,Processing,4.1,0,12,4,2024,1996.2821999999999
ORD102214,2023-03-08,CUST2644,New,Electronics,Electronics Product 10,East,Social Media,Credit Card,31763.11,2,0,63526.22,Returned,3.8,0,3,1,2023,8258.4086
ORD102215,2024-07-17,CUST5651,Returning,Automotive,Automotive Product 38,East,Marketplace,Net Banking,38876.85,1,10,34989.16,Returned,4.1,0,7,3,2024,12246.206
ORD102216,2024-07-09,CUST5968,VIP,Sports,Sports Product 7,West,Website,Credit Card,14242.39,3,10,38454.45,Shipped,4.4,0,7,3,2024,12689.968499999999
ORD102217,2023-10-25,CUST5659,VIP,Home & Kitchen,Home & Kitchen Product 6,Central,Marketplace,UPI,5518.38,1,10,4966.54,Delivered,4.3,1,10,4,2023,794.6464
ORD102218,2023-11-04,CUST9516,New,Automotive,Automotive Product 35,East,Mobile App,Credit Card,42061.55,4,20,134596.96,Returned,3.4,0,11,4,2023,43071.0272
ORD102219,2023-06-11,CUST9598,Returning,Electronics,Electronics Product 29,South,Social Media,Debit Card,25699.27,1,20,20559.42,Shipped,3.1,1,6,2,2023,6167.825999999999
ORD102220,2024-12-29,CUST7276,New,Automotive,Automotive Product 11,North,Mobile App,Credit Card,4647.42,2,20,7435.87,Processing,5.0,0,12,4,2024,2379.4784
ORD102221,2024-12-27,CUST7321,VIP,Automotive,Automotive Product 9,East,Marketplace,Net Banking,30584.74,2,0,61169.48,Returned,3.6,0,12,4,2024,9787.116800000002
ORD102222,2024-12-18,CUST9038,At-Risk,Home & Kitchen,Home & Kitchen Product 33,East,Website,Wallet,3444.32,1,0,3444.32,Cancelled,4.6,0,12,4,2024,516.648
ORD102223,2024-10-15,CUST3360,At-Risk,Toys,Toys Product 11,East,Mobile App,Net Banking,831.24,1,0,831.24,Returned,2.7,1,10,4,2024,141.3108
ORD102224,2023-06-28,CUST9185,New,Home & Kitchen,Home & Kitchen Product 18,East,Mobile App,Net Banking,9616.42,1,20,7693.14,Shipped,3.8,1,6,2,2023,1615.5594
ORD102225,2024-01-06,CUST4638,At-Risk,Beauty,Beauty Product 31,East,Website,Debit Card,941.55,1,25,706.16,Processing,3.9,0,1,1,2024,240.0944
ORD102226,2024-06-04,CUST7931,At-Risk,Automotive,Automotive Product 8,Central,Website,Credit Card,7829.89,1,20,6263.91,Processing,4.4,0,6,2,2024,2004.4512
ORD102227,2023-08-18,CUST8356,At-Risk,Electronics,Electronics Product 34,East,Marketplace,Debit Card,35260.84,2,0,70521.68,Delivered,1.8,0,8,3,2023,26798.2384
ORD102228,2023-05-05,CUST8226,Returning,Clothing,Clothing Product 13,North,Marketplace,Wallet,2319.9,1,20,1855.92,Processing,4.1,0,5,2,2023,222.7104
ORD102229,2023-07-25,CUST5795,Returning,Toys,Toys Product 2,South,Website,Credit Card,2841.38,1,5,2699.31,Processing,3.1,1,7,3,2023,269.931
ORD102230,2023-05-23,CUST7771,Returning,Beauty,Beauty Product 6,West,Website,UPI,864.04,2,0,1728.08,Processing,4.3,0,5,2,2023,535.7048
ORD102231,2023-08-31,CUST3452,Returning,Electronics,Electronics Product 35,South,Website,Net Banking,10059.06,1,5,9556.11,Returned,3.2,0,8,3,2023,1720.0998
ORD102232,2024-05-20,CUST1104,At-Risk,Sports,Sports Product 8,East,Website,Wallet,18035.34,4,0,72141.36,Processing,3.3,0,5,2,2024,14428.272
ORD102233,2023-01-27,CUST3125,VIP,Toys,Toys Product 29,West,Mobile App,Debit Card,2677.95,3,5,7632.16,Returned,3.8,0,1,1,2023,1984.3616
ORD102234,2024-01-05,CUST7001,New,Sports,Sports Product 45,North,Website,Wallet,3889.04,2,0,7778.08,Shipped,3.2,0,1,1,2024,1011.1504
ORD102235,2024-07-21,CUST9442,VIP,Books,Books Product 38,West,Social Media,Net Banking,706.3,2,5,1341.97,Delivered,3.6,0,7,3,2024,389.1713
ORD102236,2024-08-09,CUST3747,New,Clothing,Clothing Product 50,West,Website,Credit Card,4305.79,4,10,15500.84,Delivered,3.0,0,8,3,2024,3100.168
ORD102237,2024-01-13,CUST7042,Returning,Beauty,Beauty Product 26,West,Social Media,Debit Card,2346.62,1,20,1877.3,Returned,2.5,0,1,1,2024,544.4169999999999
ORD102238,2024-04-23,CUST5717,VIP,Electronics,Electronics Product 42,Central,Website,Net Banking,28006.33,1,10,25205.7,Cancelled,4.8,1,4,2,2024,8821.994999999999
ORD102239,2024-07-18,CUST4426,At-Risk,Beauty,Beauty Product 4,Central,Mobile App,Wallet,1358.62,1,5,1290.69,Cancelled,3.0,1,7,3,2024,193.6035
ORD102240,2023-05-13,CUST2140,VIP,Electronics,Electronics Product 31,East,Social Media,UPI,49549.45,3,15,126351.1,Processing,3.9,0,5,2,2023,48013.418000000005
ORD102241,2024-09-18,CUST9615,At-Risk,Clothing,Clothing Product 22,South,Mobile App,Debit Card,4406.22,1,20,3524.98,Cancelled,4.6,0,9,3,2024,916.4948
ORD102242,2023-03-30,CUST4578,VIP,Toys,Toys Product 44,South,Website,Net Banking,3698.3,2,0,7396.6,Shipped,3.5,0,3,1,2023,2810.708
ORD102243,2023-03-09,CUST3832,New,Beauty,Beauty Product 29,South,Website,Wallet,694.3,5,5,3297.92,Returned,3.3,1,3,1,2023,527.6672
ORD102244,2023-11-13,CUST9902,VIP,Automotive,Automotive Product 34,West,Marketplace,Wallet,19210.93,3,0,57632.79,Returned,4.2,1,11,4,2023,16137.1812
ORD102245,2024-02-12,CUST2734,VIP,Electronics,Electronics Product 40,West,Mobile App,Debit Card,74688.8,2,0,149377.6,Shipped,4.9,0,2,1,2024,32863.072
ORD102246,2024-05-05,CUST3190,Returning,Beauty,Beauty Product 47,South,Mobile App,Credit Card,2987.0,1,10,2688.3,Returned,3.1,0,5,2,2024,887.1390000000001
ORD102247,2024-06-22,CUST4119,Returning,Beauty,Beauty Product 47,Central,Website,UPI,708.13,3,20,1699.51,Delivered,3.9,0,6,2,2024,475.86280000000005
ORD102248,2024-02-25,CUST2030,VIP,Home & Kitchen,Home & Kitchen Product 34,Central,Marketplace,Wallet,5606.57,2,0,11213.14,Delivered,2.6,0,2,1,2024,2803.285
ORD102249,2024-02-24,CUST3069,At-Risk,Clothing,Clothing Product 42,North,Marketplace,Debit Card,1135.47,1,15,965.15,Cancelled,3.7,0,2,1,2024,357.1055
ORD102250,2024-08-11,CUST4279,At-Risk,Books,Books Product 17,East,Mobile App,UPI,510.33,1,20,408.26,Cancelled,4.0,1,8,3,2024,85.7346
ORD102251,2023-03-17,CUST3346,Returning,Home & Kitchen,Home & Kitchen Product 37,West,Social Media,Credit Card,5128.24,4,20,16410.37,Cancelled,3.3,0,3,1,2023,2789.7629
ORD102252,2023-05-09,CUST1116,At-Risk,Beauty,Beauty Product 31,North,Social Media,Debit Card,2746.47,2,0,5492.94,Processing,3.6,0,5,2,2023,1538.0232
ORD102253,2023-11-21,CUST5994,Returning,Books,Books Product 19,North,Mobile App,Net Banking,741.06,3,20,1778.54,Shipped,2.9,1,11,4,2023,515.7765999999999
ORD102254,2024-10-19,CUST2517,New,Clothing,Clothing Product 38,Central,Marketplace,Credit Card,2613.41,4,0,10453.64,Cancelled,4.1,0,10,4,2024,2404.3372
ORD102255,2023-03-17,CUST1966,VIP,Automotive,Automotive Product 40,South,Mobile App,Net Banking,1439.33,2,10,2590.79,Shipped,4.8,0,3,1,2023,647.6975
ORD102256,2024-04-05,CUST7179,At-Risk,Books,Books Product 29,South,Marketplace,Debit Card,291.12,2,0,582.24,Delivered,3.1,1,4,2,2024,227.0736
ORD102257,2024-04-22,CUST1132,At-Risk,Books,Books Product 40,West,Mobile App,Credit Card,553.05,1,0,553.05,Delivered,3.5,0,4,2,2024,176.976
ORD102258,2024-11-27,CUST2472,Returning,Beauty,Beauty Product 39,Central,Marketplace,Net Banking,1978.77,1,10,1780.89,Processing,4.4,0,11,4,2024,231.5157
ORD102259,2024-06-13,CUST9512,Returning,Beauty,Beauty Product 4,West,Social Media,Debit Card,1285.14,1,5,1220.88,Cancelled,5.0,1,6,2,2024,195.34080000000003
ORD102260,2023-12-19,CUST5009,VIP,Sports,Sports Product 21,South,Website,Wallet,19916.46,3,0,59749.38,Processing,2.8,0,12,4,2023,23302.2582
ORD102261,2023-05-12,CUST7805,VIP,Toys,Toys Product 11,West,Website,Credit Card,2876.21,2,0,5752.42,Returned,3.9,0,5,2,2023,1840.7744
ORD102262,2024-07-18,CUST5299,Returning,Sports,Sports Product 9,Central,Social Media,Wallet,5773.81,4,10,20785.72,Cancelled,4.2,0,7,3,2024,7690.7164
ORD102263,2024-10-17,CUST9020,VIP,Electronics,Electronics Product 7,North,Website,UPI,5049.55,1,0,5049.55,Delivered,3.9,0,10,4,2024,959.4145000000001
ORD102264,2024-08-24,CUST3623,VIP,Clothing,Clothing Product 32,South,Marketplace,Wallet,2946.47,2,15,5009.0,Returned,2.0,0,8,3,2024,1602.88
ORD102265,2023-07-06,CUST4341,New,Beauty,Beauty Product 8,South,Marketplace,Debit Card,236.72,2,0,473.44,Processing,4.4,0,7,3,2023,146.7664
ORD102266,2023-05-13,CUST8588,At-Risk,Beauty,Beauty Product 8,South,Marketplace,Credit Card,2196.38,2,0,4392.76,Returned,5.0,0,5,2,2023,834.6244
ORD102267,2024-03-19,CUST6652,Returning,Automotive,Automotive Product 18,North,Mobile App,Net Banking,23963.82,2,0,47927.64,Delivered,4.1,0,3,1,2024,12940.462800000001
ORD102268,2024-05-29,CUST1396,Returning,Automotive,Automotive Product 35,Central,Social Media,Wallet,30691.28,1,5,29156.72,Cancelled,3.2,0,5,2,2024,8455.4488
ORD102269,2023-02-26,CUST9724,Returning,Clothing,Clothing Product 27,West,Website,UPI,2381.51,2,0,4763.02,Cancelled,3.6,1,2,1,2023,1143.1248
ORD102270,2023-05-08,CUST3704,Returning,Automotive,Automotive Product 22,East,Marketplace,Wallet,9349.53,1,0,9349.53,Delivered,5.0,0,5,2,2023,3272.3355
ORD102271,2024-06-14,CUST8727,VIP,Sports,Sports Product 27,East,Marketplace,Debit Card,15098.75,1,25,11324.06,Processing,4.7,1,6,2,2024,3963.4209999999994
ORD102272,2023-06-06,CUST7619,New,Automotive,Automotive Product 23,North,Marketplace,Net Banking,32659.39,1,10,29393.45,Delivered,4.5,0,6,2,2023,10581.642
ORD102273,2023-11-08,CUST9498,New,Beauty,Beauty Product 34,West,Mobile App,Wallet,1704.92,2,0,3409.84,Cancelled,4.3,0,11,4,2023,1159.3456
ORD102274,2023-06-18,CUST2426,Returning,Clothing,Clothing Product 48,North,Social Media,Credit Card,698.66,5,5,3318.64,Cancelled,3.5,0,6,2,2023,829.66
ORD102275,2023-06-15,CUST8471,VIP,Books,Books Product 7,West,Marketplace,Net Banking,358.67,2,20,573.87,Delivered,3.8,1,6,2,2023,120.5127
ORD102276,2023-11-27,CUST3899,At-Risk,Automotive,Automotive Product 36,Central,Mobile App,Net Banking,30955.69,2,0,61911.38,Shipped,3.9,1,11,4,2023,21668.982999999997
ORD102277,2024-12-27,CUST3960,Returning,Clothing,Clothing Product 40,North,Social Media,Debit Card,3623.89,2,0,7247.78,Processing,4.4,0,12,4,2024,1811.945
ORD102278,2023-08-19,CUST6735,VIP,Clothing,Clothing Product 35,West,Mobile App,Debit Card,3587.07,2,15,6098.02,Processing,5.0,0,8,3,2023,1036.6634000000001
ORD102279,2023-12-21,CUST8865,At-Risk,Toys,Toys Product 43,West,Marketplace,Wallet,872.25,1,10,785.02,Returned,4.9,0,12,4,2023,196.255
ORD102280,2024-06-15,CUST8606,Returning,Home & Kitchen,Home & Kitchen Product 7,North,Website,Net Banking,12808.86,1,10,11527.97,Shipped,2.9,0,6,2,2024,1613.9158
ORD102281,2023-10-18,CUST6256,At-Risk,Sports,Sports Product 1,North,Website,Net Banking,2023.36,1,0,2023.36,Cancelled,4.2,1,10,4,2023,627.2416
ORD102282,2023-03-22,CUST5265,Returning,Clothing,Clothing Product 28,East,Marketplace,UPI,4203.51,1,0,4203.51,Cancelled,4.6,0,3,1,2023,840.7020000000001
ORD102283,2023-09-14,CUST6950,VIP,Clothing,Clothing Product 5,North,Marketplace,Net Banking,773.25,1,10,695.92,Shipped,4.5,0,9,3,2023,125.26559999999999
ORD102284,2023-07-21,CUST5352,Returning,Home & Kitchen,Home & Kitchen Product 32,South,Website,Credit Card,6817.66,1,0,6817.66,Returned,3.5,0,7,3,2023,2658.8874
ORD102285,2024-10-12,CUST8927,New,Sports,Sports Product 14,North,Mobile App,Net Banking,14327.58,1,5,13611.2,Delivered,5.0,0,10,4,2024,4491.696000000001
ORD102286,2024-07-18,CUST3222,New,Clothing,Clothing Product 41,North,Mobile App,Net Banking,1708.34,5,5,8114.61,Returned,3.0,0,7,3,2024,2758.9674
ORD102287,2023-10-09,CUST7208,Returning,Home & Kitchen,Home & Kitchen Product 44,South,Mobile App,Net Banking,12910.99,1,0,12910.99,Shipped,3.1,0,10,4,2023,3744.1870999999996
ORD102288,2023-05-09,CUST3535,Returning,Automotive,Automotive Product 46,Central,Mobile App,UPI,14451.93,1,20,11561.54,Processing,4.2,0,5,2,2023,4046.539
ORD102289,2024-10-02,CUST1535,Returning,Home & Kitchen,Home & Kitchen Product 21,South,Marketplace,UPI,12832.87,1,15,10907.94,Returned,5.0,1,10,4,2024,3599.6202000000003
ORD102290,2023-11-07,CUST6331,VIP,Books,Books Product 27,East,Marketplace,Wallet,558.57,2,10,1005.43,Delivered,3.3,0,11,4,2023,281.5204
ORD102291,2024-09-21,CUST3333,New,Electronics,Electronics Product 16,East,Mobile App,UPI,59127.56,1,0,59127.56,Cancelled,3.8,0,9,3,2024,23059.7484
ORD102292,2024-06-30,CUST2478,VIP,Sports,Sports Product 7,Central,Marketplace,Net Banking,6920.23,1,0,6920.23,Returned,4.9,0,6,2,2024,1107.2368
ORD102293,2023-04-06,CUST9371,Returning,Toys,Toys Product 27,North,Website,Debit Card,2753.57,2,5,5231.78,Shipped,4.0,1,4,2,2023,1988.0764
ORD102294,2024-05-29,CUST8431,New,Home & Kitchen,Home & Kitchen Product 13,West,Mobile App,UPI,13525.1,1,0,13525.1,Returned,3.7,0,5,2,2024,2975.522
ORD102295,2024-10-18,CUST7265,New,Automotive,Automotive Product 7,West,Marketplace,UPI,44968.63,1,25,33726.47,Shipped,4.5,0,10,4,2024,8768.8822
ORD102296,2023-06-22,CUST4950,At-Risk,Beauty,Beauty Product 11,Central,Mobile App,Credit Card,632.26,1,0,632.26,Delivered,4.2,0,6,2,2023,88.5164
ORD102297,2024-08-29,CUST2675,At-Risk,Toys,Toys Product 39,West,Website,Credit Card,3947.83,1,5,3750.44,Processing,4.8,0,8,3,2024,975.1144
ORD102298,2024-08-17,CUST7430,Returning,Automotive,Automotive Product 30,South,Marketplace,UPI,36329.07,1,0,36329.07,Cancelled,5.0,0,8,3,2024,10172.1396
ORD102299,2023-06-07,CUST1869,At-Risk,Electronics,Electronics Product 24,North,Website,Net Banking,29617.4,1,10,26655.66,Shipped,4.2,0,6,2,2023,10662.264000000001
ORD102300,2023-06-25,CUST3976,New,Sports,Sports Product 23,West,Social Media,Net Banking,677.76,3,0,2033.28,Delivered,4.2,0,6,2,2023,792.9792
ORD102301,2024-11-05,CUST8201,Returning,Books,Books Product 29,South,Marketplace,Debit Card,565.15,2,5,1073.78,Cancelled,4.2,0,11,4,2024,418.7742
ORD102302,2024-10-01,CUST2981,At-Risk,Clothing,Clothing Product 12,North,Website,UPI,2198.62,2,0,4397.24,Delivered,4.4,0,10,4,2024,879.448
ORD102303,2024-09-11,CUST8680,At-Risk,Electronics,Electronics Product 48,Central,Social Media,Credit Card,53583.94,1,20,42867.15,Shipped,4.0,0,9,3,2024,17146.86
ORD102304,2023-12-12,CUST3876,New,Books,Books Product 49,South,Website,UPI,143.04,4,0,572.16,Returned,4.0,0,12,4,2023,137.3184
ORD102305,2024-07-31,CUST2037,VIP,Beauty,Beauty Product 27,South,Social Media,Credit Card,699.88,1,20,559.9,Shipped,5.0,0,7,3,2024,201.564
ORD102306,2023-02-12,CUST8490,VIP,Toys,Toys Product 7,South,Mobile App,Debit Card,3092.91,1,15,2628.97,Shipped,5.0,0,2,1,2023,420.6352
ORD102307,2023-01-30,CUST4523,New,Beauty,Beauty Product 27,Central,Marketplace,UPI,570.41,2,0,1140.82,Cancelled,2.8,1,1,1,2023,285.205
ORD102308,2023-03-25,CUST4249,VIP,Beauty,Beauty Product 39,North,Marketplace,Wallet,909.91,1,15,773.42,Shipped,4.0,0,3,1,2023,301.6338
ORD102309,2023-02-16,CUST8256,At-Risk,Automotive,Automotive Product 20,Central,Marketplace,Wallet,9291.19,1,0,9291.19,Cancelled,3.4,1,2,1,2023,3530.6522000000004
ORD102310,2024-10-18,CUST4559,Returning,Automotive,Automotive Product 39,South,Mobile App,Wallet,2989.81,2,25,4484.72,Delivered,3.8,1,10,4,2024,1390.2632
ORD102311,2024-08-13,CUST4049,Returning,Automotive,Automotive Product 27,Central,Marketplace,Wallet,30739.63,4,5,116810.59,Processing,4.3,0,8,3,2024,39715.600600000005
ORD102312,2023-09-29,CUST1479,New,Sports,Sports Product 14,West,Mobile App,Credit Card,13898.85,1,0,13898.85,Processing,4.5,1,9,3,2023,2084.8275
ORD102313,2024-10-28,CUST6338,At-Risk,Home & Kitchen,Home & Kitchen Product 32,Central,Marketplace,Credit Card,6316.0,2,0,12632.0,Delivered,3.9,1,10,4,2024,4042.2400000000002
ORD102314,2023-08-04,CUST3978,VIP,Sports,Sports Product 36,South,Social Media,Wallet,12851.87,5,0,64259.35,Shipped,2.5,0,8,3,2023,18635.211499999998
ORD102315,2024-08-08,CUST3826,New,Home & Kitchen,Home & Kitchen Product 33,North,Social Media,UPI,12679.22,1,25,9509.41,Delivered,3.2,1,8,3,2024,1236.2233
ORD102316,2024-03-02,CUST3542,New,Sports,Sports Product 5,North,Social Media,UPI,18845.36,1,0,18845.36,Cancelled,4.7,0,3,1,2024,2449.8968
ORD102317,2024-09-24,CUST4507,Returning,Books,Books Product 6,East,Social Media,Wallet,317.82,1,10,286.04,Shipped,1.8,0,9,3,2024,37.1852
ORD102318,2024-10-16,CUST7749,New,Automotive,Automotive Product 37,South,Marketplace,Net Banking,28379.52,1,5,26960.54,Processing,4.9,0,10,4,2024,8627.372800000001
ORD102319,2023-02-01,CUST3804,New,Beauty,Beauty Product 14,North,Marketplace,Debit Card,485.49,1,20,388.39,Cancelled,4.4,0,2,1,2023,54.3746
ORD102320,2024-05-24,CUST2651,New,Sports,Sports Product 34,West,Marketplace,Debit Card,9538.54,4,0,38154.16,Delivered,5.0,0,5,2,2024,9156.9984
ORD102321,2024-10-04,CUST7997,Returning,Electronics,Electronics Product 45,North,Social Media,UPI,66970.4,2,5,127243.76,Delivered,3.8,0,10,4,2024,26721.189599999998
ORD102322,2024-07-12,CUST6356,Returning,Home & Kitchen,Home & Kitchen Product 46,South,Marketplace,Net Banking,1565.6,2,5,2974.64,Returned,2.4,0,7,3,2024,803.1528000000001
ORD102323,2023-10-24,CUST2234,VIP,Beauty,Beauty Product 38,South,Mobile App,Wallet,2801.28,1,10,2521.15,Processing,4.3,1,10,4,2023,781.5565
ORD102324,2024-10-19,CUST5967,Returning,Sports,Sports Product 42,West,Website,UPI,2127.97,3,0,6383.91,Returned,5.0,1,10,4,2024,1979.0121
ORD102325,2023-11-06,CUST4871,Returning,Automotive,Automotive Product 38,North,Marketplace,UPI,45966.15,5,0,229830.75,Returned,4.7,0,11,4,2023,57457.6875
ORD102326,2024-05-09,CUST3357,Returning,Home & Kitchen,Home & Kitchen Product 38,North,Social Media,Net Banking,2982.76,3,0,8948.28,Processing,3.5,1,5,2,2024,2147.5872
ORD102327,2023-09-08,CUST4874,Returning,Home & Kitchen,Home & Kitchen Product 4,Central,Marketplace,Debit Card,1570.34,1,10,1413.31,Cancelled,4.1,0,9,3,2023,310.9282
ORD102328,2024-12-02,CUST3728,VIP,Sports,Sports Product 26,South,Website,Credit Card,6623.03,2,0,13246.06,Shipped,3.6,0,12,4,2024,4768.5815999999995
ORD102329,2024-02-20,CUST6326,At-Risk,Home & Kitchen,Home & Kitchen Product 34,South,Website,Wallet,9511.39,1,10,8560.25,Returned,3.3,0,2,1,2024,1712.0500000000002
ORD102330,2023-11-01,CUST6958,New,Home & Kitchen,Home & Kitchen Product 11,Central,Social Media,Credit Card,595.58,1,0,595.58,Shipped,4.8,0,11,4,2023,107.2044
ORD102331,2024-04-09,CUST5006,New,Home & Kitchen,Home & Kitchen Product 45,South,Website,Debit Card,2789.24,1,20,2231.39,Cancelled,3.0,0,4,2,2024,714.0448
ORD102332,2023-03-16,CUST9850,Returning,Home & Kitchen,Home & Kitchen Product 4,West,Social Media,UPI,453.45,2,20,725.52,Returned,3.3,0,3,1,2023,152.3592
ORD102333,2024-12-06,CUST4329,At-Risk,Books,Books Product 8,West,Mobile App,Credit Card,546.56,2,5,1038.46,Cancelled,3.1,0,12,4,2024,363.461
ORD102334,2023-03-03,CUST6246,New,Clothing,Clothing Product 49,East,Social Media,Credit Card,2409.68,1,0,2409.68,Delivered,2.8,0,3,1,2023,481.936
ORD102335,2023-06-11,CUST6047,New,Electronics,Electronics Product 14,South,Marketplace,UPI,70237.27,1,0,70237.27,Shipped,4.1,0,6,2,2023,21773.5537
ORD102336,2024-03-26,CUST5370,At-Risk,Beauty,Beauty Product 42,West,Social Media,Credit Card,2838.23,1,0,2838.23,Shipped,4.9,1,3,1,2024,312.2053
ORD102337,2024-03-01,CUST7846,New,Home & Kitchen,Home & Kitchen Product 1,North,Mobile App,UPI,4824.4,1,0,4824.4,Returned,3.9,0,3,1,2024,1061.368
ORD102338,2024-05-10,CUST3001,Returning,Automotive,Automotive Product 32,East,Social Media,Credit Card,34299.82,1,10,30869.84,Shipped,2.8,0,5,2,2024,6173.968000000001
ORD102339,2024-04-20,CUST9013,At-Risk,Sports,Sports Product 5,East,Marketplace,Net Banking,18876.09,1,5,17932.29,Shipped,4.7,1,4,2,2024,6276.3015
ORD102340,2023-07-28,CUST8586,At-Risk,Beauty,Beauty Product 28,Central,Marketplace,UPI,2614.07,3,20,6273.77,Returned,5.0,0,7,3,2023,2446.7703
ORD102341,2023-12-15,CUST9078,New,Home & Kitchen,Home & Kitchen Product 32,Central,Mobile App,Wallet,11286.9,1,0,11286.9,Cancelled,3.5,0,12,4,2023,2708.8559999999998
ORD102342,2024-09-13,CUST4585,VIP,Books,Books Product 23,East,Social Media,Debit Card,616.68,1,10,555.01,Delivered,3.6,0,9,3,2024,194.25349999999997
ORD102343,2023-05-28,CUST3647,At-Risk,Electronics,Electronics Product 13,West,Social Media,Credit Card,25183.72,1,5,23924.53,Cancelled,4.4,0,5,2,2023,7416.6043
ORD102344,2023-11-17,CUST7440,VIP,Beauty,Beauty Product 44,Central,Mobile App,Net Banking,1231.03,4,5,4677.91,Delivered,5.0,1,11,4,2023,1824.3849
ORD102345,2023-11-23,CUST5748,At-Risk,Beauty,Beauty Product 45,Central,Marketplace,Net Banking,968.17,2,0,1936.34,Processing,3.6,1,11,4,2023,658.3556
ORD102346,2023-12-20,CUST5049,New,Home & Kitchen,Home & Kitchen Product 11,West,Marketplace,Credit Card,4400.76,2,5,8361.44,Processing,2.9,0,12,4,2023,1003.3728
ORD102347,2024-02-13,CUST1320,At-Risk,Beauty,Beauty Product 8,South,Social Media,Wallet,1760.36,1,5,1672.34,Shipped,4.5,1,2,1,2024,518.4254
ORD102348,2023-05-14,CUST6449,New,Automotive,Automotive Product 25,Central,Website,Credit Card,21167.95,2,10,38102.31,Cancelled,4.6,1,5,2,2023,9906.6006
ORD102349,2024-01-15,CUST5276,At-Risk,Home & Kitchen,Home & Kitchen Product 15,South,Website,Net Banking,12578.55,1,20,10062.84,Shipped,4.0,0,1,1,2024,1006.2840000000001
ORD102350,2024-06-11,CUST5159,At-Risk,Sports,Sports Product 45,North,Mobile App,Credit Card,5746.87,2,0,11493.74,Processing,3.6,0,6,2,2024,2068.8732
ORD102351,2024-07-29,CUST9161,Returning,Clothing,Clothing Product 13,West,Website,Credit Card,1156.28,4,0,4625.12,Cancelled,4.8,0,7,3,2024,1757.5456
ORD102352,2023-04-19,CUST2908,At-Risk,Electronics,Electronics Product 27,South,Website,UPI,78352.62,2,5,148869.98,Cancelled,4.4,0,4,2,2023,56570.5924
ORD102353,2023-11-23,CUST3956,VIP,Toys,Toys Product 8,South,Marketplace,UPI,1185.55,4,5,4505.09,Shipped,3.4,1,11,4,2023,1531.7306
ORD102354,2023-09-05,CUST8320,Returning,Automotive,Automotive Product 16,South,Website,Net Banking,22428.24,2,0,44856.48,Delivered,4.0,0,9,3,2023,17494.0272
ORD102355,2024-04-22,CUST8189,VIP,Home & Kitchen,Home & Kitchen Product 5,Central,Social Media,Net Banking,1658.46,1,15,1409.69,Shipped,2.9,0,4,2,2024,479.29460000000006
ORD102356,2023-05-06,CUST1044,New,Automotive,Automotive Product 31,North,Mobile App,Credit Card,18273.53,4,25,54820.59,Delivered,4.5,1,5,2,2023,5482.059
ORD102357,2023-10-01,CUST4060,New,Beauty,Beauty Product 40,North,Marketplace,Debit Card,1186.3,1,20,949.04,Shipped,3.8,0,10,4,2023,180.3176
ORD102358,2024-04-05,CUST3856,VIP,Home & Kitchen,Home & Kitchen Product 34,South,Marketplace,UPI,11653.85,2,0,23307.7,Returned,3.7,0,4,2,2024,2563.847
ORD102359,2023-09-11,CUST8211,Returning,Electronics,Electronics Product 22,West,Marketplace,Credit Card,42081.9,1,20,33665.52,Returned,4.0,0,9,3,2023,4376.5176
ORD102360,2023-05-25,CUST2144,At-Risk,Beauty,Beauty Product 18,Central,Mobile App,UPI,2514.08,1,10,2262.67,Delivered,4.0,0,5,2,2023,384.6539
ORD102361,2023-04-10,CUST3655,Returning,Sports,Sports Product 38,Central,Social Media,Net Banking,13865.98,1,5,13172.68,Returned,4.7,0,4,2,2023,3293.17
ORD102362,2023-02-21,CUST1908,Returning,Automotive,Automotive Product 3,North,Website,UPI,9187.35,1,5,8727.98,Delivered,4.5,0,2,1,2023,3054.7929999999997
ORD102363,2023-10-25,CUST6424,VIP,Sports,Sports Product 49,East,Website,Credit Card,19013.44,1,15,16161.42,Shipped,3.9,0,10,4,2023,5818.111199999999
ORD102364,2024-01-29,CUST5038,At-Risk,Home & Kitchen,Home & Kitchen Product 3,East,Social Media,Credit Card,8902.78,2,5,16915.28,Shipped,4.6,1,1,1,2024,4736.2784
ORD102365,2024-09-22,CUST8676,New,Automotive,Automotive Product 20,West,Website,Credit Card,8460.65,1,0,8460.65,Cancelled,4.3,0,9,3,2024,3215.047
ORD102366,2024-03-04,CUST9634,At-Risk,Beauty,Beauty Product 45,West,Mobile App,UPI,1770.83,1,5,1682.29,Processing,3.7,0,3,1,2024,420.5725
ORD102367,2023-09-12,CUST9154,At-Risk,Clothing,Clothing Product 39,East,Mobile App,UPI,4970.03,2,10,8946.05,Delivered,3.9,0,9,3,2023,3310.0384999999997
ORD102368,2023-06-13,CUST2843,Returning,Automotive,Automotive Product 4,Central,Marketplace,Wallet,22145.59,1,0,22145.59,Returned,3.9,0,6,2,2023,5314.9416
ORD102369,2023-12-02,CUST4510,Returning,Electronics,Electronics Product 16,Central,Social Media,UPI,51857.63,2,20,82972.21,Cancelled,4.4,1,12,4,2023,14934.997800000001
ORD102370,2024-08-14,CUST9033,New,Home & Kitchen,Home & Kitchen Product 31,East,Website,Credit Card,10325.66,2,10,18586.19,Returned,3.7,0,8,3,2024,6876.890299999999
ORD102371,2023-11-17,CUST6355,Returning,Clothing,Clothing Product 44,South,Social Media,Wallet,1585.71,3,10,4281.42,Returned,3.7,0,11,4,2023,941.9124
ORD102372,2023-07-14,CUST3265,Returning,Sports,Sports Product 11,East,Mobile App,Wallet,7106.75,2,0,14213.5,Delivered,5.0,1,7,3,2023,3553.375
ORD102373,2023-06-13,CUST9502,At-Risk,Electronics,Electronics Product 39,West,Social Media,Debit Card,77494.99,1,10,69745.49,Shipped,4.8,0,6,2,2023,13949.098000000002
ORD102374,2024-05-25,CUST4981,New,Toys,Toys Product 23,West,Mobile App,Debit Card,2296.12,2,0,4592.24,Cancelled,3.4,0,5,2,2024,1377.6719999999998
ORD102375,2024-06-11,CUST3140,New,Books,Books Product 48,North,Marketplace,Net Banking,620.19,1,0,620.19,Returned,4.5,0,6,2,2024,248.07600000000002
ORD102376,2024-04-23,CUST3445,VIP,Automotive,Automotive Product 19,Central,Website,Credit Card,14032.35,1,5,13330.73,Processing,4.1,0,4,2,2024,1466.3803
ORD102377,2024-05-25,CUST1460,VIP,Beauty,Beauty Product 24,West,Social Media,Net Banking,1612.83,3,5,4596.57,Cancelled,4.3,0,5,2,2024,1700.7308999999998
ORD102378,2023-11-12,CUST2614,New,Clothing,Clothing Product 34,North,Marketplace,Wallet,1211.47,1,10,1090.32,Delivered,4.1,0,11,4,2023,109.032
ORD102379,2024-05-24,CUST3207,At-Risk,Beauty,Beauty Product 50,West,Mobile App,Wallet,772.03,3,0,2316.09,Returned,5.0,0,5,2,2024,486.3789
ORD102380,2023-01-24,CUST6968,VIP,Electronics,Electronics Product 22,East,Website,Credit Card,21237.25,3,5,60526.16,Shipped,4.3,1,1,1,2023,9078.924
ORD102381,2023-04-03,CUST7506,Returning,Books,Books Product 33,West,Social Media,Net Banking,745.34,3,0,2236.02,Returned,4.0,0,4,2,2023,737.8866
ORD102382,2024-02-07,CUST1889,Returning,Books,Books Product 15,South,Website,UPI,461.92,4,25,1385.76,Processing,4.8,0,2,1,2024,166.2912
ORD102383,2024-06-01,CUST9978,New,Sports,Sports Product 22,East,Mobile App,Wallet,12769.83,1,10,11492.85,Cancelled,4.2,0,6,2,2024,3103.0695000000005
ORD102384,2024-04-13,CUST4087,At-Risk,Books,Books Product 45,East,Mobile App,UPI,432.65,1,10,389.38,Cancelled,4.1,0,4,2,2024,73.9822
ORD102385,2023-09-04,CUST3838,VIP,Electronics,Electronics Product 27,South,Marketplace,Wallet,37646.13,2,0,75292.26,Delivered,4.3,0,9,3,2023,10540.9164
ORD102386,2023-08-09,CUST1616,VIP,Clothing,Clothing Product 16,East,Website,Debit Card,1750.36,1,0,1750.36,Delivered,3.9,1,8,3,2023,577.6188
ORD102387,2024-08-20,CUST1728,VIP,Automotive,Automotive Product 44,West,Mobile App,UPI,28537.46,2,25,42806.19,Processing,4.0,0,8,3,2024,7277.052300000001
ORD102388,2023-12-28,CUST5346,New,Clothing,Clothing Product 39,South,Marketplace,Net Banking,3359.86,2,0,6719.72,Delivered,3.5,1,12,4,2023,1142.3524000000002
ORD102389,2023-02-19,CUST9010,Returning,Toys,Toys Product 38,West,Mobile App,UPI,3624.84,2,5,6887.2,Shipped,3.4,0,2,1,2023,1239.696
ORD102390,2023-02-21,CUST8628,At-Risk,Books,Books Product 36,Central,Marketplace,Wallet,325.66,1,10,293.09,Cancelled,3.2,1,2,1,2023,82.0652
ORD102391,2023-10-16,CUST9497,Returning,Automotive,Automotive Product 49,West,Marketplace,Credit Card,5946.96,1,0,5946.96,Delivered,2.9,0,10,4,2023,1784.088
ORD102392,2024-05-21,CUST9248,At-Risk,Beauty,Beauty Product 8,East,Mobile App,Debit Card,1172.82,1,15,996.9,Returned,3.3,0,5,2,2024,109.65899999999999
ORD102393,2024-09-03,CUST9288,At-Risk,Electronics,Electronics Product 10,West,Social Media,Net Banking,72131.41,1,5,68524.84,Returned,3.9,0,9,3,2024,11649.2228
ORD102394,2024-10-31,CUST8182,At-Risk,Beauty,Beauty Product 31,West,Marketplace,Debit Card,602.44,4,0,2409.76,Cancelled,4.1,0,10,4,2024,554.2448
ORD102395,2024-11-19,CUST6723,VIP,Toys,Toys Product 18,Central,Mobile App,Wallet,2006.88,1,0,2006.88,Delivered,3.8,0,11,4,2024,401.37600000000003
ORD102396,2024-04-26,CUST4450,At-Risk,Home & Kitchen,Home & Kitchen Product 47,Central,Mobile App,Debit Card,5249.08,1,0,5249.08,Shipped,2.1,1,4,2,2024,1942.1596
ORD102397,2023-10-20,CUST7098,At-Risk,Toys,Toys Product 14,East,Social Media,Net Banking,3631.32,1,20,2905.06,Cancelled,5.0,0,10,4,2023,987.7204
ORD102398,2024-07-03,CUST9426,New,Beauty,Beauty Product 39,North,Website,UPI,683.27,2,10,1229.89,Cancelled,4.9,0,7,3,2024,356.6681
ORD102399,2023-01-09,CUST6855,At-Risk,Toys,Toys Product 41,West,Social Media,Net Banking,1560.42,2,0,3120.84,Shipped,4.4,0,1,1,2023,624.1680000000001
ORD102400,2023-04-21,CUST4025,Returning,Beauty,Beauty Product 10,North,Marketplace,Debit Card,613.83,1,0,613.83,Returned,5.0,0,4,2,2023,190.28730000000002
ORD102401,2024-03-17,CUST4879,VIP,Electronics,Electronics Product 10,Central,Social Media,Debit Card,43968.86,1,10,39571.97,Cancelled,3.2,0,3,1,2024,13850.1895
ORD102402,2023-05-18,CUST9765,VIP,Sports,Sports Product 21,East,Marketplace,UPI,15140.09,1,10,13626.08,Shipped,5.0,0,5,2,2023,3815.3024000000005
ORD102403,2023-09-28,CUST7460,Returning,Beauty,Beauty Product 50,West,Marketplace,UPI,1401.17,1,5,1331.11,Cancelled,3.2,0,9,3,2023,452.5774
ORD102404,2024-01-10,CUST1997,New,Beauty,Beauty Product 22,East,Marketplace,UPI,1907.35,2,0,3814.7,Cancelled,4.2,1,1,1,2024,1220.704
ORD102405,2024-02-17,CUST1662,VIP,Sports,Sports Product 7,West,Marketplace,Wallet,12034.07,2,0,24068.14,Processing,3.0,1,2,1,2024,6498.397800000001
ORD102406,2024-01-10,CUST4309,At-Risk,Automotive,Automotive Product 29,West,Marketplace,Credit Card,34969.32,1,10,31472.39,Cancelled,4.0,0,1,1,2024,5979.7541
ORD102407,2023-02-16,CUST1284,New,Clothing,Clothing Product 18,West,Social Media,Net Banking,3708.58,1,25,2781.44,Shipped,4.3,0,2,1,2023,890.0608000000001
ORD102408,2024-02-15,CUST5556,At-Risk,Books,Books Product 5,North,Website,Credit Card,431.5,5,0,2157.5,Delivered,3.9,0,2,1,2024,345.2
ORD102409,2023-02-22,CUST5949,VIP,Automotive,Automotive Product 39,West,Mobile App,Wallet,12784.57,1,10,11506.11,Cancelled,4.6,0,2,1,2023,3797.0163000000002
ORD102410,2024-08-06,CUST4871,VIP,Toys,Toys Product 45,North,Social Media,Debit Card,2948.82,2,5,5602.76,Shipped,4.1,1,8,3,2024,1904.9384000000002
ORD102411,2024-07-29,CUST7354,New,Automotive,Automotive Product 48,South,Mobile App,Debit Card,30366.34,1,5,28848.02,Shipped,3.6,0,7,3,2024,10096.806999999999
ORD102412,2023-07-19,CUST2343,At-Risk,Sports,Sports Product 12,Central,Website,UPI,9858.13,1,0,9858.13,Returned,3.5,0,7,3,2023,2365.9511999999995
ORD102413,2024-01-07,CUST6254,New,Home & Kitchen,Home & Kitchen Product 21,Central,Social Media,Credit Card,6196.95,1,15,5267.41,Cancelled,4.6,0,1,1,2024,842.7856
ORD102414,2024-07-20,CUST2793,New,Toys,Toys Product 36,Central,Marketplace,UPI,352.49,2,5,669.73,Delivered,3.5,0,7,3,2024,87.06490000000001
ORD102415,2023-10-23,CUST8540,At-Risk,Toys,Toys Product 5,Central,Mobile App,Debit Card,3730.16,5,5,17718.26,Processing,4.7,0,10,4,2023,5669.843199999999
ORD102416,2023-03-17,CUST2088,Returning,Home & Kitchen,Home & Kitchen Product 41,West,Social Media,UPI,3744.25,1,0,3744.25,Returned,5.0,0,3,1,2023,1385.3725
ORD102417,2024-01-31,CUST6683,Returning,Clothing,Clothing Product 48,South,Website,UPI,4686.82,1,0,4686.82,Cancelled,2.7,1,1,1,2024,1406.0459999999998
ORD102418,2024-05-31,CUST3670,VIP,Home & Kitchen,Home & Kitchen Product 17,Central,Mobile App,Wallet,13925.23,1,0,13925.23,Processing,4.9,0,5,2,2024,1949.5322
ORD102419,2024-04-06,CUST4441,Returning,Books,Books Product 32,East,Mobile App,Net Banking,175.5,1,10,157.95,Shipped,5.0,0,4,2,2024,60.020999999999994
ORD102420,2024-07-17,CUST2533,New,Sports,Sports Product 27,South,Mobile App,Net Banking,8747.53,1,0,8747.53,Cancelled,4.2,0,7,3,2024,3499.0120000000006
ORD102421,2023-10-14,CUST1374,Returning,Automotive,Automotive Product 12,West,Marketplace,Debit Card,14052.56,1,10,12647.3,Processing,4.5,0,10,4,2023,2908.879
ORD102422,2024-09-30,CUST3444,VIP,Beauty,Beauty Product 7,Central,Website,Wallet,1795.84,3,0,5387.52,Shipped,4.8,0,9,3,2024,1508.5056000000002
ORD102423,2024-11-27,CUST3743,Returning,Clothing,Clothing Product 46,North,Mobile App,Credit Card,3046.77,1,5,2894.43,Returned,3.8,0,11,4,2024,955.1619
ORD102424,2024-09-17,CUST6705,At-Risk,Toys,Toys Product 12,Central,Mobile App,Credit Card,823.3,1,5,782.13,Cancelled,4.1,0,9,3,2024,250.2816
ORD102425,2023-05-02,CUST1393,VIP,Clothing,Clothing Product 46,South,Mobile App,Credit Card,998.65,4,0,3994.6,Cancelled,2.9,0,5,2,2023,1557.894
ORD102426,2023-05-12,CUST2515,VIP,Electronics,Electronics Product 13,Central,Social Media,UPI,24396.33,1,0,24396.33,Shipped,4.1,1,5,2,2023,3171.5229000000004
ORD102427,2023-04-10,CUST5960,VIP,Toys,Toys Product 26,South,Mobile App,UPI,2468.03,5,0,12340.15,Shipped,4.4,0,4,2,2023,3331.8405000000002
ORD102428,2024-02-08,CUST4257,New,Sports,Sports Product 3,West,Social Media,Debit Card,14073.58,1,10,12666.22,Shipped,4.4,0,2,1,2024,3926.5281999999997
ORD102429,2024-01-18,CUST8831,At-Risk,Toys,Toys Product 8,North,Social Media,Wallet,2191.52,4,10,7889.47,Delivered,4.9,0,1,1,2024,2919.1039
ORD102430,2023-12-14,CUST5541,Returning,Home & Kitchen,Home & Kitchen Product 45,West,Website,Wallet,14286.96,2,0,28573.92,Returned,3.4,0,12,4,2023,10286.6112
ORD102431,2024-07-25,CUST9378,Returning,Automotive,Automotive Product 35,East,Social Media,Credit Card,28745.02,3,5,81923.31,Shipped,3.6,0,7,3,2024,31950.0909
ORD102432,2024-01-10,CUST4159,VIP,Home & Kitchen,Home & Kitchen Product 26,North,Social Media,UPI,2351.37,5,0,11756.85,Processing,5.0,0,1,1,2024,2939.2125
ORD102433,2023-05-28,CUST1928,VIP,Books,Books Product 15,West,Marketplace,Wallet,564.38,1,0,564.38,Cancelled,3.9,0,5,2,2023,197.533
ORD102434,2023-07-23,CUST4216,At-Risk,Home & Kitchen,Home & Kitchen Product 37,North,Website,Wallet,11891.97,5,0,59459.85,Returned,4.2,0,7,3,2023,13675.7655
ORD102435,2024-09-08,CUST1080,VIP,Toys,Toys Product 39,North,Marketplace,Net Banking,404.44,1,20,323.55,Delivered,3.9,0,9,3,2024,74.4165
ORD102436,2024-06-05,CUST7808,Returning,Sports,Sports Product 17,East,Website,Net Banking,2171.81,1,0,2171.81,Delivered,3.3,0,6,2,2024,390.9258
ORD102437,2024-02-16,CUST8702,At-Risk,Automotive,Automotive Product 23,South,Marketplace,Debit Card,39808.88,1,0,39808.88,Processing,5.0,0,2,1,2024,13933.107999999998
ORD102438,2024-05-27,CUST2354,VIP,Electronics,Electronics Product 17,West,Social Media,UPI,11746.15,2,0,23492.3,Returned,3.6,0,5,2,2024,9396.92
ORD102439,2023-02-11,CUST4447,At-Risk,Sports,Sports Product 7,North,Marketplace,Credit Card,7183.61,1,0,7183.61,Shipped,3.1,0,2,1,2023,1293.0498
ORD102440,2023-02-16,CUST9189,New,Sports,Sports Product 14,Central,Marketplace,UPI,8161.48,2,10,14690.66,Shipped,3.6,0,2,1,2023,1762.8791999999999
ORD102441,2023-02-09,CUST2522,Returning,Automotive,Automotive Product 47,West,Website,Credit Card,23460.92,2,0,46921.84,Delivered,2.4,0,2,1,2023,15953.4256
ORD102442,2023-05-21,CUST2886,VIP,Automotive,Automotive Product 50,North,Website,Wallet,33203.54,3,0,99610.62,Returned,3.5,1,5,2,2023,28887.079799999996
ORD102443,2024-12-31,CUST3378,VIP,Books,Books Product 36,East,Mobile App,Net Banking,240.28,3,10,648.76,Returned,3.2,0,12,4,2024,253.0164
ORD102444,2023-12-08,CUST7517,VIP,Electronics,Electronics Product 17,West,Social Media,Credit Card,14179.44,1,0,14179.44,Cancelled,4.5,1,12,4,2023,2552.2992
ORD102445,2024-04-30,CUST1793,Returning,Electronics,Electronics Product 21,West,Mobile App,Net Banking,24948.38,1,10,22453.54,Delivered,3.5,0,4,2,2024,2694.4248000000002
ORD102446,2024-06-15,CUST3472,At-Risk,Home & Kitchen,Home & Kitchen Product 15,Central,Website,Credit Card,3013.53,1,10,2712.18,Delivered,4.7,0,6,2,2024,678.045
ORD102447,2024-04-12,CUST3486,Returning,Sports,Sports Product 7,Central,Website,Wallet,17212.14,1,0,17212.14,Cancelled,5.0,0,4,2,2024,2237.5782
ORD102448,2023-06-02,CUST2893,At-Risk,Sports,Sports Product 21,North,Website,Wallet,8956.36,1,10,8060.72,Processing,4.6,0,6,2,2023,1450.9296
ORD102449,2024-09-12,CUST4395,New,Automotive,Automotive Product 25,South,Marketplace,Wallet,36427.41,1,0,36427.41,Returned,3.8,0,9,3,2024,5099.837400000001
ORD102450,2024-06-11,CUST3578,VIP,Clothing,Clothing Product 14,North,Website,Net Banking,939.86,1,5,892.87,Returned,4.1,0,6,2,2024,151.7879
ORD102451,2023-05-24,CUST2934,At-Risk,Sports,Sports Product 50,West,Mobile App,Debit Card,11284.83,5,5,53602.94,Delivered,2.8,1,5,2,2023,6968.382200000001
ORD102452,2023-12-02,CUST8542,Returning,Toys,Toys Product 4,West,Mobile App,Credit Card,3147.31,2,0,6294.62,Delivered,3.9,0,12,4,2023,2454.9018
ORD102453,2024-09-19,CUST7719,Returning,Home & Kitchen,Home & Kitchen Product 39,East,Mobile App,Net Banking,372.69,1,10,335.42,Processing,3.3,0,9,3,2024,60.3756
ORD102454,2023-11-23,CUST8644,At-Risk,Automotive,Automotive Product 16,West,Website,Credit Card,8639.03,2,20,13822.45,Delivered,4.6,0,11,4,2023,3179.1635
ORD102455,2023-06-16,CUST3287,VIP,Books,Books Product 1,Central,Social Media,Wallet,169.94,1,25,127.46,Shipped,5.0,0,6,2,2023,47.160199999999996
ORD102456,2024-02-07,CUST1876,New,Electronics,Electronics Product 50,East,Marketplace,Wallet,44211.41,1,10,39790.27,Cancelled,4.4,1,2,1,2024,11937.080999999998
ORD102457,2024-09-23,CUST2886,New,Clothing,Clothing Product 31,North,Marketplace,Credit Card,2091.43,2,5,3973.72,Delivered,2.4,1,9,3,2024,1152.3788
ORD102458,2023-11-03,CUST2462,New,Sports,Sports Product 39,South,Marketplace,Net Banking,4564.84,1,0,4564.84,Processing,3.7,0,11,4,2023,1415.1004
ORD102459,2024-08-30,CUST2899,VIP,Automotive,Automotive Product 26,West,Mobile App,Net Banking,24037.45,1,0,24037.45,Processing,4.1,0,8,3,2024,8413.1075
ORD102460,2023-12-11,CUST2846,Returning,Clothing,Clothing Product 34,Central,Mobile App,Wallet,2006.2,5,5,9529.45,Returned,4.1,1,12,4,2023,3430.6020000000003
ORD102461,2024-06-03,CUST7268,VIP,Beauty,Beauty Product 43,Central,Social Media,Wallet,1470.93,4,0,5883.72,Delivered,3.4,0,6,2,2024,1706.2788
ORD102462,2024-06-05,CUST7597,VIP,Automotive,Automotive Product 48,South,Social Media,Credit Card,12742.91,2,20,20388.66,Shipped,4.2,0,6,2,2024,7543.8042
ORD102463,2024-06-29,CUST2712,At-Risk,Toys,Toys Product 22,North,Social Media,Debit Card,3684.41,2,0,7368.82,Delivered,3.0,0,6,2,2024,1915.8932
ORD102464,2024-05-16,CUST3121,VIP,Sports,Sports Product 50,South,Social Media,Credit Card,7996.45,2,0,15992.9,Cancelled,3.2,0,5,2,2024,2878.7219999999998
ORD102465,2024-12-26,CUST3960,Returning,Automotive,Automotive Product 40,East,Marketplace,Debit Card,16463.15,1,0,16463.15,Shipped,4.5,0,12,4,2024,5926.734
ORD102466,2024-07-30,CUST1685,New,Clothing,Clothing Product 3,South,Mobile App,Wallet,4689.26,1,15,3985.87,Returned,3.2,0,7,3,2024,1036.3262
ORD102467,2023-11-03,CUST2981,At-Risk,Beauty,Beauty Product 42,Central,Mobile App,UPI,1289.67,1,10,1160.7,Shipped,4.4,0,11,4,2023,429.459
ORD102468,2024-05-01,CUST1522,VIP,Electronics,Electronics Product 38,East,Mobile App,Net Banking,26505.39,1,10,23854.85,Processing,2.9,0,5,2,2024,2624.0335
ORD102469,2023-01-18,CUST8315,Returning,Sports,Sports Product 28,South,Marketplace,Wallet,5950.61,2,0,11901.22,Cancelled,5.0,0,1,1,2023,2618.2684
ORD102470,2024-01-13,CUST3228,VIP,Home & Kitchen,Home & Kitchen Product 45,East,Marketplace,Credit Card,10218.82,1,15,8686.0,Returned,3.4,0,1,1,2024,3300.68
ORD102471,2023-12-06,CUST6618,New,Electronics,Electronics Product 43,East,Mobile App,Debit Card,69878.36,5,0,349391.8,Processing,3.8,0,12,4,2023,59396.606
ORD102472,2024-11-20,CUST9669,New,Home & Kitchen,Home & Kitchen Product 20,North,Mobile App,Wallet,9075.0,4,20,29040.0,Cancelled,4.3,1,11,4,2024,11035.2
ORD102473,2023-04-23,CUST8170,Returning,Beauty,Beauty Product 24,West,Social Media,Credit Card,1672.23,2,5,3177.24,Processing,3.5,0,4,2,2023,1239.1236
ORD102474,2024-03-02,CUST5074,At-Risk,Automotive,Automotive Product 38,North,Mobile App,UPI,17865.87,2,0,35731.74,Returned,4.1,0,3,1,2024,12863.426399999998
ORD102475,2024-08-20,CUST4243,New,Home & Kitchen,Home & Kitchen Product 35,North,Mobile App,Credit Card,10147.19,3,5,28919.49,Shipped,4.5,0,8,3,2024,7808.262300000001
ORD102476,2023-11-12,CUST4507,VIP,Beauty,Beauty Product 30,Central,Social Media,Credit Card,2915.14,1,10,2623.63,Shipped,4.8,0,11,4,2023,760.8527
ORD102477,2024-12-05,CUST1606,At-Risk,Home & Kitchen,Home & Kitchen Product 9,Central,Mobile App,Net Banking,695.38,3,0,2086.14,Returned,4.6,0,12,4,2024,751.0103999999999
ORD102478,2024-10-06,CUST5810,New,Electronics,Electronics Product 41,North,Social Media,UPI,70904.26,1,20,56723.41,Cancelled,3.9,1,10,4,2024,18718.725300000002
ORD102479,2023-01-28,CUST4153,VIP,Sports,Sports Product 18,Central,Mobile App,UPI,3891.94,3,5,11092.03,Cancelled,3.9,0,1,1,2023,3216.6887
ORD102480,2024-09-03,CUST8068,At-Risk,Beauty,Beauty Product 47,Central,Website,UPI,820.2,1,0,820.2,Returned,5.0,0,9,3,2024,319.87800000000004
ORD102481,2024-04-30,CUST7230,At-Risk,Toys,Toys Product 3,East,Marketplace,Net Banking,1576.67,4,0,6306.68,Delivered,4.8,0,4,2,2024,1955.0708
ORD102482,2023-09-29,CUST6526,New,Beauty,Beauty Product 36,Central,Website,Net Banking,1579.15,4,5,6000.77,Returned,3.3,0,9,3,2023,2340.3003000000003
ORD102483,2024-11-02,CUST4414,VIP,Electronics,Electronics Product 48,North,Website,Debit Card,626.53,1,5,595.2,Shipped,4.1,1,11,4,2024,71.424
ORD102484,2024-08-15,CUST9784,Returning,Sports,Sports Product 40,Central,Website,UPI,12143.74,1,5,11536.55,Shipped,3.7,0,8,3,2024,1615.117
ORD102485,2024-08-14,CUST1219,At-Risk,Sports,Sports Product 39,West,Mobile App,Net Banking,8204.34,5,10,36919.53,Returned,3.9,0,8,3,2024,8860.687199999998
ORD102486,2023-08-22,CUST3930,VIP,Clothing,Clothing Product 12,North,Social Media,Debit Card,570.89,1,5,542.35,Returned,3.0,1,8,3,2023,119.31700000000001
ORD102487,2023-02-22,CUST8460,VIP,Books,Books Product 45,North,Website,Credit Card,261.05,3,25,587.36,Returned,3.7,0,2,1,2023,193.8288
ORD102488,2024-08-20,CUST5939,Returning,Home & Kitchen,Home & Kitchen Product 7,West,Social Media,Debit Card,7649.26,2,10,13768.67,Delivered,5.0,0,8,3,2024,2065.3005
ORD102489,2024-05-06,CUST9535,At-Risk,Clothing,Clothing Product 30,North,Social Media,UPI,412.39,1,15,350.53,Returned,4.5,1,5,2,2024,136.70669999999998
ORD102490,2023-06-24,CUST2697,New,Home & Kitchen,Home & Kitchen Product 31,Central,Mobile App,Debit Card,4738.49,1,0,4738.49,Shipped,2.0,0,6,2,2023,900.3131
ORD102491,2024-06-20,CUST3451,At-Risk,Beauty,Beauty Product 41,West,Website,Net Banking,414.62,1,0,414.62,Cancelled,5.0,0,6,2,2024,95.3626
ORD102492,2024-10-06,CUST5621,At-Risk,Beauty,Beauty Product 50,West,Marketplace,Credit Card,1244.59,3,0,3733.77,Processing,4.9,0,10,4,2024,672.0785999999999
ORD102493,2024-09-26,CUST3885,New,Sports,Sports Product 13,North,Mobile App,Debit Card,3925.56,1,10,3533.0,Delivered,3.7,0,9,3,2024,953.9100000000001
ORD102494,2024-01-25,CUST2645,At-Risk,Sports,Sports Product 22,East,Marketplace,Net Banking,3354.65,2,20,5367.44,Shipped,4.6,0,1,1,2024,644.0927999999999
ORD102495,2023-06-01,CUST2476,VIP,Beauty,Beauty Product 42,South,Social Media,Net Banking,1036.61,1,0,1036.61,Returned,3.3,0,6,2,2023,145.1254
ORD102496,2024-11-28,CUST5660,At-Risk,Clothing,Clothing Product 49,North,Social Media,Wallet,3441.31,2,0,6882.62,Cancelled,3.6,0,11,4,2024,2202.4384
ORD102497,2023-09-06,CUST1372,VIP,Beauty,Beauty Product 6,West,Marketplace,Wallet,1519.86,3,20,3647.66,Cancelled,5.0,0,9,3,2023,583.6256
ORD102498,2023-02-02,CUST7468,At-Risk,Home & Kitchen,Home & Kitchen Product 27,West,Mobile App,Net Banking,4136.99,5,0,20684.95,Cancelled,3.8,1,2,1,2023,3516.4415000000004
ORD102499,2024-08-09,CUST9598,At-Risk,Electronics,Electronics Product 26,North,Social Media,Net Banking,76423.86,1,10,68781.47,Delivered,2.5,1,8,3,2024,23385.699800000002
ORD102500,2024-12-18,CUST3303,Returning,Home & Kitchen,Home & Kitchen Product 33,North,Website,Debit Card,2938.91,3,5,8375.89,Returned,3.9,0,12,4,2024,1088.8657
ORD102501,2023-04-23,CUST6523,At-Risk,Sports,Sports Product 5,West,Marketplace,Debit Card,8205.04,3,15,20922.85,Processing,3.9,0,4,2,2023,4812.2555
ORD102502,2023-07-15,CUST1143,Returning,Beauty,Beauty Product 5,East,Marketplace,Wallet,1624.44,2,0,3248.88,Returned,5.0,1,7,3,2023,357.3768
ORD102503,2023-01-20,CUST6351,At-Risk,Automotive,Automotive Product 14,North,Social Media,UPI,6036.38,5,0,30181.9,Processing,4.0,0,1,1,2023,6036.380000000001
ORD102504,2024-03-27,CUST3205,New,Toys,Toys Product 14,East,Mobile App,Net Banking,3263.67,1,10,2937.3,Delivered,3.7,0,3,1,2024,910.5630000000001
ORD102505,2023-11-18,CUST3459,VIP,Beauty,Beauty Product 40,South,Website,Wallet,1136.92,1,20,909.54,Returned,4.8,0,11,4,2023,118.2402
ORD102506,2024-03-04,CUST5697,VIP,Home & Kitchen,Home & Kitchen Product 31,South,Website,UPI,11070.26,3,5,31550.24,Cancelled,4.1,1,3,1,2024,11673.588800000001
ORD102507,2023-06-05,CUST7153,New,Clothing,Clothing Product 13,West,Marketplace,Net Banking,3348.17,1,0,3348.17,Cancelled,3.4,1,6,2,2023,1238.8229000000001
ORD102508,2024-02-27,CUST3110,VIP,Books,Books Product 28,Central,Mobile App,UPI,383.13,3,10,1034.45,Processing,4.9,0,2,1,2024,134.4785
ORD102509,2024-12-08,CUST1280,New,Home & Kitchen,Home & Kitchen Product 29,Central,Website,UPI,12161.66,4,20,38917.31,Shipped,4.2,1,12,4,2024,15566.923999999999
ORD102510,2023-07-28,CUST4172,New,Books,Books Product 2,East,Mobile App,Credit Card,212.62,1,15,180.73,Returned,4.0,0,7,3,2023,34.338699999999996
ORD102511,2024-02-25,CUST7008,Returning,Books,Books Product 31,West,Website,Wallet,190.12,4,25,570.36,Returned,4.1,0,2,1,2024,74.1468
ORD102512,2024-05-28,CUST6733,At-Risk,Clothing,Clothing Product 45,Central,Social Media,Credit Card,2633.46,1,0,2633.46,Shipped,3.1,0,5,2,2024,263.346
ORD102513,2024-09-18,CUST7234,At-Risk,Toys,Toys Product 9,West,Mobile App,Wallet,2807.93,2,0,5615.86,Shipped,3.6,0,9,3,2024,1235.4892
ORD102514,2024-04-27,CUST2081,Returning,Automotive,Automotive Product 8,West,Website,Wallet,1370.16,2,10,2466.29,Returned,4.0,0,4,2,2024,715.2240999999999
ORD102515,2023-03-05,CUST1020,New,Clothing,Clothing Product 31,South,Marketplace,Wallet,3338.32,4,15,11350.29,Processing,3.8,0,3,1,2023,2270.0580000000004
ORD102516,2024-12-23,CUST4516,New,Clothing,Clothing Product 43,East,Website,Net Banking,3416.94,1,0,3416.94,Returned,5.0,0,12,4,2024,1195.9289999999999
ORD102517,2023-05-22,CUST6656,VIP,Home & Kitchen,Home & Kitchen Product 15,West,Social Media,Credit Card,6510.12,1,0,6510.12,Delivered,4.2,1,5,2,2023,2018.1372
ORD102518,2024-06-15,CUST3100,VIP,Electronics,Electronics Product 46,North,Mobile App,Net Banking,4833.65,2,15,8217.2,Cancelled,4.7,0,6,2,2024,1725.612
ORD102519,2023-08-01,CUST9135,New,Automotive,Automotive Product 19,North,Mobile App,Debit Card,21709.08,2,0,43418.16,Processing,4.0,0,8,3,2023,13893.811200000002
ORD102520,2024-07-28,CUST1279,At-Risk,Beauty,Beauty Product 1,East,Social Media,Debit Card,2264.89,2,0,4529.78,Processing,4.8,0,7,3,2024,1721.3164
ORD102521,2023-11-29,CUST2592,At-Risk,Sports,Sports Product 46,North,Social Media,Credit Card,2672.79,1,5,2539.15,Shipped,4.3,0,11,4,2023,330.08950000000004
ORD102522,2024-11-09,CUST4749,New,Beauty,Beauty Product 12,North,Mobile App,UPI,2450.31,1,10,2205.28,Processing,4.0,0,11,4,2024,419.00320000000005
ORD102523,2024-05-04,CUST8433,VIP,Home & Kitchen,Home & Kitchen Product 20,North,Website,Net Banking,13650.7,1,10,12285.63,Returned,4.0,0,5,2,2024,2948.5512
ORD102524,2024-06-22,CUST2943,Returning,Automotive,Automotive Product 9,Central,Mobile App,Credit Card,25501.43,3,0,76504.29,Returned,3.2,0,6,2,2024,19126.0725
ORD102525,2024-01-21,CUST3324,VIP,Beauty,Beauty Product 42,North,Social Media,Net Banking,2375.86,1,10,2138.27,Returned,4.4,0,1,1,2024,555.9502
ORD102526,2023-11-18,CUST5513,At-Risk,Home & Kitchen,Home & Kitchen Product 11,North,Mobile App,Credit Card,10766.75,1,10,9690.08,Returned,4.0,1,11,4,2023,1841.1152
ORD102527,2023-06-27,CUST4125,At-Risk,Sports,Sports Product 42,West,Marketplace,UPI,16945.7,5,5,80492.08,Cancelled,3.6,0,6,2,2023,24147.624
ORD102528,2024-04-15,CUST7944,New,Electronics,Electronics Product 11,North,Website,Debit Card,77755.73,1,10,69980.16,Processing,4.9,0,4,2,2024,20294.2464
ORD102529,2024-06-29,CUST6882,VIP,Clothing,Clothing Product 48,North,Marketplace,Net Banking,736.03,5,0,3680.15,Cancelled,3.0,0,6,2,2024,993.6405000000001
ORD102530,2023-12-17,CUST6351,New,Books,Books Product 18,West,Marketplace,Credit Card,225.19,2,0,450.38,Shipped,3.7,1,12,4,2023,58.5494
ORD102531,2024-07-13,CUST9841,Returning,Home & Kitchen,Home & Kitchen Product 7,Central,Website,UPI,6533.76,3,0,19601.28,Cancelled,4.8,0,7,3,2024,4704.307199999999
ORD102532,2023-12-29,CUST7007,Returning,Home & Kitchen,Home & Kitchen Product 45,East,Mobile App,UPI,11466.28,1,0,11466.28,Processing,4.3,1,12,4,2023,2407.9188
ORD102533,2024-11-23,CUST7346,At-Risk,Books,Books Product 40,North,Social Media,Net Banking,709.22,1,5,673.76,Processing,4.0,0,11,4,2024,168.44
ORD102534,2024-11-28,CUST6028,VIP,Sports,Sports Product 34,South,Marketplace,Credit Card,1968.18,2,15,3345.91,Cancelled,4.2,0,11,4,2024,1271.4458
ORD102535,2024-10-20,CUST3135,At-Risk,Home & Kitchen,Home & Kitchen Product 47,North,Website,Net Banking,402.26,3,10,1086.1,Shipped,4.1,0,10,4,2024,260.664
ORD102536,2024-12-10,CUST4473,Returning,Books,Books Product 15,East,Mobile App,UPI,763.74,2,15,1298.36,Returned,2.8,0,12,4,2024,129.83599999999998
ORD102537,2023-09-28,CUST1443,Returning,Home & Kitchen,Home & Kitchen Product 4,North,Social Media,Credit Card,10701.2,1,0,10701.2,Delivered,3.7,1,9,3,2023,2461.2760000000003
ORD102538,2024-09-16,CUST5249,New,Clothing,Clothing Product 27,South,Website,UPI,1437.62,3,5,4097.22,Cancelled,5.0,1,9,3,2024,1434.027
ORD102539,2024-05-10,CUST2227,At-Risk,Toys,Toys Product 44,East,Website,UPI,2156.61,3,0,6469.83,Cancelled,3.5,1,5,2,2024,2135.0439
ORD102540,2023-07-16,CUST3558,At-Risk,Clothing,Clothing Product 16,East,Website,Credit Card,3149.7,2,0,6299.4,Shipped,3.7,0,7,3,2023,1574.85
ORD102541,2023-09-10,CUST1420,At-Risk,Clothing,Clothing Product 12,Central,Social Media,UPI,4386.58,3,0,13159.74,Returned,3.6,0,9,3,2023,2237.1558
ORD102542,2023-10-13,CUST3307,Returning,Electronics,Electronics Product 47,West,Mobile App,Debit Card,35073.6,3,10,94698.72,Processing,3.9,0,10,4,2023,22727.6928
ORD102543,2024-07-25,CUST8894,New,Automotive,Automotive Product 16,South,Mobile App,Net Banking,23666.35,2,25,35499.52,Processing,3.5,0,7,3,2024,9584.8704
ORD102544,2023-11-02,CUST1881,At-Risk,Toys,Toys Product 28,South,Website,UPI,351.41,1,0,351.41,Cancelled,4.4,0,11,4,2023,140.56400000000002
ORD102545,2023-08-19,CUST7921,At-Risk,Electronics,Electronics Product 21,Central,Social Media,UPI,69497.79,1,0,69497.79,Cancelled,4.2,0,8,3,2023,20154.359099999998
ORD102546,2023-11-01,CUST3017,New,Books,Books Product 20,South,Website,UPI,422.18,1,15,358.85,Shipped,4.6,0,11,4,2023,111.24350000000001
ORD102547,2023-10-23,CUST6928,Returning,Clothing,Clothing Product 1,North,Mobile App,Wallet,440.35,1,0,440.35,Shipped,3.2,1,10,4,2023,110.0875
ORD102548,2024-12-22,CUST3653,Returning,Electronics,Electronics Product 7,North,Website,Debit Card,48146.59,1,15,40924.6,Cancelled,3.7,1,12,4,2024,8594.166
ORD102549,2023-08-01,CUST8853,Returning,Electronics,Electronics Product 35,North,Marketplace,Wallet,29859.07,1,10,26873.16,Returned,3.8,0,8,3,2023,9136.8744
ORD102550,2024-12-07,CUST4781,At-Risk,Automotive,Automotive Product 7,South,Marketplace,Net Banking,21744.56,1,20,17395.65,Delivered,4.4,1,12,4,2024,4348.9125
ORD102551,2024-12-22,CUST9107,At-Risk,Clothing,Clothing Product 42,Central,Mobile App,Wallet,3439.98,1,5,3267.98,Processing,3.4,1,12,4,2024,1307.192
ORD102552,2024-05-15,CUST5553,At-Risk,Sports,Sports Product 20,West,Mobile App,UPI,15429.94,3,10,41660.84,Shipped,4.7,0,5,2,2024,9998.601599999998
ORD102553,2023-11-21,CUST1988,VIP,Electronics,Electronics Product 19,East,Marketplace,UPI,2370.66,4,5,9008.51,Processing,4.9,0,11,4,2023,1081.0212
ORD102554,2024-05-06,CUST3725,New,Clothing,Clothing Product 18,Central,Social Media,UPI,1482.73,1,10,1334.46,Processing,3.2,0,5,2,2024,400.338
ORD102555,2023-12-24,CUST2007,New,Sports,Sports Product 11,Central,Website,Credit Card,6147.5,5,5,29200.62,Processing,3.6,0,12,4,2023,3212.0681999999997
ORD102556,2024-07-27,CUST8259,At-Risk,Electronics,Electronics Product 19,West,Mobile App,Wallet,33656.29,2,0,67312.58,Delivered,3.6,1,7,3,2024,12116.2644
ORD102557,2023-10-08,CUST2398,At-Risk,Clothing,Clothing Product 49,East,Mobile App,Credit Card,2344.5,1,5,2227.28,Shipped,5.0,0,10,4,2023,467.72880000000004
ORD102558,2023-10-22,CUST8065,VIP,Clothing,Clothing Product 36,West,Mobile App,Debit Card,1628.88,1,5,1547.44,Processing,3.7,0,10,4,2023,495.18080000000003
ORD102559,2023-05-05,CUST7982,Returning,Books,Books Product 18,East,Website,Net Banking,124.93,2,15,212.38,Returned,5.0,0,5,2,2023,53.095
ORD102560,2024-08-10,CUST1366,VIP,Books,Books Product 10,South,Marketplace,Wallet,178.18,3,10,481.09,Returned,3.0,0,8,3,2024,52.9199
ORD102561,2024-11-23,CUST7755,New,Home & Kitchen,Home & Kitchen Product 43,Central,Social Media,Credit Card,11058.99,2,10,19906.18,Delivered,3.2,0,11,4,2024,5772.7922
ORD102562,2024-07-10,CUST4738,At-Risk,Beauty,Beauty Product 43,West,Marketplace,UPI,1664.12,1,0,1664.12,Shipped,3.5,0,7,3,2024,366.10639999999995
ORD102563,2024-01-24,CUST3129,At-Risk,Electronics,Electronics Product 2,East,Website,Wallet,31999.06,1,10,28799.15,Delivered,3.3,0,1,1,2024,10943.677000000001
ORD102564,2024-02-09,CUST3072,Returning,Clothing,Clothing Product 11,Central,Social Media,Wallet,1041.12,1,5,989.06,Returned,3.8,0,2,1,2024,247.265
ORD102565,2023-12-20,CUST5610,At-Risk,Home & Kitchen,Home & Kitchen Product 45,West,Marketplace,Net Banking,8164.28,1,20,6531.42,Cancelled,3.4,1,12,4,2023,2024.7402
ORD102566,2023-05-30,CUST9700,Returning,Sports,Sports Product 18,East,Social Media,Net Banking,2870.67,1,20,2296.54,Shipped,3.3,0,5,2,2023,390.4118
ORD102567,2023-10-25,CUST2753,VIP,Beauty,Beauty Product 16,East,Website,Debit Card,562.24,1,0,562.24,Cancelled,4.9,0,10,4,2023,185.53920000000002
ORD102568,2023-02-13,CUST6609,Returning,Beauty,Beauty Product 49,South,Mobile App,Credit Card,1556.33,3,15,3968.64,Processing,5.0,0,2,1,2023,1269.9648
ORD102569,2023-10-22,CUST6233,At-Risk,Home & Kitchen,Home & Kitchen Product 24,East,Mobile App,Wallet,13422.94,4,0,53691.76,Cancelled,4.8,0,10,4,2023,19865.9512
ORD102570,2023-03-22,CUST5277,At-Risk,Books,Books Product 1,South,Mobile App,Debit Card,341.77,1,0,341.77,Cancelled,4.4,0,3,1,2023,37.594699999999996
ORD102571,2023-12-21,CUST3598,New,Clothing,Clothing Product 45,West,Website,Wallet,2398.55,4,5,9114.49,Cancelled,4.1,0,12,4,2023,2096.3327
ORD102572,2024-03-28,CUST1124,VIP,Clothing,Clothing Product 39,Central,Website,Debit Card,3162.76,1,0,3162.76,Delivered,3.6,0,3,1,2024,948.828
ORD102573,2024-11-02,CUST4634,VIP,Electronics,Electronics Product 20,East,Social Media,Net Banking,73542.62,1,10,66188.36,Returned,3.2,0,11,4,2024,8604.4868
ORD102574,2023-09-20,CUST5676,New,Books,Books Product 29,South,Website,Debit Card,732.51,1,0,732.51,Delivered,4.3,1,9,3,2023,161.1522
ORD102575,2024-05-05,CUST1530,VIP,Books,Books Product 27,North,Marketplace,Wallet,752.59,2,0,1505.18,Delivered,3.1,0,5,2,2024,571.9684
ORD102576,2023-08-08,CUST5091,Returning,Sports,Sports Product 23,East,Website,Net Banking,16481.52,5,10,74166.84,Shipped,3.2,1,8,3,2023,17058.373199999998
ORD102577,2023-07-26,CUST1960,Returning,Home & Kitchen,Home & Kitchen Product 45,North,Social Media,UPI,8665.3,2,10,15597.54,Returned,4.9,0,7,3,2023,6239.0160000000005
ORD102578,2024-07-05,CUST3042,New,Electronics,Electronics Product 6,West,Marketplace,Debit Card,3730.96,1,20,2984.77,Returned,5.0,0,7,3,2024,358.1724
ORD102579,2023-10-05,CUST1276,At-Risk,Clothing,Clothing Product 8,East,Website,UPI,1767.62,2,10,3181.72,Shipped,4.3,1,10,4,2023,1018.1504
ORD102580,2024-07-29,CUST6950,New,Books,Books Product 43,North,Mobile App,Debit Card,126.8,1,10,114.12,Shipped,4.9,1,7,3,2024,30.812400000000004
ORD102581,2024-12-13,CUST7644,VIP,Automotive,Automotive Product 48,East,Marketplace,Net Banking,30780.19,4,0,123120.76,Cancelled,3.8,1,12,4,2024,30780.19
ORD102582,2023-10-06,CUST9132,At-Risk,Beauty,Beauty Product 33,South,Website,Net Banking,2212.86,2,0,4425.72,Processing,2.9,0,10,4,2023,1726.0308000000002
ORD102583,2023-05-21,CUST8396,New,Home & Kitchen,Home & Kitchen Product 28,West,Mobile App,Credit Card,12243.4,1,0,12243.4,Delivered,4.5,0,5,2,2023,1714.076
ORD102584,2023-04-22,CUST7038,At-Risk,Automotive,Automotive Product 43,East,Website,Net Banking,5775.24,2,5,10972.96,Shipped,4.5,0,4,2,2023,4059.9952
ORD102585,2024-09-22,CUST7933,At-Risk,Clothing,Clothing Product 5,North,Website,UPI,2660.63,2,10,4789.13,Cancelled,4.1,0,9,3,2024,1484.6303
ORD102586,2024-08-23,CUST6050,New,Home & Kitchen,Home & Kitchen Product 22,East,Social Media,Credit Card,10963.37,1,5,10415.2,Delivered,3.8,0,8,3,2024,1874.736
ORD102587,2023-09-03,CUST2063,At-Risk,Beauty,Beauty Product 27,North,Social Media,UPI,1112.65,2,10,2002.77,Processing,4.8,0,9,3,2023,741.0249
ORD102588,2023-09-06,CUST7076,At-Risk,Toys,Toys Product 18,South,Social Media,Net Banking,2619.62,1,5,2488.64,Shipped,3.2,0,9,3,2023,572.3872
ORD102589,2023-02-21,CUST8255,Returning,Toys,Toys Product 1,South,Marketplace,UPI,1347.55,2,0,2695.1,Returned,3.4,0,2,1,2023,916.3340000000001
ORD102590,2024-11-16,CUST6702,Returning,Books,Books Product 40,West,Social Media,UPI,380.52,3,0,1141.56,Processing,3.2,0,11,4,2024,251.14319999999998
ORD102591,2024-06-27,CUST7094,New,Books,Books Product 37,Central,Marketplace,Credit Card,228.75,3,15,583.31,Delivered,4.1,0,6,2,2024,209.99159999999998
ORD102592,2023-08-20,CUST5670,New,Toys,Toys Product 19,South,Marketplace,Debit Card,3037.71,2,10,5467.88,Shipped,3.1,0,8,3,2023,1585.6852
ORD102593,2024-10-15,CUST7965,At-Risk,Clothing,Clothing Product 7,West,Marketplace,Net Banking,3663.65,2,20,5861.84,Returned,3.5,1,10,4,2024,820.6576000000001
ORD102594,2023-08-27,CUST3825,Returning,Beauty,Beauty Product 20,West,Website,Credit Card,2266.65,1,0,2266.65,Cancelled,3.4,0,8,3,2023,657.3285
ORD102595,2023-02-23,CUST5032,New,Clothing,Clothing Product 32,West,Marketplace,Debit Card,580.56,3,25,1306.26,Cancelled,3.8,0,2,1,2023,209.0016
ORD102596,2023-04-13,CUST5116,At-Risk,Automotive,Automotive Product 23,Central,Website,UPI,45687.45,1,0,45687.45,Delivered,2.8,0,4,2,2023,10051.239
ORD102597,2024-02-28,CUST8857,Returning,Clothing,Clothing Product 13,Central,Marketplace,Debit Card,4832.77,1,0,4832.77,Cancelled,4.1,0,2,1,2024,724.9155000000001
ORD102598,2023-12-05,CUST2743,Returning,Home & Kitchen,Home & Kitchen Product 40,West,Marketplace,UPI,11966.58,1,25,8974.94,Returned,5.0,0,12,4,2023,987.2434000000001
ORD102599,2024-04-28,CUST3242,New,Automotive,Automotive Product 35,West,Website,Debit Card,28888.04,1,0,28888.04,Processing,4.1,0,4,2,2024,4622.0864
ORD102600,2023-04-13,CUST5114,Returning,Beauty,Beauty Product 40,Central,Marketplace,UPI,2985.52,2,10,5373.94,Processing,5.0,0,4,2,2023,1397.2243999999998
ORD102601,2024-11-28,CUST8565,At-Risk,Sports,Sports Product 46,North,Social Media,UPI,12465.4,1,0,12465.4,Delivered,5.0,1,11,4,2024,2991.696
ORD102602,2023-05-21,CUST8113,New,Electronics,Electronics Product 5,West,Mobile App,UPI,43363.03,2,10,78053.45,Delivered,4.6,0,5,2,2023,19513.3625
ORD102603,2023-01-06,CUST1044,Returning,Clothing,Clothing Product 13,North,Mobile App,Net Banking,4009.87,1,20,3207.9,Cancelled,4.1,0,1,1,2023,545.3430000000001
ORD102604,2024-07-17,CUST2811,At-Risk,Beauty,Beauty Product 30,Central,Social Media,Credit Card,2128.63,1,0,2128.63,Returned,4.0,1,7,3,2024,659.8753
ORD102605,2023-06-11,CUST1722,VIP,Automotive,Automotive Product 3,East,Social Media,Wallet,3202.5,2,10,5764.5,Delivered,4.6,0,6,2,2023,1786.995
ORD102606,2024-02-21,CUST1973,Returning,Clothing,Clothing Product 21,East,Marketplace,Debit Card,2952.01,1,0,2952.01,Cancelled,3.7,0,2,1,2024,619.9221
ORD102607,2024-10-30,CUST2941,Returning,Toys,Toys Product 20,West,Social Media,Debit Card,1017.8,1,10,916.02,Cancelled,2.5,0,10,4,2024,329.7672
ORD102608,2024-05-02,CUST9424,At-Risk,Sports,Sports Product 41,North,Mobile App,Net Banking,18735.37,2,0,37470.74,Returned,4.4,0,5,2,2024,10866.514599999999
ORD102609,2024-05-03,CUST3009,New,Automotive,Automotive Product 9,West,Social Media,Debit Card,14319.51,1,0,14319.51,Delivered,3.1,0,5,2,2024,4439.0481
ORD102610,2024-10-28,CUST1634,At-Risk,Sports,Sports Product 20,East,Mobile App,Credit Card,13901.72,3,0,41705.16,Returned,3.2,0,10,4,2024,7506.928800000001
ORD102611,2023-07-24,CUST4395,New,Automotive,Automotive Product 21,Central,Social Media,Debit Card,9937.1,1,0,9937.1,Cancelled,4.0,0,7,3,2023,993.71
ORD102612,2023-10-22,CUST1436,At-Risk,Books,Books Product 6,North,Marketplace,Wallet,451.09,1,20,360.87,Shipped,3.9,0,10,4,2023,129.9132
ORD102613,2023-11-25,CUST7759,VIP,Toys,Toys Product 44,East,Website,UPI,373.82,2,0,747.64,Cancelled,2.9,0,11,4,2023,261.674
ORD102614,2023-10-20,CUST4765,VIP,Sports,Sports Product 41,Central,Website,Credit Card,8213.94,1,0,8213.94,Shipped,4.1,0,10,4,2023,1149.9516
ORD102615,2024-10-23,CUST2644,Returning,Toys,Toys Product 40,East,Marketplace,UPI,888.79,1,5,844.35,Delivered,4.8,0,10,4,2024,177.3135
ORD102616,2023-03-02,CUST8361,At-Risk,Books,Books Product 4,Central,Mobile App,UPI,299.44,1,0,299.44,Shipped,3.1,0,3,1,2023,89.832
ORD102617,2023-04-02,CUST7531,VIP,Clothing,Clothing Product 33,West,Website,Credit Card,224.25,1,10,201.82,Shipped,5.0,0,4,2,2023,60.54599999999999
ORD102618,2024-10-29,CUST5524,Returning,Automotive,Automotive Product 12,Central,Marketplace,Credit Card,10991.11,3,25,24730.0,Cancelled,2.8,0,10,4,2024,8902.8
ORD102619,2024-08-10,CUST2474,New,Beauty,Beauty Product 25,Central,Mobile App,Wallet,2378.84,1,5,2259.9,Processing,5.0,0,8,3,2024,316.386
ORD102620,2023-08-26,CUST9011,Returning,Home & Kitchen,Home & Kitchen Product 5,North,Marketplace,UPI,9961.03,3,20,23906.47,Delivered,3.7,1,8,3,2023,5498.4881000000005
ORD102621,2024-07-01,CUST3652,Returning,Electronics,Electronics Product 43,East,Marketplace,UPI,22344.11,4,10,80438.8,Shipped,4.1,0,7,3,2024,10457.044
ORD102622,2023-02-08,CUST7943,New,Automotive,Automotive Product 50,East,Website,Debit Card,23552.11,1,0,23552.11,Returned,2.5,0,2,1,2023,5181.4642
ORD102623,2023-06-29,CUST9458,Returning,Clothing,Clothing Product 5,Central,Marketplace,UPI,3993.24,4,10,14375.66,Processing,4.0,0,6,2,2023,1437.566
ORD102624,2024-03-03,CUST1698,VIP,Toys,Toys Product 2,Central,Social Media,Debit Card,2612.46,1,5,2481.84,Cancelled,4.2,0,3,1,2024,918.2808
ORD102625,2023-06-30,CUST9919,VIP,Automotive,Automotive Product 42,North,Mobile App,Net Banking,5579.67,5,10,25108.52,Processing,3.9,0,6,2,2023,6528.215200000001
ORD102626,2023-02-07,CUST1215,New,Clothing,Clothing Product 13,Central,Website,UPI,1279.16,1,20,1023.33,Shipped,3.5,0,2,1,2023,358.1655
ORD102627,2024-02-11,CUST9468,New,Clothing,Clothing Product 21,North,Social Media,Credit Card,3603.24,2,5,6846.16,Processing,3.2,0,2,1,2024,821.5391999999999
ORD102628,2024-05-22,CUST2596,VIP,Home & Kitchen,Home & Kitchen Product 25,South,Social Media,UPI,3549.55,1,20,2839.64,Delivered,4.9,0,5,2,2024,482.7388
ORD102629,2023-07-10,CUST7000,VIP,Toys,Toys Product 21,East,Marketplace,Net Banking,2523.27,1,15,2144.78,Delivered,4.0,0,7,3,2023,386.0604
ORD102630,2023-10-24,CUST8336,At-Risk,Toys,Toys Product 40,Central,Mobile App,Wallet,2967.02,2,5,5637.34,Returned,5.0,1,10,4,2023,1240.2148
ORD102631,2023-02-08,CUST2759,At-Risk,Clothing,Clothing Product 18,West,Marketplace,Wallet,3124.72,2,10,5624.5,Processing,3.6,0,2,1,2023,1912.3300000000002
ORD102632,2023-01-10,CUST3426,New,Home & Kitchen,Home & Kitchen Product 12,South,Mobile App,Credit Card,7071.47,1,0,7071.47,Returned,3.7,0,1,1,2023,1555.7234
ORD102633,2023-11-02,CUST1499,At-Risk,Clothing,Clothing Product 48,East,Marketplace,Wallet,2219.67,1,25,1664.75,Processing,4.7,0,11,4,2023,266.36
ORD102634,2024-08-04,CUST2772,Returning,Beauty,Beauty Product 37,North,Website,UPI,1846.41,2,10,3323.54,Processing,2.7,0,8,3,2024,398.8248
ORD102635,2024-09-09,CUST6615,New,Books,Books Product 38,East,Social Media,Wallet,479.02,2,0,958.04,Processing,3.0,1,9,3,2024,114.9648
ORD102636,2023-04-20,CUST1996,VIP,Beauty,Beauty Product 12,West,Social Media,Debit Card,1505.47,5,0,7527.35,Returned,4.9,0,4,2,2023,2484.0255
ORD102637,2023-12-10,CUST8593,At-Risk,Books,Books Product 3,East,Social Media,Credit Card,490.36,3,10,1323.97,Processing,3.1,0,12,4,2023,304.5131
ORD102638,2023-10-19,CUST2383,Returning,Toys,Toys Product 41,East,Marketplace,Net Banking,1503.21,5,0,7516.05,Cancelled,2.5,0,10,4,2023,2405.136
ORD102639,2024-04-10,CUST4202,New,Clothing,Clothing Product 12,East,Website,Debit Card,1734.29,2,0,3468.58,Returned,5.0,1,4,2,2024,1040.5739999999998
ORD102640,2024-10-18,CUST9329,VIP,Books,Books Product 16,North,Social Media,Net Banking,675.84,1,5,642.05,Shipped,2.9,0,10,4,2024,89.887
ORD102641,2024-07-10,CUST1695,VIP,Toys,Toys Product 31,Central,Social Media,Credit Card,776.76,1,0,776.76,Shipped,4.1,0,7,3,2024,108.74640000000001
ORD102642,2024-06-20,CUST7694,Returning,Automotive,Automotive Product 25,Central,Marketplace,Debit Card,42834.31,3,5,122077.78,Cancelled,4.1,0,6,2,2024,40285.6674
ORD102643,2024-05-20,CUST8421,VIP,Sports,Sports Product 46,Central,Marketplace,Net Banking,10179.9,2,0,20359.8,Delivered,1.8,0,5,2,2024,6515.1359999999995
ORD102644,2023-05-18,CUST2665,Returning,Sports,Sports Product 25,Central,Social Media,Debit Card,10831.91,1,0,10831.91,Delivered,3.8,1,5,2,2023,2274.7010999999998
ORD102645,2024-05-31,CUST5038,VIP,Toys,Toys Product 28,West,Marketplace,Debit Card,846.05,1,10,761.44,Returned,4.4,0,5,2,2024,91.3728
ORD102646,2024-04-24,CUST1882,Returning,Beauty,Beauty Product 38,South,Website,UPI,1261.67,5,5,5992.93,Delivered,4.3,0,4,2,2024,599.293
ORD102647,2023-10-07,CUST8568,New,Automotive,Automotive Product 43,South,Website,Credit Card,20624.56,2,0,41249.12,Processing,4.7,0,10,4,2023,7837.332800000001
ORD102648,2023-07-17,CUST4755,Returning,Toys,Toys Product 28,East,Website,Debit Card,2710.65,1,0,2710.65,Returned,3.7,0,7,3,2023,271.065
ORD102649,2023-04-26,CUST6441,New,Automotive,Automotive Product 39,East,Social Media,Wallet,28908.61,1,10,26017.75,Delivered,4.6,0,4,2,2023,4423.0175
ORD102650,2023-12-05,CUST2305,At-Risk,Sports,Sports Product 12,South,Social Media,Debit Card,1940.73,1,0,1940.73,Processing,3.4,0,12,4,2023,446.3679
ORD102651,2023-06-16,CUST1783,New,Home & Kitchen,Home & Kitchen Product 50,East,Social Media,Net Banking,7452.12,1,0,7452.12,Processing,2.9,0,6,2,2023,1043.2968
ORD102652,2024-04-14,CUST5714,At-Risk,Automotive,Automotive Product 11,South,Mobile App,Wallet,49259.4,1,0,49259.4,Returned,3.0,0,4,2,2024,6403.722000000001
ORD102653,2024-10-25,CUST6916,At-Risk,Clothing,Clothing Product 37,West,Social Media,Credit Card,598.84,1,15,509.01,Shipped,2.8,0,10,4,2024,188.3337
ORD102654,2023-09-21,CUST9694,New,Clothing,Clothing Product 23,Central,Marketplace,Debit Card,3790.45,3,15,9665.65,Cancelled,4.8,0,9,3,2023,2706.382
ORD102655,2023-07-10,CUST5514,At-Risk,Sports,Sports Product 15,North,Website,Debit Card,10780.0,1,15,9163.0,Processing,2.8,1,7,3,2023,3481.94
ORD102656,2023-01-15,CUST9061,At-Risk,Automotive,Automotive Product 15,North,Social Media,Net Banking,15758.41,3,10,42547.71,Delivered,4.2,1,1,1,2023,8509.542
ORD102657,2023-12-12,CUST5919,VIP,Automotive,Automotive Product 35,North,Mobile App,Net Banking,37742.19,3,10,101903.91,Delivered,3.8,0,12,4,2023,30571.173
ORD102658,2023-10-30,CUST4268,Returning,Books,Books Product 25,North,Social Media,Debit Card,416.05,1,5,395.25,Cancelled,3.9,0,10,4,2023,63.24
ORD102659,2024-08-04,CUST7563,New,Home & Kitchen,Home & Kitchen Product 6,North,Marketplace,Net Banking,7170.49,2,10,12906.88,Returned,5.0,0,8,3,2024,3742.9951999999994
ORD102660,2024-11-21,CUST3866,VIP,Electronics,Electronics Product 37,Central,Mobile App,Debit Card,12894.09,1,0,12894.09,Delivered,3.6,0,11,4,2024,1805.1726
ORD102661,2023-07-17,CUST2871,New,Clothing,Clothing Product 17,East,Social Media,Debit Card,3007.7,4,10,10827.72,Delivered,4.5,0,7,3,2023,1082.772
ORD102662,2023-06-29,CUST4220,New,Electronics,Electronics Product 6,North,Social Media,Debit Card,50129.08,1,15,42609.72,Returned,4.0,1,6,2,2023,16191.6936
ORD102663,2024-09-17,CUST1406,At-Risk,Clothing,Clothing Product 5,Central,Website,Net Banking,2911.48,2,5,5531.81,Returned,3.9,0,9,3,2024,1493.5887000000002
ORD102664,2024-10-16,CUST1285,VIP,Automotive,Automotive Product 41,East,Website,Debit Card,21237.34,2,0,42474.68,Delivered,5.0,0,10,4,2024,16140.3784
ORD102665,2024-02-20,CUST8128,Returning,Electronics,Electronics Product 35,West,Mobile App,Net Banking,61312.74,1,0,61312.74,Returned,2.8,0,2,1,2024,12262.548
ORD102666,2024-03-13,CUST3977,New,Home & Kitchen,Home & Kitchen Product 49,West,Marketplace,Net Banking,11345.41,1,10,10210.87,Delivered,5.0,0,3,1,2024,2042.1740000000002
ORD102667,2024-06-11,CUST6716,VIP,Toys,Toys Product 13,Central,Mobile App,Net Banking,1278.77,2,10,2301.79,Processing,4.5,0,6,2,2024,506.3938
ORD102668,2023-12-02,CUST9711,New,Beauty,Beauty Product 39,Central,Website,Net Banking,2270.55,2,20,3632.88,Shipped,3.6,0,12,4,2023,1126.1928
ORD102669,2023-03-30,CUST9652,Returning,Home & Kitchen,Home & Kitchen Product 44,Central,Social Media,UPI,14848.3,1,0,14848.3,Delivered,5.0,0,3,1,2023,4009.041
ORD102670,2024-02-15,CUST6821,At-Risk,Sports,Sports Product 2,East,Marketplace,Net Banking,7755.57,2,15,13184.47,Returned,2.5,0,2,1,2024,5010.0986
ORD102671,2024-11-16,CUST8320,New,Clothing,Clothing Product 40,Central,Marketplace,Wallet,2780.45,1,10,2502.4,Returned,3.6,0,11,4,2024,275.264
ORD102672,2023-04-08,CUST7978,New,Clothing,Clothing Product 15,South,Mobile App,UPI,2016.46,2,20,3226.34,Returned,3.0,0,4,2,2023,1000.1654000000001
ORD102673,2023-07-09,CUST8036,At-Risk,Automotive,Automotive Product 20,South,Marketplace,Wallet,47481.9,1,5,45107.8,Delivered,4.3,0,7,3,2023,9021.560000000001
ORD102674,2023-05-24,CUST5157,New,Automotive,Automotive Product 9,North,Mobile App,Wallet,6875.91,4,5,26128.46,Shipped,3.1,0,5,2,2023,3919.269
ORD102675,2024-05-03,CUST9129,Returning,Books,Books Product 18,South,Social Media,Credit Card,377.02,1,10,339.32,Processing,4.3,1,5,2,2024,84.83
ORD102676,2023-11-28,CUST1486,At-Risk,Sports,Sports Product 42,East,Website,Wallet,4541.58,1,10,4087.42,Processing,3.9,0,11,4,2023,1021.855
ORD102677,2023-09-12,CUST4351,VIP,Automotive,Automotive Product 41,Central,Marketplace,UPI,6243.13,1,25,4682.35,Processing,3.6,0,9,3,2023,655.5290000000001
ORD102678,2023-01-07,CUST2974,New,Automotive,Automotive Product 10,West,Social Media,Net Banking,15035.97,1,0,15035.97,Returned,4.3,1,1,1,2023,2405.7552
ORD102679,2023-09-25,CUST1089,At-Risk,Sports,Sports Product 19,North,Website,Wallet,17351.91,2,0,34703.82,Cancelled,3.8,0,9,3,2023,7634.8404
ORD102680,2024-01-28,CUST6468,New,Beauty,Beauty Product 1,Central,Marketplace,Net Banking,2335.59,1,20,1868.47,Returned,3.1,0,1,1,2024,411.0634
ORD102681,2023-08-30,CUST4259,Returning,Electronics,Electronics Product 25,South,Website,Net Banking,78758.43,3,5,224461.53,Cancelled,5.0,0,8,3,2023,44892.306000000004
ORD102682,2024-04-02,CUST4282,New,Electronics,Electronics Product 28,North,Social Media,UPI,78322.27,1,10,70490.04,Delivered,3.6,0,4,2,2024,9868.6056
ORD102683,2023-10-01,CUST7595,New,Toys,Toys Product 44,West,Mobile App,Wallet,2290.27,1,5,2175.76,Cancelled,2.2,0,10,4,2023,217.57600000000002
ORD102684,2023-12-04,CUST3565,New,Clothing,Clothing Product 12,South,Social Media,Debit Card,1889.72,1,0,1889.72,Delivered,3.3,1,12,4,2023,736.9908
ORD102685,2023-11-06,CUST8200,At-Risk,Toys,Toys Product 33,East,Marketplace,Wallet,1027.46,1,15,873.34,Processing,3.0,0,11,4,2023,331.86920000000003
ORD102686,2024-08-19,CUST5165,Returning,Automotive,Automotive Product 48,Central,Website,UPI,45102.58,1,10,40592.32,Shipped,4.7,0,8,3,2024,10148.08
ORD102687,2024-08-09,CUST8167,At-Risk,Beauty,Beauty Product 13,North,Social Media,UPI,944.81,1,0,944.81,Shipped,4.3,0,8,3,2024,377.924
ORD102688,2023-01-12,CUST7449,Returning,Toys,Toys Product 18,North,Marketplace,Wallet,3127.9,1,0,3127.9,Returned,4.3,0,1,1,2023,938.37
ORD102689,2023-09-25,CUST8156,Returning,Automotive,Automotive Product 27,South,Social Media,Wallet,31809.56,1,15,27038.13,Cancelled,3.7,0,9,3,2023,3244.5756
ORD102690,2024-10-31,CUST3439,At-Risk,Automotive,Automotive Product 13,South,Mobile App,Debit Card,33480.34,2,0,66960.68,Returned,3.8,0,10,4,2024,9374.4952
ORD102691,2024-01-04,CUST2293,Returning,Electronics,Electronics Product 13,West,Social Media,Credit Card,55104.09,2,20,88166.54,Processing,3.7,0,1,1,2024,32621.619799999997
ORD102692,2024-12-10,CUST6787,VIP,Electronics,Electronics Product 20,East,Mobile App,Debit Card,50833.25,1,0,50833.25,Returned,3.9,0,12,4,2024,14741.642499999998
ORD102693,2023-08-30,CUST2049,VIP,Home & Kitchen,Home & Kitchen Product 44,South,Website,Net Banking,9652.32,1,10,8687.09,Processing,4.7,0,8,3,2023,3040.4815
ORD102694,2023-03-05,CUST9595,VIP,Sports,Sports Product 34,East,Mobile App,Net Banking,10245.17,5,20,40980.68,Processing,4.3,0,3,1,2023,15162.8516
ORD102695,2024-11-14,CUST4941,New,Home & Kitchen,Home & Kitchen Product 35,Central,Mobile App,UPI,8127.87,2,10,14630.17,Processing,4.4,1,11,4,2024,3364.9391
ORD102696,2023-05-02,CUST3264,New,Automotive,Automotive Product 39,West,Social Media,Net Banking,11874.88,2,5,22562.27,Returned,4.4,0,5,2,2023,2481.8497
ORD102697,2024-04-21,CUST8782,At-Risk,Toys,Toys Product 15,South,Mobile App,Debit Card,1735.07,1,10,1561.56,Delivered,4.7,0,4,2,2024,249.8496
ORD102698,2023-11-11,CUST1310,Returning,Home & Kitchen,Home & Kitchen Product 16,North,Marketplace,Net Banking,11425.37,3,0,34276.11,Returned,4.2,0,11,4,2023,4113.1332
ORD102699,2023-06-13,CUST1525,VIP,Sports,Sports Product 17,East,Social Media,Net Banking,6011.16,3,0,18033.48,Cancelled,4.3,0,6,2,2023,2885.3568
ORD102700,2024-02-20,CUST1943,Returning,Toys,Toys Product 14,East,Website,Wallet,3713.29,2,25,5569.94,Shipped,5.0,0,2,1,2024,1225.3868
ORD102701,2024-12-03,CUST5358,At-Risk,Automotive,Automotive Product 31,East,Mobile App,UPI,8522.82,5,15,36221.98,Processing,3.5,1,12,4,2024,5071.077200000001
ORD102702,2024-05-29,CUST7602,VIP,Clothing,Clothing Product 24,Central,Marketplace,Wallet,4392.04,1,10,3952.84,Shipped,3.3,0,5,2,2024,592.926
ORD102703,2024-12-21,CUST7796,New,Automotive,Automotive Product 7,South,Social Media,Credit Card,20482.67,1,0,20482.67,Returned,3.1,0,12,4,2024,4711.014099999999
ORD102704,2023-11-15,CUST7972,New,Automotive,Automotive Product 48,Central,Social Media,UPI,964.2,3,0,2892.6,Delivered,4.1,1,11,4,2023,578.52
ORD102705,2024-12-07,CUST2641,At-Risk,Automotive,Automotive Product 34,Central,Mobile App,Debit Card,41629.42,3,0,124888.26,Processing,2.5,1,12,4,2024,29973.182399999998
ORD102706,2023-05-01,CUST6088,New,Home & Kitchen,Home & Kitchen Product 25,West,Website,Net Banking,11515.14,1,10,10363.63,Shipped,4.4,0,5,2,2023,2383.6349
ORD102707,2024-10-16,CUST6412,At-Risk,Electronics,Electronics Product 28,Central,Mobile App,Net Banking,52667.15,1,15,44767.08,Shipped,3.9,1,10,4,2024,12982.4532
ORD102708,2023-10-30,CUST1408,New,Toys,Toys Product 40,North,Mobile App,Net Banking,2796.74,1,5,2656.9,Cancelled,4.9,0,10,4,2023,1009.6220000000001
ORD102709,2024-01-12,CUST2111,At-Risk,Sports,Sports Product 17,Central,Website,Wallet,2327.13,1,15,1978.06,Cancelled,3.5,1,1,1,2024,257.1478
ORD102710,2024-09-21,CUST2908,New,Automotive,Automotive Product 47,South,Website,Debit Card,29343.77,3,0,88031.31,Shipped,3.8,0,9,3,2024,11444.0703
ORD102711,2023-08-15,CUST1828,Returning,Toys,Toys Product 3,North,Marketplace,Debit Card,1788.78,2,0,3577.56,Processing,4.9,1,8,3,2023,1287.9216
ORD102712,2023-08-13,CUST8322,At-Risk,Beauty,Beauty Product 33,East,Social Media,Credit Card,1342.07,1,0,1342.07,Cancelled,5.0,0,8,3,2023,335.5175
ORD102713,2023-05-17,CUST8956,At-Risk,Sports,Sports Product 28,West,Marketplace,Debit Card,4101.95,1,5,3896.85,Cancelled,3.5,0,5,2,2023,1285.9605000000001
ORD102714,2024-05-04,CUST8657,At-Risk,Beauty,Beauty Product 50,East,Website,Credit Card,232.77,1,0,232.77,Returned,4.1,0,5,2,2024,37.2432
ORD102715,2023-06-06,CUST3036,Returning,Electronics,Electronics Product 24,Central,Marketplace,Net Banking,18323.31,1,25,13742.48,Cancelled,4.2,0,6,2,2023,4809.8679999999995
ORD102716,2024-04-10,CUST5133,New,Electronics,Electronics Product 19,Central,Mobile App,Credit Card,48971.63,2,0,97943.26,Returned,4.3,0,4,2,2024,37218.438799999996
ORD102717,2024-09-12,CUST1611,New,Electronics,Electronics Product 12,East,Mobile App,Debit Card,40517.22,5,20,162068.88,Returned,3.8,1,9,3,2024,46999.9752
ORD102718,2024-01-18,CUST1321,Returning,Home & Kitchen,Home & Kitchen Product 19,West,Marketplace,Credit Card,1483.44,3,5,4227.8,Delivered,5.0,0,1,1,2024,549.614
ORD102719,2024-03-01,CUST5303,New,Beauty,Beauty Product 16,East,Mobile App,Net Banking,1776.17,1,25,1332.13,Cancelled,2.5,1,3,1,2024,492.8881
ORD102720,2024-12-19,CUST4865,Returning,Beauty,Beauty Product 47,West,Marketplace,Net Banking,1315.01,4,10,4734.04,Delivered,3.7,0,12,4,2024,1609.5736000000002
ORD102721,2024-07-16,CUST9910,New,Electronics,Electronics Product 36,North,Social Media,Wallet,2315.27,3,20,5556.65,Cancelled,4.4,1,7,3,2024,1833.6945
ORD102722,2024-04-27,CUST2113,At-Risk,Beauty,Beauty Product 12,East,Social Media,Credit Card,1887.97,3,0,5663.91,Returned,4.4,1,4,2,2024,623.0301
ORD102723,2024-07-04,CUST5416,New,Toys,Toys Product 25,South,Website,UPI,832.54,1,10,749.29,Processing,5.0,0,7,3,2024,254.7586
ORD102724,2024-11-11,CUST1049,Returning,Clothing,Clothing Product 40,Central,Website,Debit Card,3202.38,1,20,2561.9,Cancelled,5.0,0,11,4,2024,358.66600000000005
ORD102725,2023-08-12,CUST6161,At-Risk,Toys,Toys Product 9,South,Website,UPI,2800.58,1,0,2800.58,Cancelled,3.8,1,8,3,2023,476.09860000000003
ORD102726,2023-09-11,CUST5084,Returning,Beauty,Beauty Product 36,West,Marketplace,Credit Card,2862.76,1,0,2862.76,Delivered,5.0,0,9,3,2023,772.9452000000001
ORD102727,2024-11-27,CUST2077,VIP,Beauty,Beauty Product 22,North,Social Media,Debit Card,214.75,1,5,204.01,Processing,3.4,1,11,4,2024,36.721799999999995
ORD102728,2024-09-02,CUST6188,VIP,Toys,Toys Product 22,West,Mobile App,Wallet,2485.1,1,20,1988.08,Delivered,4.7,0,9,3,2024,596.424
ORD102729,2023-03-25,CUST3820,VIP,Beauty,Beauty Product 2,Central,Social Media,Wallet,2401.16,1,5,2281.1,Processing,5.0,1,3,1,2023,638.7080000000001
ORD102730,2024-06-22,CUST1692,Returning,Electronics,Electronics Product 29,East,Website,Debit Card,31452.48,2,5,59759.71,Delivered,5.0,0,6,2,2024,7768.7623
ORD102731,2024-04-02,CUST5186,VIP,Books,Books Product 18,West,Mobile App,Debit Card,457.93,1,0,457.93,Shipped,4.1,0,4,2,2024,137.379
ORD102732,2024-06-24,CUST9222,At-Risk,Books,Books Product 14,South,Website,Debit Card,235.12,1,0,235.12,Returned,3.7,0,6,2,2024,89.3456
ORD102733,2024-12-21,CUST1620,Returning,Books,Books Product 22,North,Mobile App,Credit Card,739.24,5,15,3141.77,Shipped,2.8,0,12,4,2024,471.2655
ORD102734,2024-01-06,CUST5876,VIP,Sports,Sports Product 2,East,Marketplace,UPI,9372.27,4,0,37489.08,Processing,4.2,0,1,1,2024,10496.942400000002
ORD102735,2023-03-21,CUST9141,VIP,Clothing,Clothing Product 37,West,Website,Credit Card,3670.69,3,10,9910.86,Cancelled,3.1,0,3,1,2023,1982.1720000000003
ORD102736,2024-07-31,CUST7471,At-Risk,Clothing,Clothing Product 23,North,Mobile App,Wallet,1348.71,5,20,5394.84,Returned,3.4,1,7,3,2024,1294.7616
ORD102737,2023-04-25,CUST9670,New,Sports,Sports Product 11,West,Social Media,Credit Card,9654.51,2,0,19309.02,Processing,3.0,0,4,2,2023,3668.7138
ORD102738,2023-03-05,CUST9074,New,Clothing,Clothing Product 49,South,Marketplace,Credit Card,3621.4,5,10,16296.3,Processing,3.6,0,3,1,2023,3422.2229999999995
ORD102739,2024-07-14,CUST4664,Returning,Beauty,Beauty Product 36,West,Mobile App,Net Banking,719.39,1,0,719.39,Delivered,4.0,0,7,3,2024,79.13289999999999
ORD102740,2024-06-01,CUST2066,New,Home & Kitchen,Home & Kitchen Product 41,East,Mobile App,Net Banking,2249.96,1,10,2024.96,Shipped,4.2,0,6,2,2024,789.7344
ORD102741,2023-07-27,CUST4254,VIP,Electronics,Electronics Product 34,Central,Marketplace,UPI,5652.62,1,0,5652.62,Returned,3.5,1,7,3,2023,1639.2597999999998
ORD102742,2024-08-09,CUST8589,Returning,Beauty,Beauty Product 40,North,Social Media,Wallet,238.04,1,10,214.24,Delivered,4.9,0,8,3,2024,53.56
ORD102743,2024-07-03,CUST8192,VIP,Electronics,Electronics Product 24,East,Marketplace,Credit Card,46419.38,1,0,46419.38,Cancelled,3.8,1,7,3,2024,10212.2636
ORD102744,2023-06-03,CUST2970,Returning,Automotive,Automotive Product 39,East,Social Media,Debit Card,23392.29,2,5,44445.35,Shipped,3.4,0,6,2,2023,11555.791
ORD102745,2023-06-18,CUST7792,VIP,Toys,Toys Product 18,South,Social Media,Debit Card,2797.95,3,10,7554.46,Returned,4.2,0,6,2,2023,1586.4366
ORD102746,2023-12-02,CUST7262,Returning,Toys,Toys Product 31,Central,Website,Net Banking,1885.88,2,0,3771.76,Cancelled,5.0,1,12,4,2023,792.0696
ORD102747,2024-06-16,CUST5794,At-Risk,Sports,Sports Product 41,South,Social Media,Debit Card,5140.92,1,10,4626.83,Delivered,4.3,1,6,2,2024,1110.4392
ORD102748,2024-03-28,CUST2672,New,Electronics,Electronics Product 1,West,Website,Wallet,14561.79,3,0,43685.37,Shipped,3.7,0,3,1,2024,7863.3666
ORD102749,2023-04-30,CUST7731,New,Automotive,Automotive Product 16,West,Social Media,Credit Card,23501.19,2,10,42302.14,Shipped,2.8,0,4,2,2023,6345.321
ORD102750,2024-11-27,CUST7258,Returning,Electronics,Electronics Product 37,West,Website,Credit Card,51489.65,1,0,51489.65,Cancelled,3.8,0,11,4,2024,13902.205500000002
ORD102751,2023-07-30,CUST2631,Returning,Beauty,Beauty Product 28,Central,Website,Wallet,2440.51,2,10,4392.92,Shipped,4.2,0,7,3,2023,1537.522
ORD102752,2024-08-20,CUST3432,At-Risk,Toys,Toys Product 39,Central,Social Media,Debit Card,3383.93,1,0,3383.93,Delivered,3.7,0,8,3,2024,507.58949999999993
ORD102753,2024-05-15,CUST4543,VIP,Toys,Toys Product 28,Central,Marketplace,Wallet,3513.92,1,5,3338.22,Cancelled,2.7,1,5,2,2024,367.20419999999996
ORD102754,2023-04-04,CUST8945,Returning,Beauty,Beauty Product 19,Central,Social Media,Wallet,2740.3,4,0,10961.2,Processing,3.3,0,4,2,2023,1863.4040000000002
ORD102755,2024-06-06,CUST5696,New,Clothing,Clothing Product 21,West,Website,Wallet,1375.34,1,10,1237.81,Processing,5.0,0,6,2,2024,482.7459
ORD102756,2024-04-01,CUST1804,Returning,Automotive,Automotive Product 14,Central,Marketplace,UPI,36324.68,1,0,36324.68,Shipped,5.0,0,4,2,2024,12713.637999999999
ORD102757,2023-02-26,CUST8946,VIP,Clothing,Clothing Product 21,Central,Mobile App,Debit Card,535.24,4,20,1712.77,Delivered,3.3,0,2,1,2023,479.57560000000007
ORD102758,2024-04-09,CUST8862,At-Risk,Books,Books Product 39,Central,Mobile App,Credit Card,624.03,2,20,998.45,Shipped,4.5,0,4,2,2024,379.411
ORD102759,2023-05-16,CUST5360,At-Risk,Beauty,Beauty Product 7,West,Social Media,Credit Card,2093.77,1,0,2093.77,Delivered,3.1,0,5,2,2023,481.56710000000004
ORD102760,2024-06-09,CUST5067,New,Automotive,Automotive Product 31,West,Website,UPI,20792.26,1,10,18713.03,Shipped,5.0,1,6,2,2024,7298.0817
ORD102761,2024-03-01,CUST4822,Returning,Beauty,Beauty Product 26,East,Website,UPI,1631.34,1,0,1631.34,Processing,4.2,1,3,1,2024,309.95459999999997
ORD102762,2024-04-12,CUST3854,At-Risk,Home & Kitchen,Home & Kitchen Product 22,East,Marketplace,Debit Card,7212.08,2,0,14424.16,Processing,4.8,0,4,2,2024,2452.1072000000004
ORD102763,2024-07-31,CUST6280,At-Risk,Sports,Sports Product 3,East,Website,Wallet,7952.19,1,10,7156.97,Processing,2.6,1,7,3,2024,2075.5213
ORD102764,2023-03-01,CUST8158,New,Beauty,Beauty Product 17,East,Social Media,Net Banking,2381.67,1,10,2143.5,Returned,4.5,0,3,1,2023,450.135
ORD102765,2024-07-26,CUST3998,Returning,Toys,Toys Product 30,Central,Marketplace,Wallet,3838.78,5,10,17274.51,Cancelled,4.0,0,7,3,2024,5009.607899999999
ORD102766,2024-04-18,CUST4455,VIP,Books,Books Product 8,East,Marketplace,Credit Card,718.35,2,0,1436.7,Cancelled,4.7,1,4,2,2024,272.973
ORD102767,2024-11-19,CUST9444,Returning,Automotive,Automotive Product 36,West,Mobile App,UPI,27237.2,1,0,27237.2,Cancelled,4.7,0,11,4,2024,7898.788
ORD102768,2023-11-12,CUST5736,At-Risk,Clothing,Clothing Product 34,East,Social Media,Net Banking,3635.82,2,0,7271.64,Delivered,4.1,1,11,4,2023,1308.8952
ORD102769,2023-01-23,CUST2866,VIP,Books,Books Product 13,North,Social Media,Debit Card,524.88,2,10,944.78,Delivered,3.5,0,1,1,2023,113.3736
ORD102770,2024-02-10,CUST8308,Returning,Sports,Sports Product 1,South,Website,UPI,19788.49,1,5,18799.07,Returned,4.6,0,2,1,2024,6955.6559
ORD102771,2023-09-18,CUST1240,VIP,Sports,Sports Product 3,East,Social Media,Credit Card,14409.38,1,10,12968.44,Shipped,4.0,0,9,3,2023,4668.6384
ORD102772,2023-01-04,CUST2097,New,Electronics,Electronics Product 49,North,Mobile App,UPI,35362.43,3,0,106087.29,Processing,3.3,0,1,1,2023,41374.043099999995
ORD102773,2023-08-12,CUST5327,VIP,Sports,Sports Product 38,North,Social Media,Wallet,16623.98,1,0,16623.98,Returned,3.3,0,8,3,2023,5153.4338
ORD102774,2024-08-15,CUST3705,VIP,Toys,Toys Product 38,Central,Social Media,Credit Card,427.19,2,0,854.38,Returned,2.8,0,8,3,2024,256.31399999999996
ORD102775,2023-03-16,CUST8058,Returning,Books,Books Product 22,South,Mobile App,Credit Card,668.16,1,0,668.16,Cancelled,3.6,0,3,1,2023,180.4032
ORD102776,2023-02-16,CUST3286,At-Risk,Clothing,Clothing Product 18,Central,Website,Net Banking,4175.88,1,0,4175.88,Returned,4.9,0,2,1,2023,584.6232000000001
ORD102777,2024-03-09,CUST1431,VIP,Clothing,Clothing Product 9,South,Marketplace,Net Banking,3680.72,1,15,3128.61,Shipped,4.1,0,3,1,2024,500.5776
ORD102778,2023-12-19,CUST4511,New,Beauty,Beauty Product 36,West,Social Media,Credit Card,263.73,1,20,210.98,Shipped,3.6,1,12,4,2023,40.0862
ORD102779,2024-12-18,CUST8655,At-Risk,Sports,Sports Product 33,North,Social Media,Wallet,8228.82,1,5,7817.38,Delivered,4.6,0,12,4,2024,2892.4306
ORD102780,2023-03-07,CUST1835,VIP,Clothing,Clothing Product 30,East,Marketplace,Net Banking,4651.47,1,5,4418.9,Returned,3.3,0,3,1,2023,662.8349999999999
ORD102781,2024-07-08,CUST9447,VIP,Automotive,Automotive Product 14,Central,Website,Debit Card,31760.0,3,0,95280.0,Shipped,4.1,0,7,3,2024,36206.4
ORD102782,2023-03-03,CUST8548,New,Toys,Toys Product 18,West,Marketplace,Debit Card,1872.17,5,20,7488.68,Returned,3.9,0,3,1,2023,1947.0568
ORD102783,2023-03-12,CUST9856,Returning,Books,Books Product 19,South,Marketplace,Net Banking,651.2,3,0,1953.6,Processing,4.6,1,3,1,2023,605.616
ORD102784,2024-04-28,CUST3810,At-Risk,Beauty,Beauty Product 48,West,Marketplace,UPI,445.33,3,20,1068.79,Returned,2.7,0,4,2,2024,138.9427
ORD102785,2023-02-02,CUST2731,VIP,Clothing,Clothing Product 47,East,Social Media,Credit Card,4265.94,1,5,4052.64,Cancelled,3.3,1,2,1,2023,729.4752
ORD102786,2023-10-21,CUST2458,Returning,Sports,Sports Product 40,North,Social Media,UPI,15255.63,5,0,76278.15,Shipped,2.7,0,10,4,2023,29748.478499999997
ORD102787,2024-02-23,CUST7729,New,Sports,Sports Product 42,Central,Website,Net Banking,11764.31,1,20,9411.45,Returned,3.8,0,2,1,2024,1694.0610000000001
ORD102788,2023-07-04,CUST1899,VIP,Toys,Toys Product 26,South,Mobile App,Credit Card,3208.15,5,0,16040.75,Delivered,5.0,0,7,3,2023,3047.7425
ORD102789,2023-05-19,CUST3594,At-Risk,Beauty,Beauty Product 43,East,Marketplace,Debit Card,2207.68,5,10,9934.56,Processing,3.6,0,5,2,2023,1589.5295999999998
ORD102790,2024-10-18,CUST1449,At-Risk,Books,Books Product 25,West,Social Media,Net Banking,356.53,2,5,677.41,Delivered,3.6,0,10,4,2024,94.8374
ORD102791,2024-10-23,CUST5251,Returning,Toys,Toys Product 34,South,Marketplace,Debit Card,2694.84,5,0,13474.2,Delivered,4.7,0,10,4,2024,2290.6140000000005
ORD102792,2024-03-06,CUST2557,VIP,Toys,Toys Product 28,Central,Website,Debit Card,739.41,2,5,1404.88,Processing,4.9,0,3,1,2024,407.4152
ORD102793,2024-01-19,CUST9941,VIP,Sports,Sports Product 28,Central,Marketplace,UPI,5164.15,1,10,4647.73,Delivered,3.9,0,1,1,2024,1115.4551999999999
ORD102794,2024-01-27,CUST2371,At-Risk,Automotive,Automotive Product 29,North,Mobile App,Net Banking,24543.48,1,10,22089.13,Shipped,4.5,1,1,1,2024,5964.065100000001
ORD102795,2024-04-04,CUST4853,At-Risk,Home & Kitchen,Home & Kitchen Product 38,North,Social Media,Wallet,4188.26,2,0,8376.52,Returned,3.1,0,4,2,2024,1172.7128000000002
ORD102796,2024-01-22,CUST7051,Returning,Electronics,Electronics Product 35,South,Marketplace,Wallet,26737.04,1,20,21389.63,Returned,5.0,1,1,1,2024,7272.474200000001
ORD102797,2024-01-20,CUST9404,Returning,Home & Kitchen,Home & Kitchen Product 40,East,Mobile App,Debit Card,10497.63,2,0,20995.26,Returned,5.0,1,1,1,2024,7138.3884
ORD102798,2023-03-24,CUST9265,Returning,Automotive,Automotive Product 38,Central,Website,Debit Card,23345.51,5,0,116727.55,Returned,4.4,0,3,1,2023,12840.0305
ORD102799,2024-11-30,CUST8349,Returning,Books,Books Product 17,East,Marketplace,UPI,596.36,1,0,596.36,Returned,2.3,0,11,4,2024,131.1992
ORD102800,2024-11-08,CUST3401,At-Risk,Automotive,Automotive Product 30,East,Website,Credit Card,37823.12,3,0,113469.36,Returned,3.6,0,11,4,2024,13616.323199999999
ORD102801,2024-07-06,CUST2834,New,Sports,Sports Product 2,West,Social Media,Wallet,15236.82,4,0,60947.28,Cancelled,4.5,1,7,3,2024,20722.0752
ORD102802,2023-05-17,CUST2368,At-Risk,Toys,Toys Product 27,Central,Mobile App,Debit Card,1501.28,4,25,4503.84,Processing,3.7,1,5,2,2023,1441.2288
ORD102803,2024-10-31,CUST8281,At-Risk,Electronics,Electronics Product 45,South,Social Media,Net Banking,55290.93,5,0,276454.65,Cancelled,5.0,0,10,4,2024,102288.22050000001
ORD102804,2023-12-23,CUST1367,At-Risk,Books,Books Product 7,West,Mobile App,Credit Card,331.46,2,0,662.92,Shipped,4.5,0,12,4,2023,112.6964
ORD102805,2023-05-02,CUST9806,At-Risk,Beauty,Beauty Product 30,East,Marketplace,Debit Card,1433.57,5,0,7167.85,Shipped,3.4,0,5,2,2023,1720.284
ORD102806,2023-07-02,CUST9251,VIP,Automotive,Automotive Product 45,West,Mobile App,UPI,13489.75,3,10,36422.33,Shipped,4.0,0,7,3,2023,5827.572800000001
ORD102807,2024-07-04,CUST5747,New,Home & Kitchen,Home & Kitchen Product 42,North,Website,Credit Card,4346.9,1,20,3477.52,Processing,3.3,0,7,3,2024,730.2792
ORD102808,2024-02-07,CUST9326,Returning,Books,Books Product 2,North,Mobile App,Net Banking,125.02,1,0,125.02,Cancelled,3.9,0,2,1,2024,32.5052
ORD102809,2024-06-25,CUST1500,VIP,Home & Kitchen,Home & Kitchen Product 28,East,Mobile App,Debit Card,2358.31,2,0,4716.62,Returned,3.6,0,6,2,2024,565.9943999999999
ORD102810,2023-05-11,CUST2156,VIP,Sports,Sports Product 38,West,Mobile App,Credit Card,10626.87,1,0,10626.87,Returned,4.9,0,5,2,2023,3294.3297000000002
ORD102811,2023-08-17,CUST9955,At-Risk,Toys,Toys Product 4,Central,Mobile App,Credit Card,298.57,2,0,597.14,Shipped,5.0,0,8,3,2023,155.2564
ORD102812,2023-01-04,CUST7537,Returning,Toys,Toys Product 6,West,Mobile App,Wallet,3544.65,2,0,7089.3,Returned,2.9,0,1,1,2023,2481.255
ORD102813,2023-01-24,CUST5260,Returning,Beauty,Beauty Product 17,South,Website,UPI,1756.09,1,5,1668.29,Delivered,2.5,0,1,1,2023,300.2922
ORD102814,2023-11-02,CUST5982,New,Clothing,Clothing Product 40,South,Marketplace,Credit Card,3626.26,2,0,7252.52,Cancelled,3.8,1,11,4,2023,2683.4324
ORD102815,2024-04-19,CUST9767,VIP,Books,Books Product 29,South,Website,Credit Card,314.66,3,5,896.78,Returned,2.8,0,4,2,2024,358.712
ORD102816,2024-11-20,CUST3264,Returning,Toys,Toys Product 6,North,Website,UPI,2920.18,1,0,2920.18,Returned,4.0,1,11,4,2024,1109.6684
ORD102817,2024-07-11,CUST3633,At-Risk,Sports,Sports Product 6,West,Social Media,Net Banking,11525.74,1,20,9220.59,Processing,4.6,0,7,3,2024,3042.7947000000004
ORD102818,2024-03-10,CUST2970,Returning,Sports,Sports Product 2,North,Website,Wallet,6372.93,1,20,5098.34,Processing,5.0,0,3,1,2024,1733.4356000000002
ORD102819,2024-06-28,CUST8393,Returning,Home & Kitchen,Home & Kitchen Product 49,West,Mobile App,Wallet,10782.26,1,10,9704.03,Returned,4.2,0,6,2,2024,2620.0881000000004
ORD102820,2024-01-24,CUST6833,At-Risk,Sports,Sports Product 14,East,Mobile App,Net Banking,13596.26,4,0,54385.04,Cancelled,3.8,0,1,1,2024,8701.6064
ORD102821,2023-08-24,CUST9551,Returning,Books,Books Product 34,Central,Website,Credit Card,208.11,1,0,208.11,Delivered,2.4,0,8,3,2023,62.433
ORD102822,2023-09-11,CUST9407,New,Toys,Toys Product 17,East,Marketplace,Net Banking,3259.75,2,5,6193.52,Shipped,4.0,0,9,3,2023,1919.9912000000002
ORD102823,2024-04-16,CUST4819,At-Risk,Books,Books Product 46,Central,Marketplace,Debit Card,189.99,1,10,170.99,Delivered,4.1,0,4,2,2024,68.396
ORD102824,2023-12-21,CUST8214,At-Risk,Clothing,Clothing Product 29,North,Marketplace,Wallet,3115.76,1,5,2959.97,Cancelled,4.5,0,12,4,2023,769.5921999999999
ORD102825,2023-06-08,CUST9304,At-Risk,Home & Kitchen,Home & Kitchen Product 7,East,Marketplace,Wallet,12929.47,3,20,31030.73,Processing,3.4,0,6,2,2023,5585.5314
ORD102826,2023-10-10,CUST7124,New,Books,Books Product 22,South,Social Media,Credit Card,280.11,2,20,448.18,Processing,3.7,0,10,4,2023,138.9358
ORD102827,2023-07-13,CUST8170,At-Risk,Electronics,Electronics Product 26,North,Social Media,Credit Card,18619.48,1,0,18619.48,Processing,2.8,0,7,3,2023,7261.5972
ORD102828,2023-04-26,CUST1188,At-Risk,Books,Books Product 31,West,Social Media,Wallet,695.64,1,10,626.08,Delivered,2.2,0,4,2,2023,93.912
ORD102829,2023-02-02,CUST9832,Returning,Sports,Sports Product 23,North,Website,Wallet,11831.32,1,0,11831.32,Shipped,3.1,0,2,1,2023,2366.264
ORD102830,2024-11-07,CUST3827,Returning,Automotive,Automotive Product 27,South,Marketplace,Net Banking,8099.48,1,0,8099.48,Cancelled,2.7,0,11,4,2024,2105.8648
ORD102831,2024-03-05,CUST2011,VIP,Automotive,Automotive Product 28,South,Marketplace,UPI,1393.68,2,5,2647.99,Cancelled,4.3,0,3,1,2024,397.19849999999997
ORD102832,2024-09-21,CUST1420,At-Risk,Toys,Toys Product 47,West,Website,Debit Card,1583.81,1,0,1583.81,Processing,3.6,1,9,3,2024,174.2191
ORD102833,2023-01-17,CUST5251,Returning,Toys,Toys Product 21,East,Social Media,Net Banking,2132.65,1,20,1706.12,Processing,3.6,1,1,1,2023,341.224
ORD102834,2023-09-04,CUST9848,Returning,Electronics,Electronics Product 1,South,Social Media,Wallet,69683.49,1,0,69683.49,Shipped,3.2,0,9,3,2023,25086.0564
ORD102835,2023-07-31,CUST1767,Returning,Books,Books Product 42,South,Social Media,Net Banking,461.77,4,5,1754.73,Cancelled,1.4,0,7,3,2023,193.0203
ORD102836,2023-03-10,CUST7861,VIP,Home & Kitchen,Home & Kitchen Product 22,North,Website,Net Banking,7311.52,5,10,32901.84,Cancelled,5.0,0,3,1,2023,7567.423199999999
ORD102837,2023-04-14,CUST8771,At-Risk,Sports,Sports Product 5,South,Marketplace,UPI,18040.08,1,10,16236.07,Shipped,3.2,0,4,2,2023,5357.9031
ORD102838,2024-08-31,CUST6246,At-Risk,Home & Kitchen,Home & Kitchen Product 35,West,Marketplace,Credit Card,14594.33,3,0,43782.99,Returned,3.7,0,8,3,2024,17075.3661
ORD102839,2023-02-04,CUST8754,At-Risk,Electronics,Electronics Product 47,South,Social Media,Wallet,51686.2,1,20,41348.96,Cancelled,2.8,0,2,1,2023,16539.584
ORD102840,2024-04-02,CUST2535,At-Risk,Sports,Sports Product 33,West,Mobile App,Debit Card,11907.85,1,10,10717.06,Returned,4.8,0,4,2,2024,2464.9238
ORD102841,2024-09-04,CUST3946,At-Risk,Sports,Sports Product 28,North,Website,Net Banking,10221.47,3,5,29131.19,Returned,4.1,0,9,3,2024,11361.1641
ORD102842,2024-11-19,CUST4095,Returning,Home & Kitchen,Home & Kitchen Product 2,Central,Website,Wallet,7993.06,4,0,31972.24,Cancelled,3.3,0,11,4,2024,3516.9464000000003
ORD102843,2024-12-21,CUST7230,VIP,Electronics,Electronics Product 44,West,Social Media,Credit Card,30549.31,5,5,145109.22,Processing,3.7,0,12,4,2024,46434.9504
ORD102844,2023-02-19,CUST2394,At-Risk,Automotive,Automotive Product 7,South,Marketplace,Net Banking,46363.25,2,15,78817.52,Delivered,5.0,0,2,1,2023,22857.0808
ORD102845,2023-09-08,CUST5907,New,Electronics,Electronics Product 25,East,Marketplace,Wallet,52045.93,1,10,46841.34,Shipped,3.9,1,9,3,2023,7963.0278
ORD102846,2023-02-15,CUST7606,VIP,Electronics,Electronics Product 32,East,Social Media,Debit Card,69727.19,3,15,177804.33,Returned,3.9,1,2,1,2023,44451.0825
ORD102847,2024-02-16,CUST2499,New,Clothing,Clothing Product 43,West,Social Media,Credit Card,2513.85,1,5,2388.16,Returned,3.2,1,2,1,2024,334.3424
ORD102848,2024-03-25,CUST2376,Returning,Beauty,Beauty Product 19,East,Social Media,UPI,1529.4,2,0,3058.8,Returned,2.5,0,3,1,2024,1101.1680000000001
ORD102849,2023-08-28,CUST3585,VIP,Sports,Sports Product 17,West,Social Media,Credit Card,7845.5,1,0,7845.5,Processing,3.9,0,8,3,2023,1647.5549999999998
ORD102850,2024-07-06,CUST9370,Returning,Clothing,Clothing Product 37,South,Social Media,Net Banking,3409.98,2,0,6819.96,Cancelled,4.3,0,7,3,2024,1977.7884
ORD102851,2023-08-11,CUST9186,New,Toys,Toys Product 47,North,Marketplace,Debit Card,446.06,1,10,401.45,Cancelled,4.9,0,8,3,2023,60.217499999999994
ORD102852,2023-02-27,CUST5430,VIP,Beauty,Beauty Product 44,North,Social Media,Net Banking,790.75,1,15,672.14,Returned,2.2,1,2,1,2023,107.5424
ORD102853,2023-05-24,CUST3709,Returning,Clothing,Clothing Product 12,South,Social Media,Debit Card,1190.86,4,0,4763.44,Cancelled,3.1,0,5,2,2023,1905.376
ORD102854,2024-05-30,CUST7938,New,Toys,Toys Product 14,North,Social Media,Credit Card,770.34,1,5,731.82,Cancelled,3.5,0,5,2,2024,241.50060000000002
ORD102855,2023-10-24,CUST9268,VIP,Home & Kitchen,Home & Kitchen Product 19,South,Social Media,Wallet,9247.03,2,5,17569.36,Cancelled,4.0,0,10,4,2023,6852.0504
ORD102856,2023-08-28,CUST3464,Returning,Books,Books Product 45,Central,Marketplace,Net Banking,610.13,1,5,579.62,Returned,3.9,0,8,3,2023,110.12780000000001
ORD102857,2024-08-12,CUST8591,Returning,Clothing,Clothing Product 14,North,Social Media,Credit Card,774.04,1,0,774.04,Cancelled,3.9,0,8,3,2024,116.106
ORD102858,2023-11-23,CUST7424,New,Clothing,Clothing Product 24,West,Social Media,UPI,1145.32,1,0,1145.32,Delivered,4.3,0,11,4,2023,286.33
ORD102859,2024-08-14,CUST8817,Returning,Sports,Sports Product 40,Central,Website,Debit Card,10176.29,1,0,10176.29,Cancelled,3.3,1,8,3,2024,2544.0725
ORD102860,2024-09-04,CUST1819,Returning,Automotive,Automotive Product 41,South,Marketplace,Wallet,28814.87,3,0,86444.61,Returned,4.7,1,9,3,2024,12966.691499999999
ORD102861,2024-11-19,CUST5376,At-Risk,Clothing,Clothing Product 28,Central,Mobile App,Credit Card,3265.46,1,0,3265.46,Cancelled,4.3,0,11,4,2024,1044.9472
ORD102862,2023-11-25,CUST1706,New,Books,Books Product 37,West,Website,Debit Card,108.54,5,0,542.7,Returned,3.7,1,11,4,2023,113.967
ORD102863,2023-08-31,CUST6810,New,Clothing,Clothing Product 34,Central,Marketplace,Wallet,3782.03,2,10,6807.65,Shipped,5.0,1,8,3,2023,1089.224
ORD102864,2023-11-06,CUST4757,New,Beauty,Beauty Product 21,North,Mobile App,Credit Card,2483.85,1,0,2483.85,Cancelled,5.0,0,11,4,2023,496.77
ORD102865,2023-05-27,CUST2931,New,Beauty,Beauty Product 2,West,Social Media,Wallet,2394.9,2,25,3592.35,Delivered,4.7,0,5,2,2023,969.9345000000001
ORD102866,2024-11-07,CUST5237,VIP,Toys,Toys Product 18,West,Marketplace,Debit Card,3612.91,2,0,7225.82,Processing,1.6,1,11,4,2024,2312.2624
ORD102867,2024-06-17,CUST2448,VIP,Books,Books Product 21,North,Marketplace,Credit Card,618.96,3,0,1856.88,Delivered,5.0,0,6,2,2024,445.6512
ORD102868,2023-08-15,CUST7938,New,Toys,Toys Product 49,East,Marketplace,Credit Card,1581.53,1,0,1581.53,Cancelled,4.6,0,8,3,2023,411.19780000000003
ORD102869,2024-02-28,CUST2843,At-Risk,Books,Books Product 2,East,Mobile App,UPI,122.99,1,0,122.99,Shipped,5.0,1,2,1,2024,17.218600000000002
ORD102870,2023-11-04,CUST6809,At-Risk,Home & Kitchen,Home & Kitchen Product 42,East,Website,Net Banking,9508.11,4,15,32327.57,Processing,5.0,0,11,4,2023,11961.2009
ORD102871,2023-10-09,CUST7998,Returning,Clothing,Clothing Product 22,Central,Social Media,Debit Card,4769.74,4,0,19078.96,Cancelled,5.0,1,10,4,2023,7250.0048
ORD102872,2023-03-04,CUST1721,New,Home & Kitchen,Home & Kitchen Product 27,Central,Marketplace,Net Banking,7759.02,4,20,24828.86,Delivered,4.7,0,3,1,2023,7696.9466
ORD102873,2024-07-24,CUST9099,VIP,Books,Books Product 27,East,Website,Credit Card,290.03,1,20,232.02,Cancelled,5.0,0,7,3,2024,25.5222
ORD102874,2024-08-28,CUST5065,Returning,Sports,Sports Product 46,Central,Marketplace,Net Banking,19248.46,3,5,54858.11,Processing,5.0,0,8,3,2024,14263.108600000001
ORD102875,2023-06-29,CUST3900,New,Automotive,Automotive Product 37,West,Social Media,Credit Card,42453.0,1,5,40330.35,Cancelled,4.2,0,6,2,2023,11695.8015
ORD102876,2024-10-03,CUST8987,VIP,Toys,Toys Product 15,West,Mobile App,Debit Card,2243.37,1,10,2019.03,Delivered,2.7,0,10,4,2024,807.6120000000001
ORD102877,2024-11-26,CUST5654,New,Sports,Sports Product 32,South,Social Media,UPI,1957.17,1,0,1957.17,Processing,3.8,0,11,4,2024,782.868
ORD102878,2024-03-13,CUST4672,Returning,Electronics,Electronics Product 22,East,Mobile App,Net Banking,63934.47,2,10,115082.05,Processing,4.3,0,3,1,2024,41429.538
ORD102879,2024-07-23,CUST6460,VIP,Automotive,Automotive Product 20,West,Social Media,UPI,22774.34,1,0,22774.34,Processing,4.1,0,7,3,2024,2732.9208
ORD102880,2024-05-22,CUST7183,New,Beauty,Beauty Product 3,East,Marketplace,Wallet,1640.4,1,0,1640.4,Returned,3.0,0,5,2,2024,639.7560000000001
ORD102881,2023-02-18,CUST6800,New,Clothing,Clothing Product 9,East,Marketplace,UPI,1374.52,3,5,3917.38,Processing,2.7,0,2,1,2023,1096.8664
ORD102882,2023-12-19,CUST2753,Returning,Beauty,Beauty Product 46,North,Marketplace,Net Banking,2422.22,1,5,2301.11,Shipped,3.4,0,12,4,2023,782.3774000000001
ORD102883,2024-10-20,CUST8540,At-Risk,Toys,Toys Product 48,Central,Mobile App,Wallet,894.2,1,20,715.36,Returned,4.6,1,10,4,2024,157.3792
ORD102884,2024-11-18,CUST7523,VIP,Automotive,Automotive Product 17,North,Mobile App,Wallet,46867.61,1,0,46867.61,Delivered,5.0,0,11,4,2024,9373.522
ORD102885,2024-01-26,CUST3977,Returning,Books,Books Product 12,South,Website,Wallet,700.27,4,15,2380.92,Returned,4.7,0,1,1,2024,571.4208
ORD102886,2024-06-21,CUST5798,At-Risk,Sports,Sports Product 36,Central,Social Media,Wallet,4875.46,2,0,9750.92,Shipped,4.8,0,6,2,2024,1365.1288000000002
ORD102887,2023-11-23,CUST1740,Returning,Home & Kitchen,Home & Kitchen Product 28,Central,Website,Wallet,10845.49,1,0,10845.49,Processing,3.9,0,11,4,2023,2277.5528999999997
ORD102888,2024-12-14,CUST7908,New,Beauty,Beauty Product 5,South,Marketplace,Debit Card,655.68,3,0,1967.04,Processing,2.6,0,12,4,2024,708.1343999999999
ORD102889,2024-03-02,CUST5637,At-Risk,Automotive,Automotive Product 31,East,Website,Credit Card,48985.37,3,5,139608.3,Processing,3.6,0,3,1,2024,15356.912999999999
ORD102890,2024-02-23,CUST7165,VIP,Beauty,Beauty Product 45,South,Social Media,Debit Card,907.43,1,0,907.43,Processing,3.8,0,2,1,2024,136.1145
ORD102891,2023-06-02,CUST7287,At-Risk,Sports,Sports Product 35,North,Mobile App,Debit Card,5838.54,2,5,11093.23,Shipped,3.6,0,6,2,2023,1553.0522
ORD102892,2023-11-04,CUST9958,VIP,Electronics,Electronics Product 38,South,Social Media,Net Banking,59577.28,3,15,151922.06,Returned,4.0,0,11,4,2023,33422.8532
ORD102893,2024-01-21,CUST5073,Returning,Electronics,Electronics Product 11,Central,Mobile App,Debit Card,58800.31,2,5,111720.59,Cancelled,4.4,1,1,1,2024,44688.236000000004
ORD102894,2023-07-08,CUST5338,Returning,Electronics,Electronics Product 22,Central,Social Media,Wallet,73438.61,1,5,69766.68,Returned,4.7,0,7,3,2023,10465.001999999999
ORD102895,2024-07-04,CUST8033,VIP,Books,Books Product 29,West,Marketplace,Credit Card,734.3,4,15,2496.62,Delivered,3.8,0,7,3,2024,349.52680000000004
ORD102896,2024-04-29,CUST1419,New,Sports,Sports Product 8,West,Website,UPI,2997.96,2,10,5396.33,Delivered,2.5,0,4,2,2024,1996.6421
ORD102897,2023-09-04,CUST5352,VIP,Toys,Toys Product 20,Central,Website,Debit Card,1350.49,1,5,1282.97,Cancelled,3.6,0,9,3,2023,461.8692
ORD102898,2023-08-19,CUST8422,Returning,Sports,Sports Product 3,North,Social Media,Debit Card,4471.55,1,0,4471.55,Processing,4.0,1,8,3,2023,491.87050000000005
ORD102899,2023-11-04,CUST9383,New,Beauty,Beauty Product 9,East,Social Media,Wallet,845.23,1,20,676.18,Processing,5.0,0,11,4,2023,223.1394
ORD102900,2024-12-25,CUST6118,Returning,Clothing,Clothing Product 22,Central,Mobile App,Debit Card,3856.07,1,10,3470.46,Returned,3.5,0,12,4,2024,1041.138
ORD102901,2023-05-28,CUST3485,Returning,Books,Books Product 4,East,Marketplace,Debit Card,434.1,3,0,1302.3,Shipped,4.4,0,5,2,2023,429.759
ORD102902,2024-04-19,CUST2061,VIP,Automotive,Automotive Product 44,West,Social Media,Debit Card,5634.9,1,0,5634.9,Cancelled,4.2,0,4,2,2024,1408.725
ORD102903,2023-03-01,CUST8273,Returning,Toys,Toys Product 16,Central,Social Media,Wallet,3550.23,1,15,3017.7,Returned,4.0,0,3,1,2023,1207.08
ORD102904,2024-07-29,CUST1190,New,Electronics,Electronics Product 35,Central,Mobile App,Net Banking,4561.08,2,0,9122.16,Processing,4.7,0,7,3,2024,1003.4376
ORD102905,2024-02-27,CUST3505,At-Risk,Toys,Toys Product 21,Central,Website,Debit Card,3202.06,1,25,2401.54,Delivered,3.5,1,2,1,2024,408.26180000000005
ORD102906,2024-03-02,CUST6538,At-Risk,Sports,Sports Product 46,East,Mobile App,UPI,1831.87,5,0,9159.35,Returned,3.5,0,3,1,2024,2015.057
ORD102907,2024-07-24,CUST2674,At-Risk,Sports,Sports Product 32,South,Mobile App,UPI,9774.66,1,15,8308.46,Processing,4.0,0,7,3,2024,1910.9458
ORD102908,2024-06-26,CUST7323,New,Clothing,Clothing Product 28,Central,Website,Credit Card,2321.11,1,0,2321.11,Delivered,3.5,0,6,2,2024,882.0218000000001
ORD102909,2023-05-18,CUST3332,VIP,Books,Books Product 48,Central,Marketplace,Credit Card,433.23,1,5,411.57,Cancelled,4.4,0,5,2,2023,111.1239
ORD102910,2024-02-02,CUST3618,At-Risk,Sports,Sports Product 12,South,Mobile App,UPI,2357.57,1,20,1886.06,Shipped,3.4,0,2,1,2024,207.4666
ORD102911,2023-09-06,CUST6825,Returning,Books,Books Product 49,Central,Website,Wallet,512.56,1,5,486.93,Cancelled,4.2,0,9,3,2023,107.1246
ORD102912,2023-09-19,CUST4983,New,Home & Kitchen,Home & Kitchen Product 25,East,Mobile App,Debit Card,9094.92,2,5,17280.35,Delivered,3.9,0,9,3,2023,3801.6769999999997
ORD102913,2023-07-28,CUST7662,VIP,Automotive,Automotive Product 20,West,Website,Wallet,15558.08,5,0,77790.4,Processing,4.2,0,7,3,2023,30338.255999999998
ORD102914,2023-12-05,CUST5509,At-Risk,Beauty,Beauty Product 33,North,Mobile App,UPI,177.37,1,0,177.37,Returned,3.6,0,12,4,2023,49.66360000000001
ORD102915,2024-10-24,CUST9890,Returning,Toys,Toys Product 5,East,Mobile App,Net Banking,1833.07,2,0,3666.14,Delivered,3.7,0,10,4,2024,1063.1806
ORD102916,2023-03-22,CUST9957,New,Electronics,Electronics Product 41,South,Mobile App,UPI,72446.61,2,10,130403.9,Shipped,4.1,0,3,1,2023,40425.208999999995
ORD102917,2024-04-05,CUST3048,New,Sports,Sports Product 27,North,Website,UPI,14511.64,3,0,43534.92,Returned,4.2,0,4,2,2024,14366.5236
ORD102918,2024-01-15,CUST1005,At-Risk,Clothing,Clothing Product 49,South,Website,Debit Card,2324.68,1,0,2324.68,Cancelled,4.0,0,1,1,2024,674.1571999999999
ORD102919,2023-04-05,CUST9233,VIP,Automotive,Automotive Product 49,North,Website,Credit Card,32417.27,1,5,30796.41,Shipped,5.0,0,4,2,2023,5235.389700000001
ORD102920,2024-07-02,CUST4637,Returning,Automotive,Automotive Product 16,South,Website,Wallet,29775.73,1,10,26798.16,Cancelled,3.2,0,7,3,2024,9647.337599999999
ORD102921,2023-07-15,CUST5356,New,Toys,Toys Product 34,South,Marketplace,Wallet,2612.74,2,10,4702.93,Delivered,3.9,0,7,3,2023,1504.9376000000002
ORD102922,2023-02-22,CUST9759,At-Risk,Beauty,Beauty Product 42,Central,Website,Net Banking,2303.3,3,0,6909.9,Shipped,2.7,0,2,1,2023,2211.168
ORD102923,2023-10-02,CUST7555,At-Risk,Toys,Toys Product 19,Central,Social Media,UPI,3970.5,1,0,3970.5,Processing,4.3,1,10,4,2023,1588.2
ORD102924,2024-01-22,CUST9727,At-Risk,Clothing,Clothing Product 37,Central,Marketplace,UPI,1408.39,1,20,1126.71,Returned,3.1,1,1,1,2024,383.08140000000003
ORD102925,2024-11-20,CUST9221,New,Home & Kitchen,Home & Kitchen Product 16,West,Marketplace,Wallet,6285.38,4,0,25141.52,Cancelled,3.8,1,11,4,2024,8799.532
ORD102926,2024-09-11,CUST4734,At-Risk,Sports,Sports Product 49,North,Marketplace,UPI,5706.57,3,20,13695.77,Cancelled,3.7,0,9,3,2024,5341.3503
ORD102927,2024-09-09,CUST1673,VIP,Clothing,Clothing Product 48,South,Marketplace,Net Banking,3229.42,5,20,12917.68,Cancelled,4.2,0,9,3,2024,1937.652
ORD102928,2023-02-10,CUST8141,At-Risk,Beauty,Beauty Product 27,South,Social Media,Wallet,1086.62,3,15,2770.88,Delivered,3.6,0,2,1,2023,692.72
ORD102929,2023-03-16,CUST3252,Returning,Toys,Toys Product 36,South,Marketplace,Credit Card,2036.46,1,0,2036.46,Delivered,3.5,0,3,1,2023,549.8442
ORD102930,2023-07-12,CUST5235,VIP,Beauty,Beauty Product 4,North,Marketplace,Credit Card,958.7,2,15,1629.79,Cancelled,5.0,0,7,3,2023,325.958
ORD102931,2024-08-24,CUST7474,New,Automotive,Automotive Product 43,South,Mobile App,Net Banking,32547.76,2,15,55331.19,Processing,4.2,1,8,3,2024,19365.9165
ORD102932,2024-11-18,CUST8856,VIP,Electronics,Electronics Product 25,West,Marketplace,Wallet,21503.89,1,10,19353.5,Cancelled,3.6,0,11,4,2024,6386.655000000001
ORD102933,2024-07-26,CUST3479,Returning,Electronics,Electronics Product 13,West,Marketplace,Debit Card,42809.11,2,0,85618.22,Returned,3.8,0,7,3,2024,27397.830400000003
ORD102934,2023-08-11,CUST9637,VIP,Home & Kitchen,Home & Kitchen Product 21,Central,Mobile App,UPI,5314.79,2,0,10629.58,Returned,5.0,0,8,3,2023,4251.832
ORD102935,2024-05-05,CUST8293,At-Risk,Automotive,Automotive Product 33,West,Social Media,Net Banking,34149.85,1,0,34149.85,Returned,3.8,0,5,2,2024,6146.973
ORD102936,2023-08-02,CUST2116,VIP,Home & Kitchen,Home & Kitchen Product 23,East,Website,Debit Card,7695.02,3,5,21930.81,Delivered,3.4,0,8,3,2023,7017.859200000001
ORD102937,2023-12-07,CUST7961,New,Electronics,Electronics Product 15,South,Marketplace,Net Banking,50260.78,2,10,90469.4,Returned,3.5,0,12,4,2023,24426.738
ORD102938,2023-11-07,CUST1361,Returning,Toys,Toys Product 2,West,Website,Net Banking,623.59,5,0,3117.95,Processing,3.6,1,11,4,2023,592.4105
ORD102939,2023-01-16,CUST2038,VIP,Books,Books Product 47,West,Marketplace,Wallet,629.63,1,5,598.15,Delivered,3.5,1,1,1,2023,89.7225
ORD102940,2023-08-05,CUST2461,Returning,Sports,Sports Product 6,Central,Mobile App,Wallet,3970.73,1,0,3970.73,Delivered,3.0,0,8,3,2023,1469.1701
ORD102941,2023-07-14,CUST5913,New,Beauty,Beauty Product 2,West,Social Media,Debit Card,168.57,2,10,303.43,Shipped,3.1,0,7,3,2023,84.9604
ORD102942,2023-05-01,CUST2210,Returning,Clothing,Clothing Product 50,South,Social Media,Net Banking,4488.16,1,20,3590.53,Cancelled,3.3,0,5,2,2023,1256.6855
ORD102943,2024-05-05,CUST4513,At-Risk,Clothing,Clothing Product 6,West,Marketplace,UPI,2645.83,2,0,5291.66,Cancelled,4.5,0,5,2,2024,1375.8316
ORD102944,2023-09-06,CUST2850,VIP,Home & Kitchen,Home & Kitchen Product 49,Central,Marketplace,UPI,7588.08,3,0,22764.24,Shipped,3.7,1,9,3,2023,3869.9208000000003
ORD102945,2024-12-13,CUST5067,At-Risk,Books,Books Product 10,East,Social Media,UPI,225.16,1,0,225.16,Cancelled,3.8,1,12,4,2024,45.032000000000004
ORD102946,2024-09-10,CUST6861,New,Home & Kitchen,Home & Kitchen Product 29,South,Mobile App,Credit Card,11478.44,2,10,20661.19,Shipped,5.0,1,9,3,2024,4338.849899999999
ORD102947,2024-12-21,CUST3674,New,Toys,Toys Product 36,West,Marketplace,UPI,2757.31,2,10,4963.16,Processing,5.0,0,12,4,2024,1935.6324
ORD102948,2023-07-29,CUST4351,New,Beauty,Beauty Product 37,South,Website,UPI,419.52,1,20,335.62,Returned,3.8,0,7,3,2023,33.562000000000005
ORD102949,2024-02-11,CUST7674,At-Risk,Automotive,Automotive Product 25,Central,Social Media,Wallet,43211.87,4,0,172847.48,Returned,3.5,1,2,1,2024,69138.99200000001
ORD102950,2023-09-03,CUST2768,At-Risk,Automotive,Automotive Product 39,West,Mobile App,Debit Card,17647.64,3,25,39707.19,Cancelled,3.3,1,9,3,2023,15485.804100000001
ORD102951,2024-07-19,CUST4811,At-Risk,Home & Kitchen,Home & Kitchen Product 22,West,Social Media,Wallet,10398.3,2,0,20796.6,Returned,4.6,0,7,3,2024,8318.64
ORD102952,2023-11-26,CUST4495,Returning,Sports,Sports Product 6,North,Website,Net Banking,16522.13,2,10,29739.83,Processing,3.8,0,11,4,2023,7137.559200000001
ORD102953,2023-10-17,CUST8784,Returning,Home & Kitchen,Home & Kitchen Product 40,South,Mobile App,UPI,3145.85,1,0,3145.85,Returned,3.7,1,10,4,2023,1226.8815
ORD102954,2024-01-25,CUST7678,New,Beauty,Beauty Product 42,South,Marketplace,Credit Card,459.83,4,20,1471.46,Shipped,3.3,0,1,1,2024,323.7212
ORD102955,2024-04-22,CUST1006,At-Risk,Sports,Sports Product 14,North,Marketplace,Credit Card,4943.33,2,5,9392.33,Delivered,3.4,0,4,2,2024,1033.1563
ORD102956,2024-06-30,CUST6598,VIP,Books,Books Product 1,Central,Social Media,Net Banking,315.04,2,10,567.07,Returned,4.3,0,6,2,2024,96.40190000000001
ORD102957,2024-10-26,CUST4056,New,Clothing,Clothing Product 49,West,Social Media,Net Banking,1665.84,3,15,4247.89,Returned,2.9,0,10,4,2024,1614.1982
ORD102958,2024-01-03,CUST5073,Returning,Toys,Toys Product 19,West,Social Media,Credit Card,3112.4,1,0,3112.4,Delivered,4.8,0,1,1,2024,311.24
ORD102959,2023-11-12,CUST1717,At-Risk,Beauty,Beauty Product 42,Central,Mobile App,Wallet,1494.85,3,0,4484.55,Cancelled,3.6,1,11,4,2023,1165.9830000000002
ORD102960,2023-09-25,CUST5169,New,Home & Kitchen,Home & Kitchen Product 33,South,Mobile App,Wallet,10365.77,1,20,8292.62,Returned,3.9,0,9,3,2023,995.1144
ORD102961,2024-01-04,CUST6262,Returning,Toys,Toys Product 24,East,Marketplace,Credit Card,3724.7,1,0,3724.7,Shipped,2.9,0,1,1,2024,707.693
ORD102962,2024-06-09,CUST9372,New,Toys,Toys Product 10,West,Social Media,Debit Card,999.11,1,0,999.11,Returned,4.0,0,6,2,2024,129.8843
ORD102963,2024-05-24,CUST2546,Returning,Books,Books Product 46,North,Marketplace,Credit Card,570.32,5,5,2709.02,Returned,3.7,0,5,2,2024,975.2471999999999
ORD102964,2024-04-22,CUST7563,VIP,Electronics,Electronics Product 32,North,Website,Net Banking,26239.35,3,10,70846.24,Returned,4.0,0,4,2,2024,19836.947200000002
ORD102965,2023-04-11,CUST6446,New,Electronics,Electronics Product 30,West,Social Media,Debit Card,15756.37,2,0,31512.74,Cancelled,5.0,1,4,2,2023,11659.713800000001
ORD102966,2024-04-25,CUST1359,Returning,Books,Books Product 23,South,Mobile App,Credit Card,377.37,2,0,754.74,Returned,4.1,0,4,2,2024,233.9694
ORD102967,2023-11-24,CUST3712,At-Risk,Clothing,Clothing Product 34,Central,Marketplace,Credit Card,1024.53,2,0,2049.06,Delivered,3.4,0,11,4,2023,799.1334
ORD102968,2023-07-28,CUST6903,Returning,Automotive,Automotive Product 25,South,Social Media,Debit Card,8570.8,4,5,32569.04,Returned,3.4,0,7,3,2023,8142.26
ORD102969,2024-01-15,CUST5561,Returning,Books,Books Product 49,South,Website,UPI,563.81,1,20,451.05,Shipped,4.5,1,1,1,2024,130.8045
ORD102970,2023-11-17,CUST5949,At-Risk,Sports,Sports Product 31,East,Website,Wallet,6783.35,1,25,5087.51,Shipped,5.0,0,11,4,2023,1373.6277000000002
ORD102971,2024-02-28,CUST9119,New,Home & Kitchen,Home & Kitchen Product 4,East,Website,Wallet,7892.05,1,10,7102.84,Cancelled,4.2,0,2,1,2024,1775.71
ORD102972,2023-02-16,CUST3369,Returning,Electronics,Electronics Product 14,East,Social Media,Credit Card,38165.13,3,0,114495.39,Returned,4.6,0,2,1,2023,40073.3865
ORD102973,2024-07-30,CUST5295,VIP,Toys,Toys Product 25,West,Mobile App,UPI,2461.87,2,20,3938.99,Shipped,4.5,0,7,3,2024,1142.3070999999998
ORD102974,2023-08-15,CUST3040,Returning,Toys,Toys Product 21,South,Marketplace,Debit Card,1784.25,1,5,1695.04,Cancelled,5.0,0,8,3,2023,576.3136000000001
ORD102975,2023-05-30,CUST2595,VIP,Sports,Sports Product 27,East,Social Media,Debit Card,14638.78,1,0,14638.78,Delivered,2.4,0,5,2,2023,4977.185200000001
ORD102976,2023-01-17,CUST8027,VIP,Home & Kitchen,Home & Kitchen Product 10,West,Marketplace,Debit Card,3662.24,3,20,8789.38,Shipped,4.5,1,1,1,2023,1406.3008
ORD102977,2023-09-25,CUST6208,VIP,Clothing,Clothing Product 4,South,Social Media,Credit Card,1461.71,1,15,1242.45,Delivered,4.8,0,9,3,2023,372.735
ORD102978,2024-07-20,CUST1517,At-Risk,Beauty,Beauty Product 13,South,Social Media,UPI,2812.84,2,10,5063.11,Shipped,2.9,0,7,3,2024,810.0975999999999
ORD102979,2024-08-21,CUST4166,VIP,Home & Kitchen,Home & Kitchen Product 48,South,Mobile App,Net Banking,12566.25,5,10,56548.12,Shipped,3.3,0,8,3,2024,15267.992400000001
ORD102980,2024-08-16,CUST5737,New,Clothing,Clothing Product 28,West,Mobile App,Wallet,1979.8,1,0,1979.8,Returned,3.3,0,8,3,2024,593.9399999999999
ORD102981,2024-03-03,CUST5482,VIP,Electronics,Electronics Product 14,West,Social Media,Net Banking,24845.47,1,0,24845.47,Shipped,3.4,0,3,1,2024,9938.188000000002
ORD102982,2023-10-30,CUST1462,At-Risk,Toys,Toys Product 17,North,Marketplace,UPI,2961.5,2,10,5330.7,Processing,3.6,0,10,4,2023,586.377
ORD102983,2023-06-06,CUST7822,At-Risk,Automotive,Automotive Product 20,North,Mobile App,Credit Card,41598.18,3,0,124794.54,Cancelled,4.2,0,6,2,2023,16223.2902
ORD102984,2023-07-20,CUST7587,New,Automotive,Automotive Product 44,East,Social Media,Credit Card,16315.06,2,5,30998.61,Cancelled,4.7,0,7,3,2023,3719.8332
ORD102985,2023-12-04,CUST2035,At-Risk,Clothing,Clothing Product 19,East,Marketplace,Credit Card,1678.48,5,15,7133.54,Returned,4.9,0,12,4,2023,1569.3788
ORD102986,2023-08-24,CUST8701,At-Risk,Books,Books Product 14,South,Website,Credit Card,494.3,1,15,420.16,Processing,3.3,0,8,3,2023,147.056
ORD102987,2024-01-24,CUST8933,Returning,Books,Books Product 41,East,Social Media,UPI,633.89,2,5,1204.39,Delivered,3.3,0,1,1,2024,421.5365
ORD102988,2024-08-06,CUST2070,Returning,Books,Books Product 39,Central,Social Media,Net Banking,103.97,2,15,176.75,Cancelled,5.0,0,8,3,2024,56.56
ORD102989,2023-09-09,CUST9450,VIP,Sports,Sports Product 17,East,Mobile App,Credit Card,18823.75,3,15,48000.56,Processing,4.5,0,9,3,2023,17760.2072
ORD102990,2024-05-26,CUST3077,New,Sports,Sports Product 26,Central,Social Media,Credit Card,1484.03,1,10,1335.63,Returned,4.1,0,5,2,2024,267.12600000000003
ORD102991,2024-07-17,CUST5238,New,Automotive,Automotive Product 33,West,Social Media,Wallet,20912.36,3,0,62737.08,Returned,4.4,0,7,3,2024,8155.8204000000005
ORD102992,2024-11-01,CUST9818,At-Risk,Toys,Toys Product 50,South,Website,Debit Card,2654.01,2,0,5308.02,Processing,4.0,0,11,4,2024,636.9624
ORD102993,2024-12-02,CUST9955,At-Risk,Home & Kitchen,Home & Kitchen Product 39,North,Website,Debit Card,2356.98,1,0,2356.98,Processing,4.4,0,12,4,2024,848.5128
ORD102994,2023-12-12,CUST1685,VIP,Toys,Toys Product 25,South,Website,UPI,1936.18,1,0,1936.18,Cancelled,3.7,0,12,4,2023,619.5776000000001
ORD102995,2023-09-21,CUST9957,New,Books,Books Product 48,West,Mobile App,Debit Card,291.95,3,0,875.85,Returned,4.2,0,9,3,2023,271.5135
ORD102996,2024-05-15,CUST9864,New,Books,Books Product 48,South,Social Media,Credit Card,672.97,1,0,672.97,Returned,2.8,0,5,2,2024,134.59400000000002
ORD102997,2024-10-19,CUST1046,At-Risk,Sports,Sports Product 46,South,Website,Net Banking,4363.38,1,5,4145.21,Delivered,3.4,0,10,4,2024,870.4941
ORD102998,2024-05-17,CUST7565,New,Books,Books Product 16,South,Website,Debit Card,563.44,1,20,450.75,Processing,3.5,0,5,2,2024,175.79250000000002
ORD102999,2024-04-16,CUST8564,VIP,Toys,Toys Product 15,Central,Marketplace,Debit Card,1172.53,4,0,4690.12,Shipped,3.7,1,4,2,2024,562.8144
ORD103000,2023-06-22,CUST3383,New,Home & Kitchen,Home & Kitchen Product 7,East,Mobile App,Net Banking,12538.51,2,10,22569.32,Returned,3.3,0,6,2,2023,7447.8756
ORD103001,2023-12-27,CUST2587,At-Risk,Toys,Toys Product 35,West,Website,Credit Card,289.98,3,10,782.95,Processing,3.6,1,12,4,2023,148.7605
ORD103002,2023-06-23,CUST5448,Returning,Home & Kitchen,Home & Kitchen Product 5,North,Mobile App,Wallet,6584.23,1,0,6584.23,Processing,2.8,0,6,2,2023,724.2652999999999
ORD103003,2023-05-24,CUST2304,Returning,Electronics,Electronics Product 44,East,Social Media,Debit Card,30901.3,2,20,49442.08,Shipped,4.4,0,5,2,2023,15821.465600000001
ORD103004,2024-07-13,CUST8255,VIP,Sports,Sports Product 10,South,Mobile App,Credit Card,11338.14,2,10,20408.65,Processing,3.9,0,7,3,2024,4081.7300000000005
ORD103005,2024-05-15,CUST5437,New,Sports,Sports Product 13,East,Website,Net Banking,14884.73,3,0,44654.19,Cancelled,2.6,0,5,2,2024,14289.340800000002
ORD103006,2023-07-08,CUST7778,VIP,Books,Books Product 15,North,Mobile App,UPI,658.23,4,15,2237.98,Processing,3.3,0,7,3,2023,693.7738
ORD103007,2024-07-09,CUST9470,VIP,Automotive,Automotive Product 24,South,Website,Debit Card,31183.75,1,0,31183.75,Processing,4.3,0,7,3,2024,8107.775000000001
ORD103008,2024-10-19,CUST2713,At-Risk,Books,Books Product 29,East,Marketplace,Net Banking,408.07,2,10,734.53,Delivered,3.6,0,10,4,2024,242.3949
ORD103009,2023-03-02,CUST4710,Returning,Beauty,Beauty Product 44,East,Website,Net Banking,930.79,1,0,930.79,Shipped,3.4,0,3,1,2023,251.3133
ORD103010,2024-06-20,CUST6348,VIP,Automotive,Automotive Product 27,East,Website,Debit Card,4461.8,2,15,7585.06,Delivered,3.9,0,6,2,2024,1441.1614000000002
ORD103011,2023-02-04,CUST4026,New,Clothing,Clothing Product 6,East,Marketplace,Debit Card,970.01,1,5,921.51,Returned,4.3,1,2,1,2023,294.8832
ORD103012,2023-03-18,CUST7463,New,Electronics,Electronics Product 31,West,Marketplace,Credit Card,57966.51,1,10,52169.86,Returned,2.9,0,3,1,2023,14607.560800000001
ORD103013,2024-11-15,CUST7169,VIP,Automotive,Automotive Product 46,Central,Social Media,Net Banking,47121.51,1,0,47121.51,Shipped,4.4,0,11,4,2024,4712.151000000001
ORD103014,2023-02-19,CUST5342,New,Home & Kitchen,Home & Kitchen Product 48,Central,Mobile App,Credit Card,9016.22,2,10,16229.2,Delivered,3.4,0,2,1,2023,6004.804
ORD103015,2023-01-07,CUST9944,VIP,Beauty,Beauty Product 4,South,Marketplace,UPI,2863.33,1,15,2433.83,Cancelled,4.0,0,1,1,2023,632.7958
ORD103016,2024-02-27,CUST7917,VIP,Toys,Toys Product 29,Central,Marketplace,Credit Card,3797.49,2,5,7215.23,Delivered,4.0,0,2,1,2024,2597.4827999999998
ORD103017,2023-05-21,CUST9821,New,Books,Books Product 15,West,Social Media,Wallet,646.86,1,10,582.17,Delivered,3.6,0,5,2,2023,209.58119999999997
ORD103018,2024-10-07,CUST5079,New,Toys,Toys Product 8,West,Mobile App,Debit Card,1682.24,1,5,1598.13,Shipped,3.2,1,10,4,2024,367.5699
ORD103019,2023-08-25,CUST7485,VIP,Toys,Toys Product 29,North,Mobile App,Debit Card,3846.98,3,20,9232.75,Cancelled,3.8,0,8,3,2023,2308.1875
ORD103020,2023-03-11,CUST8214,At-Risk,Sports,Sports Product 20,East,Website,Credit Card,14247.18,1,5,13534.82,Cancelled,5.0,1,3,1,2023,2977.6603999999998
ORD103021,2024-12-25,CUST6105,VIP,Clothing,Clothing Product 18,North,Website,Credit Card,1399.26,1,15,1189.37,Shipped,2.9,0,12,4,2024,273.5551
ORD103022,2023-06-04,CUST9302,VIP,Clothing,Clothing Product 23,North,Social Media,Credit Card,4937.26,2,15,8393.34,Processing,5.0,0,6,2,2023,3105.5358
ORD103023,2023-01-10,CUST7244,At-Risk,Electronics,Electronics Product 30,West,Marketplace,Net Banking,47096.09,1,5,44741.29,Cancelled,3.8,1,1,1,2023,15212.038600000002
ORD103024,2023-08-12,CUST6117,VIP,Electronics,Electronics Product 30,West,Social Media,Credit Card,5215.69,1,0,5215.69,Shipped,4.0,0,8,3,2023,730.1966
ORD103025,2024-06-01,CUST2479,Returning,Beauty,Beauty Product 28,Central,Social Media,Net Banking,309.93,1,5,294.43,Cancelled,3.1,0,6,2,2024,82.44040000000001
ORD103026,2024-04-11,CUST6362,New,Books,Books Product 12,Central,Mobile App,Credit Card,339.88,4,15,1155.59,Delivered,3.4,0,4,2,2024,462.236
ORD103027,2024-01-18,CUST6575,At-Risk,Automotive,Automotive Product 44,North,Mobile App,Wallet,27264.47,2,0,54528.94,Delivered,3.6,0,1,1,2024,15268.103200000001
ORD103028,2023-03-03,CUST5279,New,Beauty,Beauty Product 27,East,Mobile App,Wallet,1398.65,2,5,2657.44,Cancelled,3.2,1,3,1,2023,903.5296000000001
ORD103029,2024-09-24,CUST6137,At-Risk,Electronics,Electronics Product 9,Central,Marketplace,UPI,23096.71,2,15,39264.41,Shipped,3.8,0,9,3,2024,12957.255300000003
ORD103030,2024-10-15,CUST1807,At-Risk,Electronics,Electronics Product 25,West,Website,UPI,38011.35,1,0,38011.35,Delivered,3.7,0,10,4,2024,7982.383499999999
ORD103031,2024-11-13,CUST2812,New,Sports,Sports Product 16,East,Mobile App,Net Banking,17664.65,1,10,15898.19,Processing,5.0,0,11,4,2024,3338.6199
ORD103032,2024-09-23,CUST3033,New,Toys,Toys Product 26,West,Marketplace,UPI,481.16,3,0,1443.48,Shipped,3.1,0,9,3,2024,461.91360000000003
ORD103033,2024-05-09,CUST3208,VIP,Sports,Sports Product 29,West,Mobile App,Credit Card,19552.7,1,0,19552.7,Returned,4.1,0,5,2,2024,4888.175
ORD103034,2024-11-06,CUST3958,New,Toys,Toys Product 35,South,Mobile App,UPI,2983.31,1,15,2535.81,Processing,4.2,0,11,4,2024,684.6687000000001
ORD103035,2024-05-14,CUST1959,Returning,Beauty,Beauty Product 21,Central,Social Media,Credit Card,2499.29,1,0,2499.29,Delivered,3.1,0,5,2,2024,774.7799
ORD103036,2023-01-17,CUST8827,New,Home & Kitchen,Home & Kitchen Product 45,West,Mobile App,Wallet,13147.07,1,0,13147.07,Processing,4.5,1,1,1,2023,4338.533100000001
ORD103037,2023-01-07,CUST6919,VIP,Electronics,Electronics Product 3,East,Marketplace,Wallet,47389.76,5,20,189559.04,Processing,3.7,0,1,1,2023,34120.6272
ORD103038,2024-06-28,CUST5036,VIP,Home & Kitchen,Home & Kitchen Product 33,West,Mobile App,UPI,8739.1,1,0,8739.1,Returned,2.0,0,6,2,2024,1223.4740000000002
ORD103039,2024-07-18,CUST7250,VIP,Sports,Sports Product 40,Central,Website,Credit Card,11411.99,2,25,17117.98,Cancelled,4.5,0,7,3,2024,3252.4162
ORD103040,2024-02-26,CUST1728,New,Home & Kitchen,Home & Kitchen Product 36,North,Marketplace,Wallet,6742.44,1,25,5056.83,Returned,3.1,0,2,1,2024,1264.2075
ORD103041,2023-01-13,CUST6755,VIP,Automotive,Automotive Product 39,East,Website,Credit Card,16929.83,5,0,84649.15,Cancelled,3.2,0,1,1,2023,16929.829999999998
ORD103042,2023-01-18,CUST2857,New,Beauty,Beauty Product 32,East,Mobile App,Wallet,1707.77,1,0,1707.77,Returned,4.6,0,1,1,2023,461.09790000000004
ORD103043,2024-06-26,CUST2153,Returning,Automotive,Automotive Product 32,Central,Website,Credit Card,33305.99,1,10,29975.39,Cancelled,3.7,0,6,2,2024,3597.0467999999996
ORD103044,2023-10-09,CUST8773,Returning,Home & Kitchen,Home & Kitchen Product 17,East,Social Media,Credit Card,8483.11,2,5,16117.91,Delivered,4.7,0,10,4,2023,4029.4775
ORD103045,2024-07-02,CUST2287,Returning,Clothing,Clothing Product 32,West,Marketplace,UPI,4123.09,2,0,8246.18,Delivered,5.0,0,7,3,2024,1731.6978
ORD103046,2023-10-21,CUST7921,New,Beauty,Beauty Product 50,West,Marketplace,Net Banking,2115.27,1,10,1903.74,Delivered,3.5,0,10,4,2023,494.9724
ORD103047,2023-01-18,CUST2013,New,Toys,Toys Product 24,South,Marketplace,Net Banking,733.78,1,0,733.78,Cancelled,4.6,0,1,1,2023,168.7694
ORD103048,2024-05-29,CUST4720,Returning,Home & Kitchen,Home & Kitchen Product 40,South,Website,Debit Card,11617.62,1,20,9294.1,Shipped,3.4,0,5,2,2024,1765.8790000000001
ORD103049,2024-12-15,CUST9811,At-Risk,Sports,Sports Product 18,South,Marketplace,UPI,17466.22,1,0,17466.22,Shipped,5.0,0,12,4,2024,6462.5014
ORD103050,2024-11-21,CUST7469,At-Risk,Clothing,Clothing Product 44,South,Mobile App,Debit Card,3556.41,1,0,3556.41,Shipped,3.4,0,11,4,2024,569.0255999999999
ORD103051,2024-03-16,CUST4393,Returning,Beauty,Beauty Product 19,Central,Website,Net Banking,2256.32,1,0,2256.32,Delivered,4.8,0,3,1,2024,676.8960000000001
ORD103052,2023-07-03,CUST7901,New,Electronics,Electronics Product 42,North,Mobile App,Debit Card,76597.41,1,25,57448.06,Processing,4.7,0,7,3,2023,21830.2628
ORD103053,2023-04-20,CUST6150,Returning,Home & Kitchen,Home & Kitchen Product 16,South,Marketplace,UPI,5610.08,1,10,5049.07,Shipped,4.3,1,4,2,2023,1312.7582
ORD103054,2023-04-09,CUST5072,VIP,Automotive,Automotive Product 19,East,Marketplace,Wallet,38816.99,2,15,65988.88,Processing,3.5,0,4,2,2023,23755.9968
ORD103055,2024-06-20,CUST7730,At-Risk,Sports,Sports Product 33,Central,Mobile App,UPI,15046.55,5,0,75232.75,Delivered,3.9,1,6,2,2024,10532.585000000001
ORD103056,2023-06-02,CUST3060,VIP,Beauty,Beauty Product 46,Central,Marketplace,Credit Card,762.22,2,0,1524.44,Processing,2.3,0,6,2,2023,381.11
ORD103057,2023-09-04,CUST2638,New,Toys,Toys Product 22,East,Website,Net Banking,1420.82,1,0,1420.82,Delivered,4.2,0,9,3,2023,340.99679999999995
ORD103058,2023-07-16,CUST9432,At-Risk,Sports,Sports Product 9,East,Social Media,Net Banking,4862.57,1,5,4619.44,Processing,4.3,0,7,3,2023,461.94399999999996
ORD103059,2024-09-26,CUST5258,New,Sports,Sports Product 38,Central,Marketplace,Debit Card,7499.19,5,10,33746.35,Returned,4.1,0,9,3,2024,7761.6605
ORD103060,2024-06-23,CUST6368,Returning,Sports,Sports Product 23,West,Marketplace,UPI,4300.11,1,10,3870.1,Processing,1.6,0,6,2,2024,812.721
ORD103061,2023-09-16,CUST7101,At-Risk,Beauty,Beauty Product 13,West,Website,Debit Card,2918.6,1,0,2918.6,Cancelled,3.0,0,9,3,2023,875.5799999999999
ORD103062,2023-12-29,CUST1914,VIP,Toys,Toys Product 29,North,Mobile App,UPI,1184.3,2,20,1894.88,Processing,3.4,0,12,4,2023,720.0544000000001
ORD103063,2023-10-01,CUST7209,Returning,Home & Kitchen,Home & Kitchen Product 48,North,Mobile App,Credit Card,9173.17,2,0,18346.34,Shipped,4.2,0,10,4,2023,2385.0242000000003
ORD103064,2024-02-11,CUST8954,VIP,Beauty,Beauty Product 30,West,Mobile App,Debit Card,2808.14,2,25,4212.21,Returned,4.2,0,2,1,2024,842.442
ORD103065,2023-03-22,CUST1125,New,Automotive,Automotive Product 17,South,Website,Credit Card,7701.28,1,0,7701.28,Returned,3.9,0,3,1,2023,1771.2944
ORD103066,2024-01-18,CUST1805,At-Risk,Home & Kitchen,Home & Kitchen Product 2,South,Social Media,Debit Card,9740.93,1,5,9253.88,Cancelled,4.5,1,1,1,2024,2220.9311999999995
ORD103067,2024-02-20,CUST1405,VIP,Automotive,Automotive Product 49,Central,Website,Debit Card,21824.68,5,0,109123.4,Returned,3.2,1,2,1,2024,36010.722
ORD103068,2024-04-15,CUST5933,At-Risk,Electronics,Electronics Product 16,East,Mobile App,Wallet,64582.15,1,5,61353.04,Delivered,4.5,0,4,2,2024,14111.199200000001
ORD103069,2024-08-01,CUST3226,Returning,Books,Books Product 31,East,Marketplace,Net Banking,658.67,2,10,1185.61,Shipped,4.4,0,8,3,2024,130.41709999999998
ORD103070,2023-09-07,CUST5894,Returning,Home & Kitchen,Home & Kitchen Product 25,Central,Marketplace,Net Banking,12525.61,2,5,23798.66,Returned,4.3,0,9,3,2023,7377.5846
ORD103071,2024-12-14,CUST9689,Returning,Electronics,Electronics Product 30,Central,Website,Credit Card,5292.77,2,5,10056.26,Returned,3.9,0,12,4,2024,3720.8162
ORD103072,2023-08-20,CUST5099,VIP,Books,Books Product 27,East,Marketplace,Credit Card,792.75,1,10,713.48,Cancelled,5.0,0,8,3,2023,178.37
ORD103073,2023-11-04,CUST3931,At-Risk,Home & Kitchen,Home & Kitchen Product 36,South,Mobile App,Net Banking,5790.07,1,10,5211.06,Shipped,4.4,1,11,4,2023,1406.9862000000003
ORD103074,2024-12-01,CUST1769,Returning,Electronics,Electronics Product 31,West,Website,Net Banking,45474.31,2,15,77306.33,Shipped,3.2,0,12,4,2024,11595.9495
ORD103075,2023-03-24,CUST5805,Returning,Automotive,Automotive Product 19,East,Website,UPI,49786.2,3,0,149358.6,Shipped,4.2,0,3,1,2023,25390.962000000003
ORD103076,2024-10-31,CUST7165,New,Sports,Sports Product 2,North,Website,Net Banking,19211.85,4,10,69162.66,Shipped,4.6,0,10,4,2024,11757.652200000002
ORD103077,2024-10-27,CUST7144,Returning,Home & Kitchen,Home & Kitchen Product 17,West,Social Media,Credit Card,13134.29,1,10,11820.86,Processing,3.5,0,10,4,2024,2718.7978000000003
ORD103078,2023-02-02,CUST5488,At-Risk,Automotive,Automotive Product 10,West,Social Media,Debit Card,16891.84,1,0,16891.84,Returned,4.9,0,2,1,2023,6418.8992
ORD103079,2023-04-06,CUST8125,VIP,Toys,Toys Product 2,North,Website,UPI,2247.48,4,5,8540.42,Cancelled,4.3,0,4,2,2023,2220.5092
ORD103080,2024-02-20,CUST8067,VIP,Clothing,Clothing Product 31,Central,Mobile App,Wallet,1556.7,2,0,3113.4,Processing,2.1,0,2,1,2024,498.144
ORD103081,2024-01-24,CUST9151,New,Automotive,Automotive Product 27,Central,Mobile App,Debit Card,17220.63,4,0,68882.52,Shipped,4.2,1,1,1,2024,12398.8536
ORD103082,2024-01-22,CUST7724,New,Electronics,Electronics Product 30,East,Marketplace,Debit Card,5835.2,1,0,5835.2,Delivered,3.7,0,1,1,2024,1283.744
ORD103083,2024-07-19,CUST1819,At-Risk,Automotive,Automotive Product 23,South,Mobile App,UPI,4517.19,2,0,9034.38,Delivered,4.4,1,7,3,2024,2619.9701999999997
ORD103084,2024-05-02,CUST6355,At-Risk,Beauty,Beauty Product 6,North,Mobile App,Net Banking,412.61,2,10,742.7,Cancelled,4.8,0,5,2,2024,170.82100000000003
ORD103085,2023-02-27,CUST8140,New,Automotive,Automotive Product 20,North,Social Media,Net Banking,28267.9,2,10,50882.22,Processing,4.2,0,2,1,2023,11194.0884
ORD103086,2024-10-14,CUST5294,At-Risk,Automotive,Automotive Product 39,South,Social Media,Net Banking,6326.88,1,25,4745.16,Processing,5.0,0,10,4,2024,1281.1932
ORD103087,2023-01-10,CUST3651,New,Automotive,Automotive Product 29,North,Mobile App,UPI,8584.62,1,10,7726.16,Processing,3.9,0,1,1,2023,1313.4472
ORD103088,2024-12-20,CUST1235,Returning,Clothing,Clothing Product 23,South,Social Media,Credit Card,2664.8,2,0,5329.6,Returned,4.5,0,12,4,2024,639.552
ORD103089,2023-06-25,CUST6091,New,Home & Kitchen,Home & Kitchen Product 13,South,Social Media,UPI,12816.84,1,20,10253.47,Returned,4.6,0,6,2,2023,1127.8817
ORD103090,2023-03-26,CUST6156,New,Clothing,Clothing Product 20,Central,Marketplace,Wallet,2954.84,1,20,2363.87,Returned,3.9,1,3,1,2023,425.49659999999994
ORD103091,2024-05-26,CUST7940,New,Beauty,Beauty Product 6,Central,Marketplace,Credit Card,1485.07,5,5,7054.08,Delivered,4.6,1,5,2,2024,917.0304
ORD103092,2024-03-20,CUST6966,VIP,Clothing,Clothing Product 5,North,Marketplace,UPI,3320.84,1,10,2988.76,Returned,3.5,0,3,1,2024,597.7520000000001
ORD103093,2024-10-22,CUST9028,Returning,Books,Books Product 21,North,Social Media,Net Banking,233.62,3,25,525.64,Shipped,3.7,0,10,4,2024,173.4612
ORD103094,2023-12-06,CUST8259,New,Sports,Sports Product 49,South,Social Media,Credit Card,1832.44,1,5,1740.82,Cancelled,3.0,0,12,4,2023,539.6542
ORD103095,2024-08-02,CUST6569,New,Home & Kitchen,Home & Kitchen Product 31,Central,Website,Net Banking,10354.11,2,20,16566.58,Processing,4.2,0,8,3,2024,4638.642400000001
ORD103096,2023-04-08,CUST9806,Returning,Home & Kitchen,Home & Kitchen Product 50,West,Social Media,UPI,12321.01,5,0,61605.05,Delivered,4.3,0,4,2,2023,22177.818
ORD103097,2024-06-24,CUST1478,Returning,Sports,Sports Product 14,North,Mobile App,Debit Card,9528.02,1,0,9528.02,Returned,4.9,0,6,2,2024,1715.0436
ORD103098,2023-02-13,CUST8382,At-Risk,Books,Books Product 42,West,Social Media,Debit Card,722.55,1,5,686.42,Processing,4.6,0,2,1,2023,253.97539999999998
ORD103099,2023-08-24,CUST6054,At-Risk,Electronics,Electronics Product 50,South,Marketplace,Debit Card,79550.8,1,10,71595.72,Delivered,3.8,0,8,3,2023,15751.0584
ORD103100,2023-08-05,CUST6225,New,Home & Kitchen,Home & Kitchen Product 14,Central,Social Media,Net Banking,2537.42,1,15,2156.81,Delivered,3.1,0,8,3,2023,474.4982
ORD103101,2024-12-09,CUST4616,New,Toys,Toys Product 4,South,Mobile App,Wallet,1455.63,2,25,2183.45,Shipped,4.3,0,12,4,2024,480.359
ORD103102,2024-08-03,CUST4150,VIP,Clothing,Clothing Product 40,South,Marketplace,Wallet,1072.03,4,0,4288.12,Delivered,4.9,0,8,3,2024,557.4556
ORD103103,2024-05-01,CUST9297,VIP,Books,Books Product 38,East,Marketplace,Net Banking,502.66,1,0,502.66,Cancelled,4.6,1,5,2,2024,196.03740000000002
ORD103104,2023-10-05,CUST1473,VIP,Automotive,Automotive Product 4,West,Marketplace,UPI,23139.12,1,15,19668.25,Processing,4.9,0,10,4,2023,2753.5550000000003
ORD103105,2023-02-17,CUST7965,New,Clothing,Clothing Product 3,Central,Website,Debit Card,3949.34,1,10,3554.41,Delivered,3.8,1,2,1,2023,710.8820000000001
ORD103106,2023-03-18,CUST3143,VIP,Beauty,Beauty Product 42,Central,Marketplace,Net Banking,2257.46,2,0,4514.92,Returned,3.6,0,3,1,2023,902.984
ORD103107,2024-12-01,CUST4973,Returning,Electronics,Electronics Product 46,North,Social Media,Credit Card,75906.04,1,5,72110.74,Shipped,3.4,0,12,4,2024,8653.2888
ORD103108,2023-10-15,CUST7054,At-Risk,Sports,Sports Product 3,East,Website,UPI,17832.18,2,10,32097.92,Shipped,4.0,0,10,4,2023,4814.687999999999
ORD103109,2024-07-10,CUST5228,Returning,Clothing,Clothing Product 37,Central,Mobile App,Wallet,2127.04,2,15,3615.97,Returned,3.9,1,7,3,2024,397.75669999999997
ORD103110,2024-07-31,CUST7626,Returning,Toys,Toys Product 18,North,Social Media,Net Banking,1316.49,2,5,2501.33,Processing,4.2,0,7,3,2024,475.2527
ORD103111,2024-11-04,CUST7246,New,Beauty,Beauty Product 48,North,Social Media,Wallet,1927.52,1,0,1927.52,Shipped,3.9,0,11,4,2024,693.9072
ORD103112,2023-02-03,CUST3143,New,Clothing,Clothing Product 3,Central,Social Media,Wallet,2071.75,2,25,3107.62,Shipped,3.9,0,2,1,2023,621.524
ORD103113,2023-07-03,CUST4019,At-Risk,Beauty,Beauty Product 27,North,Website,Wallet,174.33,1,10,156.9,Processing,3.4,0,7,3,2023,21.966000000000005
ORD103114,2023-11-19,CUST7860,New,Home & Kitchen,Home & Kitchen Product 24,North,Marketplace,Wallet,5039.05,1,5,4787.1,Returned,4.8,1,11,4,2023,1388.259
ORD103115,2023-01-17,CUST6513,VIP,Electronics,Electronics Product 26,East,Mobile App,Credit Card,12464.35,4,0,49857.4,Processing,4.1,0,1,1,2023,19942.960000000003
ORD103116,2023-08-01,CUST5738,At-Risk,Clothing,Clothing Product 23,South,Mobile App,Net Banking,4306.76,2,10,7752.17,Processing,3.9,0,8,3,2023,1317.8689000000002
ORD103117,2024-08-24,CUST1887,Returning,Automotive,Automotive Product 47,South,Mobile App,Wallet,29551.32,1,0,29551.32,Processing,3.4,0,8,3,2024,5319.2375999999995
ORD103118,2023-05-28,CUST2776,Returning,Automotive,Automotive Product 33,West,Marketplace,Debit Card,38574.72,1,0,38574.72,Returned,2.9,0,5,2,2023,15044.140800000001
ORD103119,2024-12-30,CUST7496,New,Automotive,Automotive Product 10,East,Mobile App,Credit Card,26992.32,1,5,25642.7,Delivered,5.0,0,12,4,2024,3846.4049999999997
ORD103120,2024-02-12,CUST6472,VIP,Sports,Sports Product 16,South,Social Media,Net Banking,13210.81,1,0,13210.81,Shipped,4.4,0,2,1,2024,3302.7025
ORD103121,2023-03-20,CUST6685,Returning,Electronics,Electronics Product 48,East,Website,Credit Card,16426.36,1,10,14783.72,Delivered,2.7,0,3,1,2023,2513.2324
ORD103122,2023-11-03,CUST4750,At-Risk,Beauty,Beauty Product 19,West,Mobile App,UPI,2491.35,1,0,2491.35,Shipped,4.6,0,11,4,2023,946.713
ORD103123,2023-06-16,CUST1879,New,Electronics,Electronics Product 47,West,Website,Credit Card,74065.85,1,10,66659.27,Cancelled,4.7,1,6,2,2023,25997.1153
ORD103124,2024-07-31,CUST1150,At-Risk,Automotive,Automotive Product 17,North,Marketplace,Credit Card,44747.58,2,0,89495.16,Processing,4.1,0,7,3,2024,30428.354400000004
ORD103125,2023-09-04,CUST7971,At-Risk,Beauty,Beauty Product 22,South,Website,Credit Card,2187.48,2,0,4374.96,Returned,5.0,0,9,3,2023,831.2424
ORD103126,2024-08-03,CUST3625,VIP,Home & Kitchen,Home & Kitchen Product 16,West,Website,UPI,8779.78,2,0,17559.56,Returned,4.2,1,8,3,2024,3863.1032000000005
ORD103127,2024-02-03,CUST4059,VIP,Books,Books Product 34,West,Mobile App,Debit Card,232.19,1,20,185.75,Shipped,2.9,0,2,1,2024,31.5775
ORD103128,2024-11-24,CUST2940,VIP,Electronics,Electronics Product 22,South,Marketplace,UPI,12288.56,5,20,49154.24,Returned,4.3,0,11,4,2024,18187.068799999997
ORD103129,2024-07-07,CUST3865,VIP,Sports,Sports Product 42,Central,Mobile App,Credit Card,6446.24,3,0,19338.72,Processing,4.2,0,7,3,2024,7155.3264
ORD103130,2023-12-06,CUST3492,At-Risk,Beauty,Beauty Product 43,West,Mobile App,Debit Card,437.56,3,15,1115.78,Processing,3.5,1,12,4,2023,256.62940000000003
ORD103131,2024-01-29,CUST5818,New,Electronics,Electronics Product 28,North,Website,UPI,42907.05,3,10,115849.04,Delivered,4.5,0,1,1,2024,34754.712
ORD103132,2023-05-24,CUST3966,Returning,Clothing,Clothing Product 24,East,Social Media,Wallet,4733.57,4,25,14200.71,Delivered,2.7,0,5,2,2023,2130.1065
ORD103133,2024-12-06,CUST8404,Returning,Toys,Toys Product 16,West,Mobile App,UPI,349.92,2,0,699.84,Cancelled,4.8,0,12,4,2024,160.9632
ORD103134,2023-03-22,CUST8015,New,Clothing,Clothing Product 22,East,Social Media,UPI,811.15,1,10,730.04,Cancelled,3.3,0,3,1,2023,211.71159999999998
ORD103135,2024-05-27,CUST8837,At-Risk,Toys,Toys Product 12,Central,Marketplace,UPI,1524.37,2,0,3048.74,Cancelled,3.2,0,5,2,2024,670.7228
ORD103136,2023-12-21,CUST8765,New,Sports,Sports Product 13,West,Mobile App,Net Banking,1757.63,2,0,3515.26,Shipped,3.9,0,12,4,2023,738.2046
ORD103137,2023-02-24,CUST6089,VIP,Home & Kitchen,Home & Kitchen Product 44,Central,Marketplace,Net Banking,13097.17,2,25,19645.76,Cancelled,4.3,0,2,1,2023,1964.576
ORD103138,2023-04-11,CUST7573,At-Risk,Books,Books Product 9,East,Social Media,Debit Card,749.93,2,5,1424.87,Cancelled,4.1,0,4,2,2023,484.4558
ORD103139,2024-03-23,CUST3200,New,Toys,Toys Product 27,West,Social Media,Credit Card,2701.03,1,0,2701.03,Delivered,3.4,0,3,1,2024,999.3811000000001
ORD103140,2023-08-26,CUST6177,VIP,Clothing,Clothing Product 28,Central,Mobile App,Debit Card,1168.17,1,0,1168.17,Processing,3.6,0,8,3,2023,455.58630000000005
ORD103141,2023-03-19,CUST2103,Returning,Electronics,Electronics Product 3,East,Mobile App,Net Banking,13481.47,4,10,48533.29,Shipped,3.1,0,3,1,2023,15530.6528
ORD103142,2023-12-15,CUST7392,VIP,Books,Books Product 41,East,Website,Credit Card,793.7,2,10,1428.66,Processing,3.8,0,12,4,2023,371.45160000000004
ORD103143,2024-09-11,CUST1454,At-Risk,Home & Kitchen,Home & Kitchen Product 44,West,Mobile App,Net Banking,3724.79,2,0,7449.58,Shipped,4.9,1,9,3,2024,1340.9243999999999
ORD103144,2024-09-20,CUST2698,At-Risk,Toys,Toys Product 43,East,Website,UPI,3695.54,1,25,2771.66,Processing,4.0,0,9,3,2024,1108.664
ORD103145,2024-09-01,CUST2295,At-Risk,Toys,Toys Product 49,Central,Mobile App,Credit Card,3134.91,1,0,3134.91,Processing,4.7,0,9,3,2024,877.7748
ORD103146,2024-02-11,CUST3897,At-Risk,Sports,Sports Product 1,East,Social Media,Wallet,935.01,4,0,3740.04,Shipped,5.0,0,2,1,2024,1122.012
ORD103147,2023-12-01,CUST5602,Returning,Home & Kitchen,Home & Kitchen Product 3,Central,Website,Credit Card,13201.27,2,20,21122.03,Processing,3.5,0,12,4,2023,6336.6089999999995
ORD103148,2023-01-31,CUST2637,At-Risk,Clothing,Clothing Product 17,Central,Website,Net Banking,4733.06,3,0,14199.18,Returned,3.9,0,1,1,2023,4969.713
ORD103149,2024-10-11,CUST2512,Returning,Sports,Sports Product 30,East,Mobile App,Net Banking,2812.96,1,0,2812.96,Shipped,5.0,0,10,4,2024,281.296
ORD103150,2023-10-07,CUST7103,Returning,Automotive,Automotive Product 2,East,Social Media,Wallet,47442.27,2,5,90140.31,Cancelled,5.0,0,10,4,2023,15323.852700000001
ORD103151,2024-04-06,CUST9247,VIP,Toys,Toys Product 37,North,Marketplace,UPI,296.61,1,15,252.12,Returned,2.7,0,4,2,2024,75.636
ORD103152,2024-05-17,CUST5115,At-Risk,Sports,Sports Product 48,East,Mobile App,UPI,17403.64,2,0,34807.28,Delivered,4.3,0,5,2,2024,12878.693599999999
ORD103153,2023-08-22,CUST9739,New,Home & Kitchen,Home & Kitchen Product 6,East,Marketplace,UPI,12856.57,1,20,10285.26,Returned,4.0,0,8,3,2023,3188.4306
ORD103154,2023-12-31,CUST9471,VIP,Beauty,Beauty Product 5,South,Marketplace,Credit Card,744.47,1,15,632.8,Cancelled,4.7,0,12,4,2023,139.21599999999998
ORD103155,2024-07-20,CUST7361,Returning,Clothing,Clothing Product 4,West,Social Media,Wallet,436.23,2,0,872.46,Delivered,3.4,0,7,3,2024,183.2166
ORD103156,2024-01-20,CUST1982,New,Beauty,Beauty Product 48,South,Website,UPI,1399.86,4,10,5039.5,Shipped,3.3,0,1,1,2024,1612.64
ORD103157,2024-03-18,CUST1100,Returning,Books,Books Product 16,Central,Marketplace,Net Banking,239.05,1,0,239.05,Cancelled,3.5,1,3,1,2024,76.49600000000001
ORD103158,2023-07-10,CUST9795,At-Risk,Automotive,Automotive Product 20,North,Mobile App,Credit Card,38732.4,3,5,110387.34,Processing,3.5,0,7,3,2023,30908.4552
ORD103159,2024-11-27,CUST1245,New,Automotive,Automotive Product 38,West,Website,Debit Card,29838.69,1,15,25362.89,Returned,4.7,0,11,4,2024,4818.9491
ORD103160,2024-08-22,CUST2775,VIP,Toys,Toys Product 49,North,Website,UPI,673.67,1,25,505.25,Processing,3.1,1,8,3,2024,191.995
ORD103161,2024-11-07,CUST8775,New,Automotive,Automotive Product 43,East,Social Media,Credit Card,48486.79,1,0,48486.79,Delivered,3.5,0,11,4,2024,13091.4333
ORD103162,2024-01-25,CUST9458,Returning,Sports,Sports Product 24,Central,Mobile App,Credit Card,10331.39,1,5,9814.82,Shipped,2.6,0,1,1,2024,3337.0388000000003
ORD103163,2023-03-29,CUST7489,VIP,Toys,Toys Product 27,East,Mobile App,Credit Card,2397.55,2,5,4555.34,Processing,4.8,0,3,1,2023,728.8544
ORD103164,2024-09-25,CUST8883,At-Risk,Clothing,Clothing Product 5,East,Website,Net Banking,2679.18,1,0,2679.18,Delivered,5.0,0,9,3,2024,535.836
ORD103165,2023-10-30,CUST9102,At-Risk,Toys,Toys Product 6,North,Social Media,Net Banking,818.96,1,0,818.96,Returned,3.7,0,10,4,2023,294.8256
ORD103166,2023-09-10,CUST3094,New,Beauty,Beauty Product 39,Central,Marketplace,Credit Card,747.47,4,0,2989.88,Processing,3.8,0,9,3,2023,358.7856
ORD103167,2024-12-31,CUST4209,Returning,Home & Kitchen,Home & Kitchen Product 45,South,Website,Net Banking,14128.23,1,10,12715.41,Cancelled,4.4,0,12,4,2024,3178.8525
ORD103168,2023-03-17,CUST2296,At-Risk,Toys,Toys Product 49,Central,Website,Credit Card,3014.44,3,5,8591.15,Delivered,5.0,0,3,1,2023,2061.8759999999997
ORD103169,2023-03-26,CUST3832,At-Risk,Toys,Toys Product 39,East,Website,Net Banking,1561.88,1,0,1561.88,Cancelled,4.3,1,3,1,2023,515.4204000000001
ORD103170,2023-10-02,CUST6871,New,Clothing,Clothing Product 33,South,Marketplace,Credit Card,4977.72,2,15,8462.12,Processing,3.4,1,10,4,2023,1523.1816000000001
ORD103171,2023-06-07,CUST8275,VIP,Electronics,Electronics Product 37,East,Marketplace,Debit Card,33502.67,1,15,28477.27,Delivered,2.7,0,6,2,2023,4841.1359
ORD103172,2024-01-25,CUST1223,New,Beauty,Beauty Product 38,South,Mobile App,Credit Card,749.43,1,5,711.96,Processing,3.1,0,1,1,2024,270.5448
ORD103173,2024-12-29,CUST5476,At-Risk,Automotive,Automotive Product 48,East,Social Media,Credit Card,5266.92,1,0,5266.92,Cancelled,4.1,0,12,4,2024,1422.0684
ORD103174,2024-10-11,CUST8309,Returning,Books,Books Product 26,South,Marketplace,Credit Card,454.84,1,10,409.36,Shipped,3.5,0,10,4,2024,53.216800000000006
ORD103175,2023-06-07,CUST3210,New,Home & Kitchen,Home & Kitchen Product 21,North,Mobile App,Debit Card,7326.29,1,0,7326.29,Processing,4.2,0,6,2,2023,1172.2064
ORD103176,2024-02-03,CUST7693,At-Risk,Automotive,Automotive Product 6,West,Social Media,Net Banking,25829.77,2,0,51659.54,Delivered,3.6,1,2,1,2024,20663.816000000003
ORD103177,2023-11-21,CUST5310,At-Risk,Clothing,Clothing Product 6,Central,Marketplace,Debit Card,4735.5,4,10,17047.8,Processing,3.2,1,11,4,2023,2727.648
ORD103178,2024-01-05,CUST3688,Returning,Sports,Sports Product 36,Central,Marketplace,Wallet,716.45,3,0,2149.35,Processing,3.1,0,1,1,2024,601.818
ORD103179,2023-04-20,CUST7963,At-Risk,Automotive,Automotive Product 7,South,Marketplace,Debit Card,19497.43,2,0,38994.86,Processing,5.0,0,4,2,2023,8968.8178
ORD103180,2023-04-04,CUST2247,New,Toys,Toys Product 44,North,Mobile App,Credit Card,1796.05,1,0,1796.05,Returned,4.7,0,4,2,2023,664.5385
ORD103181,2023-01-06,CUST3412,VIP,Clothing,Clothing Product 21,West,Mobile App,Wallet,4815.53,1,0,4815.53,Processing,5.0,0,1,1,2023,1589.1249
ORD103182,2023-11-12,CUST2817,New,Automotive,Automotive Product 33,East,Social Media,Credit Card,5723.25,1,0,5723.25,Delivered,4.4,0,11,4,2023,1602.5100000000002
ORD103183,2024-03-31,CUST3697,Returning,Sports,Sports Product 14,North,Website,Net Banking,7463.69,1,25,5597.77,Shipped,3.7,0,3,1,2024,559.777
ORD103184,2024-01-04,CUST1876,New,Home & Kitchen,Home & Kitchen Product 48,North,Marketplace,Debit Card,4856.73,2,0,9713.46,Delivered,5.0,0,1,1,2024,3496.8455999999996
ORD103185,2023-10-04,CUST4340,At-Risk,Home & Kitchen,Home & Kitchen Product 29,Central,Mobile App,Credit Card,1259.99,2,0,2519.98,Returned,4.0,0,10,4,2023,579.5954
ORD103186,2023-04-15,CUST9663,VIP,Sports,Sports Product 18,South,Mobile App,Debit Card,18940.44,1,0,18940.44,Cancelled,4.2,1,4,2,2023,7197.3672
ORD103187,2023-05-16,CUST5116,New,Books,Books Product 26,North,Website,UPI,556.4,1,20,445.12,Delivered,4.0,1,5,2,2023,111.28
ORD103188,2023-03-31,CUST4748,New,Toys,Toys Product 28,East,Website,Net Banking,1071.56,3,5,3053.95,Returned,1.6,0,3,1,2023,946.7244999999999
ORD103189,2023-07-11,CUST8843,New,Sports,Sports Product 5,East,Social Media,Wallet,14143.79,3,0,42431.37,Delivered,5.0,0,7,3,2023,5091.7644
ORD103190,2024-03-17,CUST6605,Returning,Electronics,Electronics Product 20,West,Mobile App,Net Banking,52209.4,1,20,41767.52,Delivered,4.4,0,3,1,2024,13365.606399999999
ORD103191,2024-04-04,CUST4735,New,Clothing,Clothing Product 47,East,Mobile App,UPI,4088.81,4,0,16355.24,Cancelled,4.3,0,4,2,2024,3271.0480000000002
ORD103192,2024-07-24,CUST8046,New,Electronics,Electronics Product 20,East,Social Media,Net Banking,70137.37,5,0,350686.85,Processing,4.0,0,7,3,2024,73644.23849999999
ORD103193,2024-07-22,CUST6664,Returning,Clothing,Clothing Product 31,East,Social Media,UPI,276.08,1,0,276.08,Cancelled,4.1,0,7,3,2024,38.6512
ORD103194,2024-06-08,CUST7322,New,Toys,Toys Product 29,South,Mobile App,Credit Card,3864.09,1,0,3864.09,Returned,3.5,0,6,2,2024,540.9726
ORD103195,2024-02-22,CUST9721,Returning,Toys,Toys Product 28,North,Marketplace,Credit Card,2972.59,2,0,5945.18,Shipped,4.5,0,2,1,2024,951.2288000000001
ORD103196,2023-04-16,CUST1787,New,Clothing,Clothing Product 6,South,Mobile App,Credit Card,4507.19,4,10,16225.88,Returned,3.0,0,4,2,2023,3245.176
ORD103197,2023-01-27,CUST8556,Returning,Automotive,Automotive Product 33,North,Social Media,Wallet,3032.18,4,0,12128.72,Shipped,4.1,0,1,1,2023,4487.6264
ORD103198,2023-04-02,CUST6740,VIP,Sports,Sports Product 42,South,Website,Credit Card,17009.33,1,10,15308.4,Processing,4.4,0,4,2,2023,3214.7639999999997
ORD103199,2023-12-29,CUST3765,Returning,Beauty,Beauty Product 49,West,Social Media,UPI,655.47,1,0,655.47,Shipped,3.8,0,12,4,2023,209.7504
ORD103200,2024-07-21,CUST7037,New,Sports,Sports Product 42,West,Marketplace,UPI,581.77,2,0,1163.54,Delivered,4.3,0,7,3,2024,139.6248
ORD103201,2023-04-06,CUST5337,VIP,Clothing,Clothing Product 27,Central,Social Media,Debit Card,2689.39,2,5,5109.84,Shipped,3.2,0,4,2,2023,1430.7552000000003
ORD103202,2024-09-03,CUST9422,VIP,Electronics,Electronics Product 33,East,Website,Net Banking,11647.52,1,20,9318.02,Delivered,3.2,0,9,3,2024,2236.3248
ORD103203,2024-09-04,CUST3864,Returning,Clothing,Clothing Product 32,West,Website,Credit Card,2455.1,3,0,7365.3,Processing,4.2,0,9,3,2024,2872.467
ORD103204,2023-11-29,CUST6075,Returning,Automotive,Automotive Product 43,South,Mobile App,Net Banking,2718.35,2,10,4893.03,Cancelled,4.5,0,11,4,2023,1712.5604999999998
ORD103205,2024-01-30,CUST3095,At-Risk,Home & Kitchen,Home & Kitchen Product 1,North,Mobile App,Wallet,9064.21,3,0,27192.63,Processing,2.5,0,1,1,2024,6526.2312
ORD103206,2023-01-13,CUST3021,VIP,Home & Kitchen,Home & Kitchen Product 18,Central,Marketplace,Debit Card,3384.44,3,0,10153.32,Returned,4.4,0,1,1,2023,3350.5956
ORD103207,2023-10-26,CUST4810,At-Risk,Toys,Toys Product 47,Central,Mobile App,UPI,3011.43,2,0,6022.86,Processing,3.6,0,10,4,2023,963.6576
ORD103208,2024-02-28,CUST9248,VIP,Electronics,Electronics Product 30,South,Website,Credit Card,23800.22,1,0,23800.22,Shipped,3.8,0,2,1,2024,6426.059400000001
ORD103209,2024-02-02,CUST6313,Returning,Clothing,Clothing Product 47,East,Website,Credit Card,3164.26,2,0,6328.52,Cancelled,2.9,1,2,1,2024,759.4224
ORD103210,2023-03-28,CUST5148,New,Toys,Toys Product 38,North,Website,Net Banking,3328.35,1,0,3328.35,Processing,3.3,0,3,1,2023,665.6700000000001
ORD103211,2024-07-26,CUST6931,Returning,Sports,Sports Product 27,South,Website,UPI,8617.09,2,15,14649.05,Processing,4.8,0,7,3,2024,2490.3385
ORD103212,2023-09-06,CUST5396,At-Risk,Beauty,Beauty Product 26,East,Website,Debit Card,647.72,1,0,647.72,Shipped,4.0,0,9,3,2023,207.27040000000002
ORD103213,2024-08-08,CUST1772,New,Automotive,Automotive Product 43,South,Social Media,UPI,26315.1,2,10,47367.18,Cancelled,3.7,1,8,3,2024,11841.795
ORD103214,2024-06-17,CUST1515,New,Automotive,Automotive Product 42,South,Mobile App,Debit Card,8247.92,1,0,8247.92,Delivered,3.9,0,6,2,2024,2721.8136
ORD103215,2023-06-23,CUST8032,At-Risk,Sports,Sports Product 25,North,Mobile App,UPI,16264.58,1,5,15451.35,Processing,4.4,0,6,2,2023,3862.8375
ORD103216,2024-12-02,CUST5169,New,Beauty,Beauty Product 36,South,Marketplace,Credit Card,2055.7,1,10,1850.13,Processing,4.4,0,12,4,2024,240.51690000000002
ORD103217,2024-01-25,CUST6005,Returning,Home & Kitchen,Home & Kitchen Product 10,East,Social Media,Credit Card,5666.5,1,0,5666.5,Delivered,3.9,0,1,1,2024,1813.28
ORD103218,2023-06-23,CUST7019,At-Risk,Books,Books Product 46,East,Social Media,UPI,747.47,2,0,1494.94,Delivered,4.9,0,6,2,2023,523.229
ORD103219,2023-05-23,CUST5672,VIP,Home & Kitchen,Home & Kitchen Product 40,North,Social Media,Net Banking,11862.38,2,10,21352.28,Cancelled,4.8,1,5,2,2023,7900.343599999999
ORD103220,2023-10-03,CUST8654,At-Risk,Clothing,Clothing Product 2,South,Marketplace,UPI,343.9,2,20,550.24,Shipped,4.3,0,10,4,2023,148.56480000000002
ORD103221,2023-11-05,CUST6546,VIP,Sports,Sports Product 48,Central,Marketplace,UPI,4399.91,1,0,4399.91,Shipped,4.0,0,11,4,2023,1451.9703
ORD103222,2023-10-02,CUST3386,VIP,Clothing,Clothing Product 24,South,Social Media,Net Banking,2137.54,1,0,2137.54,Delivered,4.5,0,10,4,2023,705.3882
ORD103223,2024-05-19,CUST4224,VIP,Toys,Toys Product 46,West,Marketplace,Net Banking,1618.1,1,20,1294.48,Cancelled,4.3,0,5,2,2024,194.172
ORD103224,2023-05-30,CUST2256,VIP,Electronics,Electronics Product 9,South,Social Media,Debit Card,67393.29,1,0,67393.29,Processing,4.8,0,5,2,2023,10108.993499999999
ORD103225,2023-03-06,CUST2825,Returning,Electronics,Electronics Product 24,East,Website,UPI,49942.13,4,10,179791.67,Delivered,4.7,1,3,1,2023,21575.0004
ORD103226,2023-06-21,CUST3292,New,Toys,Toys Product 26,North,Social Media,Wallet,308.22,1,0,308.22,Returned,3.2,1,6,2,2023,61.644000000000005
ORD103227,2024-03-21,CUST4171,VIP,Clothing,Clothing Product 22,Central,Mobile App,Debit Card,323.98,1,0,323.98,Cancelled,3.1,0,3,1,2024,77.7552
ORD103228,2023-10-10,CUST3525,VIP,Electronics,Electronics Product 39,East,Marketplace,Debit Card,2765.5,1,10,2488.95,Returned,3.4,0,10,4,2023,995.5799999999999
ORD103229,2024-03-07,CUST8331,VIP,Home & Kitchen,Home & Kitchen Product 38,North,Social Media,Debit Card,7216.38,1,5,6855.56,Shipped,4.8,0,3,1,2024,1576.7788000000003
ORD103230,2023-11-03,CUST5677,VIP,Automotive,Automotive Product 24,South,Website,Credit Card,36959.58,2,0,73919.16,Delivered,2.7,0,11,4,2023,23654.1312
ORD103231,2024-05-10,CUST9802,VIP,Automotive,Automotive Product 2,North,Mobile App,Net Banking,7901.57,2,5,15012.98,Processing,4.3,0,5,2,2024,4654.0238
ORD103232,2023-03-20,CUST9048,Returning,Toys,Toys Product 34,Central,Marketplace,UPI,1749.09,1,15,1486.73,Shipped,4.3,0,3,1,2023,237.8768
ORD103233,2024-01-05,CUST2390,New,Automotive,Automotive Product 42,North,Marketplace,Debit Card,27342.17,1,10,24607.95,Cancelled,4.9,0,1,1,2024,2952.954
ORD103234,2023-09-15,CUST8385,New,Sports,Sports Product 40,East,Social Media,Credit Card,15345.04,1,0,15345.04,Delivered,4.1,0,9,3,2023,3989.7104000000004
ORD103235,2023-09-10,CUST8182,New,Beauty,Beauty Product 5,South,Mobile App,Credit Card,2209.19,1,5,2098.73,Delivered,2.9,0,9,3,2023,650.6063
ORD103236,2024-10-02,CUST7523,New,Toys,Toys Product 18,East,Mobile App,Net Banking,845.01,1,10,760.51,Shipped,3.2,0,10,4,2024,304.204
ORD103237,2024-05-22,CUST4379,At-Risk,Sports,Sports Product 46,West,Mobile App,Wallet,2362.26,5,15,10039.61,Processing,3.1,0,5,2,2024,2108.3181
ORD103238,2024-08-31,CUST4979,VIP,Clothing,Clothing Product 11,Central,Marketplace,UPI,1873.6,2,10,3372.48,Shipped,3.6,0,8,3,2024,1247.8176
ORD103239,2024-09-23,CUST5808,VIP,Home & Kitchen,Home & Kitchen Product 45,East,Social Media,Net Banking,3573.69,2,0,7147.38,Shipped,3.9,0,9,3,2024,1500.9497999999999
ORD103240,2023-07-20,CUST3725,Returning,Home & Kitchen,Home & Kitchen Product 15,Central,Marketplace,Credit Card,6472.28,1,10,5825.05,Cancelled,3.1,0,7,3,2023,1805.7655
ORD103241,2024-04-13,CUST9016,VIP,Electronics,Electronics Product 45,Central,Social Media,Debit Card,5772.9,1,10,5195.61,Shipped,5.0,0,4,2,2024,1454.7708
ORD103242,2023-04-20,CUST3780,VIP,Books,Books Product 15,North,Marketplace,Wallet,778.11,2,0,1556.22,Returned,2.9,0,4,2,2023,186.7464
ORD103243,2023-05-19,CUST1503,VIP,Clothing,Clothing Product 1,North,Website,Wallet,2429.28,2,5,4615.63,Shipped,5.0,0,5,2,2023,553.8756
ORD103244,2023-11-08,CUST4139,At-Risk,Electronics,Electronics Product 47,East,Marketplace,UPI,33498.61,2,0,66997.22,Delivered,4.9,0,11,4,2023,7369.6942
ORD103245,2023-01-07,CUST9829,At-Risk,Books,Books Product 12,West,Marketplace,Credit Card,728.7,1,10,655.83,Processing,4.7,0,1,1,2023,137.7243
ORD103246,2024-02-10,CUST7217,Returning,Electronics,Electronics Product 37,Central,Social Media,UPI,35513.06,2,0,71026.12,Processing,3.4,0,2,1,2024,22728.358399999997
ORD103247,2023-12-07,CUST3780,Returning,Books,Books Product 46,East,Mobile App,Wallet,699.84,1,10,629.86,Processing,4.3,1,12,4,2023,94.479
ORD103248,2024-09-27,CUST2192,VIP,Automotive,Automotive Product 12,North,Marketplace,Debit Card,40623.72,4,20,129995.9,Processing,3.0,0,9,3,2024,36398.852
ORD103249,2024-01-25,CUST8778,Returning,Home & Kitchen,Home & Kitchen Product 32,South,Website,Debit Card,310.61,2,15,528.04,Returned,4.7,0,1,1,2024,100.32759999999999
ORD103250,2023-12-04,CUST6793,New,Books,Books Product 28,South,Social Media,UPI,433.37,2,20,693.39,Shipped,3.9,0,12,4,2023,235.7526
ORD103251,2024-03-26,CUST1206,At-Risk,Toys,Toys Product 19,South,Marketplace,Net Banking,3618.29,1,25,2713.72,Cancelled,3.7,0,3,1,2024,922.6648
ORD103252,2023-12-09,CUST9894,At-Risk,Books,Books Product 2,East,Social Media,Net Banking,279.8,2,0,559.6,Processing,3.0,0,12,4,2023,184.668
ORD103253,2024-03-16,CUST1995,New,Clothing,Clothing Product 21,East,Mobile App,UPI,1749.81,1,10,1574.83,Cancelled,2.0,0,3,1,2024,409.4558
ORD103254,2024-10-28,CUST2102,VIP,Sports,Sports Product 18,West,Marketplace,Debit Card,10983.73,1,5,10434.54,Returned,3.2,1,10,4,2024,1982.5626000000002
ORD103255,2024-08-31,CUST7341,At-Risk,Automotive,Automotive Product 31,North,Website,Credit Card,47879.74,1,20,38303.79,Processing,4.9,0,8,3,2024,13023.288600000002
ORD103256,2023-05-20,CUST5045,At-Risk,Home & Kitchen,Home & Kitchen Product 44,North,Marketplace,Net Banking,10125.95,2,0,20251.9,Returned,3.7,0,5,2,2023,3240.304
ORD103257,2023-11-04,CUST1683,New,Automotive,Automotive Product 16,Central,Website,UPI,5542.8,1,25,4157.1,Processing,3.9,0,11,4,2023,789.849
ORD103258,2023-11-25,CUST5176,Returning,Toys,Toys Product 40,Central,Social Media,Net Banking,2072.65,1,10,1865.39,Returned,4.5,1,11,4,2023,298.4624
ORD103259,2024-09-09,CUST6389,At-Risk,Electronics,Electronics Product 35,North,Social Media,UPI,66571.6,4,15,226343.44,Cancelled,5.0,0,9,3,2024,67903.03199999999
ORD103260,2024-12-12,CUST4184,New,Clothing,Clothing Product 28,North,Social Media,UPI,2941.95,1,0,2941.95,Shipped,5.0,0,12,4,2024,912.0044999999999
ORD103261,2023-07-25,CUST1543,At-Risk,Home & Kitchen,Home & Kitchen Product 12,South,Marketplace,Debit Card,2149.74,2,0,4299.48,Shipped,3.2,0,7,3,2023,1289.8439999999998
ORD103262,2024-05-05,CUST7334,Returning,Home & Kitchen,Home & Kitchen Product 10,East,Marketplace,Debit Card,7866.59,1,15,6686.6,Cancelled,2.4,0,5,2,2024,1471.0520000000001
ORD103263,2023-11-18,CUST4760,VIP,Automotive,Automotive Product 5,South,Social Media,Credit Card,40428.02,1,0,40428.02,Shipped,5.0,1,11,4,2023,5255.6426
ORD103264,2023-07-01,CUST6324,At-Risk,Automotive,Automotive Product 17,East,Marketplace,Net Banking,7815.7,3,15,19930.04,Cancelled,5.0,0,7,3,2023,7374.1148
ORD103265,2024-02-12,CUST9934,New,Automotive,Automotive Product 4,Central,Social Media,UPI,33233.13,1,0,33233.13,Cancelled,4.2,1,2,1,2024,8308.2825
ORD103266,2023-11-23,CUST9241,At-Risk,Electronics,Electronics Product 23,East,Website,Wallet,59583.23,1,10,53624.91,Processing,3.0,0,11,4,2023,11797.4802
ORD103267,2023-10-26,CUST3372,New,Automotive,Automotive Product 5,West,Website,UPI,36089.59,2,0,72179.18,Shipped,4.8,0,10,4,2023,20210.1704
ORD103268,2024-12-12,CUST5370,VIP,Books,Books Product 14,North,Mobile App,Credit Card,297.61,2,10,535.7,Delivered,3.9,1,12,4,2024,85.712
ORD103269,2024-10-10,CUST4759,At-Risk,Books,Books Product 6,South,Mobile App,Net Banking,530.51,2,10,954.92,Delivered,3.9,0,10,4,2024,133.68880000000001
ORD103270,2024-05-17,CUST6423,Returning,Sports,Sports Product 35,South,Social Media,Credit Card,5295.66,1,0,5295.66,Cancelled,4.7,1,5,2,2024,1165.0452
ORD103271,2024-08-12,CUST4760,At-Risk,Toys,Toys Product 25,Central,Marketplace,UPI,1152.55,1,0,1152.55,Processing,4.3,0,8,3,2024,195.9335
ORD103272,2023-09-06,CUST6006,At-Risk,Electronics,Electronics Product 25,Central,Mobile App,UPI,58537.41,2,0,117074.82,Delivered,3.1,0,9,3,2023,19902.7194
ORD103273,2023-11-30,CUST1193,New,Beauty,Beauty Product 3,West,Mobile App,Credit Card,1008.16,2,10,1814.69,Cancelled,3.7,0,11,4,2023,671.4353
ORD103274,2024-01-21,CUST1585,Returning,Electronics,Electronics Product 20,South,Social Media,Credit Card,56981.61,3,5,162397.59,Cancelled,4.5,0,1,1,2024,42223.373400000004
ORD103275,2023-10-15,CUST2701,Returning,Clothing,Clothing Product 32,West,Marketplace,Debit Card,2418.32,3,10,6529.46,Cancelled,4.4,0,10,4,2023,1632.365
ORD103276,2024-02-07,CUST9432,VIP,Toys,Toys Product 20,West,Marketplace,Net Banking,2444.98,3,5,6968.19,Processing,4.2,0,2,1,2024,2160.1389
ORD103277,2024-01-09,CUST2132,New,Toys,Toys Product 29,Central,Mobile App,Credit Card,2164.24,1,5,2056.03,Returned,4.7,0,1,1,2024,801.8517
ORD103278,2023-04-27,CUST7493,VIP,Automotive,Automotive Product 16,West,Website,Debit Card,49392.03,1,0,49392.03,Cancelled,3.7,1,4,2,2023,6420.9639
ORD103279,2024-07-31,CUST8217,VIP,Sports,Sports Product 14,North,Website,UPI,5627.83,3,0,16883.49,Returned,4.1,1,7,3,2024,5909.221500000001
ORD103280,2023-07-24,CUST8768,New,Electronics,Electronics Product 36,South,Mobile App,Net Banking,72012.8,1,0,72012.8,Cancelled,1.3,1,7,3,2023,20163.584000000003
ORD103281,2024-08-29,CUST9276,New,Automotive,Automotive Product 38,West,Mobile App,Debit Card,16934.85,1,25,12701.14,Shipped,3.6,1,8,3,2024,1778.1596000000002
ORD103282,2024-07-12,CUST5695,VIP,Toys,Toys Product 6,South,Mobile App,Credit Card,1624.13,3,20,3897.91,Cancelled,4.6,0,7,3,2024,740.6029
ORD103283,2023-07-04,CUST9424,Returning,Automotive,Automotive Product 17,East,Marketplace,Credit Card,7944.87,4,0,31779.48,Delivered,3.7,0,7,3,2023,7627.075199999999
ORD103284,2024-11-29,CUST2097,New,Automotive,Automotive Product 30,South,Website,Net Banking,37031.39,1,10,33328.25,Cancelled,3.6,0,11,4,2024,10331.7575
ORD103285,2024-07-17,CUST7962,New,Books,Books Product 47,North,Marketplace,Wallet,695.52,1,15,591.19,Processing,3.2,0,7,3,2024,100.50230000000002
ORD103286,2023-01-28,CUST6658,At-Risk,Electronics,Electronics Product 48,North,Marketplace,Wallet,59960.91,1,5,56962.86,Returned,4.8,0,1,1,2023,14810.3436
ORD103287,2024-04-17,CUST3822,Returning,Electronics,Electronics Product 33,South,Marketplace,Credit Card,64081.83,3,0,192245.49,Shipped,4.4,0,4,2,2024,59596.101899999994
ORD103288,2024-12-26,CUST5568,New,Toys,Toys Product 22,North,Social Media,Net Banking,2601.14,4,0,10404.56,Cancelled,4.7,1,12,4,2024,2393.0488
ORD103289,2023-08-03,CUST5163,At-Risk,Beauty,Beauty Product 11,South,Marketplace,Wallet,2413.46,1,5,2292.79,Shipped,2.6,0,8,3,2023,825.4044
ORD103290,2024-03-24,CUST5167,At-Risk,Clothing,Clothing Product 17,Central,Mobile App,Net Banking,4901.75,1,25,3676.31,Cancelled,3.9,1,3,1,2024,1323.4715999999999
ORD103291,2023-10-26,CUST6889,New,Sports,Sports Product 30,North,Social Media,Wallet,680.71,4,10,2450.56,Returned,3.8,0,10,4,2023,588.1343999999999
ORD103292,2024-12-10,CUST5286,VIP,Toys,Toys Product 20,South,Mobile App,UPI,2611.6,1,0,2611.6,Cancelled,3.8,0,12,4,2024,1018.524
ORD103293,2023-03-12,CUST5290,At-Risk,Automotive,Automotive Product 20,Central,Mobile App,Net Banking,41900.65,2,0,83801.3,Shipped,3.5,0,3,1,2023,10056.156
ORD103294,2024-02-23,CUST8004,New,Clothing,Clothing Product 9,North,Social Media,Net Banking,1341.58,5,15,5701.71,Delivered,3.7,0,2,1,2024,570.171
ORD103295,2024-11-20,CUST1876,VIP,Automotive,Automotive Product 1,South,Social Media,Credit Card,20320.77,1,15,17272.65,Delivered,4.7,0,11,4,2024,3627.2565
ORD103296,2024-05-26,CUST9711,At-Risk,Beauty,Beauty Product 13,North,Social Media,Credit Card,183.38,2,10,330.08,Cancelled,2.5,0,5,2,2024,92.42240000000001
ORD103297,2023-05-23,CUST4444,New,Automotive,Automotive Product 21,North,Website,Wallet,24454.2,1,10,22008.78,Cancelled,5.0,0,5,2,2023,6382.546199999999
ORD103298,2024-10-10,CUST9766,VIP,Toys,Toys Product 39,East,Marketplace,Wallet,3459.19,1,0,3459.19,Cancelled,4.4,0,10,4,2024,830.2056
ORD103299,2023-11-07,CUST6924,Returning,Electronics,Electronics Product 17,Central,Website,Debit Card,15425.99,3,15,39336.27,Returned,4.0,0,11,4,2023,5507.0778
ORD103300,2023-09-05,CUST2080,Returning,Home & Kitchen,Home & Kitchen Product 19,East,Marketplace,Credit Card,13082.03,1,15,11119.73,Processing,4.7,0,9,3,2023,1667.9595
ORD103301,2023-09-16,CUST8784,VIP,Sports,Sports Product 7,Central,Mobile App,UPI,19427.28,5,0,97136.4,Cancelled,2.8,0,9,3,2023,34969.104
ORD103302,2024-11-05,CUST4562,VIP,Books,Books Product 2,North,Social Media,Credit Card,383.96,2,10,691.13,Cancelled,3.5,0,11,4,2024,248.80679999999998
ORD103303,2023-06-07,CUST8378,New,Automotive,Automotive Product 48,South,Marketplace,UPI,49640.78,1,0,49640.78,Processing,3.9,1,6,2,2023,14892.233999999999
ORD103304,2024-03-09,CUST2755,Returning,Beauty,Beauty Product 44,Central,Mobile App,UPI,1441.6,1,0,1441.6,Returned,5.0,0,3,1,2024,432.47999999999996
ORD103305,2024-01-22,CUST1255,Returning,Automotive,Automotive Product 11,Central,Website,UPI,13729.99,1,0,13729.99,Delivered,4.0,1,1,1,2024,3844.3972000000003
ORD103306,2023-03-17,CUST6251,VIP,Books,Books Product 47,Central,Mobile App,Net Banking,407.9,1,0,407.9,Returned,4.4,0,3,1,2023,65.264
ORD103307,2024-04-04,CUST4947,VIP,Books,Books Product 15,North,Social Media,UPI,621.47,1,0,621.47,Processing,3.5,0,4,2,2024,142.93810000000002
ORD103308,2024-09-04,CUST3020,At-Risk,Beauty,Beauty Product 33,Central,Website,Net Banking,2018.06,1,5,1917.16,Processing,4.4,0,9,3,2024,594.3196
ORD103309,2024-05-05,CUST3409,VIP,Automotive,Automotive Product 31,Central,Website,Debit Card,26112.95,1,5,24807.3,Returned,5.0,0,5,2,2024,6449.898
ORD103310,2024-08-19,CUST9792,New,Home & Kitchen,Home & Kitchen Product 42,Central,Mobile App,Debit Card,5259.05,2,5,9992.2,Shipped,4.8,0,8,3,2024,1099.142
ORD103311,2024-02-15,CUST8479,At-Risk,Sports,Sports Product 15,North,Social Media,UPI,19935.04,2,0,39870.08,Processing,3.9,0,2,1,2024,15549.3312
ORD103312,2024-07-01,CUST9230,VIP,Toys,Toys Product 23,Central,Mobile App,Debit Card,908.01,2,0,1816.02,Returned,4.5,0,7,3,2024,635.607
ORD103313,2024-06-02,CUST9396,VIP,Toys,Toys Product 6,West,Mobile App,UPI,1495.74,1,10,1346.17,Returned,4.5,0,6,2,2024,242.3106
ORD103314,2024-12-09,CUST5185,Returning,Beauty,Beauty Product 35,West,Mobile App,Wallet,2635.12,1,0,2635.12,Delivered,4.4,0,12,4,2024,737.8336
ORD103315,2024-03-04,CUST9828,New,Automotive,Automotive Product 48,East,Website,Net Banking,38782.78,2,0,77565.56,Shipped,4.9,0,3,1,2024,29474.9128
ORD103316,2024-07-10,CUST7324,VIP,Home & Kitchen,Home & Kitchen Product 44,East,Website,Debit Card,7007.85,1,20,5606.28,Shipped,4.9,0,7,3,2024,728.8164
ORD103317,2023-02-07,CUST7972,At-Risk,Books,Books Product 45,South,Mobile App,Net Banking,167.55,1,10,150.8,Returned,3.9,0,2,1,2023,37.7
ORD103318,2024-01-04,CUST9645,New,Sports,Sports Product 49,South,Marketplace,Wallet,17181.8,3,20,41236.32,Delivered,4.5,0,1,1,2024,9896.7168
ORD103319,2024-12-19,CUST9429,VIP,Clothing,Clothing Product 27,North,Mobile App,Net Banking,3863.69,3,5,11011.52,Cancelled,3.7,0,12,4,2024,2422.5344
ORD103320,2024-07-03,CUST3539,At-Risk,Automotive,Automotive Product 27,Central,Marketplace,Credit Card,13732.88,2,0,27465.76,Cancelled,3.3,1,7,3,2024,9613.016
ORD103321,2024-08-31,CUST1998,New,Home & Kitchen,Home & Kitchen Product 20,North,Mobile App,Credit Card,11794.73,1,10,10615.26,Returned,3.8,0,8,3,2024,2229.2046
ORD103322,2024-10-15,CUST6014,New,Home & Kitchen,Home & Kitchen Product 32,Central,Mobile App,Net Banking,6569.76,3,0,19709.28,Processing,3.9,0,10,4,2024,2365.1135999999997
ORD103323,2023-03-29,CUST6152,At-Risk,Books,Books Product 31,Central,Mobile App,Wallet,117.79,2,5,223.8,Cancelled,2.7,1,3,1,2023,26.856
ORD103324,2023-04-22,CUST8884,At-Risk,Home & Kitchen,Home & Kitchen Product 20,North,Marketplace,UPI,8286.79,3,0,24860.37,Returned,4.7,1,4,2,2023,2734.6407
ORD103325,2023-09-12,CUST3176,VIP,Automotive,Automotive Product 7,Central,Website,Debit Card,5453.51,3,15,13906.45,Processing,1.8,0,9,3,2023,3059.4190000000003
ORD103326,2024-11-04,CUST8853,At-Risk,Clothing,Clothing Product 14,South,Website,UPI,4880.42,3,0,14641.26,Delivered,5.0,1,11,4,2024,4685.2032
ORD103327,2024-11-11,CUST2714,Returning,Toys,Toys Product 6,North,Marketplace,Debit Card,3354.3,2,20,5366.88,Cancelled,5.0,0,11,4,2024,858.7008000000001
ORD103328,2023-12-30,CUST5493,At-Risk,Automotive,Automotive Product 14,South,Social Media,Credit Card,6717.67,1,20,5374.14,Cancelled,3.8,0,12,4,2023,1558.5006
ORD103329,2023-06-20,CUST8363,VIP,Sports,Sports Product 24,South,Mobile App,Net Banking,14368.83,2,5,27300.78,Delivered,4.0,0,6,2,2023,8463.2418
ORD103330,2024-10-24,CUST3253,At-Risk,Books,Books Product 5,East,Marketplace,UPI,188.41,2,10,339.14,Shipped,4.2,1,10,4,2024,61.045199999999994
ORD103331,2024-09-19,CUST5158,New,Books,Books Product 33,West,Website,Credit Card,343.34,2,10,618.01,Delivered,3.5,0,9,3,2024,173.0428
ORD103332,2023-02-15,CUST7174,Returning,Electronics,Electronics Product 44,Central,Social Media,UPI,36478.9,1,15,31007.06,Returned,4.2,0,2,1,2023,9612.1886
ORD103333,2024-07-30,CUST4810,Returning,Electronics,Electronics Product 13,South,Social Media,Credit Card,44487.23,1,5,42262.87,Processing,3.9,0,7,3,2024,10143.0888
ORD103334,2024-10-22,CUST1596,VIP,Beauty,Beauty Product 1,North,Marketplace,Wallet,2827.71,4,15,9614.21,Shipped,3.9,0,10,4,2024,1922.8419999999999
ORD103335,2024-11-24,CUST2467,At-Risk,Sports,Sports Product 10,West,Mobile App,Debit Card,19339.33,2,5,36744.73,Delivered,4.1,1,11,4,2024,10655.9717
ORD103336,2024-10-24,CUST9854,VIP,Beauty,Beauty Product 23,South,Website,Net Banking,2919.29,4,20,9341.73,Processing,2.9,0,10,4,2024,3643.2747
ORD103337,2024-02-14,CUST7247,At-Risk,Home & Kitchen,Home & Kitchen Product 33,South,Social Media,Credit Card,2984.4,3,5,8505.54,Returned,4.0,1,2,1,2024,1956.2742000000003
ORD103338,2023-12-06,CUST5139,At-Risk,Home & Kitchen,Home & Kitchen Product 24,West,Mobile App,Credit Card,12354.39,2,5,23473.34,Cancelled,4.1,1,12,4,2023,5164.1348
ORD103339,2024-03-16,CUST3867,New,Electronics,Electronics Product 13,West,Marketplace,Credit Card,70907.13,2,15,120542.12,Delivered,4.1,1,3,1,2024,28930.108799999998
ORD103340,2023-04-19,CUST5387,VIP,Clothing,Clothing Product 18,West,Social Media,Wallet,2652.34,4,15,9017.96,Returned,3.8,0,4,2,2023,1082.1552
ORD103341,2023-01-11,CUST3165,At-Risk,Beauty,Beauty Product 27,North,Social Media,UPI,553.87,2,10,996.97,Processing,4.9,0,1,1,2023,269.18190000000004
ORD103342,2023-04-11,CUST4337,New,Toys,Toys Product 50,East,Social Media,Wallet,2786.18,2,0,5572.36,Shipped,3.7,0,4,2,2023,1114.472
ORD103343,2023-09-22,CUST4709,Returning,Clothing,Clothing Product 21,North,Website,Net Banking,3924.37,1,5,3728.15,Cancelled,4.2,1,9,3,2023,521.941
ORD103344,2023-08-16,CUST8365,Returning,Books,Books Product 35,West,Website,Wallet,239.07,1,25,179.3,Delivered,5.0,1,8,3,2023,43.032000000000004
ORD103345,2024-06-06,CUST3666,At-Risk,Clothing,Clothing Product 6,North,Social Media,Wallet,3774.06,2,15,6415.9,Returned,3.9,0,6,2,2024,641.59
ORD103346,2024-06-15,CUST9543,At-Risk,Books,Books Product 23,North,Mobile App,Net Banking,467.9,1,15,397.72,Processing,4.2,0,6,2,2024,87.4984
ORD103347,2024-07-25,CUST4857,New,Automotive,Automotive Product 14,South,Marketplace,UPI,39172.93,1,0,39172.93,Cancelled,3.9,0,7,3,2024,5092.4809000000005
ORD103348,2024-08-17,CUST4903,VIP,Sports,Sports Product 40,Central,Marketplace,Credit Card,11432.51,1,5,10860.88,Processing,5.0,0,8,3,2024,1194.6968
ORD103349,2024-12-05,CUST2690,Returning,Beauty,Beauty Product 34,Central,Social Media,Wallet,1662.1,1,10,1495.89,Returned,3.8,1,12,4,2024,523.5615
ORD103350,2024-08-12,CUST3473,New,Beauty,Beauty Product 50,North,Social Media,UPI,283.94,1,15,241.35,Returned,5.0,0,8,3,2024,89.2995
ORD103351,2023-08-15,CUST2846,New,Electronics,Electronics Product 35,Central,Social Media,Debit Card,42885.92,1,0,42885.92,Shipped,3.9,0,8,3,2023,6861.7472
ORD103352,2024-04-01,CUST9191,Returning,Sports,Sports Product 24,North,Social Media,Wallet,10973.36,4,20,35114.75,Cancelled,3.3,1,4,2,2024,9129.835000000001
ORD103353,2024-01-19,CUST1492,Returning,Home & Kitchen,Home & Kitchen Product 41,Central,Marketplace,Credit Card,10497.31,2,5,19944.89,Shipped,4.5,1,1,1,2024,3590.0802
ORD103354,2024-02-05,CUST7420,New,Clothing,Clothing Product 11,West,Mobile App,UPI,4986.44,1,0,4986.44,Delivered,3.8,0,2,1,2024,1246.61
ORD103355,2024-04-19,CUST3574,VIP,Electronics,Electronics Product 45,East,Social Media,UPI,13756.9,1,0,13756.9,Shipped,4.5,0,4,2,2024,3164.087
ORD103356,2024-11-26,CUST4442,At-Risk,Automotive,Automotive Product 8,North,Website,Credit Card,8610.49,2,0,17220.98,Processing,1.8,1,11,4,2024,3099.7763999999997
ORD103357,2024-08-25,CUST3824,At-Risk,Automotive,Automotive Product 32,East,Marketplace,Wallet,34275.53,1,5,32561.75,Processing,4.0,0,8,3,2024,10094.1425
ORD103358,2024-12-08,CUST9471,Returning,Clothing,Clothing Product 36,North,Mobile App,UPI,3247.56,3,0,9742.68,Processing,3.6,0,12,4,2024,1363.9752
ORD103359,2024-05-27,CUST9432,Returning,Clothing,Clothing Product 39,North,Social Media,Net Banking,4322.92,2,0,8645.84,Delivered,3.1,0,5,2,2024,1037.5008
ORD103360,2023-06-04,CUST1808,Returning,Clothing,Clothing Product 21,South,Mobile App,Wallet,1286.04,3,15,3279.4,Returned,3.6,0,6,2,2023,1082.202
ORD103361,2023-12-20,CUST4474,Returning,Electronics,Electronics Product 22,South,Marketplace,Debit Card,74486.59,1,0,74486.59,Shipped,3.5,0,12,4,2023,22345.977
ORD103362,2023-01-26,CUST3748,At-Risk,Clothing,Clothing Product 40,South,Website,Wallet,3637.21,2,0,7274.42,Delivered,4.0,0,1,1,2023,1818.605
ORD103363,2024-05-09,CUST3387,Returning,Home & Kitchen,Home & Kitchen Product 40,North,Marketplace,Credit Card,8250.08,1,5,7837.58,Cancelled,2.9,0,5,2,2024,1881.0192
ORD103364,2023-04-18,CUST2984,Returning,Clothing,Clothing Product 4,South,Marketplace,Wallet,4784.63,4,5,18181.59,Returned,4.3,0,4,2,2023,4545.3975
ORD103365,2023-10-30,CUST1733,Returning,Books,Books Product 37,East,Mobile App,UPI,396.81,2,15,674.58,Delivered,5.0,0,10,4,2023,155.1534
ORD103366,2024-03-01,CUST2916,At-Risk,Beauty,Beauty Product 34,East,Marketplace,Net Banking,726.26,1,5,689.95,Cancelled,4.2,0,3,1,2024,151.78900000000002
ORD103367,2023-03-29,CUST1244,VIP,Home & Kitchen,Home & Kitchen Product 20,Central,Social Media,Debit Card,1019.01,1,15,866.16,Cancelled,4.6,0,3,1,2023,216.54
ORD103368,2023-04-29,CUST4032,VIP,Sports,Sports Product 46,East,Mobile App,Net Banking,19395.27,1,10,17455.74,Delivered,4.9,1,4,2,2023,4538.492400000001
ORD103369,2023-05-26,CUST4768,New,Automotive,Automotive Product 44,West,Social Media,Net Banking,20522.94,2,0,41045.88,Delivered,5.0,0,5,2,2023,12724.2228
ORD103370,2023-12-23,CUST3879,Returning,Automotive,Automotive Product 5,North,Mobile App,Wallet,19976.8,1,0,19976.8,Delivered,5.0,1,12,4,2023,6192.808
ORD103371,2023-11-16,CUST1034,Returning,Clothing,Clothing Product 11,West,Social Media,Credit Card,2704.39,2,5,5138.34,Shipped,3.6,0,11,4,2023,1079.0514
ORD103372,2023-12-18,CUST1266,VIP,Home & Kitchen,Home & Kitchen Product 36,North,Social Media,Net Banking,6492.58,1,0,6492.58,Delivered,3.4,0,12,4,2023,1428.3676
ORD103373,2024-04-11,CUST2032,Returning,Beauty,Beauty Product 25,East,Mobile App,Debit Card,1508.16,2,10,2714.69,Shipped,4.6,0,4,2,2024,570.0849
ORD103374,2023-07-31,CUST9552,Returning,Beauty,Beauty Product 22,Central,Mobile App,Wallet,1067.48,3,10,2882.2,Returned,4.6,1,7,3,2023,749.372
ORD103375,2024-06-17,CUST7323,At-Risk,Home & Kitchen,Home & Kitchen Product 24,West,Mobile App,Wallet,10906.75,3,0,32720.25,Returned,4.6,0,6,2,2024,7852.86
ORD103376,2024-05-09,CUST8558,At-Risk,Clothing,Clothing Product 34,West,Marketplace,Debit Card,1639.97,3,0,4919.91,Shipped,5.0,1,5,2,2024,1820.3667
ORD103377,2023-12-23,CUST8110,At-Risk,Books,Books Product 8,East,Social Media,UPI,152.41,1,0,152.41,Cancelled,4.0,0,12,4,2023,47.247099999999996
ORD103378,2024-05-02,CUST7216,Returning,Automotive,Automotive Product 25,North,Mobile App,Credit Card,35650.38,1,10,32085.34,Delivered,4.3,1,5,2,2024,11871.5758
ORD103379,2023-04-10,CUST2877,VIP,Toys,Toys Product 30,West,Social Media,Net Banking,2738.86,2,5,5203.83,Returned,3.2,0,4,2,2023,1613.1873
ORD103380,2024-03-24,CUST1742,Returning,Electronics,Electronics Product 23,West,Mobile App,Credit Card,17096.01,1,5,16241.21,Cancelled,5.0,0,3,1,2024,6334.0719
ORD103381,2024-12-14,CUST1488,At-Risk,Books,Books Product 49,East,Marketplace,Credit Card,613.42,1,0,613.42,Processing,3.7,0,12,4,2024,177.8918
ORD103382,2024-04-08,CUST9321,At-Risk,Automotive,Automotive Product 40,South,Social Media,Wallet,30024.06,1,10,27021.65,Shipped,3.8,0,4,2,2024,10538.443500000001
ORD103383,2023-11-23,CUST8878,Returning,Beauty,Beauty Product 12,East,Mobile App,UPI,340.42,1,20,272.34,Returned,3.7,0,11,4,2023,40.85099999999999
ORD103384,2023-03-10,CUST7328,Returning,Sports,Sports Product 14,West,Social Media,UPI,15201.32,1,0,15201.32,Delivered,3.5,0,3,1,2023,1824.1583999999998
ORD103385,2023-11-04,CUST2993,Returning,Home & Kitchen,Home & Kitchen Product 35,South,Website,Credit Card,2362.46,4,5,8977.35,Returned,3.4,1,11,4,2023,2423.8845
ORD103386,2023-02-15,CUST1183,VIP,Clothing,Clothing Product 14,South,Marketplace,Net Banking,2508.47,1,25,1881.35,Returned,3.6,1,2,1,2023,752.54
ORD103387,2024-12-28,CUST9974,Returning,Sports,Sports Product 7,North,Social Media,Debit Card,3540.96,2,0,7081.92,Returned,2.9,0,12,4,2024,1628.8416000000002
ORD103388,2023-04-28,CUST2369,New,Beauty,Beauty Product 38,West,Mobile App,Net Banking,2920.47,1,10,2628.42,Processing,3.4,1,4,2,2023,420.54720000000003
ORD103389,2023-01-24,CUST5841,Returning,Toys,Toys Product 15,South,Mobile App,Wallet,3910.53,2,0,7821.06,Returned,5.0,0,1,1,2023,2033.4756000000002
ORD103390,2023-12-18,CUST4102,Returning,Beauty,Beauty Product 20,North,Mobile App,Wallet,2938.29,1,10,2644.46,Delivered,4.6,0,12,4,2023,766.8933999999999
ORD103391,2024-10-25,CUST7105,Returning,Books,Books Product 35,West,Marketplace,Credit Card,373.87,4,0,1495.48,Delivered,4.7,0,10,4,2024,284.1412
ORD103392,2023-04-22,CUST7286,New,Home & Kitchen,Home & Kitchen Product 49,North,Marketplace,Wallet,2643.81,4,25,7931.43,Returned,4.9,0,4,2,2023,2458.7433
ORD103393,2024-11-24,CUST2522,New,Toys,Toys Product 37,South,Social Media,Wallet,1792.24,1,10,1613.02,Cancelled,5.0,0,11,4,2024,629.0778
ORD103394,2023-06-18,CUST5731,VIP,Books,Books Product 6,West,Social Media,Credit Card,513.99,4,15,1747.57,Shipped,2.6,0,6,2,2023,646.6009
ORD103395,2023-09-07,CUST2011,New,Home & Kitchen,Home & Kitchen Product 36,Central,Social Media,Net Banking,3954.03,5,10,17793.14,Processing,3.0,0,9,3,2023,3380.6965999999998
ORD103396,2024-06-12,CUST4854,New,Toys,Toys Product 46,North,Website,Wallet,1531.55,3,10,4135.18,Shipped,3.4,0,6,2,2024,827.0360000000001
ORD103397,2023-06-28,CUST5740,At-Risk,Toys,Toys Product 49,North,Website,Debit Card,1059.96,3,5,3020.89,Returned,3.6,1,6,2,2023,634.3869
ORD103398,2024-07-19,CUST6231,Returning,Toys,Toys Product 3,North,Marketplace,Credit Card,3806.39,1,20,3045.11,Processing,3.8,0,7,3,2024,669.9242
ORD103399,2023-06-13,CUST4997,Returning,Automotive,Automotive Product 47,East,Website,Credit Card,7709.66,2,25,11564.49,Returned,3.6,1,6,2,2023,1503.3837
ORD103400,2023-12-05,CUST2393,Returning,Beauty,Beauty Product 4,West,Marketplace,Debit Card,1294.11,1,5,1229.4,Processing,4.2,0,12,4,2023,405.70200000000006
ORD103401,2024-07-27,CUST9361,VIP,Electronics,Electronics Product 13,North,Social Media,Credit Card,58215.33,1,20,46572.26,Shipped,4.0,0,7,3,2024,9780.1746
ORD103402,2024-03-12,CUST1776,VIP,Automotive,Automotive Product 35,South,Website,Net Banking,29627.74,5,10,133324.83,Delivered,3.4,0,3,1,2024,47996.938799999996
ORD103403,2024-04-18,CUST8906,Returning,Home & Kitchen,Home & Kitchen Product 5,Central,Website,Wallet,10183.06,1,5,9673.91,Cancelled,2.3,0,4,2,2024,3676.0858
ORD103404,2023-08-26,CUST5527,Returning,Electronics,Electronics Product 17,Central,Social Media,UPI,16863.57,2,5,32040.78,Shipped,3.2,0,8,3,2023,3524.4858
ORD103405,2024-02-19,CUST7899,VIP,Clothing,Clothing Product 25,West,Social Media,Wallet,883.56,3,0,2650.68,Delivered,3.6,0,2,1,2024,1060.272
ORD103406,2024-10-06,CUST3265,At-Risk,Clothing,Clothing Product 13,South,Mobile App,Debit Card,1522.26,3,0,4566.78,Shipped,3.8,0,10,4,2024,1415.7017999999998
ORD103407,2023-07-08,CUST4194,New,Beauty,Beauty Product 17,North,Social Media,Wallet,1083.29,5,0,5416.45,Delivered,3.1,0,7,3,2023,1408.277
ORD103408,2023-07-10,CUST6158,Returning,Beauty,Beauty Product 9,West,Social Media,Debit Card,1964.76,1,5,1866.52,Delivered,3.6,0,7,3,2023,410.63439999999997
ORD103409,2024-10-17,CUST6068,New,Toys,Toys Product 46,West,Mobile App,Debit Card,2178.36,1,0,2178.36,Delivered,3.1,0,10,4,2024,566.3736
ORD103410,2024-11-04,CUST7695,At-Risk,Home & Kitchen,Home & Kitchen Product 39,West,Marketplace,Debit Card,8006.34,1,5,7606.02,Returned,3.9,0,11,4,2024,1521.2040000000002
ORD103411,2024-03-18,CUST6183,VIP,Toys,Toys Product 12,North,Marketplace,Debit Card,3132.3,1,25,2349.23,Delivered,3.1,0,3,1,2024,681.2767
ORD103412,2024-02-10,CUST2600,VIP,Electronics,Electronics Product 20,North,Marketplace,Credit Card,48076.5,1,0,48076.5,Cancelled,3.3,0,2,1,2024,6249.945000000001
ORD103413,2023-01-30,CUST1571,New,Toys,Toys Product 11,East,Website,Debit Card,1082.29,1,5,1028.18,Shipped,3.0,0,1,1,2023,298.1722
ORD103414,2024-09-20,CUST1059,VIP,Electronics,Electronics Product 7,Central,Mobile App,UPI,35342.62,3,0,106027.86,Shipped,3.9,0,9,3,2024,19085.0148
ORD103415,2023-07-22,CUST4253,VIP,Home & Kitchen,Home & Kitchen Product 45,Central,Marketplace,Net Banking,12386.93,2,0,24773.86,Delivered,3.3,0,7,3,2023,2725.1246
ORD103416,2024-04-05,CUST1276,VIP,Electronics,Electronics Product 39,East,Website,Net Banking,43530.13,1,15,37000.61,Processing,4.7,0,4,2,2024,9990.164700000001
ORD103417,2024-08-29,CUST8488,Returning,Sports,Sports Product 24,West,Social Media,Net Banking,12356.7,2,10,22242.06,Shipped,4.3,0,8,3,2024,6005.356200000001
ORD103418,2024-03-15,CUST7623,At-Risk,Toys,Toys Product 37,Central,Marketplace,Debit Card,783.97,1,15,666.37,Cancelled,3.9,1,3,1,2024,153.26510000000002
ORD103419,2024-02-03,CUST3988,New,Toys,Toys Product 30,West,Social Media,UPI,3544.86,1,0,3544.86,Delivered,3.4,0,2,1,2024,425.3832
ORD103420,2023-01-05,CUST1057,At-Risk,Sports,Sports Product 48,West,Website,Credit Card,15183.31,3,10,40994.94,Delivered,4.3,1,1,1,2023,15168.1278
ORD103421,2024-12-22,CUST7063,VIP,Beauty,Beauty Product 16,Central,Mobile App,Debit Card,2202.02,2,0,4404.04,Returned,4.6,1,12,4,2024,1233.1312
ORD103422,2023-08-08,CUST5570,At-Risk,Beauty,Beauty Product 49,South,Marketplace,Wallet,2644.42,3,0,7933.26,Processing,4.1,0,8,3,2023,1031.3238000000001
ORD103423,2023-07-30,CUST6397,New,Electronics,Electronics Product 4,South,Marketplace,UPI,75984.29,1,0,75984.29,Delivered,5.0,0,7,3,2023,18996.0725
ORD103424,2023-10-13,CUST7212,Returning,Sports,Sports Product 38,South,Website,Net Banking,1203.04,3,0,3609.12,Returned,4.4,0,10,4,2023,902.28
ORD103425,2024-12-21,CUST8168,Returning,Home & Kitchen,Home & Kitchen Product 48,South,Mobile App,Credit Card,12618.27,2,0,25236.54,Returned,4.7,0,12,4,2024,3028.3848
ORD103426,2023-03-06,CUST2221,New,Toys,Toys Product 7,West,Mobile App,Net Banking,1170.72,2,0,2341.44,Processing,4.1,0,3,1,2023,655.6032000000001
ORD103427,2024-08-14,CUST6429,New,Automotive,Automotive Product 12,North,Website,Debit Card,31643.4,2,25,47465.1,Shipped,4.5,1,8,3,2024,16138.134
ORD103428,2023-04-15,CUST1320,New,Books,Books Product 5,North,Mobile App,Net Banking,398.14,3,0,1194.42,Delivered,3.4,0,4,2,2023,382.2144
ORD103429,2024-07-03,CUST1754,At-Risk,Automotive,Automotive Product 33,West,Website,Credit Card,9088.04,2,0,18176.08,Cancelled,3.6,0,7,3,2024,2908.1728000000003
ORD103430,2023-07-11,CUST8141,VIP,Beauty,Beauty Product 21,North,Website,UPI,2172.82,2,0,4345.64,Returned,4.3,1,7,3,2023,1564.4304
ORD103431,2024-01-10,CUST8091,Returning,Toys,Toys Product 10,East,Social Media,Credit Card,3488.92,5,10,15700.14,Delivered,4.3,0,1,1,2024,3140.0280000000002
ORD103432,2023-11-30,CUST7388,Returning,Books,Books Product 31,Central,Mobile App,Debit Card,441.11,3,0,1323.33,Processing,4.4,0,11,4,2023,502.86539999999997
ORD103433,2023-07-21,CUST7915,Returning,Sports,Sports Product 13,North,Marketplace,UPI,6105.7,1,20,4884.56,Shipped,4.9,0,7,3,2023,586.1472
ORD103434,2024-04-13,CUST5401,Returning,Clothing,Clothing Product 19,North,Social Media,Debit Card,2709.63,2,25,4064.44,Cancelled,2.9,0,4,2,2024,1016.11
ORD103435,2023-04-27,CUST2507,At-Risk,Electronics,Electronics Product 6,Central,Social Media,Net Banking,7541.55,1,0,7541.55,Shipped,3.2,0,4,2,2023,2111.6340000000005
ORD103436,2023-09-26,CUST2209,Returning,Beauty,Beauty Product 6,West,Website,Net Banking,2235.51,1,5,2123.73,Delivered,4.2,0,9,3,2023,361.0341
ORD103437,2024-11-17,CUST1213,Returning,Toys,Toys Product 19,North,Mobile App,Debit Card,3846.99,2,0,7693.98,Returned,3.4,0,11,4,2024,2539.0134
ORD103438,2024-05-16,CUST7438,At-Risk,Home & Kitchen,Home & Kitchen Product 47,East,Mobile App,Debit Card,13016.75,4,10,46860.3,Returned,5.0,0,5,2,2024,13589.487
ORD103439,2024-06-24,CUST7077,At-Risk,Sports,Sports Product 26,North,Social Media,Debit Card,5129.33,4,5,19491.45,Shipped,4.4,0,6,2,2024,2144.0595000000003
ORD103440,2024-10-16,CUST5900,At-Risk,Books,Books Product 6,Central,Social Media,UPI,694.98,1,0,694.98,Shipped,3.9,0,10,4,2024,194.59440000000004
ORD103441,2023-11-17,CUST2417,At-Risk,Clothing,Clothing Product 13,West,Mobile App,Net Banking,2573.75,2,0,5147.5,Shipped,3.6,0,11,4,2023,1286.875
ORD103442,2024-09-03,CUST2479,Returning,Sports,Sports Product 16,South,Website,Debit Card,14151.34,1,10,12736.21,Processing,3.6,0,9,3,2024,2037.7936
ORD103443,2024-02-02,CUST4683,Returning,Beauty,Beauty Product 6,South,Website,Net Banking,1382.56,5,5,6567.16,Returned,4.0,0,2,1,2024,2626.864
ORD103444,2024-09-17,CUST5623,New,Home & Kitchen,Home & Kitchen Product 22,South,Mobile App,UPI,1132.79,5,0,5663.95,Processing,4.1,0,9,3,2024,2095.6614999999997
ORD103445,2024-02-06,CUST1025,At-Risk,Electronics,Electronics Product 42,South,Mobile App,Debit Card,8862.61,2,10,15952.7,Processing,3.6,0,2,1,2024,3031.0130000000004
ORD103446,2024-08-24,CUST8323,New,Electronics,Electronics Product 23,East,Website,Credit Card,61710.67,3,10,166618.81,Returned,3.8,0,8,3,2024,43320.8906
ORD103447,2023-04-27,CUST9874,At-Risk,Sports,Sports Product 24,South,Website,UPI,16909.57,2,20,27055.31,Delivered,5.0,0,4,2,2023,5140.508900000001
ORD103448,2023-12-23,CUST6307,At-Risk,Books,Books Product 13,North,Social Media,Debit Card,612.71,2,0,1225.42,Delivered,5.0,0,12,4,2023,404.38860000000005
ORD103449,2023-12-27,CUST2647,VIP,Sports,Sports Product 4,West,Mobile App,Credit Card,18132.73,1,15,15412.82,Returned,4.2,0,12,4,2023,5856.8716
ORD103450,2024-04-13,CUST7534,At-Risk,Toys,Toys Product 5,East,Website,Wallet,2633.01,1,10,2369.71,Delivered,2.9,0,4,2,2024,497.6391
ORD103451,2024-09-24,CUST5405,New,Clothing,Clothing Product 21,Central,Marketplace,UPI,1778.38,2,0,3556.76,Returned,4.4,0,9,3,2024,1209.2984000000001
ORD103452,2023-06-26,CUST8691,At-Risk,Electronics,Electronics Product 15,West,Mobile App,Debit Card,53524.79,2,10,96344.62,Delivered,5.0,0,6,2,2023,24086.155
ORD103453,2024-11-20,CUST1687,New,Beauty,Beauty Product 3,East,Website,Credit Card,866.06,1,5,822.76,Returned,5.0,0,11,4,2024,181.0072
ORD103454,2024-12-23,CUST9565,Returning,Sports,Sports Product 13,East,Website,Net Banking,7390.56,4,20,23649.79,Returned,4.6,1,12,4,2024,8986.9202
ORD103455,2023-11-01,CUST1246,VIP,Beauty,Beauty Product 4,Central,Mobile App,Wallet,186.84,1,0,186.84,Shipped,5.0,0,11,4,2023,46.71
ORD103456,2024-09-21,CUST7017,New,Clothing,Clothing Product 20,Central,Mobile App,Debit Card,3622.86,2,10,6521.15,Returned,4.0,0,9,3,2024,1565.0759999999998
ORD103457,2024-08-27,CUST4189,Returning,Electronics,Electronics Product 19,Central,Website,Net Banking,39101.13,2,0,78202.26,Returned,4.5,0,8,3,2024,23460.677999999996
ORD103458,2023-03-28,CUST8043,At-Risk,Clothing,Clothing Product 1,South,Marketplace,UPI,3011.76,2,25,4517.64,Cancelled,3.5,0,3,1,2023,813.1752
ORD103459,2024-11-19,CUST7876,New,Automotive,Automotive Product 29,Central,Mobile App,Credit Card,11692.3,2,0,23384.6,Cancelled,4.2,0,11,4,2024,4676.92
ORD103460,2023-05-18,CUST9982,VIP,Sports,Sports Product 29,South,Mobile App,UPI,8901.83,1,25,6676.37,Cancelled,5.0,0,5,2,2023,2537.0206
ORD103461,2023-11-17,CUST4314,VIP,Electronics,Electronics Product 35,South,Website,Wallet,21627.46,1,20,17301.97,Shipped,3.5,0,11,4,2023,5190.591
ORD103462,2023-05-01,CUST5820,Returning,Automotive,Automotive Product 6,West,Mobile App,Net Banking,49867.28,2,0,99734.56,Delivered,3.3,0,5,2,2023,34907.096
ORD103463,2023-09-02,CUST3307,VIP,Beauty,Beauty Product 43,East,Mobile App,Credit Card,2504.84,2,15,4258.23,Processing,4.1,0,9,3,2023,766.4813999999999
ORD103464,2023-11-09,CUST7191,Returning,Books,Books Product 46,Central,Social Media,Wallet,441.5,1,25,331.12,Delivered,3.8,1,11,4,2023,86.0912
ORD103465,2023-04-30,CUST9753,VIP,Books,Books Product 7,North,Mobile App,Wallet,524.65,2,0,1049.3,Cancelled,4.5,0,4,2,2023,409.227
ORD103466,2023-07-07,CUST7639,New,Beauty,Beauty Product 4,Central,Website,UPI,1762.02,1,5,1673.92,Delivered,3.6,0,7,3,2023,334.78400000000005
ORD103467,2024-01-18,CUST3610,New,Sports,Sports Product 40,West,Marketplace,Debit Card,12289.91,2,5,23350.83,Delivered,5.0,0,1,1,2024,3502.6245000000004
ORD103468,2024-12-11,CUST7363,At-Risk,Sports,Sports Product 48,South,Website,UPI,17459.71,3,0,52379.13,Delivered,3.0,0,12,4,2024,13094.7825
ORD103469,2023-05-25,CUST8522,VIP,Home & Kitchen,Home & Kitchen Product 27,South,Mobile App,Credit Card,10113.09,1,0,10113.09,Returned,5.0,0,5,2,2023,2224.8798
ORD103470,2024-06-07,CUST1252,New,Toys,Toys Product 24,Central,Website,UPI,359.98,1,0,359.98,Shipped,3.4,0,6,2,2024,53.997
ORD103471,2024-02-02,CUST9650,Returning,Books,Books Product 40,East,Mobile App,Wallet,175.46,3,0,526.38,Cancelled,2.6,0,2,1,2024,194.76059999999998
ORD103472,2024-03-04,CUST4835,At-Risk,Clothing,Clothing Product 36,Central,Social Media,Debit Card,4223.39,2,5,8024.44,Delivered,4.2,0,3,1,2024,3209.776
ORD103473,2024-09-02,CUST9846,VIP,Beauty,Beauty Product 20,South,Website,UPI,1981.63,2,0,3963.26,Cancelled,3.8,0,9,3,2024,1070.0802
ORD103474,2023-05-22,CUST8101,New,Books,Books Product 43,East,Mobile App,Debit Card,169.0,3,20,405.6,Processing,3.1,1,5,2,2023,133.848
ORD103475,2024-08-11,CUST9520,At-Risk,Beauty,Beauty Product 50,Central,Mobile App,Credit Card,420.5,3,10,1135.35,Returned,2.7,0,8,3,2024,408.72599999999994
ORD103476,2024-01-28,CUST2938,At-Risk,Automotive,Automotive Product 21,East,Website,Wallet,48363.1,5,0,241815.5,Cancelled,4.0,0,1,1,2024,74962.805
ORD103477,2024-03-09,CUST8741,VIP,Clothing,Clothing Product 21,East,Social Media,UPI,1345.35,2,10,2421.63,Cancelled,4.8,1,3,1,2024,266.3793
ORD103478,2023-07-10,CUST9669,Returning,Home & Kitchen,Home & Kitchen Product 30,East,Social Media,UPI,8827.79,1,10,7945.01,Delivered,4.5,0,7,3,2023,1191.7515
ORD103479,2024-05-13,CUST8951,At-Risk,Toys,Toys Product 27,East,Mobile App,Wallet,2895.36,1,25,2171.52,Delivered,4.0,0,5,2,2024,260.5824
ORD103480,2024-10-12,CUST2190,At-Risk,Toys,Toys Product 48,North,Website,Net Banking,2494.46,1,0,2494.46,Delivered,4.4,0,10,4,2024,249.44600000000003
ORD103481,2024-07-04,CUST6965,At-Risk,Clothing,Clothing Product 46,South,Website,Net Banking,4113.36,2,0,8226.72,Returned,4.0,0,7,3,2024,1563.0767999999998
ORD103482,2024-12-11,CUST1501,Returning,Clothing,Clothing Product 28,Central,Mobile App,Wallet,3647.79,1,20,2918.23,Delivered,2.9,0,12,4,2024,642.0106
ORD103483,2024-10-22,CUST7078,VIP,Electronics,Electronics Product 16,North,Marketplace,Wallet,3669.26,4,20,11741.63,Processing,2.9,0,10,4,2024,1996.0771
ORD103484,2023-06-27,CUST8024,New,Toys,Toys Product 48,Central,Website,Debit Card,2658.94,2,10,4786.09,Returned,3.8,1,6,2,2023,574.3308
ORD103485,2024-07-22,CUST3959,At-Risk,Home & Kitchen,Home & Kitchen Product 20,West,Mobile App,Net Banking,6771.6,2,15,11511.72,Processing,3.9,0,7,3,2024,2993.0472
ORD103486,2023-06-20,CUST6947,Returning,Automotive,Automotive Product 21,North,Website,UPI,23468.55,1,0,23468.55,Returned,4.7,0,6,2,2023,4224.339
ORD103487,2024-05-16,CUST8430,New,Books,Books Product 20,South,Social Media,Debit Card,704.39,1,5,669.17,Returned,4.6,1,5,2,2024,227.5178
ORD103488,2023-10-23,CUST2270,New,Automotive,Automotive Product 8,East,Social Media,Net Banking,2633.99,1,0,2633.99,Processing,4.5,0,10,4,2023,263.399
ORD103489,2023-05-24,CUST8446,Returning,Clothing,Clothing Product 36,Central,Marketplace,Debit Card,2113.73,1,0,2113.73,Cancelled,3.8,0,5,2,2023,739.8054999999999
ORD103490,2023-07-11,CUST7177,At-Risk,Beauty,Beauty Product 48,South,Social Media,Net Banking,2444.88,1,15,2078.15,Processing,2.9,0,7,3,2023,810.4785
ORD103491,2023-11-19,CUST1382,Returning,Toys,Toys Product 12,South,Website,Wallet,3028.67,2,0,6057.34,Returned,4.3,0,11,4,2023,1877.7754
ORD103492,2024-04-06,CUST4878,VIP,Toys,Toys Product 39,West,Website,UPI,1840.83,4,5,6995.15,Processing,4.4,0,4,2,2024,2238.448
ORD103493,2024-09-26,CUST3072,At-Risk,Sports,Sports Product 38,West,Website,Net Banking,18198.39,4,20,58234.85,Returned,2.1,0,9,3,2024,22129.243
ORD103494,2023-02-24,CUST1364,VIP,Automotive,Automotive Product 7,Central,Website,Debit Card,11429.15,2,0,22858.3,Cancelled,3.3,0,2,1,2023,3657.328
ORD103495,2024-01-03,CUST2425,At-Risk,Toys,Toys Product 10,Central,Website,Debit Card,886.8,1,25,665.1,Delivered,3.4,0,1,1,2024,266.04
ORD103496,2023-01-10,CUST3174,New,Automotive,Automotive Product 27,South,Social Media,Wallet,31821.65,3,25,71598.71,Shipped,4.1,0,1,1,2023,23627.574300000004
ORD103497,2024-05-11,CUST8071,VIP,Automotive,Automotive Product 40,Central,Social Media,Credit Card,16984.94,4,10,61145.78,Shipped,3.4,0,5,2,2024,19566.6496
ORD103498,2023-05-20,CUST6873,At-Risk,Toys,Toys Product 39,West,Marketplace,Net Banking,1310.65,1,0,1310.65,Returned,4.0,0,5,2,2023,275.23650000000004
ORD103499,2023-07-19,CUST8447,VIP,Home & Kitchen,Home & Kitchen Product 18,South,Mobile App,Credit Card,6358.52,2,0,12717.04,Returned,3.8,1,7,3,2023,3306.4304
ORD103500,2024-01-29,CUST9552,VIP,Home & Kitchen,Home & Kitchen Product 22,West,Mobile App,Debit Card,717.11,1,5,681.25,Processing,3.9,0,1,1,2024,204.375
ORD103501,2024-07-29,CUST4060,At-Risk,Home & Kitchen,Home & Kitchen Product 10,Central,Marketplace,Wallet,7012.36,3,0,21037.08,Cancelled,3.4,0,7,3,2024,6100.7532
ORD103502,2024-06-01,CUST7228,Returning,Automotive,Automotive Product 4,South,Marketplace,Debit Card,44634.48,5,0,223172.4,Processing,3.5,1,6,2,2024,69183.444
ORD103503,2024-10-30,CUST1240,New,Automotive,Automotive Product 27,South,Mobile App,Credit Card,18442.58,1,25,13831.94,Returned,3.1,0,10,4,2024,1659.8328
ORD103504,2024-05-21,CUST5959,Returning,Home & Kitchen,Home & Kitchen Product 20,South,Marketplace,Debit Card,10340.27,4,0,41361.08,Cancelled,4.3,0,5,2,2024,8685.8268
ORD103505,2024-02-23,CUST2288,At-Risk,Clothing,Clothing Product 44,Central,Mobile App,UPI,1891.42,2,10,3404.56,Delivered,4.5,0,2,1,2024,783.0488
ORD103506,2024-12-02,CUST1095,VIP,Books,Books Product 6,North,Social Media,Credit Card,775.91,5,0,3879.55,Delivered,3.4,0,12,4,2024,698.319
ORD103507,2024-05-18,CUST7038,New,Automotive,Automotive Product 40,North,Website,Credit Card,14410.32,1,10,12969.29,Cancelled,5.0,0,5,2,2024,1945.3935000000001
ORD103508,2024-03-01,CUST3280,VIP,Automotive,Automotive Product 47,East,Marketplace,Credit Card,39358.52,3,20,94460.45,Cancelled,3.7,1,3,1,2024,13224.463000000002
ORD103509,2024-12-28,CUST2193,At-Risk,Electronics,Electronics Product 7,South,Website,Debit Card,26298.74,1,0,26298.74,Cancelled,5.0,0,12,4,2024,5522.7354000000005
ORD103510,2024-03-30,CUST8552,New,Home & Kitchen,Home & Kitchen Product 2,West,Marketplace,Debit Card,10576.84,1,0,10576.84,Cancelled,3.5,0,3,1,2024,2644.21
ORD103511,2024-05-15,CUST6918,VIP,Beauty,Beauty Product 27,East,Marketplace,Credit Card,1959.2,1,10,1763.28,Shipped,2.4,0,5,2,2024,211.59359999999998
ORD103512,2023-06-21,CUST6498,VIP,Clothing,Clothing Product 7,West,Social Media,Credit Card,3889.33,5,10,17501.98,Returned,4.3,0,6,2,2023,6650.7524
ORD103513,2023-03-26,CUST9363,New,Toys,Toys Product 45,East,Marketplace,Credit Card,810.25,3,10,2187.68,Cancelled,4.2,0,3,1,2023,721.9344
ORD103514,2024-08-01,CUST6150,VIP,Clothing,Clothing Product 48,Central,Social Media,Net Banking,2880.69,3,0,8642.07,Processing,4.0,0,8,3,2024,2765.4624
ORD103515,2023-02-01,CUST2929,Returning,Clothing,Clothing Product 25,East,Website,UPI,4344.72,4,0,17378.88,Cancelled,3.5,0,2,1,2023,2606.832
ORD103516,2023-08-14,CUST8545,Returning,Beauty,Beauty Product 42,West,Website,Debit Card,1997.62,1,25,1498.22,Returned,4.0,0,8,3,2023,419.50160000000005
ORD103517,2023-10-27,CUST8973,At-Risk,Sports,Sports Product 25,West,Social Media,UPI,14917.81,1,20,11934.25,Processing,3.6,0,10,4,2023,3102.905
ORD103518,2023-02-03,CUST8486,At-Risk,Electronics,Electronics Product 45,East,Website,Credit Card,60388.87,1,5,57369.43,Shipped,3.8,0,2,1,2023,22374.0777
ORD103519,2023-10-09,CUST5764,VIP,Home & Kitchen,Home & Kitchen Product 40,Central,Social Media,Debit Card,11780.23,1,15,10013.2,Shipped,4.7,0,10,4,2023,3204.224
ORD103520,2023-08-19,CUST2478,Returning,Clothing,Clothing Product 6,West,Website,UPI,1025.88,1,5,974.59,Delivered,4.1,0,8,3,2023,263.13930000000005
ORD103521,2024-07-04,CUST3260,Returning,Beauty,Beauty Product 2,West,Mobile App,Net Banking,1574.53,1,5,1495.8,Cancelled,4.5,0,7,3,2024,538.4879999999999
ORD103522,2023-10-23,CUST8999,Returning,Sports,Sports Product 4,East,Social Media,Wallet,2141.84,1,0,2141.84,Delivered,3.8,0,10,4,2023,321.276
ORD103523,2023-06-22,CUST5862,Returning,Beauty,Beauty Product 49,North,Mobile App,UPI,1152.64,1,5,1095.01,Processing,3.7,0,6,2,2023,109.501
ORD103524,2024-04-13,CUST7309,VIP,Sports,Sports Product 45,West,Mobile App,Wallet,10949.4,1,5,10401.93,Processing,3.1,0,4,2,2024,3224.5983
ORD103525,2024-08-02,CUST4029,At-Risk,Sports,Sports Product 47,South,Website,UPI,16181.05,1,0,16181.05,Shipped,3.7,0,8,3,2024,2103.5365
ORD103526,2024-05-22,CUST2222,New,Automotive,Automotive Product 34,West,Marketplace,Credit Card,48322.46,5,5,229531.68,Shipped,1.3,0,5,2,2024,29839.1184
ORD103527,2024-07-16,CUST2582,Returning,Electronics,Electronics Product 41,North,Website,Debit Card,25664.46,3,15,65444.37,Processing,3.5,0,7,3,2024,20942.1984
ORD103528,2024-06-07,CUST9877,New,Home & Kitchen,Home & Kitchen Product 9,South,Website,Debit Card,4795.78,5,10,21581.01,Shipped,3.9,0,6,2,2024,3884.5817999999995
ORD103529,2023-04-26,CUST3370,Returning,Home & Kitchen,Home & Kitchen Product 11,North,Mobile App,Debit Card,13738.32,1,10,12364.49,Delivered,4.5,1,4,2,2023,3585.7020999999995
ORD103530,2024-08-09,CUST5592,New,Toys,Toys Product 43,West,Website,Debit Card,543.64,1,20,434.91,Processing,3.8,0,8,3,2024,165.2658
ORD103531,2023-04-27,CUST2505,New,Electronics,Electronics Product 17,South,Mobile App,Debit Card,32782.19,3,0,98346.57,Cancelled,4.3,0,4,2,2023,18685.8483
ORD103532,2023-10-02,CUST7599,VIP,Sports,Sports Product 9,North,Marketplace,Debit Card,12587.27,1,10,11328.54,Cancelled,2.3,0,10,4,2023,1925.8518000000004
ORD103533,2024-07-10,CUST3257,VIP,Sports,Sports Product 48,West,Website,Debit Card,12933.71,1,15,10993.65,Shipped,4.0,0,7,3,2024,1429.1745
ORD103534,2024-01-11,CUST8139,VIP,Books,Books Product 8,East,Mobile App,Credit Card,629.6,1,5,598.12,Delivered,2.7,1,1,1,2024,83.7368
ORD103535,2024-07-09,CUST5362,Returning,Home & Kitchen,Home & Kitchen Product 26,East,Mobile App,Wallet,3271.59,1,0,3271.59,Returned,3.0,0,7,3,2024,392.5908
ORD103536,2023-02-12,CUST3900,VIP,Automotive,Automotive Product 35,South,Mobile App,Net Banking,42914.02,1,0,42914.02,Delivered,3.9,1,2,1,2023,5578.8225999999995
ORD103537,2024-03-27,CUST3665,New,Electronics,Electronics Product 10,Central,Website,Debit Card,39092.53,1,20,31274.02,Delivered,5.0,0,3,1,2024,7193.024600000001
ORD103538,2024-07-13,CUST3308,New,Clothing,Clothing Product 27,West,Social Media,Wallet,1817.61,2,5,3453.46,Delivered,4.3,0,7,3,2024,690.692
ORD103539,2023-08-12,CUST8823,New,Beauty,Beauty Product 33,West,Website,UPI,1397.64,1,20,1118.11,Shipped,4.0,0,8,3,2023,346.61409999999995
ORD103540,2024-03-11,CUST6476,Returning,Clothing,Clothing Product 9,West,Website,Net Banking,1935.02,1,10,1741.52,Returned,4.0,0,3,1,2024,626.9472
ORD103541,2023-04-15,CUST9392,At-Risk,Electronics,Electronics Product 10,North,Marketplace,Credit Card,13157.78,3,10,35526.01,Returned,3.4,0,4,2,2023,12078.843400000002
ORD103542,2024-10-31,CUST2219,At-Risk,Toys,Toys Product 44,North,Mobile App,Wallet,840.46,1,15,714.39,Processing,3.6,0,10,4,2024,185.7414
ORD103543,2023-09-11,CUST8360,Returning,Automotive,Automotive Product 6,East,Mobile App,UPI,1583.62,1,10,1425.26,Processing,4.3,0,9,3,2023,185.2838
ORD103544,2023-11-01,CUST1874,Returning,Sports,Sports Product 41,East,Marketplace,Debit Card,4119.88,3,0,12359.64,Processing,2.9,0,11,4,2023,3831.4883999999997
ORD103545,2023-02-03,CUST5330,Returning,Automotive,Automotive Product 32,Central,Website,Wallet,16077.96,1,5,15274.06,Returned,4.5,0,2,1,2023,3207.5526
ORD103546,2024-04-05,CUST7003,VIP,Beauty,Beauty Product 23,East,Mobile App,Credit Card,1592.44,1,15,1353.57,Processing,3.7,0,4,2,2024,175.9641
ORD103547,2023-09-27,CUST5364,At-Risk,Toys,Toys Product 41,North,Mobile App,Debit Card,2640.77,1,0,2640.77,Shipped,4.7,0,9,3,2023,924.2694999999999
ORD103548,2023-12-23,CUST3160,VIP,Automotive,Automotive Product 26,Central,Marketplace,Net Banking,15373.22,1,0,15373.22,Cancelled,4.8,0,12,4,2023,3074.6440000000002
ORD103549,2023-03-31,CUST2724,Returning,Home & Kitchen,Home & Kitchen Product 11,North,Mobile App,Credit Card,8530.84,2,0,17061.68,Returned,2.7,0,3,1,2023,2900.4856000000004
ORD103550,2024-03-25,CUST6678,Returning,Home & Kitchen,Home & Kitchen Product 42,North,Social Media,Wallet,2915.25,3,20,6996.6,Processing,3.5,1,3,1,2024,2518.776
ORD103551,2023-05-01,CUST5811,VIP,Automotive,Automotive Product 25,East,Social Media,UPI,31228.77,1,0,31228.77,Delivered,3.3,0,5,2,2023,11554.6449
ORD103552,2023-08-31,CUST7108,At-Risk,Automotive,Automotive Product 40,East,Mobile App,Wallet,4536.02,2,10,8164.84,Returned,2.5,1,8,3,2023,1632.968
ORD103553,2023-08-03,CUST8964,At-Risk,Automotive,Automotive Product 37,North,Marketplace,Net Banking,5393.49,2,5,10247.63,Shipped,3.2,1,8,3,2023,2152.0022999999997
ORD103554,2024-08-25,CUST1743,At-Risk,Home & Kitchen,Home & Kitchen Product 50,East,Mobile App,Wallet,10761.48,1,5,10223.41,Cancelled,5.0,0,8,3,2024,2760.3207
ORD103555,2024-12-06,CUST6225,New,Beauty,Beauty Product 25,West,Website,Debit Card,2756.89,2,10,4962.4,Shipped,4.5,1,12,4,2024,1587.9679999999998
ORD103556,2023-12-26,CUST8128,Returning,Clothing,Clothing Product 10,South,Mobile App,Net Banking,3383.31,1,0,3383.31,Processing,5.0,0,12,4,2023,405.99719999999996
ORD103557,2024-12-28,CUST9286,Returning,Toys,Toys Product 2,Central,Website,Wallet,3438.39,1,10,3094.55,Delivered,4.7,1,12,4,2024,866.4740000000002
ORD103558,2024-09-16,CUST3071,Returning,Toys,Toys Product 34,North,Mobile App,Debit Card,753.91,1,15,640.82,Delivered,3.4,0,9,3,2024,249.91980000000004
ORD103559,2024-10-09,CUST1047,At-Risk,Books,Books Product 13,East,Website,Credit Card,338.11,1,15,287.39,Returned,3.7,1,10,4,2024,51.730199999999996
ORD103560,2024-03-14,CUST3318,At-Risk,Toys,Toys Product 41,South,Website,Debit Card,1544.44,1,0,1544.44,Shipped,4.5,0,3,1,2024,571.4428
ORD103561,2023-06-19,CUST3069,New,Beauty,Beauty Product 18,West,Social Media,Credit Card,529.14,3,20,1269.94,Shipped,4.4,1,6,2,2023,495.27660000000003
ORD103562,2024-09-22,CUST7015,VIP,Electronics,Electronics Product 32,North,Social Media,Net Banking,31126.59,1,10,28013.93,Delivered,3.5,0,9,3,2024,5042.5073999999995
ORD103563,2023-05-23,CUST9141,VIP,Automotive,Automotive Product 37,North,Marketplace,Wallet,42374.47,1,20,33899.58,Shipped,2.8,0,5,2,2023,11186.861400000002
ORD103564,2023-07-31,CUST1000,New,Sports,Sports Product 46,West,Marketplace,Debit Card,14831.13,1,5,14089.57,Processing,5.0,0,7,3,2023,2395.2269
ORD103565,2023-07-31,CUST1295,At-Risk,Clothing,Clothing Product 6,Central,Mobile App,Debit Card,4407.03,2,5,8373.36,Cancelled,3.9,0,7,3,2023,2679.4752000000003
ORD103566,2023-03-02,CUST1815,New,Home & Kitchen,Home & Kitchen Product 48,West,Mobile App,Net Banking,12037.76,2,20,19260.42,Shipped,3.7,0,3,1,2023,6548.5428
ORD103567,2024-08-06,CUST2038,At-Risk,Electronics,Electronics Product 1,North,Mobile App,Credit Card,49266.89,2,20,78827.02,Delivered,4.1,0,8,3,2024,13400.593400000002
ORD103568,2023-12-26,CUST7542,New,Sports,Sports Product 1,North,Social Media,Wallet,19426.61,3,5,55365.84,Returned,3.8,0,12,4,2023,17163.410399999997
ORD103569,2024-06-29,CUST4597,Returning,Clothing,Clothing Product 23,East,Social Media,Credit Card,1754.41,3,0,5263.23,Shipped,4.1,0,6,2,2024,1789.4982
ORD103570,2023-10-15,CUST6606,VIP,Clothing,Clothing Product 37,West,Website,Wallet,1279.16,1,0,1279.16,Returned,5.0,0,10,4,2023,268.6236
ORD103571,2024-09-03,CUST7717,VIP,Books,Books Product 15,North,Website,Wallet,678.29,2,0,1356.58,Shipped,3.9,0,9,3,2024,203.487
ORD103572,2024-07-05,CUST5507,At-Risk,Electronics,Electronics Product 9,South,Website,Debit Card,20049.34,3,0,60148.02,Shipped,3.1,0,7,3,2024,7819.2426
ORD103573,2023-06-22,CUST1865,VIP,Books,Books Product 43,West,Social Media,Net Banking,208.51,5,0,1042.55,Delivered,3.9,1,6,2,2023,281.4885
ORD103574,2023-11-28,CUST8526,At-Risk,Automotive,Automotive Product 41,North,Social Media,Credit Card,49639.72,4,20,158847.1,Cancelled,3.6,0,11,4,2023,61950.369000000006
ORD103575,2024-12-21,CUST3812,VIP,Electronics,Electronics Product 41,North,Website,UPI,2595.56,1,0,2595.56,Delivered,5.0,0,12,4,2024,908.4459999999999
ORD103576,2023-10-27,CUST4461,At-Risk,Clothing,Clothing Product 41,Central,Website,Credit Card,1277.45,1,10,1149.71,Processing,4.9,0,10,4,2023,264.43330000000003
ORD103577,2023-10-24,CUST3228,New,Home & Kitchen,Home & Kitchen Product 23,Central,Social Media,Wallet,10517.66,1,0,10517.66,Cancelled,4.1,0,10,4,2023,2734.5916
ORD103578,2024-08-09,CUST5562,VIP,Electronics,Electronics Product 32,South,Social Media,Debit Card,17908.53,2,0,35817.06,Delivered,3.0,0,8,3,2024,6447.0707999999995
ORD103579,2023-10-01,CUST8700,At-Risk,Sports,Sports Product 9,West,Social Media,Credit Card,17552.66,1,0,17552.66,Cancelled,3.0,0,10,4,2023,2632.899
ORD103580,2024-06-10,CUST3910,At-Risk,Books,Books Product 49,North,Mobile App,Net Banking,408.25,1,0,408.25,Cancelled,4.0,0,6,2,2024,97.97999999999999
ORD103581,2024-11-26,CUST9242,VIP,Books,Books Product 9,East,Website,Wallet,668.07,3,15,1703.58,Returned,4.3,1,11,4,2024,408.8592
ORD103582,2023-04-08,CUST3669,At-Risk,Automotive,Automotive Product 36,East,Mobile App,UPI,7952.53,1,20,6362.02,Delivered,3.7,1,4,2,2023,1654.1252000000002
ORD103583,2023-05-19,CUST6375,Returning,Clothing,Clothing Product 41,East,Marketplace,UPI,1624.61,3,0,4873.83,Delivered,3.6,0,5,2,2023,1900.7937
ORD103584,2024-02-26,CUST5587,Returning,Beauty,Beauty Product 30,East,Website,Wallet,2899.08,1,5,2754.13,Shipped,3.5,1,2,1,2024,771.1564000000001
ORD103585,2023-03-02,CUST1082,New,Toys,Toys Product 4,West,Marketplace,Wallet,3458.62,1,5,3285.69,Processing,4.0,0,3,1,2023,919.9932000000001
ORD103586,2023-10-11,CUST1957,At-Risk,Electronics,Electronics Product 46,East,Mobile App,Wallet,38920.23,1,20,31136.18,Cancelled,2.1,0,10,4,2023,4359.0652
ORD103587,2024-11-02,CUST2457,Returning,Automotive,Automotive Product 13,East,Social Media,Debit Card,22396.33,3,15,57110.64,Delivered,3.1,0,11,4,2024,22844.256
ORD103588,2023-05-10,CUST8954,Returning,Electronics,Electronics Product 11,South,Marketplace,Wallet,44727.63,1,5,42491.25,Processing,3.5,0,5,2,2023,14022.112500000001
ORD103589,2024-12-19,CUST9522,At-Risk,Beauty,Beauty Product 10,West,Mobile App,Credit Card,2995.36,1,10,2695.82,Processing,5.0,1,12,4,2024,970.4952000000001
ORD103590,2023-05-16,CUST9465,New,Toys,Toys Product 2,Central,Social Media,Debit Card,930.51,5,15,3954.67,Shipped,3.3,0,5,2,2023,870.0274000000001
ORD103591,2023-09-13,CUST3994,New,Home & Kitchen,Home & Kitchen Product 3,South,Social Media,Net Banking,3035.05,1,0,3035.05,Delivered,4.1,0,9,3,2023,758.7625
ORD103592,2023-05-30,CUST3636,New,Toys,Toys Product 42,West,Mobile App,UPI,2170.57,2,5,4124.08,Returned,4.2,0,5,2,2023,1072.2608
ORD103593,2024-12-29,CUST5289,Returning,Electronics,Electronics Product 43,Central,Website,Net Banking,32269.54,2,20,51631.26,Processing,5.0,1,12,4,2024,8261.0016
ORD103594,2023-11-26,CUST8415,At-Risk,Beauty,Beauty Product 30,East,Mobile App,Debit Card,1790.05,1,10,1611.04,Returned,5.0,0,11,4,2023,499.4224
ORD103595,2023-09-11,CUST4938,New,Toys,Toys Product 18,South,Mobile App,Wallet,3628.9,2,5,6894.91,Returned,4.0,0,9,3,2023,2551.1167
ORD103596,2024-11-23,CUST2476,At-Risk,Sports,Sports Product 36,West,Website,Credit Card,7987.23,1,5,7587.87,Shipped,3.6,0,11,4,2024,1138.1805
ORD103597,2024-02-07,CUST3232,At-Risk,Clothing,Clothing Product 22,West,Marketplace,Credit Card,1455.16,2,0,2910.32,Delivered,3.5,0,2,1,2024,378.3416
ORD103598,2024-05-16,CUST7876,Returning,Clothing,Clothing Product 40,North,Website,Debit Card,4024.63,1,5,3823.4,Delivered,3.8,1,5,2,2024,1223.488
ORD103599,2023-05-26,CUST2187,New,Clothing,Clothing Product 32,East,Social Media,Debit Card,1947.05,2,10,3504.69,Shipped,3.7,0,5,2,2023,630.8442
ORD103600,2024-08-14,CUST7381,New,Home & Kitchen,Home & Kitchen Product 48,North,Marketplace,Net Banking,12085.36,1,5,11481.09,Returned,4.4,0,8,3,2024,3329.5161
ORD103601,2024-10-09,CUST9884,At-Risk,Sports,Sports Product 9,South,Mobile App,Credit Card,8853.77,2,10,15936.79,Delivered,4.3,0,10,4,2024,4940.4049
ORD103602,2023-10-03,CUST7113,VIP,Home & Kitchen,Home & Kitchen Product 17,East,Website,UPI,5658.36,1,20,4526.69,Returned,4.5,1,10,4,2023,905.338
ORD103603,2024-10-04,CUST1102,VIP,Home & Kitchen,Home & Kitchen Product 13,East,Marketplace,Wallet,13904.94,1,0,13904.94,Cancelled,5.0,1,10,4,2024,4727.6796
ORD103604,2024-02-29,CUST8888,VIP,Sports,Sports Product 36,East,Website,UPI,5000.23,1,5,4750.22,Delivered,5.0,0,2,1,2024,1235.0572000000002
ORD103605,2024-01-20,CUST2079,At-Risk,Clothing,Clothing Product 30,East,Marketplace,Net Banking,2793.77,1,5,2654.08,Delivered,4.1,0,1,1,2024,955.4688
ORD103606,2024-04-07,CUST1965,At-Risk,Home & Kitchen,Home & Kitchen Product 8,East,Mobile App,Debit Card,1432.49,3,10,3867.72,Cancelled,4.9,0,4,2,2024,1276.3476
ORD103607,2023-03-19,CUST6757,VIP,Sports,Sports Product 10,Central,Website,UPI,13986.7,1,0,13986.7,Cancelled,3.7,0,3,1,2023,5035.212
ORD103608,2024-10-10,CUST1966,VIP,Toys,Toys Product 40,East,Marketplace,UPI,1422.32,4,10,5120.35,Delivered,4.9,0,10,4,2024,563.2385
ORD103609,2023-04-06,CUST2498,At-Risk,Home & Kitchen,Home & Kitchen Product 23,West,Website,UPI,12463.48,5,20,49853.92,Returned,4.8,0,4,2,2023,8475.1664
ORD103610,2024-02-17,CUST2903,At-Risk,Electronics,Electronics Product 6,West,Website,UPI,56343.57,2,5,107052.78,Returned,4.8,0,2,1,2024,13916.8614
ORD103611,2024-06-11,CUST7091,VIP,Beauty,Beauty Product 19,North,Marketplace,Credit Card,2417.34,1,20,1933.87,Returned,4.1,0,6,2,2024,444.7901
ORD103612,2023-10-12,CUST1016,VIP,Home & Kitchen,Home & Kitchen Product 22,North,Website,Net Banking,8810.69,1,25,6608.02,Shipped,3.5,0,10,4,2023,2444.9674
ORD103613,2024-12-12,CUST3916,VIP,Electronics,Electronics Product 12,South,Social Media,Net Banking,8181.4,3,0,24544.2,Processing,2.9,0,12,4,2024,5890.608
ORD103614,2024-01-13,CUST8599,At-Risk,Electronics,Electronics Product 46,North,Marketplace,Credit Card,73439.62,1,0,73439.62,Shipped,4.0,0,1,1,2024,25703.867
ORD103615,2024-04-10,CUST2789,VIP,Sports,Sports Product 3,North,Marketplace,Credit Card,19715.88,1,25,14786.91,Delivered,5.0,0,4,2,2024,2957.382
ORD103616,2024-05-14,CUST2411,New,Toys,Toys Product 22,North,Website,UPI,2891.74,2,25,4337.61,Processing,3.8,0,5,2,2024,867.5219999999999
ORD103617,2023-12-02,CUST6160,Returning,Clothing,Clothing Product 44,Central,Marketplace,Debit Card,2769.73,3,0,8309.19,Shipped,4.6,1,12,4,2023,3074.4003000000002
ORD103618,2024-08-18,CUST4046,VIP,Beauty,Beauty Product 33,West,Marketplace,UPI,448.7,3,0,1346.1,Returned,4.7,0,8,3,2024,309.603
ORD103619,2023-01-03,CUST8002,At-Risk,Home & Kitchen,Home & Kitchen Product 42,South,Mobile App,UPI,12446.52,1,0,12446.52,Returned,3.8,0,1,1,2023,4231.8168000000005
ORD103620,2023-04-06,CUST2324,At-Risk,Toys,Toys Product 2,South,Marketplace,Wallet,1065.73,2,25,1598.6,Shipped,5.0,0,4,2,2023,271.762
ORD103621,2024-04-14,CUST1714,VIP,Beauty,Beauty Product 46,West,Social Media,Wallet,1142.78,1,0,1142.78,Returned,1.7,1,4,2,2024,434.2564
ORD103622,2024-10-12,CUST6942,New,Sports,Sports Product 10,South,Social Media,Debit Card,14162.03,1,5,13453.93,Delivered,3.0,0,10,4,2024,3632.5611000000004
ORD103623,2024-11-11,CUST4725,New,Toys,Toys Product 41,South,Social Media,Debit Card,3910.67,4,15,13296.28,Delivered,3.3,0,11,4,2024,4387.772400000001
ORD103624,2024-12-15,CUST8218,New,Clothing,Clothing Product 34,Central,Website,UPI,4141.17,1,0,4141.17,Delivered,3.3,0,12,4,2024,538.3521000000001
ORD103625,2024-01-02,CUST1872,At-Risk,Electronics,Electronics Product 26,West,Mobile App,Wallet,18305.12,1,10,16474.61,Returned,4.3,0,1,1,2024,4118.6525
ORD103626,2023-03-06,CUST3230,At-Risk,Books,Books Product 2,Central,Social Media,Credit Card,288.39,1,0,288.39,Delivered,4.2,0,3,1,2023,106.70429999999999
ORD103627,2024-07-01,CUST4270,VIP,Books,Books Product 25,West,Marketplace,Credit Card,685.63,4,20,2194.02,Returned,4.3,0,7,3,2024,789.8471999999999
ORD103628,2024-02-12,CUST1718,At-Risk,Books,Books Product 3,East,Social Media,Wallet,422.17,3,0,1266.51,Cancelled,4.5,0,2,1,2024,139.3161
ORD103629,2023-08-12,CUST1537,Returning,Automotive,Automotive Product 19,South,Social Media,Credit Card,22343.25,2,10,40217.85,Returned,3.2,1,8,3,2023,7641.3915
ORD103630,2024-03-15,CUST8575,VIP,Toys,Toys Product 36,North,Social Media,Wallet,2446.04,3,10,6604.31,Cancelled,3.0,0,3,1,2024,1518.9913000000001
ORD103631,2023-08-05,CUST2161,New,Clothing,Clothing Product 2,West,Website,Debit Card,510.36,1,0,510.36,Returned,4.3,0,8,3,2023,76.554
ORD103632,2024-05-21,CUST8048,VIP,Sports,Sports Product 12,South,Website,Wallet,19917.46,1,0,19917.46,Processing,3.5,1,5,2,2024,6373.5872
ORD103633,2023-10-02,CUST6143,New,Electronics,Electronics Product 12,West,Mobile App,Debit Card,2258.16,1,5,2145.25,Returned,2.7,0,10,4,2023,343.24
ORD103634,2023-11-27,CUST1240,At-Risk,Beauty,Beauty Product 17,Central,Website,Wallet,1428.13,1,0,1428.13,Processing,4.8,0,11,4,2023,285.62600000000003
ORD103635,2023-10-18,CUST1075,At-Risk,Automotive,Automotive Product 1,South,Social Media,UPI,32793.66,1,15,27874.61,Delivered,5.0,0,10,4,2023,8362.383
ORD103636,2023-12-12,CUST8927,VIP,Toys,Toys Product 27,Central,Social Media,Credit Card,3604.2,4,15,12254.28,Processing,5.0,0,12,4,2023,2941.0272
ORD103637,2024-07-14,CUST5201,VIP,Clothing,Clothing Product 23,East,Marketplace,Debit Card,2487.81,1,5,2363.42,Returned,4.1,0,7,3,2024,756.2944
ORD103638,2024-08-14,CUST2419,VIP,Automotive,Automotive Product 20,North,Marketplace,Wallet,35550.4,1,10,31995.36,Shipped,4.5,0,8,3,2024,12478.190400000001
ORD103639,2023-05-14,CUST9260,New,Electronics,Electronics Product 31,Central,Website,UPI,5570.26,1,10,5013.23,Processing,5.0,0,5,2,2023,651.7198999999999
ORD103640,2024-08-02,CUST6116,Returning,Toys,Toys Product 17,East,Marketplace,Net Banking,1546.77,1,15,1314.75,Cancelled,3.5,0,8,3,2024,407.5725
ORD103641,2024-05-11,CUST6361,Returning,Books,Books Product 29,West,Mobile App,Net Banking,768.31,4,5,2919.58,Processing,4.9,1,5,2,2024,496.32860000000005
ORD103642,2023-12-18,CUST5801,VIP,Electronics,Electronics Product 26,North,Marketplace,Wallet,22449.19,1,0,22449.19,Returned,4.2,0,12,4,2023,4938.8218
ORD103643,2024-11-29,CUST4719,VIP,Sports,Sports Product 45,Central,Marketplace,Wallet,5339.44,1,0,5339.44,Cancelled,4.7,1,11,4,2024,587.3384
ORD103644,2023-02-19,CUST3307,VIP,Clothing,Clothing Product 39,South,Website,Debit Card,4503.34,3,5,12834.52,Cancelled,4.1,0,2,1,2023,1796.8328000000001
ORD103645,2023-02-17,CUST9550,New,Books,Books Product 22,East,Website,UPI,119.3,1,5,113.34,Processing,5.0,0,2,1,2023,22.668000000000003
ORD103646,2023-04-12,CUST8673,At-Risk,Home & Kitchen,Home & Kitchen Product 3,North,Social Media,Wallet,9086.76,1,5,8632.42,Shipped,4.2,0,4,2,2023,1726.4840000000002
ORD103647,2024-10-03,CUST7769,VIP,Sports,Sports Product 46,Central,Mobile App,Net Banking,8844.27,1,0,8844.27,Returned,2.8,0,10,4,2024,3272.3799
ORD103648,2024-04-15,CUST4495,New,Toys,Toys Product 38,Central,Social Media,UPI,3104.59,2,10,5588.26,Processing,5.0,0,4,2,2024,1788.2432000000001
ORD103649,2023-01-17,CUST7752,Returning,Automotive,Automotive Product 2,North,Mobile App,Debit Card,7361.15,5,0,36805.75,Shipped,3.2,0,1,1,2023,14354.2425
ORD103650,2023-05-08,CUST6646,Returning,Clothing,Clothing Product 17,West,Social Media,Net Banking,2101.98,3,0,6305.94,Processing,5.0,0,5,2,2023,1765.6632
ORD103651,2023-06-11,CUST3154,Returning,Books,Books Product 6,East,Social Media,Credit Card,563.26,1,5,535.1,Shipped,3.9,0,6,2,2023,90.96700000000001
ORD103652,2024-03-27,CUST5212,At-Risk,Home & Kitchen,Home & Kitchen Product 41,North,Mobile App,UPI,4854.43,3,0,14563.29,Processing,4.9,0,3,1,2024,2912.6580000000004
ORD103653,2024-04-12,CUST5571,At-Risk,Beauty,Beauty Product 33,Central,Mobile App,Net Banking,2137.04,1,10,1923.34,Returned,4.9,1,4,2,2024,384.668
ORD103654,2023-01-01,CUST8736,New,Home & Kitchen,Home & Kitchen Product 47,North,Mobile App,UPI,4778.52,1,0,4778.52,Returned,4.3,0,1,1,2023,955.7040000000002
ORD103655,2024-03-14,CUST2893,Returning,Books,Books Product 38,North,Website,Credit Card,262.8,1,5,249.66,Returned,4.4,0,3,1,2024,74.898
ORD103656,2023-07-27,CUST7773,VIP,Toys,Toys Product 33,South,Website,UPI,3233.98,1,5,3072.28,Cancelled,4.3,0,7,3,2023,798.7928
ORD103657,2024-12-06,CUST2443,At-Risk,Automotive,Automotive Product 22,West,Mobile App,Debit Card,25791.38,2,0,51582.76,Cancelled,2.4,0,12,4,2024,11348.2072
ORD103658,2023-05-16,CUST9432,New,Electronics,Electronics Product 28,East,Mobile App,Debit Card,32867.79,2,0,65735.58,Cancelled,4.1,0,5,2,2023,9202.981200000002
ORD103659,2024-10-27,CUST3314,New,Electronics,Electronics Product 26,North,Website,Credit Card,61420.87,4,20,196546.78,Returned,3.1,0,10,4,2024,21620.1458
ORD103660,2023-11-06,CUST8768,At-Risk,Automotive,Automotive Product 45,South,Marketplace,Net Banking,49024.78,2,5,93147.08,Returned,4.1,0,11,4,2023,15835.003600000002
ORD103661,2023-06-12,CUST4312,New,Sports,Sports Product 17,East,Website,Credit Card,11902.7,2,5,22615.13,Shipped,3.1,0,6,2,2023,2939.9669000000004
ORD103662,2023-10-08,CUST6093,Returning,Home & Kitchen,Home & Kitchen Product 14,Central,Website,Net Banking,12982.19,1,0,12982.19,Cancelled,3.1,0,10,4,2023,4413.944600000001
ORD103663,2023-04-06,CUST9821,At-Risk,Electronics,Electronics Product 3,East,Mobile App,Net Banking,77685.64,1,5,73801.36,Processing,5.0,0,4,2,2023,9594.176800000001
ORD103664,2024-11-01,CUST2354,Returning,Electronics,Electronics Product 7,Central,Website,Net Banking,4711.19,2,10,8480.14,Delivered,4.9,0,11,4,2024,2713.6448
ORD103665,2024-01-05,CUST4493,New,Automotive,Automotive Product 25,East,Mobile App,Net Banking,37919.74,1,10,34127.77,Returned,4.0,1,1,1,2024,7508.109399999999
ORD103666,2023-09-14,CUST2158,VIP,Sports,Sports Product 22,South,Marketplace,Credit Card,11913.97,3,10,32167.72,Returned,4.1,0,9,3,2023,3860.1264
ORD103667,2023-03-26,CUST1581,VIP,Sports,Sports Product 41,West,Website,Net Banking,15582.57,1,0,15582.57,Delivered,3.8,1,3,1,2023,5298.0738
ORD103668,2024-01-16,CUST5224,Returning,Toys,Toys Product 23,West,Social Media,Debit Card,469.85,1,0,469.85,Shipped,4.5,0,1,1,2024,126.85950000000001
ORD103669,2024-11-11,CUST6444,Returning,Beauty,Beauty Product 28,North,Mobile App,Debit Card,331.34,1,15,281.64,Shipped,3.5,0,11,4,2024,47.8788
ORD103670,2024-10-26,CUST1743,At-Risk,Books,Books Product 9,North,Social Media,Credit Card,389.6,1,20,311.68,Shipped,4.8,1,10,4,2024,115.3216
ORD103671,2023-06-19,CUST3518,New,Sports,Sports Product 15,West,Website,Credit Card,3559.66,1,0,3559.66,Returned,3.8,0,6,2,2023,391.5626
ORD103672,2023-02-23,CUST6763,Returning,Electronics,Electronics Product 33,South,Website,Wallet,15972.21,2,5,30347.2,Delivered,3.7,1,2,1,2023,4855.552000000001
ORD103673,2024-02-10,CUST7607,New,Home & Kitchen,Home & Kitchen Product 36,West,Website,Credit Card,14702.79,1,0,14702.79,Delivered,4.0,0,2,1,2024,4851.920700000001
ORD103674,2024-10-02,CUST4633,VIP,Clothing,Clothing Product 32,Central,Marketplace,Net Banking,3913.92,2,0,7827.84,Processing,3.5,1,10,4,2024,2426.6304
ORD103675,2023-11-09,CUST4001,New,Sports,Sports Product 34,East,Website,Credit Card,19795.97,1,0,19795.97,Delivered,4.3,0,11,4,2023,3761.2343
ORD103676,2024-12-17,CUST2125,Returning,Clothing,Clothing Product 33,Central,Mobile App,Credit Card,4211.55,1,0,4211.55,Cancelled,3.6,0,12,4,2024,505.386
ORD103677,2023-08-28,CUST8672,New,Toys,Toys Product 33,East,Marketplace,Wallet,312.05,1,10,280.85,Processing,4.4,0,8,3,2023,101.10600000000001
ORD103678,2024-03-15,CUST5862,VIP,Clothing,Clothing Product 29,North,Website,UPI,4658.37,3,5,13276.35,Delivered,5.0,1,3,1,2024,2522.5065
ORD103679,2024-11-02,CUST4495,New,Home & Kitchen,Home & Kitchen Product 47,East,Social Media,UPI,11011.41,1,0,11011.41,Returned,3.4,0,11,4,2024,1761.8256000000001
ORD103680,2023-04-04,CUST6897,Returning,Sports,Sports Product 25,South,Marketplace,Debit Card,6903.09,3,0,20709.27,Delivered,3.9,0,4,2,2023,5177.3175
ORD103681,2024-12-21,CUST8173,VIP,Toys,Toys Product 23,Central,Website,Credit Card,557.81,1,15,474.14,Processing,4.4,0,12,4,2024,175.43179999999998
ORD103682,2023-04-08,CUST5194,New,Books,Books Product 28,East,Website,Wallet,382.49,3,0,1147.47,Delivered,3.7,0,4,2,2023,126.2217
ORD103683,2023-01-02,CUST9585,At-Risk,Beauty,Beauty Product 45,East,Social Media,Debit Card,2147.65,1,10,1932.89,Cancelled,4.4,0,1,1,2023,637.8537000000001
ORD103684,2023-08-07,CUST4964,New,Beauty,Beauty Product 40,East,Marketplace,Net Banking,2103.26,2,0,4206.52,Cancelled,4.4,0,8,3,2023,1135.7604000000001
ORD103685,2024-05-03,CUST6527,At-Risk,Sports,Sports Product 40,Central,Social Media,Debit Card,16176.31,2,10,29117.36,Returned,4.9,0,5,2,2024,6696.9928
ORD103686,2023-03-21,CUST3480,At-Risk,Automotive,Automotive Product 16,West,Website,Credit Card,19559.5,4,0,78238.0,Shipped,3.5,0,3,1,2023,25036.16
ORD103687,2023-05-16,CUST7892,At-Risk,Sports,Sports Product 5,West,Website,Debit Card,9698.39,1,0,9698.39,Shipped,3.2,0,5,2,2023,3782.3721
ORD103688,2024-08-30,CUST9682,Returning,Books,Books Product 14,Central,Social Media,UPI,693.09,1,0,693.09,Shipped,3.8,0,8,3,2024,117.82530000000001
ORD103689,2023-08-20,CUST1990,VIP,Beauty,Beauty Product 25,East,Website,Credit Card,671.52,1,0,671.52,Delivered,3.2,0,8,3,2023,94.01280000000001
ORD103690,2024-06-15,CUST7645,VIP,Beauty,Beauty Product 43,East,Social Media,Debit Card,1036.91,3,5,2955.19,Processing,4.5,0,6,2,2024,1093.4203
ORD103691,2024-11-27,CUST5472,Returning,Books,Books Product 4,South,Marketplace,Net Banking,224.19,2,10,403.54,Returned,3.1,0,11,4,2024,121.062
ORD103692,2024-03-31,CUST9940,VIP,Automotive,Automotive Product 27,North,Marketplace,Net Banking,21973.76,3,0,65921.28,Returned,5.0,0,3,1,2024,15161.894400000001
ORD103693,2023-01-10,CUST8133,New,Beauty,Beauty Product 42,West,Social Media,Wallet,868.24,1,0,868.24,Shipped,5.0,0,1,1,2023,234.4248
ORD103694,2023-01-09,CUST1637,Returning,Electronics,Electronics Product 9,East,Social Media,Credit Card,7713.39,1,5,7327.72,Processing,4.0,0,1,1,2023,2344.8704000000002
ORD103695,2024-12-13,CUST8033,VIP,Home & Kitchen,Home & Kitchen Product 9,West,Social Media,Net Banking,4129.43,1,10,3716.49,Cancelled,4.7,0,12,4,2024,1226.4417
ORD103696,2023-12-18,CUST8336,At-Risk,Electronics,Electronics Product 38,South,Mobile App,Credit Card,16448.28,5,25,61681.05,Returned,2.7,0,12,4,2023,23438.799000000003
ORD103697,2023-05-04,CUST4174,VIP,Automotive,Automotive Product 2,West,Website,Debit Card,18079.07,2,10,32542.33,Delivered,5.0,0,5,2,2023,7484.735900000001
ORD103698,2024-03-08,CUST9977,New,Electronics,Electronics Product 6,East,Mobile App,Net Banking,51954.41,4,5,197426.76,Delivered,3.5,0,3,1,2024,37511.0844
ORD103699,2024-12-11,CUST4588,VIP,Electronics,Electronics Product 7,South,Marketplace,Wallet,6984.69,1,10,6286.22,Processing,3.9,1,12,4,2024,1823.0038
ORD103700,2023-05-16,CUST5118,VIP,Home & Kitchen,Home & Kitchen Product 47,Central,Website,Debit Card,6940.39,2,20,11104.62,Cancelled,2.5,0,5,2,2023,2443.0164
ORD103701,2024-05-04,CUST5908,New,Toys,Toys Product 13,North,Social Media,Credit Card,557.31,2,15,947.43,Processing,4.4,0,5,2,2024,265.2804
ORD103702,2023-03-14,CUST9879,At-Risk,Automotive,Automotive Product 36,North,Website,Net Banking,13482.18,1,0,13482.18,Shipped,3.1,0,3,1,2023,3100.9014
ORD103703,2023-08-23,CUST9247,Returning,Toys,Toys Product 25,North,Marketplace,Credit Card,3541.34,3,0,10624.02,Shipped,4.1,1,8,3,2023,1593.603
ORD103704,2024-01-28,CUST4198,VIP,Clothing,Clothing Product 1,West,Marketplace,Wallet,492.32,4,0,1969.28,Cancelled,3.6,0,1,1,2024,472.62719999999996
ORD103705,2023-04-02,CUST9964,At-Risk,Clothing,Clothing Product 18,North,Website,Wallet,2874.22,4,5,10922.04,Processing,3.1,0,4,2,2023,3385.8324000000002
ORD103706,2023-04-15,CUST5974,At-Risk,Electronics,Electronics Product 31,West,Mobile App,Debit Card,54775.45,2,10,98595.81,Delivered,3.4,0,4,2,2023,33522.5754
ORD103707,2023-04-16,CUST3897,VIP,Automotive,Automotive Product 38,South,Website,Credit Card,5498.12,1,5,5223.21,Returned,4.2,1,4,2,2023,1305.8025
ORD103708,2023-11-17,CUST6208,New,Clothing,Clothing Product 18,East,Website,Credit Card,208.3,1,0,208.3,Shipped,3.0,0,11,4,2023,31.245
ORD103709,2024-01-12,CUST4733,VIP,Beauty,Beauty Product 43,East,Website,UPI,2957.62,5,10,13309.29,Cancelled,3.4,0,1,1,2024,2928.0438000000004
ORD103710,2023-11-03,CUST7268,At-Risk,Toys,Toys Product 49,West,Website,UPI,247.8,1,15,210.63,Delivered,4.5,0,11,4,2023,71.6142
ORD103711,2023-05-21,CUST5881,Returning,Beauty,Beauty Product 29,Central,Marketplace,Wallet,1081.55,2,0,2163.1,Returned,5.0,0,5,2,2023,475.882
ORD103712,2024-01-27,CUST7650,VIP,Toys,Toys Product 6,East,Marketplace,Debit Card,1363.8,2,10,2454.84,Shipped,4.4,0,1,1,2024,761.0004
ORD103713,2023-05-17,CUST3259,New,Home & Kitchen,Home & Kitchen Product 49,East,Social Media,Credit Card,12060.56,2,5,22915.06,Cancelled,3.3,0,5,2,2023,5728.765
ORD103714,2024-10-18,CUST9850,VIP,Electronics,Electronics Product 37,Central,Social Media,Net Banking,45662.25,5,20,182649.0,Cancelled,3.7,0,10,4,2024,31050.33
ORD103715,2024-11-24,CUST1777,New,Clothing,Clothing Product 40,South,Social Media,Debit Card,1999.21,1,15,1699.33,Delivered,4.0,0,11,4,2024,577.7722
ORD103716,2023-05-27,CUST6420,Returning,Automotive,Automotive Product 1,South,Social Media,Credit Card,4213.95,1,5,4003.25,Processing,3.7,0,5,2,2023,520.4225
ORD103717,2023-03-12,CUST6472,At-Risk,Beauty,Beauty Product 14,East,Social Media,Net Banking,641.32,1,10,577.19,Returned,4.7,0,3,1,2023,150.06940000000003
ORD103718,2024-06-27,CUST1869,New,Books,Books Product 33,North,Social Media,Debit Card,545.54,1,20,436.43,Returned,4.2,0,6,2,2024,69.8288
ORD103719,2024-07-30,CUST8299,Returning,Automotive,Automotive Product 2,West,Website,UPI,25311.51,1,5,24045.93,Delivered,4.7,0,7,3,2024,2885.5116
ORD103720,2023-01-09,CUST8279,VIP,Electronics,Electronics Product 14,South,Marketplace,Net Banking,43049.51,1,0,43049.51,Shipped,3.7,0,1,1,2023,10762.3775
ORD103721,2024-09-16,CUST5533,VIP,Books,Books Product 22,Central,Mobile App,UPI,783.04,3,15,1996.75,Delivered,5.0,0,9,3,2024,499.1875
ORD103722,2024-10-27,CUST1821,Returning,Electronics,Electronics Product 8,South,Marketplace,Debit Card,8208.78,4,0,32835.12,Cancelled,3.9,0,10,4,2024,10178.887200000001
ORD103723,2023-06-18,CUST7446,New,Sports,Sports Product 49,South,Social Media,UPI,13790.35,1,0,13790.35,Cancelled,3.2,0,6,2,2023,4412.912
ORD103724,2024-03-26,CUST6899,Returning,Beauty,Beauty Product 47,West,Website,Net Banking,590.81,1,20,472.65,Delivered,5.0,1,3,1,2024,151.248
ORD103725,2023-12-26,CUST8356,New,Books,Books Product 47,East,Website,Wallet,361.92,4,10,1302.91,Processing,2.5,0,12,4,2023,286.6402
ORD103726,2023-08-07,CUST6497,VIP,Clothing,Clothing Product 17,Central,Social Media,UPI,1049.26,1,5,996.8,Delivered,3.4,0,8,3,2023,289.07199999999995
ORD103727,2024-10-05,CUST6774,Returning,Sports,Sports Product 34,Central,Website,Net Banking,9037.67,1,0,9037.67,Cancelled,3.5,0,10,4,2024,2440.1709
ORD103728,2023-06-05,CUST2311,VIP,Books,Books Product 38,West,Mobile App,Debit Card,692.18,1,0,692.18,Shipped,5.0,0,6,2,2023,159.2014
ORD103729,2024-02-26,CUST6967,VIP,Books,Books Product 49,North,Website,Debit Card,640.39,2,0,1280.78,Processing,5.0,0,2,1,2024,358.6184
ORD103730,2024-09-22,CUST7505,New,Automotive,Automotive Product 21,North,Social Media,UPI,25760.57,1,0,25760.57,Shipped,5.0,0,9,3,2024,9789.0166
ORD103731,2024-12-04,CUST3612,At-Risk,Beauty,Beauty Product 47,North,Social Media,UPI,2470.93,5,10,11119.18,Processing,3.7,1,12,4,2024,1779.0688
ORD103732,2024-03-29,CUST4374,Returning,Electronics,Electronics Product 16,North,Marketplace,Credit Card,35885.96,1,0,35885.96,Cancelled,5.0,1,3,1,2024,13277.805199999999
ORD103733,2023-08-11,CUST3994,VIP,Sports,Sports Product 36,West,Marketplace,Net Banking,12592.82,2,5,23926.36,Shipped,4.3,0,8,3,2023,2871.1632
ORD103734,2023-03-30,CUST1159,Returning,Automotive,Automotive Product 11,North,Website,UPI,46816.42,1,0,46816.42,Returned,4.8,0,3,1,2023,8895.1198
ORD103735,2023-04-13,CUST1557,New,Books,Books Product 46,West,Social Media,Debit Card,721.76,1,25,541.32,Shipped,4.1,0,4,2,2023,102.8508
ORD103736,2023-05-24,CUST9861,Returning,Electronics,Electronics Product 37,Central,Social Media,Wallet,63594.97,2,0,127189.94,Processing,4.0,0,5,2,2023,36885.0826
ORD103737,2023-05-07,CUST6460,New,Books,Books Product 19,North,Website,Wallet,184.2,3,0,552.6,Returned,3.8,0,5,2,2023,77.364
ORD103738,2024-08-26,CUST6317,At-Risk,Toys,Toys Product 20,South,Mobile App,Credit Card,3750.14,3,0,11250.42,Cancelled,3.8,0,8,3,2024,4050.1512
ORD103739,2024-01-29,CUST2755,At-Risk,Clothing,Clothing Product 5,Central,Mobile App,UPI,4688.16,2,10,8438.69,Delivered,4.5,0,1,1,2024,2953.5415
ORD103740,2023-12-26,CUST1696,At-Risk,Sports,Sports Product 38,East,Mobile App,Debit Card,2512.39,4,10,9044.6,Cancelled,4.3,1,12,4,2023,2713.38
ORD103741,2024-03-15,CUST9083,VIP,Automotive,Automotive Product 46,East,Website,Net Banking,34405.18,3,5,98054.76,Returned,4.0,0,3,1,2024,23533.142399999997
ORD103742,2023-11-19,CUST6070,At-Risk,Home & Kitchen,Home & Kitchen Product 49,West,Marketplace,Net Banking,8974.56,3,5,25577.5,Returned,5.0,0,11,4,2023,9719.45
ORD103743,2023-05-24,CUST1451,At-Risk,Books,Books Product 8,West,Marketplace,Wallet,217.17,1,0,217.17,Cancelled,1.6,0,5,2,2023,76.00949999999999
ORD103744,2023-09-11,CUST2666,VIP,Home & Kitchen,Home & Kitchen Product 17,North,Mobile App,Credit Card,1765.91,1,5,1677.61,Shipped,4.4,0,9,3,2023,419.4025
ORD103745,2023-10-11,CUST4826,VIP,Clothing,Clothing Product 30,South,Marketplace,Debit Card,1127.17,1,5,1070.81,Processing,4.6,1,10,4,2023,331.9511
ORD103746,2024-10-22,CUST2633,New,Home & Kitchen,Home & Kitchen Product 37,North,Social Media,Credit Card,2582.21,2,0,5164.42,Returned,4.9,0,10,4,2024,1394.3934000000002
ORD103747,2023-03-28,CUST2365,VIP,Clothing,Clothing Product 47,East,Mobile App,Net Banking,3143.32,1,0,3143.32,Shipped,3.9,0,3,1,2023,880.1296000000001
ORD103748,2023-09-12,CUST2640,New,Home & Kitchen,Home & Kitchen Product 4,Central,Social Media,Debit Card,5259.73,1,0,5259.73,Processing,4.2,0,9,3,2023,1051.946
ORD103749,2024-07-20,CUST8580,At-Risk,Sports,Sports Product 24,East,Social Media,Credit Card,9311.47,4,0,37245.88,Processing,4.8,0,7,3,2024,8939.011199999999
ORD103750,2024-09-07,CUST9315,VIP,Books,Books Product 15,Central,Mobile App,Wallet,560.94,4,10,2019.38,Delivered,5.0,0,9,3,2024,242.3256
ORD103751,2024-09-06,CUST7355,Returning,Sports,Sports Product 20,East,Marketplace,UPI,16702.69,4,0,66810.76,Returned,3.8,0,9,3,2024,14030.259599999998
ORD103752,2024-09-14,CUST2552,Returning,Books,Books Product 29,North,Mobile App,Net Banking,648.84,1,0,648.84,Returned,4.2,0,9,3,2024,201.1404
ORD103753,2023-10-19,CUST1312,New,Electronics,Electronics Product 9,East,Mobile App,Wallet,75548.88,2,0,151097.76,Returned,5.0,1,10,4,2023,58928.12640000001
ORD103754,2024-12-08,CUST3331,Returning,Sports,Sports Product 36,South,Website,Wallet,13506.62,1,25,10129.96,Shipped,2.3,0,12,4,2024,3950.6843999999996
ORD103755,2023-01-28,CUST6382,VIP,Automotive,Automotive Product 16,South,Marketplace,Credit Card,4020.81,1,20,3216.65,Delivered,3.4,0,1,1,2023,868.4955000000001
ORD103756,2024-11-05,CUST5832,At-Risk,Electronics,Electronics Product 38,East,Mobile App,Debit Card,20074.66,1,0,20074.66,Cancelled,5.0,0,11,4,2024,5620.9048
ORD103757,2023-11-05,CUST8293,VIP,Toys,Toys Product 23,East,Marketplace,UPI,737.25,1,0,737.25,Returned,4.9,0,11,4,2023,117.96000000000001
ORD103758,2023-07-30,CUST7374,New,Electronics,Electronics Product 6,South,Social Media,UPI,76850.77,1,0,76850.77,Processing,4.4,0,7,3,2023,23823.7387
ORD103759,2024-06-14,CUST1884,At-Risk,Beauty,Beauty Product 48,Central,Mobile App,Credit Card,1548.69,3,5,4413.77,Shipped,3.6,0,6,2,2024,529.6524000000001
ORD103760,2024-09-13,CUST3902,Returning,Toys,Toys Product 27,South,Marketplace,Wallet,3217.41,1,0,3217.41,Delivered,3.3,0,9,3,2024,611.3079
ORD103761,2024-06-05,CUST3755,Returning,Toys,Toys Product 31,South,Social Media,Credit Card,358.04,2,10,644.47,Cancelled,3.5,0,6,2,2024,193.341
ORD103762,2023-07-13,CUST1389,Returning,Sports,Sports Product 14,West,Mobile App,Wallet,1549.03,2,5,2943.16,Returned,5.0,1,7,3,2023,559.2004
ORD103763,2024-02-06,CUST7653,Returning,Clothing,Clothing Product 41,South,Social Media,Wallet,4915.26,1,20,3932.21,Processing,3.5,0,2,1,2024,432.5431
ORD103764,2023-10-30,CUST7077,At-Risk,Automotive,Automotive Product 4,Central,Mobile App,Net Banking,24436.83,1,0,24436.83,Returned,4.1,1,10,4,2023,8552.8905
ORD103765,2024-10-23,CUST4830,New,Automotive,Automotive Product 37,West,Mobile App,Wallet,42305.19,1,15,35959.41,Processing,3.4,0,10,4,2024,6832.287900000001
ORD103766,2023-02-25,CUST6163,VIP,Beauty,Beauty Product 22,East,Mobile App,UPI,2030.03,2,15,3451.05,Shipped,4.7,0,2,1,2023,414.12600000000003
ORD103767,2023-09-03,CUST5391,At-Risk,Electronics,Electronics Product 47,West,Marketplace,UPI,60491.62,1,0,60491.62,Cancelled,3.6,0,9,3,2023,7258.9944000000005
ORD103768,2024-05-21,CUST2362,VIP,Books,Books Product 15,West,Social Media,UPI,513.79,1,0,513.79,Shipped,3.9,1,5,2,2024,92.48219999999999
ORD103769,2024-01-31,CUST3902,Returning,Electronics,Electronics Product 9,Central,Website,Net Banking,67898.05,1,0,67898.05,Shipped,2.7,0,1,1,2024,10184.7075
ORD103770,2023-04-26,CUST1010,At-Risk,Sports,Sports Product 43,Central,Mobile App,UPI,2182.69,2,0,4365.38,Returned,2.7,0,4,2,2023,1440.5754000000002
ORD103771,2023-09-04,CUST2354,At-Risk,Toys,Toys Product 47,North,Marketplace,Net Banking,2688.26,4,0,10753.04,Cancelled,4.0,0,9,3,2023,2150.608
ORD103772,2024-05-26,CUST3215,At-Risk,Automotive,Automotive Product 26,South,Website,Wallet,45663.86,1,10,41097.47,Shipped,2.9,1,5,2,2024,13973.1398
ORD103773,2024-10-15,CUST3985,VIP,Beauty,Beauty Product 32,North,Mobile App,Credit Card,1754.54,2,5,3333.63,Processing,5.0,1,10,4,2024,500.04449999999997
ORD103774,2024-08-31,CUST8171,Returning,Electronics,Electronics Product 1,South,Social Media,Net Banking,56325.37,2,20,90120.59,Cancelled,2.4,0,8,3,2024,22530.1475
ORD103775,2023-03-14,CUST6140,New,Toys,Toys Product 36,West,Social Media,UPI,2182.36,4,0,8729.44,Returned,3.4,0,3,1,2023,2706.1264
ORD103776,2024-06-24,CUST6854,At-Risk,Books,Books Product 17,East,Mobile App,UPI,629.85,3,25,1417.16,Delivered,4.0,1,6,2,2024,425.148
ORD103777,2023-01-13,CUST1975,Returning,Beauty,Beauty Product 33,West,Marketplace,Debit Card,1983.12,2,0,3966.24,Cancelled,3.7,0,1,1,2023,1110.5472
ORD103778,2024-01-05,CUST1173,New,Clothing,Clothing Product 49,East,Social Media,Credit Card,1556.3,2,15,2645.71,Shipped,3.1,0,1,1,2024,1005.3698
ORD103779,2023-11-21,CUST3587,At-Risk,Electronics,Electronics Product 34,West,Marketplace,UPI,11270.32,4,0,45081.28,Cancelled,3.2,0,11,4,2023,7663.8176
ORD103780,2023-05-16,CUST7843,At-Risk,Books,Books Product 26,West,Marketplace,UPI,634.47,1,0,634.47,Processing,3.2,0,5,2,2023,158.6175
ORD103781,2024-02-01,CUST1831,Returning,Toys,Toys Product 41,North,Marketplace,Credit Card,1313.24,1,20,1050.59,Delivered,3.8,0,2,1,2024,388.71829999999994
ORD103782,2024-08-05,CUST2293,Returning,Clothing,Clothing Product 34,North,Mobile App,UPI,3206.43,1,0,3206.43,Returned,5.0,0,8,3,2024,384.7716
ORD103783,2024-03-06,CUST6234,New,Books,Books Product 48,East,Social Media,Credit Card,382.97,3,10,1034.02,Shipped,4.1,0,3,1,2024,124.08239999999999
ORD103784,2024-01-10,CUST2818,VIP,Books,Books Product 50,Central,Mobile App,UPI,363.95,3,10,982.66,Cancelled,4.9,0,1,1,2024,167.0522
ORD103785,2024-07-13,CUST6525,New,Home & Kitchen,Home & Kitchen Product 27,Central,Mobile App,UPI,7509.84,1,5,7134.35,Cancelled,4.4,1,7,3,2024,2068.9615
ORD103786,2024-11-30,CUST4515,New,Beauty,Beauty Product 22,South,Marketplace,Net Banking,1550.03,2,5,2945.06,Delivered,4.9,1,11,4,2024,530.1107999999999
ORD103787,2023-06-26,CUST3999,At-Risk,Sports,Sports Product 25,North,Social Media,Net Banking,6701.68,1,10,6031.51,Cancelled,1.8,1,6,2,2023,965.0416
ORD103788,2024-04-27,CUST6685,Returning,Clothing,Clothing Product 45,Central,Marketplace,UPI,2523.7,1,0,2523.7,Processing,3.8,0,4,2,2024,605.688
ORD103789,2023-03-16,CUST5253,VIP,Clothing,Clothing Product 43,West,Mobile App,Credit Card,2066.28,5,10,9298.26,Processing,5.0,0,3,1,2023,2603.5128000000004
ORD103790,2023-01-18,CUST8211,Returning,Electronics,Electronics Product 10,North,Mobile App,Wallet,40060.36,1,20,32048.29,Processing,3.5,0,1,1,2023,5448.2093
ORD103791,2024-08-24,CUST6567,At-Risk,Automotive,Automotive Product 38,Central,Website,Debit Card,39488.91,1,0,39488.91,Cancelled,5.0,1,8,3,2024,7502.892900000001
ORD103792,2023-03-11,CUST1524,VIP,Toys,Toys Product 11,Central,Social Media,Credit Card,1291.34,2,0,2582.68,Shipped,5.0,0,3,1,2023,723.1504
ORD103793,2023-01-15,CUST8177,VIP,Electronics,Electronics Product 24,East,Social Media,Credit Card,54882.17,2,10,98787.91,Returned,3.6,0,1,1,2023,37539.4058
ORD103794,2023-09-26,CUST5628,VIP,Beauty,Beauty Product 50,North,Social Media,Net Banking,307.08,1,5,291.73,Shipped,3.6,0,9,3,2023,87.519
ORD103795,2023-08-09,CUST1718,At-Risk,Sports,Sports Product 43,North,Mobile App,Net Banking,16692.64,2,5,31716.02,Returned,3.2,0,8,3,2023,10466.286600000001
ORD103796,2023-02-10,CUST9066,New,Books,Books Product 43,West,Mobile App,UPI,231.66,2,0,463.32,Returned,3.5,0,2,1,2023,97.29719999999999
ORD103797,2023-03-03,CUST2636,At-Risk,Clothing,Clothing Product 35,Central,Social Media,Wallet,628.1,1,5,596.7,Shipped,3.0,0,3,1,2023,107.406
ORD103798,2024-02-12,CUST8257,Returning,Automotive,Automotive Product 43,North,Mobile App,Wallet,44690.95,1,0,44690.95,Shipped,4.3,0,2,1,2024,10725.828
ORD103799,2024-06-02,CUST4133,Returning,Books,Books Product 12,North,Marketplace,Debit Card,623.5,2,5,1184.65,Delivered,2.8,0,6,2,2024,402.78100000000006
ORD103800,2023-10-21,CUST3115,Returning,Beauty,Beauty Product 11,West,Mobile App,Credit Card,1778.13,1,15,1511.41,Shipped,4.5,0,10,4,2023,362.7384
ORD103801,2024-10-05,CUST8597,At-Risk,Electronics,Electronics Product 34,North,Mobile App,Credit Card,14282.02,4,0,57128.08,Processing,4.5,0,10,4,2024,19994.827999999998
ORD103802,2024-12-30,CUST1811,Returning,Beauty,Beauty Product 11,North,Marketplace,Credit Card,1043.91,3,5,2975.14,Cancelled,2.7,0,12,4,2024,1190.056
ORD103803,2024-05-28,CUST6797,Returning,Books,Books Product 46,East,Website,Debit Card,133.57,5,25,500.89,Delivered,5.0,0,5,2,2024,60.10679999999999
ORD103804,2024-03-01,CUST6999,At-Risk,Clothing,Clothing Product 35,West,Social Media,UPI,334.22,1,10,300.8,Shipped,4.4,0,3,1,2024,33.088
ORD103805,2024-03-09,CUST1459,New,Automotive,Automotive Product 1,East,Mobile App,Credit Card,48365.0,5,15,205551.25,Cancelled,4.6,1,3,1,2024,28777.175000000003
ORD103806,2024-12-19,CUST4778,At-Risk,Clothing,Clothing Product 49,East,Website,UPI,2047.53,1,5,1945.15,Returned,3.4,0,12,4,2024,427.93300000000005
ORD103807,2024-02-16,CUST2077,New,Automotive,Automotive Product 49,West,Website,Credit Card,18106.87,1,15,15390.84,Returned,4.5,0,2,1,2024,2154.7176000000004
ORD103808,2023-03-26,CUST1788,Returning,Clothing,Clothing Product 8,North,Social Media,UPI,2781.27,1,0,2781.27,Returned,4.9,0,3,1,2023,1001.2572
ORD103809,2024-10-17,CUST1159,Returning,Clothing,Clothing Product 34,North,Social Media,Wallet,4153.98,1,0,4153.98,Shipped,3.9,0,10,4,2024,456.9378
ORD103810,2024-07-03,CUST7433,Returning,Electronics,Electronics Product 14,Central,Mobile App,Credit Card,54891.15,2,0,109782.3,Processing,5.0,0,7,3,2024,20858.637000000002
ORD103811,2024-07-04,CUST5716,At-Risk,Electronics,Electronics Product 10,Central,Mobile App,Net Banking,34987.42,1,5,33238.05,Delivered,4.0,0,7,3,2024,5318.088000000001
ORD103812,2024-09-22,CUST4542,New,Toys,Toys Product 16,South,Marketplace,Net Banking,2131.82,1,15,1812.05,Processing,4.9,0,9,3,2024,688.579
ORD103813,2023-06-06,CUST5981,New,Beauty,Beauty Product 24,North,Website,Credit Card,2570.28,2,0,5140.56,Delivered,4.2,0,6,2,2023,1542.1680000000001
ORD103814,2023-10-12,CUST1199,At-Risk,Clothing,Clothing Product 14,Central,Website,Wallet,2641.98,1,10,2377.78,Cancelled,4.5,0,10,4,2023,879.7786000000001
ORD103815,2023-03-27,CUST4330,VIP,Home & Kitchen,Home & Kitchen Product 3,West,Marketplace,Credit Card,10312.66,2,10,18562.79,Returned,2.7,0,3,1,2023,7239.4881000000005
ORD103816,2023-11-14,CUST2941,VIP,Electronics,Electronics Product 28,East,Mobile App,UPI,4055.3,1,10,3649.77,Processing,4.3,0,11,4,2023,912.4425
ORD103817,2023-03-22,CUST1049,At-Risk,Automotive,Automotive Product 33,East,Website,UPI,11353.06,3,0,34059.18,Processing,3.4,0,3,1,2023,5790.060600000001
ORD103818,2024-06-07,CUST5545,New,Electronics,Electronics Product 33,South,Marketplace,Net Banking,36850.08,3,10,99495.22,Returned,3.3,0,6,2,2024,15919.235200000001
ORD103819,2023-07-28,CUST6705,VIP,Sports,Sports Product 22,East,Social Media,UPI,4039.83,1,0,4039.83,Returned,5.0,0,7,3,2023,686.7711
ORD103820,2023-06-09,CUST3065,At-Risk,Toys,Toys Product 28,West,Mobile App,UPI,1041.96,1,0,1041.96,Processing,3.8,0,6,2,2023,323.0076
ORD103821,2024-07-03,CUST1514,At-Risk,Clothing,Clothing Product 35,South,Marketplace,Wallet,1737.49,1,25,1303.12,Shipped,3.2,0,7,3,2024,143.3432
ORD103822,2023-12-01,CUST4514,VIP,Clothing,Clothing Product 47,Central,Marketplace,UPI,3627.37,3,0,10882.11,Shipped,3.7,0,12,4,2023,1305.8532
ORD103823,2024-02-05,CUST8019,VIP,Electronics,Electronics Product 20,Central,Mobile App,Credit Card,39874.38,1,0,39874.38,Processing,3.0,0,2,1,2024,11164.8264
ORD103824,2024-08-23,CUST1747,New,Electronics,Electronics Product 44,East,Social Media,Credit Card,45906.05,1,20,36724.84,Returned,5.0,0,8,3,2024,10650.203599999999
ORD103825,2024-10-11,CUST9298,At-Risk,Sports,Sports Product 28,South,Mobile App,Credit Card,12415.13,1,0,12415.13,Cancelled,3.4,1,10,4,2024,3724.5389999999998
ORD103826,2024-10-27,CUST5656,At-Risk,Toys,Toys Product 32,South,Social Media,Credit Card,371.89,1,10,334.7,Returned,4.4,0,10,4,2024,70.28699999999999
ORD103827,2024-11-28,CUST2055,At-Risk,Toys,Toys Product 27,West,Mobile App,UPI,1649.66,1,0,1649.66,Cancelled,5.0,0,11,4,2024,560.8844
ORD103828,2024-10-20,CUST2179,VIP,Clothing,Clothing Product 41,West,Social Media,Credit Card,4521.54,3,0,13564.62,Processing,3.6,0,10,4,2024,3526.8012000000003
ORD103829,2023-03-09,CUST9892,VIP,Toys,Toys Product 32,East,Mobile App,Credit Card,642.06,1,0,642.06,Delivered,4.4,1,3,1,2023,83.4678
ORD103830,2023-11-14,CUST5913,Returning,Books,Books Product 33,Central,Mobile App,UPI,303.31,1,0,303.31,Returned,3.2,0,11,4,2023,103.12540000000001
ORD103831,2024-12-16,CUST2536,New,Electronics,Electronics Product 2,West,Mobile App,Net Banking,72399.47,3,5,206338.49,Cancelled,5.0,0,12,4,2024,80472.0111
ORD103832,2024-03-23,CUST4627,New,Automotive,Automotive Product 40,West,Marketplace,UPI,33252.03,3,10,89780.48,Shipped,4.7,0,3,1,2024,10773.657599999999
ORD103833,2023-09-02,CUST6518,At-Risk,Toys,Toys Product 26,North,Social Media,UPI,3677.93,1,5,3494.03,Delivered,3.8,1,9,3,2023,768.6866
ORD103834,2023-03-01,CUST3855,Returning,Automotive,Automotive Product 18,North,Website,UPI,17072.93,1,20,13658.34,Returned,3.4,0,3,1,2023,3414.585
ORD103835,2023-09-08,CUST9936,At-Risk,Toys,Toys Product 21,West,Marketplace,Wallet,872.82,1,0,872.82,Processing,3.9,0,9,3,2023,122.19480000000001
ORD103836,2023-03-30,CUST6884,New,Clothing,Clothing Product 36,Central,Marketplace,Net Banking,2071.6,4,5,7872.08,Delivered,3.7,0,3,1,2023,2833.9487999999997
ORD103837,2024-03-20,CUST6670,VIP,Beauty,Beauty Product 15,Central,Marketplace,Net Banking,800.86,1,10,720.77,Returned,5.0,0,3,1,2024,136.9463
ORD103838,2023-04-29,CUST4991,New,Electronics,Electronics Product 31,North,Marketplace,Wallet,73447.9,4,20,235033.28,Delivered,3.0,1,4,2,2023,77560.98240000001
ORD103839,2024-04-09,CUST7124,VIP,Automotive,Automotive Product 18,South,Marketplace,Debit Card,20576.37,2,0,41152.74,Shipped,4.1,0,4,2,2024,12345.821999999998
ORD103840,2024-09-18,CUST6578,At-Risk,Beauty,Beauty Product 47,East,Website,UPI,594.4,2,10,1069.92,Processing,4.0,1,9,3,2024,299.5776000000001
ORD103841,2024-09-15,CUST3400,New,Books,Books Product 18,South,Marketplace,Wallet,519.13,1,20,415.3,Shipped,3.9,0,9,3,2024,66.44800000000001
ORD103842,2023-02-26,CUST1748,VIP,Clothing,Clothing Product 37,South,Mobile App,Net Banking,3184.47,1,0,3184.47,Cancelled,3.9,0,2,1,2023,541.3599
ORD103843,2023-11-13,CUST6920,VIP,Clothing,Clothing Product 21,East,Marketplace,UPI,1439.29,1,20,1151.43,Processing,3.9,0,11,4,2023,126.6573
ORD103844,2024-11-13,CUST7355,At-Risk,Electronics,Electronics Product 37,North,Marketplace,Debit Card,73813.13,1,0,73813.13,Processing,4.7,0,11,4,2024,12548.232100000001
ORD103845,2024-11-04,CUST2157,Returning,Clothing,Clothing Product 31,South,Mobile App,UPI,3465.9,2,10,6238.62,Processing,4.5,0,11,4,2024,1247.7240000000002
ORD103846,2023-06-29,CUST1544,At-Risk,Books,Books Product 22,North,Website,Net Banking,597.12,5,20,2388.48,Returned,4.3,0,6,2,2023,835.968
ORD103847,2023-05-03,CUST1971,Returning,Home & Kitchen,Home & Kitchen Product 10,Central,Website,Credit Card,13560.69,2,10,24409.24,Delivered,1.6,1,5,2,2023,5125.9404
ORD103848,2023-01-13,CUST7677,VIP,Sports,Sports Product 6,North,Website,UPI,6470.89,2,5,12294.69,Processing,4.2,0,1,1,2023,4057.2477000000003
ORD103849,2024-12-25,CUST8977,At-Risk,Beauty,Beauty Product 15,Central,Social Media,Wallet,2829.78,1,0,2829.78,Delivered,2.7,0,12,4,2024,650.8494000000001
ORD103850,2023-05-21,CUST1213,At-Risk,Toys,Toys Product 23,South,Marketplace,Wallet,2682.68,1,20,2146.14,Delivered,4.5,0,5,2,2023,729.6876
ORD103851,2024-12-19,CUST1314,Returning,Automotive,Automotive Product 41,South,Marketplace,Wallet,45755.82,1,5,43468.03,Processing,5.0,0,12,4,2024,16952.5317
ORD103852,2023-01-12,CUST7517,New,Automotive,Automotive Product 13,West,Marketplace,Debit Card,20932.81,2,0,41865.62,Returned,3.3,0,1,1,2023,7117.155400000001
ORD103853,2023-06-17,CUST8020,Returning,Home & Kitchen,Home & Kitchen Product 6,West,Marketplace,UPI,450.34,4,10,1621.22,Processing,3.8,0,6,2,2023,583.6392
ORD103854,2024-05-23,CUST9970,New,Books,Books Product 31,Central,Marketplace,Net Banking,676.49,2,5,1285.33,Processing,3.5,1,5,2,2024,372.74569999999994
ORD103855,2023-12-22,CUST1963,At-Risk,Home & Kitchen,Home & Kitchen Product 21,Central,Social Media,Net Banking,5843.84,1,0,5843.84,Cancelled,5.0,0,12,4,2023,2045.3439999999998
ORD103856,2024-06-19,CUST2207,At-Risk,Electronics,Electronics Product 23,North,Marketplace,Debit Card,67489.42,1,0,67489.42,Delivered,4.1,1,6,2,2024,20246.825999999997
ORD103857,2024-06-13,CUST9957,New,Electronics,Electronics Product 44,Central,Mobile App,UPI,15564.97,2,0,31129.94,Returned,5.0,0,6,2,2024,7159.8862
ORD103858,2023-09-23,CUST7338,Returning,Home & Kitchen,Home & Kitchen Product 46,West,Website,Net Banking,11754.61,1,10,10579.15,Returned,4.3,0,9,3,2023,1798.4555
ORD103859,2023-06-20,CUST8196,Returning,Sports,Sports Product 22,West,Marketplace,Net Banking,5367.14,3,10,14491.28,Returned,4.2,0,6,2,2023,1738.9536
ORD103860,2024-01-16,CUST8823,At-Risk,Toys,Toys Product 39,West,Mobile App,Credit Card,239.63,3,5,682.95,Processing,4.1,0,1,1,2024,177.567
ORD103861,2023-05-10,CUST5305,New,Beauty,Beauty Product 41,North,Marketplace,Credit Card,2123.69,2,15,3610.27,Cancelled,4.7,0,5,2,2023,1444.1080000000002
ORD103862,2023-10-03,CUST1722,Returning,Sports,Sports Product 11,South,Social Media,Debit Card,1219.27,1,20,975.42,Returned,2.6,0,10,4,2023,312.13439999999997
ORD103863,2023-05-01,CUST4958,New,Home & Kitchen,Home & Kitchen Product 33,Central,Mobile App,Wallet,11576.76,1,10,10419.08,Cancelled,4.1,0,5,2,2023,2083.8160000000003
ORD103864,2023-01-31,CUST8847,New,Home & Kitchen,Home & Kitchen Product 45,West,Website,Credit Card,2194.66,1,0,2194.66,Processing,3.9,0,1,1,2023,768.1309999999999
ORD103865,2023-12-10,CUST9207,VIP,Automotive,Automotive Product 40,East,Marketplace,Net Banking,34723.37,1,10,31251.03,Delivered,4.6,0,12,4,2023,10312.8399
ORD103866,2024-03-15,CUST5375,New,Sports,Sports Product 32,South,Website,Wallet,1782.28,1,5,1693.17,Shipped,3.8,0,3,1,2024,304.7706
ORD103867,2023-10-06,CUST3053,New,Beauty,Beauty Product 18,Central,Mobile App,UPI,475.98,2,10,856.76,Cancelled,3.2,0,10,4,2023,85.676
ORD103868,2024-06-20,CUST4568,Returning,Sports,Sports Product 35,South,Website,Credit Card,3514.91,2,10,6326.84,Shipped,4.0,1,6,2,2024,885.7576000000001
ORD103869,2023-03-07,CUST4175,At-Risk,Beauty,Beauty Product 46,Central,Website,Credit Card,2404.89,1,0,2404.89,Delivered,3.1,0,3,1,2023,865.7603999999999
ORD103870,2023-09-27,CUST5734,New,Electronics,Electronics Product 30,East,Social Media,Wallet,5786.78,1,20,4629.42,Shipped,2.5,1,9,3,2023,1620.297
ORD103871,2024-12-30,CUST6025,Returning,Home & Kitchen,Home & Kitchen Product 18,West,Marketplace,Credit Card,8193.01,1,0,8193.01,Returned,4.6,0,12,4,2024,1556.6719
ORD103872,2024-08-13,CUST7143,New,Electronics,Electronics Product 6,North,Social Media,Debit Card,13805.66,1,10,12425.09,Returned,4.5,0,8,3,2024,2360.7671
ORD103873,2024-10-04,CUST4686,At-Risk,Books,Books Product 44,West,Mobile App,Credit Card,618.07,3,0,1854.21,Delivered,4.4,0,10,4,2024,630.4314
ORD103874,2023-03-20,CUST1336,New,Electronics,Electronics Product 5,East,Marketplace,Net Banking,76447.72,1,20,61158.18,Returned,5.0,0,3,1,2023,23240.1084
ORD103875,2024-05-23,CUST1045,At-Risk,Toys,Toys Product 46,West,Social Media,UPI,2917.09,1,0,2917.09,Cancelled,3.5,0,5,2,2024,962.6397000000001
ORD103876,2024-04-11,CUST7432,At-Risk,Beauty,Beauty Product 41,Central,Marketplace,Debit Card,2130.8,1,0,2130.8,Shipped,2.9,0,4,2,2024,596.6240000000001
ORD103877,2024-06-07,CUST9040,New,Books,Books Product 19,South,Mobile App,UPI,299.36,4,0,1197.44,Shipped,3.9,0,6,2,2024,203.56480000000002
ORD103878,2024-01-04,CUST8511,New,Books,Books Product 34,North,Social Media,Credit Card,300.51,2,0,601.02,Processing,3.7,0,1,1,2024,156.2652
ORD103879,2023-02-26,CUST7176,New,Books,Books Product 25,North,Mobile App,Wallet,698.86,1,0,698.86,Cancelled,3.3,0,2,1,2023,118.8062
ORD103880,2024-05-26,CUST3575,At-Risk,Clothing,Clothing Product 44,North,Marketplace,Credit Card,1455.2,2,10,2619.36,Processing,3.9,1,5,2,2024,890.5824000000001
ORD103881,2024-08-03,CUST6475,Returning,Beauty,Beauty Product 11,South,Social Media,UPI,2318.82,2,5,4405.76,Cancelled,3.5,0,8,3,2024,969.2672
ORD103882,2023-06-20,CUST6375,Returning,Books,Books Product 28,West,Mobile App,Wallet,376.43,5,0,1882.15,Shipped,2.5,0,6,2,2023,658.7524999999999
ORD103883,2024-01-12,CUST1131,At-Risk,Automotive,Automotive Product 29,North,Marketplace,UPI,44371.5,1,0,44371.5,Shipped,3.6,0,1,1,2024,9318.015
ORD103884,2023-06-11,CUST4571,Returning,Automotive,Automotive Product 21,Central,Mobile App,Wallet,10744.6,4,15,36531.64,Processing,3.1,0,6,2,2023,12786.073999999999
ORD103885,2023-09-19,CUST3632,Returning,Beauty,Beauty Product 49,North,Social Media,Credit Card,396.53,4,10,1427.51,Processing,4.2,0,9,3,2023,285.502
ORD103886,2023-04-16,CUST6700,At-Risk,Beauty,Beauty Product 8,West,Marketplace,UPI,2562.39,4,10,9224.6,Shipped,3.5,0,4,2,2023,2121.6580000000004
ORD103887,2024-08-10,CUST1181,Returning,Sports,Sports Product 48,North,Website,Debit Card,4335.45,2,10,7803.81,Processing,4.9,0,8,3,2024,2185.0668000000005
ORD103888,2024-11-21,CUST2194,Returning,Toys,Toys Product 42,South,Marketplace,Credit Card,2169.26,2,0,4338.52,Cancelled,5.0,0,11,4,2024,520.6224000000001
ORD103889,2023-04-29,CUST9081,VIP,Beauty,Beauty Product 8,West,Mobile App,UPI,251.73,1,0,251.73,Cancelled,4.5,1,4,2,2023,95.6574
ORD103890,2023-08-22,CUST4481,At-Risk,Home & Kitchen,Home & Kitchen Product 40,Central,Website,Credit Card,7338.65,3,0,22015.95,Delivered,2.8,0,8,3,2023,5944.306500000001
ORD103891,2024-06-05,CUST7217,VIP,Clothing,Clothing Product 40,North,Website,Net Banking,734.75,2,15,1249.08,Returned,5.0,0,6,2,2024,312.27
ORD103892,2023-01-03,CUST6129,At-Risk,Automotive,Automotive Product 32,Central,Social Media,Credit Card,2671.14,2,25,4006.71,Delivered,5.0,1,1,1,2023,1402.3484999999998
ORD103893,2023-02-15,CUST5179,New,Electronics,Electronics Product 28,Central,Marketplace,Net Banking,31351.08,1,5,29783.53,Shipped,4.0,0,2,1,2023,10722.0708
ORD103894,2023-01-13,CUST3130,Returning,Automotive,Automotive Product 17,West,Website,UPI,4913.52,2,0,9827.04,Processing,5.0,0,1,1,2023,2555.0304
ORD103895,2023-09-08,CUST7408,VIP,Books,Books Product 22,West,Marketplace,Credit Card,585.53,3,0,1756.59,Shipped,3.6,0,9,3,2023,667.5042
ORD103896,2023-02-17,CUST4008,New,Electronics,Electronics Product 15,Central,Marketplace,Net Banking,5858.33,1,0,5858.33,Processing,2.5,0,2,1,2023,702.9996
ORD103897,2024-04-28,CUST5683,At-Risk,Books,Books Product 18,South,Website,UPI,405.16,3,10,1093.93,Delivered,3.4,0,4,2,2024,142.2109
ORD103898,2024-01-08,CUST2732,At-Risk,Books,Books Product 40,South,Mobile App,Net Banking,359.63,2,0,719.26,Returned,5.0,0,1,1,2024,201.39280000000002
ORD103899,2024-01-28,CUST8526,VIP,Automotive,Automotive Product 27,North,Marketplace,Net Banking,37126.64,3,20,89103.94,Returned,2.8,1,1,1,2024,18711.8274
ORD103900,2023-06-03,CUST9802,At-Risk,Books,Books Product 23,West,Social Media,Net Banking,409.42,1,0,409.42,Processing,4.0,1,6,2,2023,98.2608
ORD103901,2023-07-03,CUST5174,At-Risk,Books,Books Product 21,North,Mobile App,Debit Card,638.39,1,20,510.71,Processing,4.0,1,7,3,2023,102.142
ORD103902,2023-02-06,CUST4010,Returning,Automotive,Automotive Product 5,Central,Mobile App,Credit Card,33413.54,4,15,113606.04,Returned,3.6,0,2,1,2023,24993.3288
ORD103903,2024-07-20,CUST2001,Returning,Beauty,Beauty Product 50,Central,Website,Credit Card,1585.31,1,15,1347.51,Delivered,3.6,1,7,3,2024,471.6285
ORD103904,2024-11-02,CUST4060,VIP,Toys,Toys Product 23,South,Marketplace,Debit Card,3903.13,3,10,10538.45,Processing,4.1,0,11,4,2024,2950.7660000000005
ORD103905,2024-03-05,CUST3448,VIP,Books,Books Product 50,East,Social Media,Debit Card,637.98,1,10,574.18,Delivered,3.6,0,3,1,2024,229.672
ORD103906,2023-08-18,CUST4585,At-Risk,Toys,Toys Product 42,Central,Mobile App,Debit Card,2954.66,2,10,5318.39,Delivered,2.9,0,8,3,2023,1808.2526000000003
ORD103907,2023-11-26,CUST4626,New,Home & Kitchen,Home & Kitchen Product 28,East,Marketplace,Credit Card,943.24,1,10,848.92,Cancelled,4.2,0,11,4,2023,152.8056
ORD103908,2023-09-12,CUST6041,At-Risk,Electronics,Electronics Product 20,Central,Marketplace,Wallet,1629.79,2,10,2933.62,Delivered,4.9,0,9,3,2023,528.0516
ORD103909,2024-03-02,CUST6423,At-Risk,Beauty,Beauty Product 8,South,Mobile App,Net Banking,585.23,1,25,438.92,Delivered,4.7,0,3,1,2024,87.784
ORD103910,2023-11-24,CUST2560,Returning,Electronics,Electronics Product 40,West,Website,Net Banking,68829.26,1,10,61946.33,Delivered,3.4,0,11,4,2023,21681.2155
ORD103911,2023-10-05,CUST2142,New,Clothing,Clothing Product 26,West,Website,Net Banking,1403.85,1,15,1193.27,Processing,3.0,0,10,4,2023,131.2597
ORD103912,2023-03-21,CUST1249,Returning,Beauty,Beauty Product 29,East,Website,Credit Card,650.26,1,20,520.21,Returned,3.8,0,3,1,2023,88.43570000000001
ORD103913,2024-08-08,CUST1523,Returning,Electronics,Electronics Product 34,Central,Mobile App,Debit Card,37231.82,5,0,186159.1,Shipped,5.0,0,8,3,2024,68878.867
ORD103914,2024-01-17,CUST1652,New,Clothing,Clothing Product 39,West,Marketplace,UPI,4527.5,5,0,22637.5,Cancelled,4.5,0,1,1,2024,6564.875
ORD103915,2023-05-03,CUST7910,VIP,Home & Kitchen,Home & Kitchen Product 28,West,Social Media,UPI,1129.49,1,5,1073.02,Delivered,4.6,0,5,2,2023,182.41340000000002
ORD103916,2024-05-29,CUST1760,VIP,Sports,Sports Product 16,South,Marketplace,Net Banking,7848.67,2,5,14912.47,Shipped,4.7,0,5,2,2024,2535.1199
ORD103917,2024-11-20,CUST6835,VIP,Automotive,Automotive Product 47,Central,Mobile App,Credit Card,47383.61,1,15,40276.07,Cancelled,4.3,0,11,4,2024,14499.385199999999
ORD103918,2023-02-23,CUST5002,New,Books,Books Product 1,West,Social Media,Net Banking,453.92,2,5,862.45,Cancelled,4.1,0,2,1,2023,319.10650000000004
ORD103919,2023-07-03,CUST1092,VIP,Beauty,Beauty Product 4,East,Social Media,Wallet,791.92,3,10,2138.18,Shipped,4.5,0,7,3,2023,384.87239999999997
ORD103920,2023-08-17,CUST9863,At-Risk,Electronics,Electronics Product 37,North,Mobile App,UPI,50363.48,4,5,191381.22,Processing,3.6,0,8,3,2023,44017.6806
ORD103921,2024-06-12,CUST7783,New,Electronics,Electronics Product 14,West,Marketplace,UPI,27203.15,1,0,27203.15,Cancelled,2.9,1,6,2,2024,9521.102499999999
ORD103922,2023-02-17,CUST9362,VIP,Books,Books Product 23,East,Mobile App,UPI,604.83,3,10,1633.04,Processing,4.6,0,2,1,2023,538.9032
ORD103923,2024-02-15,CUST5149,Returning,Books,Books Product 48,East,Website,Net Banking,117.72,1,15,100.06,Processing,5.0,0,2,1,2024,34.0204
ORD103924,2023-03-12,CUST4980,New,Sports,Sports Product 33,East,Website,Wallet,9034.4,5,0,45172.0,Cancelled,3.1,0,3,1,2023,11744.720000000001
ORD103925,2024-04-21,CUST1228,At-Risk,Home & Kitchen,Home & Kitchen Product 12,West,Marketplace,Net Banking,12698.31,1,10,11428.48,Delivered,4.7,1,4,2,2024,4228.5376
ORD103926,2023-10-17,CUST3481,Returning,Books,Books Product 4,East,Social Media,UPI,521.16,2,10,938.09,Delivered,5.0,0,10,4,2023,187.61800000000002
ORD103927,2023-11-15,CUST2911,VIP,Sports,Sports Product 8,West,Website,UPI,6041.01,2,0,12082.02,Shipped,4.0,0,11,4,2023,1812.303
ORD103928,2023-12-02,CUST2448,VIP,Home & Kitchen,Home & Kitchen Product 26,South,Social Media,Wallet,2668.14,2,0,5336.28,Returned,3.3,1,12,4,2023,1654.2468
ORD103929,2023-03-30,CUST7291,VIP,Beauty,Beauty Product 13,West,Social Media,Wallet,1709.3,1,25,1281.97,Returned,4.1,0,3,1,2023,333.3122
ORD103930,2024-07-20,CUST7432,New,Books,Books Product 3,West,Social Media,Debit Card,322.29,4,0,1289.16,Delivered,3.6,0,7,3,2024,464.0976
ORD103931,2024-04-12,CUST8275,VIP,Home & Kitchen,Home & Kitchen Product 6,West,Website,UPI,1937.08,1,0,1937.08,Shipped,3.5,0,4,2,2024,232.44959999999998
ORD103932,2023-01-09,CUST4603,VIP,Books,Books Product 49,East,Website,UPI,145.59,2,0,291.18,Returned,4.3,1,1,1,2023,101.913
ORD103933,2024-01-13,CUST3229,Returning,Electronics,Electronics Product 48,East,Social Media,Credit Card,41684.76,1,10,37516.28,Returned,2.7,0,1,1,2024,7128.0932
ORD103934,2023-07-25,CUST1106,New,Home & Kitchen,Home & Kitchen Product 21,North,Social Media,Wallet,556.69,1,10,501.02,Delivered,2.8,0,7,3,2023,150.30599999999998
ORD103935,2023-10-26,CUST5613,New,Sports,Sports Product 37,Central,Mobile App,Debit Card,14521.46,2,10,26138.63,Processing,4.0,1,10,4,2023,2875.2493
ORD103936,2024-07-31,CUST6480,VIP,Clothing,Clothing Product 31,Central,Social Media,Debit Card,3675.58,1,0,3675.58,Returned,4.0,0,7,3,2024,1029.1624000000002
ORD103937,2023-11-08,CUST8479,New,Electronics,Electronics Product 42,South,Marketplace,Wallet,26071.67,1,20,20857.34,Cancelled,4.3,0,11,4,2023,6674.3488
ORD103938,2024-09-29,CUST6473,VIP,Home & Kitchen,Home & Kitchen Product 41,Central,Website,Credit Card,864.92,1,0,864.92,Processing,5.0,1,9,3,2024,181.6332
ORD103939,2023-09-06,CUST9897,At-Risk,Toys,Toys Product 10,North,Mobile App,Credit Card,3625.77,1,0,3625.77,Shipped,4.1,0,9,3,2023,580.1232
ORD103940,2024-04-20,CUST8391,New,Clothing,Clothing Product 12,West,Website,Debit Card,3484.72,3,5,9931.45,Cancelled,4.5,0,4,2,2024,2582.177
ORD103941,2024-01-13,CUST6296,New,Beauty,Beauty Product 18,Central,Social Media,Net Banking,166.82,4,0,667.28,Delivered,3.2,0,1,1,2024,233.54799999999997
ORD103942,2024-08-28,CUST4048,Returning,Books,Books Product 10,East,Website,Debit Card,102.39,1,20,81.91,Cancelled,4.6,0,8,3,2024,16.382
ORD103943,2024-05-20,CUST2437,Returning,Sports,Sports Product 9,West,Social Media,UPI,1544.98,1,20,1235.98,Delivered,3.6,0,5,2,2024,222.47639999999998
ORD103944,2023-07-20,CUST3801,VIP,Automotive,Automotive Product 34,West,Marketplace,UPI,19866.34,1,0,19866.34,Returned,4.1,0,7,3,2023,3575.9411999999998
ORD103945,2024-07-13,CUST7938,New,Books,Books Product 18,Central,Website,Net Banking,496.87,1,20,397.5,Processing,3.9,0,7,3,2024,151.05
ORD103946,2023-09-09,CUST6106,Returning,Beauty,Beauty Product 49,East,Social Media,Wallet,2592.46,2,15,4407.18,Processing,4.8,1,9,3,2023,925.5078
ORD103947,2023-06-04,CUST3744,At-Risk,Beauty,Beauty Product 35,North,Website,Debit Card,2322.2,2,20,3715.52,Returned,3.0,1,6,2,2023,371.552
ORD103948,2023-01-07,CUST7475,At-Risk,Home & Kitchen,Home & Kitchen Product 48,North,Marketplace,Wallet,817.37,1,0,817.37,Cancelled,2.2,0,1,1,2023,269.7321
ORD103949,2024-02-24,CUST1760,New,Toys,Toys Product 14,South,Social Media,Net Banking,2273.21,1,10,2045.89,Processing,3.8,0,2,1,2024,634.2259
ORD103950,2023-01-25,CUST4783,VIP,Clothing,Clothing Product 20,East,Website,UPI,295.01,1,0,295.01,Delivered,4.4,0,1,1,2023,41.3014
ORD103951,2023-08-27,CUST4936,At-Risk,Clothing,Clothing Product 50,East,Marketplace,Wallet,4155.19,3,15,10595.73,Cancelled,4.1,0,8,3,2023,4238.292
ORD103952,2024-07-08,CUST7866,New,Home & Kitchen,Home & Kitchen Product 43,South,Website,Credit Card,7303.5,5,0,36517.5,Delivered,5.0,0,7,3,2024,10224.900000000001
ORD103953,2023-12-21,CUST3935,New,Home & Kitchen,Home & Kitchen Product 39,South,Website,UPI,8700.93,1,10,7830.84,Shipped,4.3,0,12,4,2023,1957.71
ORD103954,2024-10-13,CUST1138,At-Risk,Books,Books Product 11,North,Website,UPI,370.24,1,0,370.24,Delivered,3.5,0,10,4,2024,77.7504
ORD103955,2024-12-11,CUST3317,At-Risk,Books,Books Product 31,South,Mobile App,Wallet,579.93,3,0,1739.79,Cancelled,2.1,0,12,4,2024,643.7223
ORD103956,2023-01-10,CUST8496,At-Risk,Toys,Toys Product 25,West,Marketplace,Wallet,1669.72,4,10,6010.99,Cancelled,3.8,0,1,1,2023,1021.8683000000001
ORD103957,2023-12-10,CUST7062,New,Beauty,Beauty Product 27,South,Website,UPI,2744.19,1,20,2195.35,Shipped,4.8,0,12,4,2023,417.1165
ORD103958,2023-01-02,CUST6795,Returning,Beauty,Beauty Product 36,West,Mobile App,Credit Card,827.36,1,10,744.62,Shipped,3.7,1,1,1,2023,104.24680000000001
ORD103959,2024-11-04,CUST9530,Returning,Toys,Toys Product 4,Central,Mobile App,Credit Card,2064.14,1,20,1651.31,Cancelled,4.0,0,11,4,2024,544.9323
ORD103960,2024-01-21,CUST4056,VIP,Books,Books Product 37,South,Website,Wallet,275.03,2,0,550.06,Delivered,4.3,0,1,1,2024,154.0168
ORD103961,2023-11-11,CUST2273,VIP,Electronics,Electronics Product 41,North,Social Media,UPI,78420.42,1,5,74499.4,Returned,3.2,0,11,4,2023,20859.832000000002
ORD103962,2023-04-17,CUST5191,VIP,Books,Books Product 34,South,Website,Net Banking,545.69,1,5,518.41,Processing,4.5,0,4,2,2023,88.1297
ORD103963,2023-07-30,CUST8568,At-Risk,Sports,Sports Product 50,South,Website,UPI,9790.93,2,0,19581.86,Delivered,5.0,1,7,3,2023,5874.558
ORD103964,2024-06-26,CUST8591,VIP,Home & Kitchen,Home & Kitchen Product 17,West,Marketplace,Wallet,13509.08,1,10,12158.17,Cancelled,3.9,0,6,2,2024,4012.1961
ORD103965,2023-09-01,CUST1404,VIP,Beauty,Beauty Product 28,East,Website,UPI,1444.54,3,10,3900.26,Cancelled,3.1,0,9,3,2023,819.0546
ORD103966,2024-03-05,CUST3065,At-Risk,Books,Books Product 42,East,Mobile App,Net Banking,715.61,1,10,644.05,Returned,3.9,0,3,1,2024,218.977
ORD103967,2024-05-18,CUST1017,At-Risk,Electronics,Electronics Product 45,South,Social Media,Debit Card,18295.27,1,10,16465.74,Processing,2.2,0,5,2,2024,3293.1480000000006
ORD103968,2023-03-03,CUST8289,VIP,Sports,Sports Product 4,East,Mobile App,Wallet,6022.52,2,10,10840.54,Cancelled,4.3,0,3,1,2023,3577.3782000000006
ORD103969,2023-05-26,CUST2876,New,Home & Kitchen,Home & Kitchen Product 6,West,Social Media,Debit Card,11045.38,1,0,11045.38,Processing,4.4,0,5,2,2023,1214.9918
ORD103970,2024-12-29,CUST2488,Returning,Automotive,Automotive Product 41,South,Mobile App,UPI,48181.55,5,0,240907.75,Delivered,5.0,0,12,4,2024,65045.092500000006
ORD103971,2023-10-14,CUST6640,At-Risk,Books,Books Product 33,South,Mobile App,Wallet,371.92,2,10,669.46,Shipped,3.8,0,10,4,2023,261.0894
ORD103972,2023-04-06,CUST3655,At-Risk,Clothing,Clothing Product 3,North,Website,Wallet,1434.61,1,0,1434.61,Cancelled,4.3,0,4,2,2023,559.4979
ORD103973,2023-02-14,CUST4697,VIP,Automotive,Automotive Product 18,Central,Mobile App,Net Banking,8687.58,2,0,17375.16,Shipped,3.3,0,2,1,2023,3127.5288
ORD103974,2023-08-26,CUST1100,New,Clothing,Clothing Product 1,North,Website,Wallet,3752.03,1,5,3564.43,Returned,3.7,0,8,3,2023,819.8189
ORD103975,2024-06-16,CUST3964,New,Home & Kitchen,Home & Kitchen Product 14,West,Social Media,Credit Card,6646.53,4,10,23927.51,Returned,2.8,0,6,2,2024,2871.3012
ORD103976,2024-02-27,CUST4097,At-Risk,Toys,Toys Product 13,East,Website,Net Banking,1339.46,1,0,1339.46,Processing,3.8,0,2,1,2024,482.2056
ORD103977,2024-12-18,CUST8068,Returning,Beauty,Beauty Product 20,North,Marketplace,Debit Card,271.28,2,10,488.3,Processing,3.8,0,12,4,2024,131.841
ORD103978,2024-01-17,CUST3756,Returning,Automotive,Automotive Product 36,West,Marketplace,Net Banking,20990.28,1,10,18891.25,Shipped,4.2,0,1,1,2024,4156.075
ORD103979,2024-04-14,CUST2621,VIP,Automotive,Automotive Product 1,South,Mobile App,Net Banking,44086.41,1,0,44086.41,Returned,3.5,0,4,2,2024,5731.233300000001
ORD103980,2023-03-28,CUST3800,At-Risk,Home & Kitchen,Home & Kitchen Product 5,East,Marketplace,Net Banking,12819.75,3,15,32690.36,Processing,4.1,0,3,1,2023,12422.336800000001
ORD103981,2024-08-17,CUST2106,Returning,Beauty,Beauty Product 22,North,Website,Net Banking,2964.34,3,10,8003.72,Cancelled,3.7,0,8,3,2024,2080.9672
ORD103982,2023-04-08,CUST6776,At-Risk,Beauty,Beauty Product 15,West,Social Media,UPI,506.32,1,10,455.69,Returned,3.7,0,4,2,2023,82.0242
ORD103983,2024-06-01,CUST9592,Returning,Automotive,Automotive Product 29,Central,Social Media,Wallet,31623.8,1,10,28461.42,Shipped,4.1,0,6,2,2024,5976.8982
ORD103984,2023-05-17,CUST3039,New,Automotive,Automotive Product 48,East,Social Media,Net Banking,11038.57,3,0,33115.71,Cancelled,4.0,0,5,2,2023,5960.8278
ORD103985,2024-10-14,CUST9556,VIP,Automotive,Automotive Product 16,South,Social Media,Debit Card,20764.98,4,10,74753.93,Delivered,4.6,0,10,4,2024,20931.1004
ORD103986,2024-02-08,CUST9009,At-Risk,Sports,Sports Product 24,South,Marketplace,Net Banking,17718.99,1,0,17718.99,Shipped,3.9,0,2,1,2024,6733.216200000001
ORD103987,2023-03-18,CUST1070,VIP,Toys,Toys Product 34,East,Mobile App,Wallet,1950.21,1,20,1560.17,Shipped,3.7,0,3,1,2023,561.6612
ORD103988,2024-08-29,CUST6997,At-Risk,Electronics,Electronics Product 26,West,Website,Credit Card,36458.79,1,15,30989.97,Cancelled,3.9,0,8,3,2024,7437.5928
ORD103989,2024-08-04,CUST2547,Returning,Books,Books Product 26,West,Website,UPI,766.66,4,10,2759.98,Returned,3.4,0,8,3,2024,965.9929999999999
ORD103990,2023-03-05,CUST8106,Returning,Books,Books Product 48,West,Website,Debit Card,424.46,1,0,424.46,Processing,3.7,1,3,1,2023,97.6258
ORD103991,2024-03-21,CUST2743,At-Risk,Books,Books Product 32,East,Marketplace,UPI,336.46,1,0,336.46,Returned,5.0,0,3,1,2024,60.562799999999996
ORD103992,2024-11-09,CUST2836,Returning,Automotive,Automotive Product 7,North,Website,Debit Card,33536.37,3,0,100609.11,Shipped,3.3,0,11,4,2024,40243.644
ORD103993,2023-05-14,CUST9243,New,Books,Books Product 23,South,Marketplace,UPI,193.18,1,5,183.52,Returned,3.8,0,5,2,2023,34.8688
ORD103994,2023-08-31,CUST8152,At-Risk,Toys,Toys Product 21,East,Marketplace,Credit Card,2213.76,1,0,2213.76,Delivered,3.7,0,8,3,2023,442.75200000000007
ORD103995,2023-10-26,CUST4464,Returning,Books,Books Product 17,Central,Mobile App,Wallet,272.2,1,5,258.59,Delivered,3.8,0,10,4,2023,103.43599999999999
ORD103996,2023-09-25,CUST9774,New,Sports,Sports Product 18,South,Marketplace,Credit Card,14366.76,1,0,14366.76,Cancelled,3.7,1,9,3,2023,2011.3464000000001
ORD103997,2023-11-19,CUST7085,Returning,Toys,Toys Product 27,West,Social Media,Wallet,2359.87,1,25,1769.9,Delivered,4.2,0,11,4,2023,584.067
ORD103998,2024-02-07,CUST6444,New,Toys,Toys Product 2,Central,Website,Net Banking,3802.42,2,0,7604.84,Processing,2.6,0,2,1,2024,2889.8392
ORD103999,2024-12-18,CUST2336,VIP,Home & Kitchen,Home & Kitchen Product 23,Central,Social Media,Credit Card,11020.81,1,20,8816.65,Cancelled,4.8,0,12,4,2024,2204.1625
ORD104000,2023-12-01,CUST6127,VIP,Beauty,Beauty Product 16,North,Mobile App,Net Banking,2384.76,2,20,3815.62,Cancelled,4.5,0,12,4,2023,381.562
ORD104001,2023-11-22,CUST8598,VIP,Sports,Sports Product 38,North,Social Media,Debit Card,7522.93,3,5,21440.35,Delivered,3.0,0,11,4,2023,4502.473499999999
ORD104002,2024-04-08,CUST8707,Returning,Clothing,Clothing Product 10,East,Mobile App,Wallet,2424.2,3,10,6545.34,Delivered,2.2,0,4,2,2024,850.8942000000001
ORD104003,2023-10-06,CUST3743,Returning,Home & Kitchen,Home & Kitchen Product 26,South,Mobile App,Wallet,12977.85,1,5,12328.96,Cancelled,3.2,0,10,4,2023,2712.3712
ORD104004,2023-08-28,CUST2543,Returning,Clothing,Clothing Product 3,West,Social Media,Net Banking,4001.98,1,10,3601.78,Cancelled,3.8,0,8,3,2023,1224.6052000000002
ORD104005,2023-03-18,CUST7254,Returning,Sports,Sports Product 40,West,Website,UPI,7746.41,1,0,7746.41,Cancelled,5.0,0,3,1,2023,1781.6743000000001
ORD104006,2023-07-27,CUST9466,VIP,Automotive,Automotive Product 28,Central,Marketplace,Net Banking,15899.43,1,0,15899.43,Delivered,4.4,0,7,3,2023,3656.8689000000004
ORD104007,2023-05-20,CUST1728,New,Beauty,Beauty Product 32,South,Marketplace,Net Banking,1269.56,1,10,1142.6,Delivered,2.6,0,5,2,2023,308.502
ORD104008,2024-08-21,CUST1824,At-Risk,Books,Books Product 18,South,Mobile App,Net Banking,429.16,2,5,815.4,Shipped,3.4,0,8,3,2024,220.15800000000002
ORD104009,2023-04-22,CUST6565,VIP,Electronics,Electronics Product 48,South,Marketplace,Net Banking,43654.88,1,10,39289.39,Delivered,4.0,1,4,2,2023,14144.1804
ORD104010,2023-06-09,CUST4872,New,Automotive,Automotive Product 26,West,Marketplace,Net Banking,23054.13,1,0,23054.13,Delivered,4.2,0,6,2,2023,4380.2847
ORD104011,2023-04-19,CUST8843,VIP,Beauty,Beauty Product 41,West,Social Media,Net Banking,2728.33,1,0,2728.33,Processing,2.9,0,4,2,2023,954.9155
ORD104012,2023-06-18,CUST9765,VIP,Toys,Toys Product 45,South,Marketplace,Credit Card,3831.78,2,0,7663.56,Shipped,3.9,1,6,2,2023,2069.1612000000005
ORD104013,2024-04-05,CUST4538,Returning,Automotive,Automotive Product 9,South,Social Media,Wallet,43609.46,1,0,43609.46,Returned,3.4,0,4,2,2024,8285.7974
ORD104014,2024-04-22,CUST2100,At-Risk,Automotive,Automotive Product 32,East,Social Media,Credit Card,21076.2,2,0,42152.4,Cancelled,3.1,0,4,2,2024,8008.956
ORD104015,2023-11-18,CUST9970,At-Risk,Toys,Toys Product 9,South,Mobile App,Wallet,957.76,1,0,957.76,Shipped,4.2,0,11,4,2023,201.12959999999998
ORD104016,2024-02-21,CUST7151,New,Toys,Toys Product 4,South,Social Media,Credit Card,1483.2,4,0,5932.8,Cancelled,4.6,0,2,1,2024,1720.512
ORD104017,2023-05-04,CUST3532,At-Risk,Beauty,Beauty Product 41,Central,Mobile App,Wallet,2686.29,4,15,9133.39,Returned,4.7,0,5,2,2023,1552.6763
ORD104018,2024-07-02,CUST9331,Returning,Automotive,Automotive Product 22,East,Mobile App,Debit Card,33254.85,1,0,33254.85,Cancelled,4.5,0,7,3,2024,12636.842999999999
ORD104019,2024-01-02,CUST8857,VIP,Beauty,Beauty Product 48,West,Website,UPI,2820.8,1,10,2538.72,Returned,3.6,0,1,1,2024,685.4544
ORD104020,2023-08-01,CUST3824,VIP,Sports,Sports Product 14,South,Marketplace,Debit Card,8862.96,1,0,8862.96,Shipped,4.6,0,8,3,2023,3367.9248
ORD104021,2024-04-07,CUST9340,At-Risk,Toys,Toys Product 26,Central,Marketplace,Net Banking,3784.16,1,20,3027.33,Shipped,4.2,0,4,2,2024,333.0063
ORD104022,2023-11-12,CUST5523,At-Risk,Electronics,Electronics Product 45,South,Social Media,UPI,2394.91,2,5,4550.33,Delivered,4.1,0,11,4,2023,910.066
ORD104023,2024-04-19,CUST6434,VIP,Home & Kitchen,Home & Kitchen Product 20,West,Social Media,Debit Card,3334.86,3,0,10004.58,Shipped,3.5,0,4,2,2024,1100.5038
ORD104024,2023-09-29,CUST6095,At-Risk,Automotive,Automotive Product 40,South,Social Media,UPI,28715.73,2,5,54559.89,Delivered,3.6,0,9,3,2023,9820.7802
ORD104025,2023-05-03,CUST1875,Returning,Books,Books Product 37,South,Mobile App,Wallet,220.64,3,0,661.92,Returned,4.1,0,5,2,2023,238.29119999999998
ORD104026,2023-04-03,CUST2572,New,Sports,Sports Product 5,West,Social Media,Wallet,19679.2,1,10,17711.28,Delivered,5.0,0,4,2,2023,1948.2407999999998
ORD104027,2023-06-11,CUST9419,VIP,Clothing,Clothing Product 7,South,Social Media,Debit Card,3467.02,1,0,3467.02,Delivered,4.2,0,6,2,2023,797.4146000000001
ORD104028,2024-12-03,CUST3262,VIP,Beauty,Beauty Product 39,South,Social Media,Credit Card,2342.33,2,25,3513.5,Cancelled,3.5,1,12,4,2024,491.89000000000004
ORD104029,2023-11-08,CUST3754,VIP,Clothing,Clothing Product 45,East,Website,Net Banking,3277.94,1,5,3114.04,Delivered,3.3,0,11,4,2023,716.2292
ORD104030,2024-12-22,CUST8811,New,Sports,Sports Product 10,Central,Social Media,Net Banking,11671.36,2,0,23342.72,Returned,3.6,0,12,4,2024,8169.952
ORD104031,2024-12-14,CUST3662,At-Risk,Clothing,Clothing Product 46,South,Marketplace,Wallet,4044.02,1,10,3639.62,Cancelled,5.0,1,12,4,2024,1055.4897999999998
ORD104032,2024-09-09,CUST1019,VIP,Sports,Sports Product 34,North,Website,Net Banking,3353.39,1,0,3353.39,Shipped,3.7,0,9,3,2024,1073.0848
ORD104033,2023-02-11,CUST1884,New,Books,Books Product 23,North,Website,Credit Card,321.54,5,15,1366.54,Shipped,4.7,0,2,1,2023,273.308
ORD104034,2023-08-09,CUST3910,At-Risk,Clothing,Clothing Product 27,South,Marketplace,Wallet,1379.35,1,5,1310.38,Shipped,3.7,0,8,3,2023,497.94440000000003
ORD104035,2023-12-02,CUST4502,New,Clothing,Clothing Product 29,South,Mobile App,UPI,3744.64,5,10,16850.88,Cancelled,4.2,0,12,4,2023,5223.772800000001
ORD104036,2023-06-01,CUST5825,At-Risk,Clothing,Clothing Product 48,West,Marketplace,Net Banking,3860.58,5,0,19302.9,Returned,4.6,0,6,2,2023,4439.667
ORD104037,2023-04-04,CUST9792,New,Beauty,Beauty Product 41,North,Website,Net Banking,1537.05,3,15,3919.48,Returned,3.5,0,4,2,2023,901.4804
ORD104038,2024-12-29,CUST3088,VIP,Electronics,Electronics Product 44,North,Marketplace,UPI,49023.46,2,10,88242.23,Returned,3.5,0,12,4,2024,33532.047399999996
ORD104039,2023-09-12,CUST4746,New,Books,Books Product 10,Central,Website,Wallet,634.37,2,0,1268.74,Shipped,5.0,1,9,3,2023,342.55980000000005
ORD104040,2023-12-31,CUST3216,Returning,Beauty,Beauty Product 33,Central,Marketplace,Credit Card,1662.18,3,0,4986.54,Delivered,4.8,0,12,4,2023,1545.8274
ORD104041,2024-02-10,CUST3547,Returning,Books,Books Product 24,East,Mobile App,Credit Card,539.66,1,0,539.66,Processing,4.6,0,2,1,2024,124.1218
ORD104042,2024-06-09,CUST1969,New,Beauty,Beauty Product 48,South,Website,UPI,250.61,1,25,187.96,Processing,4.6,0,6,2,2024,31.953200000000002
ORD104043,2023-02-20,CUST5128,New,Sports,Sports Product 3,South,Mobile App,Net Banking,2302.47,2,0,4604.94,Delivered,4.4,1,2,1,2023,1473.5808
ORD104044,2024-11-24,CUST2452,At-Risk,Sports,Sports Product 11,East,Marketplace,Debit Card,1681.04,1,5,1596.99,Processing,5.0,0,11,4,2024,447.15720000000005
ORD104045,2023-11-03,CUST5545,New,Sports,Sports Product 6,North,Social Media,Wallet,820.73,1,0,820.73,Delivered,4.0,0,11,4,2023,205.1825
ORD104046,2023-09-24,CUST5566,VIP,Books,Books Product 23,South,Website,Net Banking,744.12,1,0,744.12,Cancelled,4.5,0,9,3,2023,215.79479999999998
ORD104047,2023-06-28,CUST8983,New,Home & Kitchen,Home & Kitchen Product 21,West,Mobile App,Net Banking,13081.12,2,10,23546.02,Cancelled,2.8,0,6,2,2023,3767.3632000000002
ORD104048,2023-02-01,CUST5567,Returning,Sports,Sports Product 47,North,Marketplace,Credit Card,6897.57,3,25,15519.53,Delivered,3.3,1,2,1,2023,5276.640200000001
ORD104049,2024-02-19,CUST4463,VIP,Electronics,Electronics Product 42,East,Social Media,UPI,7650.78,1,5,7268.24,Returned,3.0,0,2,1,2024,2761.9312
ORD104050,2024-04-08,CUST3157,VIP,Sports,Sports Product 43,South,Social Media,UPI,18658.63,4,15,63439.34,Delivered,5.0,0,4,2,2024,23472.5558
ORD104051,2024-07-23,CUST9599,At-Risk,Sports,Sports Product 14,South,Social Media,Net Banking,7391.25,2,5,14043.38,Shipped,2.0,0,7,3,2024,2808.676
ORD104052,2024-07-17,CUST2797,At-Risk,Beauty,Beauty Product 36,South,Website,Net Banking,2269.22,3,0,6807.66,Returned,3.7,0,7,3,2024,1497.6852
ORD104053,2023-09-13,CUST2081,New,Toys,Toys Product 16,South,Social Media,Net Banking,3840.24,2,0,7680.48,Shipped,1.6,0,9,3,2023,2611.3632000000002
ORD104054,2023-04-07,CUST7905,VIP,Toys,Toys Product 2,North,Mobile App,Credit Card,1368.74,3,10,3695.6,Cancelled,3.3,1,4,2,2023,1034.768
ORD104055,2024-04-18,CUST6896,Returning,Electronics,Electronics Product 44,Central,Marketplace,UPI,5748.84,1,25,4311.63,Shipped,3.6,0,4,2,2024,1121.0238000000002
ORD104056,2023-04-15,CUST4215,At-Risk,Automotive,Automotive Product 32,Central,Marketplace,Credit Card,31463.0,3,20,75511.2,Cancelled,5.0,0,4,2,2023,28694.255999999998
ORD104057,2023-05-24,CUST1167,At-Risk,Home & Kitchen,Home & Kitchen Product 30,South,Social Media,UPI,4937.85,1,0,4937.85,Processing,4.3,0,5,2,2023,1283.8410000000001
ORD104058,2023-05-05,CUST3073,VIP,Toys,Toys Product 22,Central,Social Media,Net Banking,3637.16,4,0,14548.64,Shipped,3.3,1,5,2,2023,3637.16
ORD104059,2023-01-13,CUST1213,New,Books,Books Product 21,East,Website,Net Banking,412.63,5,0,2063.15,Cancelled,4.9,0,1,1,2023,226.94650000000001
ORD104060,2023-03-05,CUST3090,Returning,Books,Books Product 36,East,Social Media,Credit Card,337.03,1,20,269.62,Returned,4.0,0,3,1,2023,32.3544
ORD104061,2023-08-16,CUST1591,Returning,Books,Books Product 9,West,Marketplace,Debit Card,222.65,1,20,178.12,Shipped,4.0,0,8,3,2023,17.812
ORD104062,2023-05-14,CUST4405,At-Risk,Automotive,Automotive Product 6,North,Website,UPI,15719.43,3,15,40084.55,Processing,3.0,0,5,2,2023,14831.283500000001
ORD104063,2023-07-22,CUST1830,VIP,Books,Books Product 11,South,Mobile App,Credit Card,661.64,1,0,661.64,Cancelled,3.2,0,7,3,2023,145.5608
ORD104064,2024-02-15,CUST5538,Returning,Automotive,Automotive Product 25,East,Website,Credit Card,8662.77,3,5,24688.89,Shipped,3.3,0,2,1,2024,5925.3336
ORD104065,2024-01-17,CUST3445,Returning,Automotive,Automotive Product 12,West,Website,UPI,44123.62,1,5,41917.44,Processing,4.0,0,1,1,2024,14671.104
ORD104066,2024-12-03,CUST4588,New,Beauty,Beauty Product 27,Central,Website,UPI,615.28,1,0,615.28,Cancelled,4.1,0,12,4,2024,172.2784
ORD104067,2024-10-07,CUST3149,Returning,Clothing,Clothing Product 17,North,Marketplace,UPI,768.51,5,5,3650.42,Shipped,5.0,0,10,4,2024,1022.1176000000002
ORD104068,2024-10-22,CUST3139,At-Risk,Beauty,Beauty Product 14,East,Mobile App,UPI,2744.16,2,0,5488.32,Returned,4.3,1,10,4,2024,1042.7808
ORD104069,2023-03-28,CUST8191,VIP,Books,Books Product 39,West,Social Media,Wallet,386.78,3,0,1160.34,Shipped,1.8,0,3,1,2023,406.11899999999997
ORD104070,2024-08-19,CUST9159,New,Toys,Toys Product 24,South,Mobile App,UPI,2334.32,1,20,1867.46,Cancelled,4.2,0,8,3,2024,280.11899999999997
ORD104071,2024-08-23,CUST6884,At-Risk,Toys,Toys Product 26,West,Mobile App,Credit Card,2588.99,2,15,4401.28,Cancelled,2.8,0,8,3,2024,528.1536
ORD104072,2023-09-23,CUST3083,Returning,Books,Books Product 31,North,Social Media,Wallet,589.9,2,5,1120.81,Cancelled,3.2,0,9,3,2023,179.3296
ORD104073,2023-03-18,CUST2691,New,Automotive,Automotive Product 42,Central,Marketplace,Wallet,14636.74,2,5,27809.81,Returned,3.4,0,3,1,2023,5005.7658
ORD104074,2023-01-23,CUST4992,Returning,Automotive,Automotive Product 33,Central,Marketplace,Wallet,42521.34,2,0,85042.68,Processing,3.5,0,1,1,2023,15307.682399999998
ORD104075,2023-03-08,CUST7110,At-Risk,Electronics,Electronics Product 18,East,Website,UPI,20326.49,2,10,36587.68,Cancelled,2.9,0,3,1,2023,10976.304
ORD104076,2023-07-22,CUST4177,At-Risk,Beauty,Beauty Product 19,North,Website,Net Banking,473.08,1,15,402.12,Processing,4.2,1,7,3,2023,68.36040000000001
ORD104077,2024-10-23,CUST1678,At-Risk,Home & Kitchen,Home & Kitchen Product 48,West,Mobile App,UPI,14197.41,1,15,12067.8,Processing,2.9,1,10,4,2024,3620.3399999999997
ORD104078,2024-03-30,CUST3140,At-Risk,Home & Kitchen,Home & Kitchen Product 26,West,Marketplace,Debit Card,13665.02,3,10,36895.55,Cancelled,4.3,0,3,1,2024,4796.4215
ORD104079,2023-05-12,CUST9246,New,Sports,Sports Product 1,Central,Marketplace,UPI,2302.55,1,0,2302.55,Delivered,5.0,0,5,2,2023,322.357
ORD104080,2023-04-05,CUST2532,At-Risk,Electronics,Electronics Product 29,West,Marketplace,Net Banking,3630.58,2,0,7261.16,Delivered,2.9,0,4,2,2023,1815.29
ORD104081,2023-12-06,CUST7847,At-Risk,Automotive,Automotive Product 36,Central,Website,Debit Card,44107.4,1,5,41902.03,Cancelled,3.8,0,12,4,2023,15922.7714
ORD104082,2023-05-06,CUST6496,At-Risk,Beauty,Beauty Product 40,North,Marketplace,Net Banking,1497.52,2,0,2995.04,Shipped,2.0,0,5,2,2023,1078.2143999999998
ORD104083,2023-02-13,CUST1770,At-Risk,Beauty,Beauty Product 50,West,Mobile App,UPI,1509.11,2,15,2565.49,Shipped,3.8,0,2,1,2023,1000.5410999999999
ORD104084,2024-04-17,CUST7670,New,Books,Books Product 2,East,Marketplace,UPI,637.0,1,0,637.0,Shipped,4.5,0,4,2,2024,191.1
ORD104085,2023-02-21,CUST5152,New,Toys,Toys Product 31,East,Social Media,Wallet,2427.47,1,0,2427.47,Processing,4.6,0,2,1,2023,728.2409999999999
ORD104086,2023-06-22,CUST7485,Returning,Toys,Toys Product 22,East,Marketplace,UPI,3953.54,1,0,3953.54,Processing,4.1,0,6,2,2023,1146.5266
ORD104087,2024-08-10,CUST4228,VIP,Toys,Toys Product 6,East,Mobile App,UPI,1577.06,2,25,2365.59,Cancelled,4.7,0,8,3,2024,686.0211
ORD104088,2024-03-19,CUST1047,At-Risk,Sports,Sports Product 43,East,Marketplace,UPI,9042.36,3,0,27127.08,Cancelled,5.0,1,3,1,2024,3797.7912000000006
ORD104089,2024-02-09,CUST1941,Returning,Beauty,Beauty Product 37,South,Mobile App,UPI,1779.94,1,10,1601.95,Processing,5.0,1,2,1,2024,416.507
ORD104090,2024-05-23,CUST6643,VIP,Electronics,Electronics Product 45,North,Marketplace,Net Banking,36063.01,2,5,68519.72,Returned,3.6,0,5,2,2024,15074.3384
ORD104091,2023-01-31,CUST4781,Returning,Electronics,Electronics Product 37,East,Mobile App,Net Banking,2078.61,1,0,2078.61,Shipped,2.8,0,1,1,2023,478.0803
ORD104092,2024-01-27,CUST8208,New,Home & Kitchen,Home & Kitchen Product 7,West,Social Media,Net Banking,7528.98,1,5,7152.53,Cancelled,3.7,0,1,1,2024,1859.6578
ORD104093,2024-11-30,CUST8486,Returning,Home & Kitchen,Home & Kitchen Product 39,Central,Social Media,Debit Card,10174.9,4,10,36629.64,Shipped,3.2,0,11,4,2024,5128.149600000001
ORD104094,2024-03-12,CUST8530,Returning,Beauty,Beauty Product 33,South,Marketplace,Debit Card,1129.91,1,5,1073.41,Processing,4.4,1,3,1,2024,225.4161
ORD104095,2023-06-26,CUST6830,Returning,Toys,Toys Product 5,West,Website,UPI,1491.15,1,20,1192.92,Returned,3.1,1,6,2,2023,143.1504
ORD104096,2023-12-29,CUST7518,Returning,Toys,Toys Product 30,Central,Social Media,UPI,523.04,1,0,523.04,Shipped,3.9,0,12,4,2023,203.9856
ORD104097,2023-08-08,CUST2572,VIP,Books,Books Product 31,South,Social Media,Debit Card,358.98,1,0,358.98,Cancelled,4.7,0,8,3,2023,50.257200000000005
ORD104098,2023-07-11,CUST9802,New,Toys,Toys Product 24,West,Marketplace,Credit Card,873.49,1,20,698.79,Cancelled,3.9,0,7,3,2023,125.78219999999999
ORD104099,2023-10-09,CUST4674,New,Clothing,Clothing Product 24,East,Marketplace,UPI,3195.35,1,0,3195.35,Delivered,3.2,0,10,4,2023,1182.2794999999999
ORD104100,2023-10-14,CUST3163,Returning,Toys,Toys Product 5,North,Social Media,Credit Card,2774.02,2,10,4993.24,Returned,4.9,0,10,4,2023,1198.3775999999998
ORD104101,2024-04-01,CUST2163,At-Risk,Books,Books Product 10,East,Mobile App,Wallet,741.73,1,15,630.47,Delivered,2.5,0,4,2,2024,88.26580000000001
ORD104102,2023-06-02,CUST1375,At-Risk,Automotive,Automotive Product 37,South,Social Media,UPI,6259.81,2,0,12519.62,Cancelled,3.7,0,6,2,2023,2754.3164
ORD104103,2023-02-05,CUST3652,Returning,Clothing,Clothing Product 44,South,Marketplace,Debit Card,4688.14,1,10,4219.33,Delivered,4.0,0,2,1,2023,548.5129000000001
ORD104104,2024-09-20,CUST2468,At-Risk,Beauty,Beauty Product 45,West,Marketplace,Credit Card,2887.18,1,0,2887.18,Processing,4.0,0,9,3,2024,461.9488
ORD104105,2024-09-26,CUST7811,At-Risk,Automotive,Automotive Product 18,South,Mobile App,Net Banking,10498.89,2,0,20997.78,Processing,4.1,0,9,3,2024,2519.7335999999996
ORD104106,2024-09-23,CUST2212,VIP,Sports,Sports Product 20,Central,Marketplace,Debit Card,12830.77,5,0,64153.85,Cancelled,4.5,0,9,3,2024,14755.3855
ORD104107,2023-09-09,CUST8695,New,Clothing,Clothing Product 7,West,Website,Net Banking,1603.28,1,15,1362.79,Returned,4.0,1,9,3,2023,463.34860000000003
ORD104108,2024-10-24,CUST5891,New,Home & Kitchen,Home & Kitchen Product 20,Central,Mobile App,Net Banking,11953.89,4,0,47815.56,Processing,3.7,1,10,4,2024,13388.356800000001
ORD104109,2023-10-30,CUST7195,At-Risk,Clothing,Clothing Product 39,Central,Mobile App,Debit Card,3975.57,2,10,7156.03,Shipped,3.7,1,10,4,2023,2003.6884000000002
ORD104110,2024-05-25,CUST1669,At-Risk,Home & Kitchen,Home & Kitchen Product 50,East,Marketplace,Wallet,5514.26,2,20,8822.82,Delivered,3.5,0,5,2,2024,1411.6512
ORD104111,2024-02-26,CUST3607,New,Electronics,Electronics Product 11,Central,Marketplace,Debit Card,78693.89,2,5,149518.39,Shipped,4.6,0,2,1,2024,29903.678000000004
ORD104112,2024-07-17,CUST9698,VIP,Automotive,Automotive Product 22,South,Social Media,Net Banking,25141.69,1,5,23884.61,Cancelled,3.5,0,7,3,2024,8359.6135
ORD104113,2024-05-05,CUST4574,Returning,Electronics,Electronics Product 14,East,Social Media,Net Banking,49938.04,1,5,47441.14,Returned,4.7,0,5,2,2024,6167.3482
ORD104114,2023-03-04,CUST2955,VIP,Home & Kitchen,Home & Kitchen Product 44,South,Website,Wallet,8977.74,2,0,17955.48,Delivered,4.0,0,3,1,2023,6463.9728
ORD104115,2023-03-31,CUST1477,VIP,Books,Books Product 7,Central,Website,UPI,794.19,1,5,754.48,Processing,3.6,1,3,1,2023,188.62
ORD104116,2023-10-14,CUST5319,At-Risk,Clothing,Clothing Product 28,Central,Social Media,Wallet,1953.04,4,10,7030.94,Cancelled,4.5,0,10,4,2023,2460.8289999999997
ORD104117,2024-01-28,CUST5062,New,Toys,Toys Product 18,South,Marketplace,Wallet,1160.32,1,25,870.24,Cancelled,3.4,0,1,1,2024,174.048
ORD104118,2023-05-21,CUST9867,VIP,Sports,Sports Product 40,Central,Mobile App,Net Banking,10463.09,1,20,8370.47,Delivered,4.5,1,5,2,2023,1674.094
ORD104119,2024-03-05,CUST5520,VIP,Books,Books Product 35,North,Mobile App,Credit Card,787.43,2,20,1259.89,Cancelled,4.2,0,3,1,2024,415.76370000000003
ORD104120,2023-07-24,CUST2095,New,Books,Books Product 12,South,Social Media,Wallet,733.0,1,20,586.4,Processing,3.5,0,7,3,2023,199.376
ORD104121,2024-10-20,CUST7342,Returning,Sports,Sports Product 34,Central,Mobile App,Wallet,859.51,2,5,1633.07,Delivered,4.4,0,10,4,2024,277.6219
ORD104122,2024-06-22,CUST7420,Returning,Clothing,Clothing Product 49,West,Marketplace,UPI,1729.12,2,10,3112.42,Returned,4.4,0,6,2,2024,1213.8438
ORD104123,2023-09-13,CUST3657,Returning,Automotive,Automotive Product 44,Central,Social Media,Debit Card,9010.59,4,20,28833.89,Returned,4.9,0,9,3,2023,3748.4057000000003
ORD104124,2024-10-07,CUST3471,VIP,Electronics,Electronics Product 49,Central,Marketplace,Net Banking,52127.71,3,0,156383.13,Cancelled,4.8,0,10,4,2024,18765.9756
ORD104125,2024-07-10,CUST2329,New,Beauty,Beauty Product 16,West,Mobile App,Net Banking,2146.47,2,25,3219.7,Processing,4.4,1,7,3,2024,901.5160000000001
ORD104126,2023-01-20,CUST4326,At-Risk,Electronics,Electronics Product 34,Central,Mobile App,Credit Card,21417.51,2,5,40693.27,Shipped,3.1,1,1,1,2023,13021.846399999999
ORD104127,2024-01-27,CUST2941,VIP,Home & Kitchen,Home & Kitchen Product 50,South,Social Media,Debit Card,14943.46,4,10,53796.46,Delivered,5.0,0,1,1,2024,20980.6194
ORD104128,2024-12-31,CUST7877,At-Risk,Beauty,Beauty Product 42,South,Social Media,Net Banking,1111.93,1,10,1000.74,Shipped,2.9,0,12,4,2024,220.1628
ORD104129,2024-01-03,CUST8976,VIP,Toys,Toys Product 22,North,Marketplace,Net Banking,1236.78,1,25,927.58,Returned,4.8,1,1,1,2024,102.0338
ORD104130,2024-05-06,CUST1229,At-Risk,Toys,Toys Product 43,East,Website,Wallet,3981.37,1,0,3981.37,Cancelled,4.3,0,5,2,2024,1114.7836
ORD104131,2024-07-11,CUST9209,VIP,Home & Kitchen,Home & Kitchen Product 37,North,Mobile App,Wallet,9953.39,1,10,8958.05,Cancelled,3.1,0,7,3,2024,1702.0294999999999
ORD104132,2024-05-11,CUST1915,Returning,Clothing,Clothing Product 31,South,Website,Credit Card,3365.17,2,5,6393.82,Cancelled,3.9,0,5,2,2024,1470.5786
ORD104133,2023-12-19,CUST7011,At-Risk,Home & Kitchen,Home & Kitchen Product 18,South,Mobile App,Debit Card,5193.91,2,0,10387.82,Delivered,3.9,1,12,4,2023,2596.955
ORD104134,2024-08-02,CUST7649,New,Toys,Toys Product 29,North,Marketplace,Net Banking,319.22,2,15,542.67,Processing,5.0,0,8,3,2024,65.12039999999999
ORD104135,2024-05-29,CUST7038,New,Automotive,Automotive Product 29,Central,Marketplace,Net Banking,43704.37,1,10,39333.93,Processing,3.4,0,5,2,2024,9833.4825
ORD104136,2023-11-26,CUST7843,At-Risk,Clothing,Clothing Product 28,Central,Website,UPI,4647.42,2,10,8365.36,Processing,3.8,0,11,4,2023,1924.0328000000002
ORD104137,2024-02-02,CUST7443,Returning,Toys,Toys Product 23,East,Social Media,UPI,240.58,1,0,240.58,Cancelled,2.1,1,2,1,2024,74.5798
ORD104138,2023-10-04,CUST8544,At-Risk,Books,Books Product 25,Central,Website,Wallet,501.56,2,5,952.96,Delivered,5.0,0,10,4,2023,276.3584
ORD104139,2023-07-04,CUST1664,Returning,Home & Kitchen,Home & Kitchen Product 50,West,Website,Debit Card,4749.84,2,10,8549.71,Delivered,3.1,0,7,3,2023,1367.9535999999998
ORD104140,2023-01-27,CUST7277,At-Risk,Books,Books Product 21,East,Marketplace,Wallet,239.75,1,5,227.76,Cancelled,4.3,0,1,1,2023,36.4416
ORD104141,2023-11-23,CUST4831,Returning,Sports,Sports Product 38,East,Website,UPI,9614.37,1,0,9614.37,Cancelled,3.9,0,11,4,2023,1730.5866
ORD104142,2024-09-03,CUST7455,New,Toys,Toys Product 3,North,Marketplace,Debit Card,1675.91,1,25,1256.93,Delivered,3.9,0,9,3,2024,188.5395
ORD104143,2023-08-13,CUST3506,VIP,Automotive,Automotive Product 31,North,Website,UPI,35008.18,3,5,99773.31,Returned,4.6,0,8,3,2023,29931.993
ORD104144,2023-01-31,CUST2378,At-Risk,Home & Kitchen,Home & Kitchen Product 2,South,Mobile App,Credit Card,4273.17,4,10,15383.41,Shipped,5.0,1,1,1,2023,6153.3640000000005
ORD104145,2023-10-15,CUST9390,VIP,Sports,Sports Product 24,East,Marketplace,Credit Card,7752.78,2,5,14730.28,Cancelled,4.2,0,10,4,2023,4419.084
ORD104146,2023-03-01,CUST7450,VIP,Books,Books Product 21,North,Mobile App,Net Banking,356.76,1,0,356.76,Processing,4.5,0,3,1,2023,99.89280000000001
ORD104147,2024-04-28,CUST6931,Returning,Automotive,Automotive Product 20,West,Social Media,Wallet,26019.14,1,5,24718.18,Processing,4.3,0,4,2,2024,5437.9996
ORD104148,2024-06-26,CUST6925,Returning,Sports,Sports Product 47,West,Marketplace,Net Banking,19875.6,2,5,37763.64,Cancelled,4.8,0,6,2,2024,7175.0916
ORD104149,2024-01-02,CUST1990,At-Risk,Books,Books Product 40,West,Social Media,Credit Card,397.16,3,5,1131.91,Processing,3.6,0,1,1,2024,418.80670000000003
ORD104150,2024-08-21,CUST5967,At-Risk,Electronics,Electronics Product 17,Central,Marketplace,Net Banking,56728.8,1,5,53892.36,Cancelled,4.9,0,8,3,2024,21018.0204
ORD104151,2023-08-27,CUST5701,At-Risk,Home & Kitchen,Home & Kitchen Product 42,West,Mobile App,UPI,2245.4,1,5,2133.13,Returned,4.9,0,8,3,2023,533.2825
ORD104152,2023-06-13,CUST5173,VIP,Automotive,Automotive Product 46,North,Marketplace,Debit Card,17834.96,2,0,35669.92,Processing,4.9,0,6,2,2023,6777.284799999999
ORD104153,2023-04-13,CUST5923,New,Clothing,Clothing Product 14,West,Website,Net Banking,1455.62,1,5,1382.84,Cancelled,3.5,0,4,2,2023,456.3372
ORD104154,2023-09-11,CUST1592,VIP,Toys,Toys Product 41,West,Mobile App,Net Banking,933.03,1,0,933.03,Processing,3.9,0,9,3,2023,130.6242
ORD104155,2024-11-03,CUST8224,New,Books,Books Product 20,South,Social Media,Net Banking,297.15,1,0,297.15,Delivered,4.2,1,11,4,2024,98.0595
ORD104156,2023-09-04,CUST8069,New,Beauty,Beauty Product 15,East,Social Media,Wallet,387.42,2,20,619.87,Delivered,2.9,0,9,3,2023,216.9545
ORD104157,2023-09-30,CUST7414,Returning,Automotive,Automotive Product 50,West,Mobile App,UPI,22933.81,3,10,61921.29,Cancelled,5.0,1,9,3,2023,8668.9806
ORD104158,2024-06-30,CUST4216,VIP,Automotive,Automotive Product 28,West,Marketplace,Debit Card,33852.95,5,10,152338.28,Shipped,4.0,0,6,2,2024,59411.9292
ORD104159,2023-02-27,CUST6016,New,Automotive,Automotive Product 35,West,Mobile App,UPI,40429.38,2,5,76815.82,Returned,4.2,0,2,1,2023,30726.328000000005
ORD104160,2023-08-13,CUST4089,Returning,Electronics,Electronics Product 31,North,Marketplace,Net Banking,73110.66,2,20,116977.06,Shipped,3.5,0,8,3,2023,44451.2828
ORD104161,2024-08-12,CUST4681,VIP,Clothing,Clothing Product 43,East,Social Media,Credit Card,4335.1,1,10,3901.59,Cancelled,2.9,0,8,3,2024,975.3975
ORD104162,2024-02-02,CUST7829,VIP,Sports,Sports Product 32,Central,Website,Net Banking,17958.06,2,15,30528.7,Cancelled,3.5,0,2,1,2024,5189.879000000001
ORD104163,2023-12-30,CUST6632,New,Automotive,Automotive Product 7,Central,Marketplace,UPI,1931.97,1,0,1931.97,Returned,4.2,0,12,4,2023,521.6319000000001
ORD104164,2023-06-27,CUST1139,Returning,Beauty,Beauty Product 22,Central,Mobile App,Wallet,516.3,2,25,774.45,Processing,4.5,0,6,2,2023,178.1235
ORD104165,2023-06-30,CUST5952,VIP,Sports,Sports Product 27,West,Social Media,Credit Card,15336.44,1,15,13035.97,Cancelled,4.1,0,6,2,2023,2085.7552
ORD104166,2023-08-31,CUST7175,VIP,Toys,Toys Product 37,South,Mobile App,Wallet,1123.25,1,20,898.6,Delivered,4.3,0,8,3,2023,206.67800000000003
ORD104167,2024-08-29,CUST3740,VIP,Home & Kitchen,Home & Kitchen Product 12,South,Website,Credit Card,2903.48,1,0,2903.48,Returned,3.7,0,8,3,2024,871.044
ORD104168,2023-11-22,CUST8432,At-Risk,Toys,Toys Product 10,Central,Marketplace,Net Banking,446.84,1,0,446.84,Shipped,4.4,0,11,4,2023,53.620799999999996
ORD104169,2024-12-15,CUST4109,At-Risk,Books,Books Product 47,Central,Website,Debit Card,500.34,1,0,500.34,Delivered,5.0,0,12,4,2024,100.068
ORD104170,2024-01-03,CUST3121,Returning,Home & Kitchen,Home & Kitchen Product 1,East,Marketplace,Net Banking,3783.1,1,0,3783.1,Delivered,4.6,1,1,1,2024,416.141
ORD104171,2024-08-28,CUST3767,Returning,Toys,Toys Product 38,Central,Mobile App,Wallet,532.07,5,20,2128.28,Cancelled,4.6,0,8,3,2024,681.0496
ORD104172,2023-01-29,CUST7313,Returning,Automotive,Automotive Product 18,North,Website,UPI,4510.25,1,0,4510.25,Delivered,4.2,0,1,1,2023,1307.9724999999999
ORD104173,2024-12-21,CUST3206,New,Toys,Toys Product 50,North,Social Media,Credit Card,2947.81,2,0,5895.62,Processing,2.8,1,12,4,2024,707.4744
ORD104174,2024-12-18,CUST8108,VIP,Home & Kitchen,Home & Kitchen Product 40,South,Mobile App,Net Banking,11126.6,4,0,44506.4,Returned,3.2,0,12,4,2024,17357.496000000003
ORD104175,2023-12-27,CUST2924,At-Risk,Clothing,Clothing Product 4,Central,Mobile App,Debit Card,1837.45,5,0,9187.25,Delivered,4.4,0,12,4,2023,1010.5975
ORD104176,2024-08-04,CUST2449,Returning,Toys,Toys Product 32,East,Marketplace,UPI,3653.86,2,0,7307.72,Delivered,4.0,0,8,3,2024,2046.1616000000004
ORD104177,2024-07-31,CUST5841,Returning,Electronics,Electronics Product 26,South,Social Media,Wallet,6095.43,3,15,15543.35,Cancelled,4.4,1,7,3,2024,5129.3055
ORD104178,2023-05-26,CUST3406,New,Books,Books Product 45,East,Website,Debit Card,507.93,1,10,457.14,Returned,5.0,1,5,2,2023,155.4276
ORD104179,2024-07-30,CUST5189,VIP,Home & Kitchen,Home & Kitchen Product 16,South,Website,UPI,14494.97,1,0,14494.97,Processing,4.6,0,7,3,2024,1594.4467
ORD104180,2023-07-12,CUST4546,VIP,Sports,Sports Product 20,West,Social Media,Credit Card,19394.55,1,5,18424.82,Shipped,5.0,0,7,3,2023,6817.1834
ORD104181,2024-05-19,CUST7732,VIP,Sports,Sports Product 8,West,Social Media,Credit Card,12767.66,2,5,24258.55,Processing,4.1,0,5,2,2024,9218.249
ORD104182,2024-07-09,CUST3251,At-Risk,Clothing,Clothing Product 23,South,Mobile App,Net Banking,1788.32,2,0,3576.64,Returned,3.4,0,7,3,2024,965.6928
ORD104183,2023-11-13,CUST6628,New,Books,Books Product 14,South,Social Media,Wallet,565.46,1,10,508.91,Processing,4.0,0,11,4,2023,122.1384
ORD104184,2023-06-29,CUST6252,VIP,Automotive,Automotive Product 24,North,Mobile App,Credit Card,30938.21,1,10,27844.39,Shipped,3.4,0,6,2,2023,3062.8829
ORD104185,2024-05-17,CUST5367,At-Risk,Toys,Toys Product 38,East,Mobile App,UPI,413.43,2,10,744.17,Cancelled,5.0,0,5,2,2024,200.9259
ORD104186,2023-02-08,CUST3478,VIP,Clothing,Clothing Product 30,East,Social Media,Net Banking,865.83,1,10,779.25,Shipped,4.6,0,2,1,2023,171.435
ORD104187,2023-04-03,CUST2661,Returning,Beauty,Beauty Product 30,Central,Marketplace,Wallet,2766.31,2,0,5532.62,Processing,4.4,0,4,2,2023,1825.7646
ORD104188,2023-02-27,CUST9432,Returning,Clothing,Clothing Product 8,West,Mobile App,Net Banking,4647.5,2,25,6971.25,Processing,5.0,0,2,1,2023,1533.675
ORD104189,2023-08-27,CUST9408,VIP,Clothing,Clothing Product 4,South,Mobile App,Wallet,1090.76,2,15,1854.29,Processing,2.4,1,8,3,2023,574.8299
ORD104190,2024-09-08,CUST1643,New,Beauty,Beauty Product 43,West,Website,Credit Card,2197.03,3,20,5272.87,Returned,4.5,0,9,3,2024,685.4731
ORD104191,2023-08-13,CUST9745,New,Toys,Toys Product 4,East,Marketplace,Net Banking,548.03,4,0,2192.12,Cancelled,3.0,0,8,3,2023,306.89680000000004
ORD104192,2023-01-21,CUST9077,VIP,Automotive,Automotive Product 8,South,Website,Wallet,22102.09,1,20,17681.67,Delivered,4.0,1,1,1,2023,2475.4338
ORD104193,2024-06-23,CUST2607,At-Risk,Home & Kitchen,Home & Kitchen Product 8,Central,Website,Wallet,10378.33,2,15,17643.16,Cancelled,3.8,1,6,2,2024,1940.7476
ORD104194,2024-05-04,CUST7677,At-Risk,Sports,Sports Product 22,West,Social Media,Debit Card,4520.29,2,15,7684.49,Processing,4.5,0,5,2,2024,1997.9674
ORD104195,2023-01-01,CUST3416,VIP,Books,Books Product 42,South,Website,Debit Card,601.89,1,0,601.89,Returned,4.2,0,1,1,2023,204.64260000000002
ORD104196,2023-12-06,CUST4933,Returning,Electronics,Electronics Product 17,Central,Social Media,Credit Card,31258.63,1,10,28132.77,Cancelled,5.0,1,12,4,2023,7877.1756000000005
ORD104197,2024-09-20,CUST6097,New,Automotive,Automotive Product 30,Central,Website,Net Banking,31572.23,1,25,23679.17,Delivered,3.5,0,9,3,2024,6393.3759
ORD104198,2023-07-26,CUST2386,Returning,Electronics,Electronics Product 30,East,Mobile App,Credit Card,15814.77,1,10,14233.29,Delivered,4.6,0,7,3,2023,4269.987
ORD104199,2023-05-14,CUST7230,New,Clothing,Clothing Product 15,Central,Mobile App,Credit Card,4124.24,2,10,7423.63,Delivered,4.1,0,5,2,2023,1484.726
ORD104200,2023-12-15,CUST5319,VIP,Automotive,Automotive Product 50,East,Mobile App,Wallet,35645.29,3,20,85548.7,Processing,2.7,0,12,4,2023,17965.227
ORD104201,2023-07-01,CUST4614,New,Toys,Toys Product 19,Central,Website,Credit Card,2082.14,1,5,1978.03,Cancelled,3.3,0,7,3,2023,375.8257
ORD104202,2023-11-28,CUST4293,VIP,Beauty,Beauty Product 40,East,Marketplace,Debit Card,2162.88,1,10,1946.59,Delivered,3.9,0,11,4,2023,603.4429
ORD104203,2023-03-02,CUST6551,VIP,Toys,Toys Product 17,North,Marketplace,Debit Card,1983.0,5,5,9419.25,Shipped,4.9,0,3,1,2023,1412.8875
ORD104204,2023-01-23,CUST4922,Returning,Books,Books Product 16,South,Marketplace,UPI,612.1,1,20,489.68,Shipped,4.4,0,1,1,2023,48.968
ORD104205,2023-06-01,CUST3195,At-Risk,Toys,Toys Product 43,Central,Website,Wallet,2448.89,1,0,2448.89,Returned,3.1,1,6,2,2023,685.6892
ORD104206,2024-08-23,CUST5615,At-Risk,Electronics,Electronics Product 5,Central,Marketplace,Credit Card,68941.46,2,5,130988.77,Shipped,3.9,0,8,3,2024,49775.7326
ORD104207,2024-12-22,CUST8551,At-Risk,Electronics,Electronics Product 43,East,Mobile App,Debit Card,35680.05,2,10,64224.09,Processing,5.0,0,12,4,2024,17982.7452
ORD104208,2023-05-26,CUST4058,At-Risk,Sports,Sports Product 17,East,Social Media,Debit Card,10348.65,1,15,8796.35,Shipped,4.1,0,5,2,2023,2902.7955
ORD104209,2023-04-24,CUST6990,New,Clothing,Clothing Product 45,East,Social Media,Net Banking,581.88,1,10,523.69,Processing,3.7,0,4,2,2023,157.107
ORD104210,2024-06-22,CUST1943,Returning,Home & Kitchen,Home & Kitchen Product 35,West,Website,UPI,14620.6,1,20,11696.48,Cancelled,4.4,0,6,2,2024,2924.12
ORD104211,2024-01-09,CUST6974,New,Beauty,Beauty Product 31,East,Mobile App,Debit Card,900.3,2,20,1440.48,Processing,4.6,0,1,1,2024,460.9536
ORD104212,2023-03-16,CUST9710,VIP,Automotive,Automotive Product 9,West,Website,Debit Card,44006.29,2,0,88012.58,Returned,3.6,1,3,1,2023,30804.403
ORD104213,2024-01-18,CUST4864,New,Automotive,Automotive Product 12,East,Mobile App,Net Banking,29111.36,1,5,27655.79,Delivered,4.4,0,1,1,2024,4701.4843
ORD104214,2024-12-22,CUST4684,New,Automotive,Automotive Product 23,South,Website,Wallet,10115.8,2,0,20231.6,Delivered,3.7,0,12,4,2024,4046.3199999999997
ORD104215,2024-11-09,CUST5022,New,Clothing,Clothing Product 24,North,Mobile App,Debit Card,795.25,3,0,2385.75,Shipped,4.6,1,11,4,2024,405.57750000000004
ORD104216,2024-02-10,CUST5271,At-Risk,Clothing,Clothing Product 30,West,Social Media,UPI,3856.0,1,5,3663.2,Processing,4.1,1,2,1,2024,879.1679999999999
ORD104217,2024-08-23,CUST4314,Returning,Books,Books Product 33,North,Website,Wallet,231.74,1,20,185.39,Delivered,4.4,1,8,3,2024,68.59429999999999
ORD104218,2023-04-14,CUST1569,New,Automotive,Automotive Product 22,Central,Mobile App,UPI,42551.92,2,15,72338.26,Cancelled,3.4,1,4,2,2023,14467.652
ORD104219,2023-12-11,CUST4946,VIP,Home & Kitchen,Home & Kitchen Product 26,West,Website,Credit Card,11417.41,1,0,11417.41,Delivered,3.3,0,12,4,2023,2397.6560999999997
ORD104220,2023-11-06,CUST2270,Returning,Automotive,Automotive Product 17,South,Website,Wallet,12003.6,1,0,12003.6,Returned,4.8,0,11,4,2023,4321.296
ORD104221,2023-11-27,CUST2289,New,Sports,Sports Product 7,North,Mobile App,Credit Card,8135.49,2,10,14643.88,Returned,3.9,1,11,4,2023,3660.97
ORD104222,2023-05-20,CUST6993,VIP,Home & Kitchen,Home & Kitchen Product 15,North,Social Media,Credit Card,12589.79,4,5,47841.2,Shipped,4.2,1,5,2,2023,12438.712
ORD104223,2023-06-11,CUST9667,New,Home & Kitchen,Home & Kitchen Product 22,South,Social Media,Net Banking,4661.78,3,0,13985.34,Processing,3.8,1,6,2,2023,5034.7224
ORD104224,2024-03-23,CUST9183,New,Electronics,Electronics Product 18,North,Social Media,Wallet,33276.42,2,20,53242.27,Processing,4.7,0,3,1,2024,13310.5675
ORD104225,2024-10-16,CUST7646,VIP,Clothing,Clothing Product 42,North,Social Media,UPI,3274.86,2,20,5239.78,Returned,3.5,1,10,4,2024,1571.934
ORD104226,2024-05-13,CUST1458,Returning,Home & Kitchen,Home & Kitchen Product 47,South,Social Media,Wallet,3508.4,1,5,3332.98,Delivered,3.9,0,5,2,2024,433.2874
ORD104227,2024-10-26,CUST7125,At-Risk,Sports,Sports Product 41,West,Social Media,Wallet,5318.62,2,20,8509.79,Cancelled,4.6,1,10,4,2024,1276.4685000000002
ORD104228,2023-11-21,CUST5375,At-Risk,Clothing,Clothing Product 32,South,Social Media,Credit Card,1854.84,1,0,1854.84,Processing,4.9,0,11,4,2023,408.0648
ORD104229,2023-06-28,CUST7058,At-Risk,Toys,Toys Product 20,West,Mobile App,Credit Card,1114.93,1,10,1003.44,Returned,3.6,0,6,2,2023,250.86
ORD104230,2024-12-25,CUST8649,Returning,Home & Kitchen,Home & Kitchen Product 7,West,Social Media,Debit Card,402.65,2,5,765.04,Returned,5.0,0,12,4,2024,298.3656
ORD104231,2024-07-29,CUST7396,New,Clothing,Clothing Product 26,South,Marketplace,Wallet,4474.67,2,0,8949.34,Shipped,4.3,0,7,3,2024,3490.2426
ORD104232,2024-12-11,CUST5400,New,Electronics,Electronics Product 35,South,Social Media,UPI,54840.72,1,20,43872.58,Processing,3.2,0,12,4,2024,15794.1288
ORD104233,2024-09-20,CUST9181,At-Risk,Sports,Sports Product 22,East,Social Media,Net Banking,5916.4,4,5,22482.32,Cancelled,4.3,0,9,3,2024,4271.6408
ORD104234,2024-01-01,CUST6420,New,Home & Kitchen,Home & Kitchen Product 42,West,Marketplace,UPI,2670.58,1,10,2403.52,Returned,3.7,0,1,1,2024,937.3728
ORD104235,2023-08-17,CUST8430,At-Risk,Automotive,Automotive Product 24,West,Marketplace,Credit Card,3831.68,1,0,3831.68,Returned,4.3,0,8,3,2023,1187.8208
ORD104236,2024-11-12,CUST7576,New,Beauty,Beauty Product 30,South,Marketplace,Debit Card,1557.68,1,0,1557.68,Processing,4.0,0,11,4,2024,342.68960000000004
ORD104237,2024-08-26,CUST5395,New,Home & Kitchen,Home & Kitchen Product 14,South,Marketplace,Credit Card,13569.59,3,0,40708.77,Returned,4.1,0,8,3,2024,12619.7187
ORD104238,2023-06-29,CUST6496,At-Risk,Books,Books Product 40,South,Marketplace,Credit Card,142.28,2,5,270.33,Returned,3.3,0,6,2,2023,27.033
ORD104239,2024-01-23,CUST4266,VIP,Electronics,Electronics Product 43,South,Website,Wallet,60574.18,1,10,54516.76,Shipped,4.8,0,1,1,2024,7632.346400000001
ORD104240,2023-11-11,CUST6906,At-Risk,Books,Books Product 21,East,Mobile App,Debit Card,401.07,2,0,802.14,Delivered,3.1,1,11,4,2023,280.74899999999997
ORD104241,2024-12-06,CUST4930,VIP,Automotive,Automotive Product 10,Central,Marketplace,Wallet,33962.52,1,10,30566.27,Cancelled,3.1,0,12,4,2024,8864.218299999999
ORD104242,2023-10-29,CUST8153,Returning,Electronics,Electronics Product 16,West,Website,Net Banking,71941.85,3,10,194243.0,Shipped,4.3,0,10,4,2023,40791.03
ORD104243,2023-05-11,CUST7073,VIP,Clothing,Clothing Product 10,East,Marketplace,Wallet,2340.47,1,10,2106.42,Processing,5.0,0,5,2,2023,526.605
ORD104244,2023-07-01,CUST8736,At-Risk,Toys,Toys Product 35,Central,Marketplace,Credit Card,3913.24,1,5,3717.58,Returned,3.7,0,7,3,2023,1375.5046
ORD104245,2023-01-02,CUST5437,New,Sports,Sports Product 24,South,Mobile App,UPI,13620.22,4,20,43584.7,Shipped,4.6,0,1,1,2023,12639.562999999998
ORD104246,2024-12-19,CUST7439,At-Risk,Automotive,Automotive Product 24,Central,Marketplace,Net Banking,16465.18,1,5,15641.92,Cancelled,4.9,1,12,4,2024,3441.2224
ORD104247,2024-08-09,CUST7335,New,Electronics,Electronics Product 23,North,Website,UPI,61825.2,1,5,58733.94,Cancelled,4.7,0,8,3,2024,8222.751600000001
ORD104248,2024-02-05,CUST9237,Returning,Electronics,Electronics Product 36,West,Website,Wallet,73200.89,2,0,146401.78,Delivered,3.8,0,2,1,2024,27816.3382
ORD104249,2024-08-04,CUST7263,At-Risk,Electronics,Electronics Product 2,West,Website,UPI,55997.04,5,0,279985.2,Cancelled,3.1,1,8,3,2024,109194.228
ORD104250,2023-02-03,CUST2041,Returning,Toys,Toys Product 50,North,Mobile App,Credit Card,2500.93,1,0,2500.93,Delivered,2.2,0,2,1,2023,575.2139
ORD104251,2023-07-06,CUST8059,Returning,Books,Books Product 44,North,Social Media,Credit Card,771.51,1,10,694.36,Delivered,3.8,0,7,3,2023,166.6464
ORD104252,2024-09-08,CUST4418,New,Books,Books Product 48,Central,Mobile App,Debit Card,498.44,1,0,498.44,Delivered,4.9,1,9,3,2024,124.61
ORD104253,2023-11-22,CUST5593,VIP,Beauty,Beauty Product 38,North,Marketplace,Credit Card,2222.37,2,0,4444.74,Returned,3.1,0,11,4,2023,1644.5538
ORD104254,2024-09-18,CUST3072,VIP,Books,Books Product 23,North,Marketplace,Debit Card,323.34,1,15,274.84,Shipped,4.6,0,9,3,2024,76.9552
ORD104255,2023-08-15,CUST2295,Returning,Books,Books Product 32,Central,Mobile App,Debit Card,350.68,2,0,701.36,Processing,3.2,1,8,3,2023,217.4216
ORD104256,2024-10-16,CUST3901,Returning,Clothing,Clothing Product 48,North,Mobile App,Wallet,4092.63,5,0,20463.15,Returned,4.1,0,10,4,2024,4501.893
ORD104257,2024-08-02,CUST6623,New,Electronics,Electronics Product 39,East,Website,Credit Card,29950.25,1,0,29950.25,Processing,4.6,0,8,3,2024,3294.5275
ORD104258,2023-04-17,CUST5678,At-Risk,Toys,Toys Product 20,Central,Mobile App,UPI,1340.94,1,15,1139.8,Delivered,3.5,0,4,2,2023,433.12399999999997
ORD104259,2024-05-23,CUST7061,New,Electronics,Electronics Product 32,Central,Mobile App,Wallet,39382.45,1,0,39382.45,Cancelled,4.1,0,5,2,2024,14965.330999999998
ORD104260,2023-05-25,CUST1362,New,Electronics,Electronics Product 24,West,Mobile App,Net Banking,43900.39,1,5,41705.37,Delivered,3.7,0,5,2,2023,15848.040600000002
ORD104261,2023-12-06,CUST9773,Returning,Beauty,Beauty Product 33,West,Mobile App,Net Banking,2273.16,4,5,8638.01,Processing,4.6,1,12,4,2023,3282.4438
ORD104262,2023-03-21,CUST1129,Returning,Books,Books Product 7,North,Website,Net Banking,259.68,1,10,233.71,Shipped,4.2,0,3,1,2023,79.46140000000001
ORD104263,2023-09-01,CUST6440,New,Clothing,Clothing Product 42,West,Mobile App,Wallet,1018.65,1,10,916.78,Delivered,4.0,0,9,3,2023,284.2018
ORD104264,2023-12-22,CUST6019,Returning,Books,Books Product 27,South,Marketplace,UPI,583.61,2,15,992.14,Shipped,5.0,0,12,4,2023,347.24899999999997
ORD104265,2023-11-24,CUST9323,At-Risk,Clothing,Clothing Product 26,South,Website,Debit Card,2166.72,1,0,2166.72,Shipped,4.5,1,11,4,2023,606.6816
ORD104266,2023-06-21,CUST2434,VIP,Home & Kitchen,Home & Kitchen Product 3,West,Marketplace,Debit Card,13235.63,2,0,26471.26,Shipped,3.4,0,6,2,2023,3705.9764
ORD104267,2024-10-13,CUST6598,VIP,Home & Kitchen,Home & Kitchen Product 10,East,Marketplace,Wallet,5068.21,1,0,5068.21,Delivered,3.9,0,10,4,2024,1115.0062
ORD104268,2023-04-01,CUST4037,New,Electronics,Electronics Product 34,East,Marketplace,UPI,63802.01,3,0,191406.03,Processing,3.9,0,4,2,2023,74648.3517
ORD104269,2024-12-26,CUST7538,VIP,Toys,Toys Product 50,West,Website,Debit Card,3791.81,4,0,15167.24,Cancelled,4.1,1,12,4,2024,3185.1204
ORD104270,2024-11-17,CUST3336,Returning,Clothing,Clothing Product 17,Central,Social Media,Wallet,2135.56,2,0,4271.12,Returned,5.0,0,11,4,2024,1537.6032
ORD104271,2024-10-16,CUST6293,Returning,Beauty,Beauty Product 41,Central,Website,Debit Card,2625.74,5,5,12472.26,Processing,4.3,0,10,4,2024,1621.3938
ORD104272,2023-12-10,CUST7081,VIP,Beauty,Beauty Product 41,South,Mobile App,Net Banking,1473.52,1,10,1326.17,Returned,2.4,0,12,4,2023,265.23400000000004
ORD104273,2024-04-02,CUST7247,New,Books,Books Product 8,West,Social Media,UPI,206.88,1,0,206.88,Shipped,3.6,0,4,2,2024,43.4448
ORD104274,2023-01-12,CUST7505,New,Books,Books Product 50,Central,Marketplace,UPI,616.5,2,10,1109.7,Shipped,2.5,0,1,1,2023,133.164
ORD104275,2023-09-29,CUST5949,VIP,Toys,Toys Product 13,East,Website,Debit Card,1665.14,2,0,3330.28,Returned,3.7,0,9,3,2023,466.2392000000001
ORD104276,2023-08-03,CUST8318,Returning,Toys,Toys Product 27,Central,Social Media,Wallet,3808.61,1,0,3808.61,Cancelled,2.4,0,8,3,2023,609.3776
ORD104277,2023-09-13,CUST3977,New,Clothing,Clothing Product 11,East,Mobile App,Wallet,4392.14,1,5,4172.53,Shipped,3.3,0,9,3,2023,1460.3854999999999
ORD104278,2024-12-10,CUST2848,At-Risk,Books,Books Product 16,East,Social Media,UPI,651.79,1,0,651.79,Cancelled,2.8,0,12,4,2024,78.2148
ORD104279,2023-03-11,CUST4924,At-Risk,Books,Books Product 14,North,Website,Net Banking,367.02,1,0,367.02,Returned,4.3,0,3,1,2023,69.7338
ORD104280,2023-12-25,CUST1221,At-Risk,Clothing,Clothing Product 48,West,Social Media,Debit Card,4377.2,1,5,4158.34,Returned,4.0,0,12,4,2023,415.83400000000006
ORD104281,2023-09-20,CUST8425,New,Beauty,Beauty Product 48,West,Social Media,Net Banking,575.74,2,20,921.18,Processing,4.2,0,9,3,2023,285.56579999999997
ORD104282,2023-04-21,CUST5524,New,Beauty,Beauty Product 42,North,Marketplace,Net Banking,1192.27,1,10,1073.04,Returned,3.9,0,4,2,2023,311.18159999999995
ORD104283,2023-01-02,CUST3239,VIP,Home & Kitchen,Home & Kitchen Product 41,Central,Website,Debit Card,6685.4,1,0,6685.4,Processing,2.9,0,1,1,2023,1938.7659999999998
ORD104284,2023-02-19,CUST4925,New,Electronics,Electronics Product 20,North,Marketplace,UPI,65483.68,2,15,111322.26,Processing,4.4,0,2,1,2023,23377.6746
ORD104285,2024-01-31,CUST7028,VIP,Toys,Toys Product 29,Central,Website,Wallet,3640.38,2,10,6552.68,Processing,5.0,0,1,1,2024,1048.4288000000001
ORD104286,2024-03-24,CUST2944,VIP,Beauty,Beauty Product 1,South,Marketplace,UPI,580.46,4,10,2089.66,Shipped,4.3,0,3,1,2024,668.6912
ORD104287,2024-03-05,CUST5353,Returning,Electronics,Electronics Product 20,West,Marketplace,Credit Card,75710.41,2,15,128707.7,Processing,3.7,0,3,1,2024,43760.618
ORD104288,2023-06-20,CUST3975,New,Toys,Toys Product 2,North,Social Media,Debit Card,1024.58,1,5,973.35,Cancelled,2.9,1,6,2,2023,136.269
ORD104289,2024-02-28,CUST7304,New,Books,Books Product 30,West,Social Media,Credit Card,111.47,3,0,334.41,Returned,3.3,0,2,1,2024,83.6025
ORD104290,2024-05-19,CUST3007,At-Risk,Automotive,Automotive Product 7,East,Mobile App,Debit Card,24036.58,2,5,45669.5,Cancelled,4.4,0,5,2,2024,7763.8150000000005
ORD104291,2024-01-23,CUST5684,At-Risk,Books,Books Product 17,East,Website,Net Banking,289.62,1,5,275.14,Processing,4.9,0,1,1,2024,41.270999999999994
ORD104292,2023-12-26,CUST1862,Returning,Clothing,Clothing Product 26,Central,Social Media,Net Banking,1149.23,2,5,2183.54,Returned,4.2,1,12,4,2023,698.7328
ORD104293,2024-07-13,CUST5338,Returning,Sports,Sports Product 38,North,Marketplace,Debit Card,10147.52,4,10,36531.07,Cancelled,4.6,0,7,3,2024,9498.0782
ORD104294,2024-01-20,CUST9920,Returning,Beauty,Beauty Product 29,North,Mobile App,Credit Card,601.2,1,20,480.96,Processing,4.6,0,1,1,2024,76.9536
ORD104295,2023-04-14,CUST4201,Returning,Electronics,Electronics Product 41,East,Marketplace,Net Banking,66467.36,1,20,53173.89,Delivered,4.4,0,4,2,2023,10103.0391
ORD104296,2024-05-05,CUST5060,Returning,Clothing,Clothing Product 46,East,Mobile App,Wallet,4298.31,1,20,3438.65,Returned,3.5,0,5,2,2024,1341.0735000000002
ORD104297,2024-08-14,CUST3579,Returning,Books,Books Product 7,West,Social Media,Debit Card,294.37,1,15,250.21,Returned,4.1,0,8,3,2024,87.5735
ORD104298,2024-10-28,CUST7806,VIP,Toys,Toys Product 17,South,Social Media,Credit Card,921.8,1,20,737.44,Processing,3.3,0,10,4,2024,265.4784
ORD104299,2024-12-04,CUST2906,New,Sports,Sports Product 47,East,Mobile App,Net Banking,12293.77,2,0,24587.54,Cancelled,4.0,0,12,4,2024,5901.0096
ORD104300,2023-08-19,CUST5931,New,Automotive,Automotive Product 32,West,Website,Debit Card,25357.54,1,0,25357.54,Returned,4.3,0,8,3,2023,7353.6866
ORD104301,2023-06-16,CUST6189,VIP,Clothing,Clothing Product 43,West,Mobile App,UPI,2288.52,4,5,8696.38,Cancelled,5.0,0,6,2,2023,1826.2397999999998
ORD104302,2024-04-07,CUST6061,Returning,Home & Kitchen,Home & Kitchen Product 38,Central,Marketplace,Credit Card,12818.48,3,15,32687.12,Shipped,3.0,0,4,2,2024,3922.4543999999996
ORD104303,2023-03-17,CUST4497,Returning,Sports,Sports Product 32,East,Website,UPI,9951.91,2,5,18908.63,Returned,4.4,0,3,1,2023,4159.8986
ORD104304,2023-02-04,CUST1914,Returning,Clothing,Clothing Product 47,East,Social Media,UPI,3395.79,3,10,9168.63,Processing,5.0,1,2,1,2023,2567.2164
ORD104305,2023-10-29,CUST8418,Returning,Beauty,Beauty Product 45,West,Marketplace,Debit Card,1157.1,1,0,1157.1,Cancelled,4.6,0,10,4,2023,219.849
ORD104306,2023-01-21,CUST7760,New,Toys,Toys Product 16,South,Social Media,Debit Card,602.84,1,0,602.84,Returned,4.7,0,1,1,2023,210.994
ORD104307,2023-11-23,CUST4604,VIP,Home & Kitchen,Home & Kitchen Product 19,South,Mobile App,Net Banking,14308.37,2,10,25755.07,Delivered,4.5,0,11,4,2023,3863.2605
ORD104308,2023-09-25,CUST8502,At-Risk,Beauty,Beauty Product 8,Central,Marketplace,Net Banking,2162.17,3,0,6486.51,Shipped,5.0,0,9,3,2023,1362.1671
ORD104309,2023-04-18,CUST4702,Returning,Home & Kitchen,Home & Kitchen Product 36,West,Mobile App,Wallet,9234.92,3,0,27704.76,Delivered,3.1,1,4,2,2023,3878.6664
ORD104310,2023-03-17,CUST2708,New,Beauty,Beauty Product 23,Central,Website,Wallet,553.21,1,0,553.21,Delivered,2.9,0,3,1,2023,121.70620000000001
ORD104311,2023-12-17,CUST1296,New,Automotive,Automotive Product 46,North,Mobile App,Debit Card,26323.12,4,0,105292.48,Delivered,4.0,0,12,4,2023,11582.1728
ORD104312,2023-06-24,CUST1491,New,Clothing,Clothing Product 21,East,Mobile App,UPI,2572.31,1,10,2315.08,Shipped,2.3,1,6,2,2023,416.71439999999996
ORD104313,2024-01-20,CUST9751,New,Beauty,Beauty Product 37,South,Marketplace,UPI,766.75,4,0,3067.0,Processing,5.0,0,1,1,2024,674.74
ORD104314,2023-06-14,CUST2998,New,Electronics,Electronics Product 22,Central,Mobile App,Wallet,39495.3,5,10,177728.85,Processing,5.0,0,6,2,2023,42654.924
ORD104315,2023-03-18,CUST9121,Returning,Automotive,Automotive Product 3,Central,Social Media,Debit Card,47877.35,1,0,47877.35,Processing,3.7,1,3,1,2023,12448.111
ORD104316,2024-07-14,CUST9697,VIP,Toys,Toys Product 34,North,Social Media,Net Banking,2599.73,2,15,4419.54,Returned,3.7,0,7,3,2024,795.5172
ORD104317,2023-04-06,CUST6837,VIP,Books,Books Product 46,East,Website,Debit Card,337.01,1,0,337.01,Processing,3.9,0,4,2,2023,87.6226
ORD104318,2023-12-13,CUST3736,Returning,Electronics,Electronics Product 14,West,Mobile App,Net Banking,25193.65,1,10,22674.29,Processing,4.0,0,12,4,2023,5668.5725
ORD104319,2024-08-31,CUST3327,Returning,Books,Books Product 32,West,Marketplace,Wallet,532.94,2,10,959.29,Shipped,4.1,0,8,3,2024,182.2651
ORD104320,2024-09-20,CUST2970,New,Electronics,Electronics Product 19,East,Mobile App,Net Banking,49124.33,2,0,98248.66,Shipped,4.4,0,9,3,2024,34387.031
ORD104321,2024-05-09,CUST2300,Returning,Clothing,Clothing Product 24,North,Marketplace,Net Banking,3075.76,4,20,9842.43,Processing,3.9,0,5,2,2024,2559.0318
ORD104322,2024-12-22,CUST7035,Returning,Sports,Sports Product 46,Central,Website,Wallet,10780.88,2,10,19405.58,Returned,4.8,0,12,4,2024,3881.1160000000004
ORD104323,2023-02-01,CUST9994,Returning,Books,Books Product 50,South,Marketplace,Debit Card,338.77,1,5,321.83,Cancelled,4.4,0,2,1,2023,122.2954
ORD104324,2024-03-17,CUST8317,VIP,Toys,Toys Product 26,West,Marketplace,Wallet,1618.75,3,0,4856.25,Cancelled,3.5,0,3,1,2024,1699.6875
ORD104325,2024-10-31,CUST2513,Returning,Books,Books Product 3,Central,Website,Wallet,581.96,5,20,2327.84,Processing,5.0,1,10,4,2024,907.8576
ORD104326,2023-06-18,CUST5601,At-Risk,Clothing,Clothing Product 8,East,Social Media,Wallet,815.04,1,15,692.78,Shipped,2.9,0,6,2,2023,214.7618
ORD104327,2024-09-13,CUST6215,New,Electronics,Electronics Product 30,West,Marketplace,UPI,45443.55,5,0,227217.75,Cancelled,3.9,0,9,3,2024,47715.7275
ORD104328,2024-03-20,CUST3562,Returning,Home & Kitchen,Home & Kitchen Product 2,West,Website,Wallet,7260.79,1,0,7260.79,Processing,4.8,1,3,1,2024,1306.9422
ORD104329,2023-06-10,CUST4426,Returning,Beauty,Beauty Product 13,North,Marketplace,Credit Card,200.47,3,15,511.2,Cancelled,3.4,0,6,2,2023,153.35999999999999
ORD104330,2023-02-24,CUST6943,Returning,Automotive,Automotive Product 39,Central,Marketplace,Debit Card,19004.42,1,10,17103.98,Processing,4.2,1,2,1,2023,6670.5522
ORD104331,2023-04-14,CUST5577,VIP,Sports,Sports Product 25,Central,Social Media,Wallet,5223.75,1,15,4440.19,Processing,4.4,0,4,2,2023,1287.6550999999997
ORD104332,2023-12-06,CUST3887,VIP,Books,Books Product 7,Central,Marketplace,Net Banking,761.2,1,5,723.14,Returned,3.3,0,12,4,2023,260.3304
ORD104333,2023-07-30,CUST8093,At-Risk,Home & Kitchen,Home & Kitchen Product 2,Central,Marketplace,Net Banking,10417.74,2,10,18751.93,Delivered,3.9,0,7,3,2023,3750.3860000000004
ORD104334,2023-07-14,CUST9281,VIP,Toys,Toys Product 5,South,Social Media,Debit Card,3658.56,1,0,3658.56,Processing,3.9,1,7,3,2023,804.8832
ORD104335,2024-02-24,CUST8547,VIP,Books,Books Product 30,West,Marketplace,Wallet,731.79,1,0,731.79,Delivered,3.6,0,2,1,2024,270.7623
ORD104336,2024-12-14,CUST5255,Returning,Electronics,Electronics Product 23,East,Marketplace,Net Banking,50892.78,2,10,91607.0,Processing,5.0,0,12,4,2024,30230.31
ORD104337,2024-07-21,CUST5375,Returning,Books,Books Product 40,South,Mobile App,Net Banking,731.29,4,25,2193.87,Processing,3.4,0,7,3,2024,855.6093
ORD104338,2024-07-07,CUST9160,VIP,Automotive,Automotive Product 44,East,Mobile App,UPI,24228.43,1,0,24228.43,Delivered,4.8,1,7,3,2024,7995.3819
ORD104339,2023-09-29,CUST1796,Returning,Beauty,Beauty Product 2,East,Website,Net Banking,949.51,1,5,902.03,Processing,3.7,0,9,3,2023,207.4669
ORD104340,2024-11-07,CUST2842,At-Risk,Home & Kitchen,Home & Kitchen Product 43,North,Website,Wallet,5309.13,1,10,4778.22,Returned,3.1,1,11,4,2024,1242.3372000000002
ORD104341,2023-10-16,CUST9146,VIP,Sports,Sports Product 3,Central,Marketplace,Net Banking,15958.83,1,5,15160.89,Shipped,4.1,1,10,4,2023,5609.5293
ORD104342,2023-11-01,CUST4178,VIP,Beauty,Beauty Product 49,West,Website,Wallet,2140.24,3,15,5457.61,Shipped,4.5,0,11,4,2023,1473.5547
ORD104343,2023-09-01,CUST3680,At-Risk,Electronics,Electronics Product 7,Central,Marketplace,Credit Card,72197.54,3,15,184103.73,Returned,4.7,0,9,3,2023,33138.6714
ORD104344,2023-04-09,CUST1414,At-Risk,Toys,Toys Product 29,East,Mobile App,Credit Card,3868.8,2,0,7737.6,Delivered,5.0,0,4,2,2023,1779.6480000000001
ORD104345,2023-02-20,CUST9667,New,Sports,Sports Product 48,Central,Marketplace,UPI,15719.26,1,25,11789.44,Returned,5.0,0,2,1,2023,2947.36
ORD104346,2024-02-07,CUST7732,Returning,Electronics,Electronics Product 3,South,Mobile App,Credit Card,45995.86,3,15,117289.44,Cancelled,4.2,0,2,1,2024,15247.6272
ORD104347,2024-08-08,CUST6594,VIP,Books,Books Product 25,Central,Social Media,Net Banking,737.97,2,20,1180.75,Processing,3.5,0,8,3,2024,377.84000000000003
ORD104348,2024-07-16,CUST3418,At-Risk,Beauty,Beauty Product 30,North,Social Media,Net Banking,2168.1,3,10,5853.87,Delivered,4.4,0,7,3,2024,761.0031
ORD104349,2024-05-17,CUST4646,At-Risk,Beauty,Beauty Product 37,West,Marketplace,Debit Card,1886.75,2,20,3018.8,Delivered,3.8,0,5,2,2024,664.1360000000001
ORD104350,2023-06-07,CUST8286,Returning,Books,Books Product 42,South,Marketplace,Wallet,669.33,3,0,2007.99,Cancelled,4.7,0,6,2,2023,682.7166000000001
ORD104351,2023-02-25,CUST8582,VIP,Books,Books Product 18,East,Marketplace,Net Banking,274.37,2,0,548.74,Delivered,3.0,0,2,1,2023,131.6976
ORD104352,2024-01-05,CUST8421,Returning,Electronics,Electronics Product 37,North,Social Media,Wallet,45282.19,1,20,36225.75,Cancelled,5.0,1,1,1,2024,12679.012499999999
ORD104353,2023-01-04,CUST3163,New,Books,Books Product 3,South,Website,Net Banking,723.39,5,0,3616.95,Returned,4.7,1,1,1,2023,723.39
ORD104354,2024-03-13,CUST8044,VIP,Books,Books Product 32,South,Website,UPI,319.42,2,0,638.84,Delivered,2.7,0,3,1,2024,249.1476
ORD104355,2023-03-31,CUST7558,Returning,Toys,Toys Product 35,North,Social Media,Debit Card,3546.77,2,15,6029.51,Shipped,3.4,0,3,1,2023,964.7216000000001
ORD104356,2023-10-29,CUST6307,At-Risk,Beauty,Beauty Product 28,Central,Social Media,UPI,1244.81,1,15,1058.09,Cancelled,4.7,0,10,4,2023,116.3899
ORD104357,2024-11-08,CUST7663,At-Risk,Home & Kitchen,Home & Kitchen Product 45,Central,Marketplace,Credit Card,2480.83,2,0,4961.66,Returned,4.9,0,11,4,2024,1786.1976
ORD104358,2024-10-02,CUST4085,At-Risk,Automotive,Automotive Product 39,Central,Website,UPI,16625.42,2,20,26600.67,Processing,3.0,0,10,4,2024,8778.2211
ORD104359,2024-09-06,CUST4194,Returning,Electronics,Electronics Product 12,West,Website,Net Banking,42574.23,1,10,38316.81,Cancelled,4.6,0,9,3,2024,6513.8577000000005
ORD104360,2024-05-06,CUST8668,VIP,Clothing,Clothing Product 34,East,Marketplace,Debit Card,2420.91,1,5,2299.86,Processing,2.4,0,5,2,2024,919.9440000000001
ORD104361,2023-07-24,CUST1055,VIP,Automotive,Automotive Product 21,West,Social Media,Credit Card,45101.18,2,15,76672.01,Processing,3.9,0,7,3,2023,19168.0025
ORD104362,2023-04-10,CUST2826,Returning,Clothing,Clothing Product 21,Central,Social Media,Wallet,4746.29,3,5,13526.93,Cancelled,4.9,0,4,2,2023,5275.5027
ORD104363,2023-01-27,CUST5565,At-Risk,Books,Books Product 44,South,Website,Credit Card,609.48,2,0,1218.96,Processing,3.6,0,1,1,2023,304.74
ORD104364,2023-07-31,CUST2014,Returning,Electronics,Electronics Product 7,East,Mobile App,Debit Card,5820.57,1,0,5820.57,Shipped,2.8,1,7,3,2023,1396.9368
ORD104365,2023-06-24,CUST1764,VIP,Home & Kitchen,Home & Kitchen Product 26,South,Social Media,Credit Card,6026.77,2,5,11450.86,Shipped,4.1,1,6,2,2023,2633.6978000000004
ORD104366,2024-10-15,CUST6850,At-Risk,Books,Books Product 46,East,Social Media,UPI,235.23,1,5,223.47,Cancelled,3.5,0,10,4,2024,44.694
ORD104367,2023-10-26,CUST3498,New,Home & Kitchen,Home & Kitchen Product 10,South,Mobile App,Credit Card,11618.2,1,15,9875.47,Cancelled,4.5,0,10,4,2023,2567.6222
ORD104368,2023-03-25,CUST8197,VIP,Clothing,Clothing Product 8,East,Marketplace,UPI,3617.16,1,15,3074.59,Delivered,3.3,0,3,1,2023,737.9016
ORD104369,2024-04-29,CUST9798,Returning,Home & Kitchen,Home & Kitchen Product 48,East,Website,Credit Card,5647.6,1,10,5082.84,Shipped,3.4,0,4,2,2024,559.1124
ORD104370,2023-04-29,CUST2030,At-Risk,Books,Books Product 24,Central,Mobile App,Credit Card,644.43,1,15,547.77,Shipped,2.4,0,4,2,2023,98.59859999999999
ORD104371,2023-11-12,CUST1402,At-Risk,Books,Books Product 38,West,Website,Net Banking,431.62,1,0,431.62,Shipped,4.1,1,11,4,2023,69.0592
ORD104372,2024-02-12,CUST7020,VIP,Clothing,Clothing Product 50,Central,Website,Credit Card,1272.0,1,0,1272.0,Processing,3.9,0,2,1,2024,457.91999999999996
ORD104373,2024-04-27,CUST6332,VIP,Toys,Toys Product 16,East,Marketplace,Wallet,211.6,1,20,169.28,Delivered,3.0,0,4,2,2024,47.3984
ORD104374,2024-05-15,CUST9505,New,Automotive,Automotive Product 43,South,Website,Credit Card,18323.5,2,0,36647.0,Cancelled,4.2,0,5,2,2024,12093.51
ORD104375,2024-11-07,CUST1747,VIP,Sports,Sports Product 36,North,Social Media,Debit Card,12564.79,1,0,12564.79,Cancelled,4.8,1,11,4,2024,4900.2681
ORD104376,2023-09-29,CUST1595,At-Risk,Home & Kitchen,Home & Kitchen Product 50,South,Social Media,Wallet,8559.61,1,10,7703.65,Returned,3.8,0,9,3,2023,2234.0584999999996
ORD104377,2023-04-04,CUST1414,At-Risk,Books,Books Product 38,North,Website,UPI,648.58,3,5,1848.45,Returned,4.2,0,4,2,2023,720.8955000000001
ORD104378,2024-10-19,CUST3490,Returning,Books,Books Product 28,East,Social Media,Debit Card,769.67,1,20,615.74,Delivered,4.2,0,10,4,2024,116.9906
ORD104379,2024-07-11,CUST8927,VIP,Toys,Toys Product 29,West,Mobile App,Debit Card,2041.85,2,0,4083.7,Delivered,3.0,0,7,3,2024,653.3919999999999
ORD104380,2024-02-01,CUST3919,Returning,Home & Kitchen,Home & Kitchen Product 26,North,Marketplace,Net Banking,4918.27,1,0,4918.27,Cancelled,5.0,0,2,1,2024,1082.0194000000001
ORD104381,2023-07-09,CUST3097,New,Books,Books Product 44,South,Social Media,Credit Card,718.25,1,0,718.25,Delivered,3.6,0,7,3,2023,172.38
ORD104382,2024-01-15,CUST2076,At-Risk,Sports,Sports Product 16,Central,Website,Debit Card,4321.14,2,10,7778.05,Delivered,4.5,0,1,1,2024,2877.8785000000003
ORD104383,2024-01-26,CUST6065,At-Risk,Sports,Sports Product 23,West,Mobile App,Net Banking,16290.28,2,0,32580.56,Returned,4.6,1,1,1,2024,8796.7512
ORD104384,2024-01-14,CUST4052,VIP,Automotive,Automotive Product 13,North,Website,UPI,10059.2,4,5,38224.96,Returned,3.9,0,1,1,2024,7262.7424
ORD104385,2023-07-11,CUST6239,New,Books,Books Product 28,North,Social Media,Net Banking,746.6,2,20,1194.56,Returned,4.5,0,7,3,2023,382.25919999999996
ORD104386,2024-04-01,CUST8587,VIP,Sports,Sports Product 32,Central,Website,Wallet,12259.6,5,20,49038.4,Processing,4.2,0,4,2,2024,12259.6
ORD104387,2023-02-15,CUST4192,At-Risk,Automotive,Automotive Product 16,Central,Mobile App,Credit Card,15344.48,1,0,15344.48,Shipped,2.9,0,2,1,2023,2301.672
ORD104388,2023-09-27,CUST2964,VIP,Clothing,Clothing Product 24,North,Marketplace,UPI,490.7,1,5,466.16,Returned,3.7,1,9,3,2023,125.86320000000002
ORD104389,2024-03-26,CUST7970,Returning,Beauty,Beauty Product 44,South,Website,Wallet,2671.6,1,5,2538.02,Delivered,3.5,0,3,1,2024,939.0674
ORD104390,2024-04-21,CUST1433,Returning,Toys,Toys Product 23,East,Social Media,Net Banking,2189.31,1,20,1751.45,Processing,3.6,1,4,2,2024,613.0074999999999
ORD104391,2023-09-27,CUST5933,At-Risk,Toys,Toys Product 46,East,Mobile App,Debit Card,2115.69,2,25,3173.54,Cancelled,3.0,0,9,3,2023,888.5912000000001
ORD104392,2023-08-20,CUST4714,VIP,Home & Kitchen,Home & Kitchen Product 34,West,Website,UPI,3948.93,2,0,7897.86,Cancelled,4.9,0,8,3,2023,1658.5505999999998
ORD104393,2023-10-03,CUST3022,Returning,Automotive,Automotive Product 39,Central,Social Media,UPI,19299.64,1,10,17369.68,Delivered,5.0,0,10,4,2023,2258.0584
ORD104394,2024-07-31,CUST4565,VIP,Automotive,Automotive Product 27,East,Marketplace,Credit Card,35271.79,4,0,141087.16,Cancelled,4.8,0,7,3,2024,33860.9184
ORD104395,2023-03-05,CUST7520,At-Risk,Toys,Toys Product 3,West,Marketplace,Credit Card,3440.26,3,0,10320.78,Cancelled,5.0,0,3,1,2023,3405.8574000000003
ORD104396,2023-06-04,CUST9668,VIP,Toys,Toys Product 32,West,Social Media,Wallet,1333.07,1,0,1333.07,Processing,3.7,0,6,2,2023,279.94469999999995
ORD104397,2024-12-14,CUST2422,At-Risk,Home & Kitchen,Home & Kitchen Product 4,North,Marketplace,Debit Card,3302.33,1,5,3137.21,Cancelled,3.5,0,12,4,2024,533.3257000000001
ORD104398,2024-11-14,CUST9099,At-Risk,Automotive,Automotive Product 30,East,Mobile App,UPI,15368.29,1,5,14599.88,Shipped,3.4,1,11,4,2024,5547.9544
ORD104399,2023-04-10,CUST3694,VIP,Electronics,Electronics Product 9,Central,Social Media,Debit Card,2791.29,1,0,2791.29,Returned,4.5,0,4,2,2023,976.9514999999999
ORD104400,2023-03-29,CUST1574,Returning,Toys,Toys Product 9,North,Marketplace,Credit Card,2647.16,1,10,2382.44,Delivered,4.2,0,3,1,2023,690.9076
ORD104401,2024-11-15,CUST4251,VIP,Toys,Toys Product 35,South,Marketplace,Credit Card,1801.41,2,0,3602.82,Processing,3.9,0,11,4,2024,504.3948000000001
ORD104402,2023-12-19,CUST2992,Returning,Clothing,Clothing Product 35,West,Mobile App,Credit Card,1969.43,1,10,1772.49,Shipped,5.0,0,12,4,2023,248.14860000000002
ORD104403,2024-07-08,CUST4245,At-Risk,Sports,Sports Product 14,West,Mobile App,Credit Card,15605.62,1,0,15605.62,Returned,4.3,0,7,3,2024,2028.7306
ORD104404,2024-02-28,CUST7194,Returning,Home & Kitchen,Home & Kitchen Product 18,East,Mobile App,UPI,14896.8,5,0,74484.0,Cancelled,3.3,0,2,1,2024,20855.52
ORD104405,2024-08-26,CUST6666,VIP,Home & Kitchen,Home & Kitchen Product 50,West,Social Media,Wallet,6866.27,2,5,13045.91,Processing,3.5,1,8,3,2024,1695.9683
ORD104406,2023-08-21,CUST6751,Returning,Sports,Sports Product 6,East,Social Media,UPI,7887.58,4,0,31550.32,Returned,4.5,0,8,3,2023,11042.612
ORD104407,2024-07-20,CUST3525,Returning,Toys,Toys Product 14,West,Marketplace,UPI,796.52,1,5,756.69,Processing,4.8,0,7,3,2024,302.67600000000004
ORD104408,2023-03-04,CUST9488,VIP,Automotive,Automotive Product 15,West,Website,Net Banking,22651.65,1,0,22651.65,Cancelled,4.4,0,3,1,2023,4756.846500000001
ORD104409,2024-02-01,CUST7402,Returning,Sports,Sports Product 23,Central,Marketplace,Net Banking,6556.11,2,5,12456.61,Shipped,5.0,1,2,1,2024,2989.5864
ORD104410,2024-06-19,CUST3883,At-Risk,Automotive,Automotive Product 7,North,Website,Debit Card,46895.63,1,0,46895.63,Processing,5.0,0,6,2,2024,14537.645299999998
ORD104411,2024-03-04,CUST1438,At-Risk,Sports,Sports Product 49,North,Social Media,Credit Card,9336.49,1,10,8402.84,Returned,4.4,0,3,1,2024,3193.0792
ORD104412,2024-07-02,CUST4055,Returning,Toys,Toys Product 13,West,Social Media,Debit Card,951.57,2,15,1617.67,Returned,3.3,0,7,3,2024,598.5379
ORD104413,2024-12-04,CUST8940,VIP,Automotive,Automotive Product 40,North,Website,Net Banking,30641.89,2,0,61283.78,Cancelled,3.0,0,12,4,2024,7354.053599999999
ORD104414,2024-05-01,CUST5032,New,Clothing,Clothing Product 1,South,Marketplace,Credit Card,1566.86,1,5,1488.52,Cancelled,3.7,0,5,2,2024,223.278
ORD104415,2024-08-09,CUST6635,VIP,Beauty,Beauty Product 5,South,Marketplace,Credit Card,1821.47,1,0,1821.47,Cancelled,4.6,0,8,3,2024,601.0851
ORD104416,2023-08-30,CUST3094,At-Risk,Home & Kitchen,Home & Kitchen Product 18,North,Social Media,Credit Card,5045.21,1,10,4540.69,Shipped,5.0,1,8,3,2023,1407.6138999999998
ORD104417,2024-05-02,CUST7119,New,Automotive,Automotive Product 13,East,Website,Net Banking,1634.25,1,0,1634.25,Cancelled,4.3,1,5,2,2024,228.79500000000002
ORD104418,2023-11-03,CUST6771,Returning,Books,Books Product 4,North,Marketplace,UPI,136.7,1,5,129.86,Returned,4.9,0,11,4,2023,32.465
ORD104419,2023-03-22,CUST4493,At-Risk,Home & Kitchen,Home & Kitchen Product 39,South,Marketplace,Wallet,5100.11,1,5,4845.1,Delivered,3.8,0,3,1,2023,1598.8830000000003
ORD104420,2024-02-09,CUST4844,At-Risk,Books,Books Product 30,Central,Social Media,Debit Card,433.97,1,20,347.18,Returned,4.5,0,2,1,2024,59.02060000000001
ORD104421,2023-02-05,CUST3430,Returning,Electronics,Electronics Product 20,West,Social Media,Credit Card,11769.35,5,5,55904.41,Delivered,4.7,1,2,1,2023,20125.5876
ORD104422,2024-05-29,CUST3768,Returning,Electronics,Electronics Product 11,East,Website,Net Banking,66628.45,2,10,119931.21,Cancelled,2.4,0,5,2,2024,14391.7452
ORD104423,2024-08-07,CUST3470,VIP,Beauty,Beauty Product 32,East,Social Media,UPI,1218.83,2,5,2315.78,Returned,3.7,0,8,3,2024,764.2074000000001
ORD104424,2024-06-13,CUST8253,VIP,Automotive,Automotive Product 41,Central,Social Media,Net Banking,2052.89,1,20,1642.31,Returned,4.8,0,6,2,2024,459.84680000000003
ORD104425,2024-08-08,CUST4716,Returning,Toys,Toys Product 20,West,Marketplace,Credit Card,1850.19,1,15,1572.66,Returned,4.2,0,8,3,2024,298.8054
ORD104426,2024-11-24,CUST4114,VIP,Toys,Toys Product 40,Central,Website,Net Banking,1430.76,1,0,1430.76,Processing,3.0,0,11,4,2024,457.8432
ORD104427,2024-09-27,CUST9555,At-Risk,Toys,Toys Product 15,North,Mobile App,Debit Card,876.39,1,15,744.93,Processing,2.1,0,9,3,2024,245.8269
ORD104428,2023-05-31,CUST3855,VIP,Beauty,Beauty Product 28,Central,Social Media,Credit Card,1897.28,1,5,1802.42,Cancelled,3.7,0,5,2,2023,684.9196000000001
ORD104429,2023-05-04,CUST1023,At-Risk,Toys,Toys Product 26,North,Mobile App,Debit Card,3090.02,3,15,7879.55,Delivered,3.9,0,5,2,2023,1654.7055
ORD104430,2024-04-04,CUST5707,Returning,Automotive,Automotive Product 44,North,Social Media,Credit Card,32466.15,2,15,55192.46,Cancelled,3.3,0,4,2,2024,17109.6626
ORD104431,2023-06-27,CUST6957,New,Sports,Sports Product 15,East,Marketplace,Net Banking,6750.68,2,0,13501.36,Processing,4.1,1,6,2,2023,3780.3808000000004
ORD104432,2023-06-21,CUST8760,At-Risk,Clothing,Clothing Product 21,North,Social Media,Debit Card,3831.16,1,10,3448.04,Shipped,4.4,0,6,2,2023,896.4904
ORD104433,2023-08-05,CUST4638,New,Toys,Toys Product 31,East,Website,Net Banking,349.65,4,0,1398.6,Delivered,4.5,0,8,3,2023,517.482
ORD104434,2023-07-17,CUST6800,At-Risk,Electronics,Electronics Product 46,Central,Marketplace,Debit Card,41180.82,1,0,41180.82,Cancelled,2.1,0,7,3,2023,4118.082
ORD104435,2023-05-10,CUST4694,Returning,Clothing,Clothing Product 50,Central,Marketplace,Debit Card,3669.33,1,0,3669.33,Returned,2.9,0,5,2,2023,660.4793999999999
ORD104436,2023-02-13,CUST3116,VIP,Toys,Toys Product 47,South,Marketplace,Wallet,2911.92,1,10,2620.73,Processing,3.8,1,2,1,2023,681.3898
ORD104437,2024-03-09,CUST4713,At-Risk,Home & Kitchen,Home & Kitchen Product 37,South,Website,Net Banking,7601.15,3,0,22803.45,Shipped,4.5,0,3,1,2024,3420.5175
ORD104438,2023-03-22,CUST7934,Returning,Books,Books Product 27,South,Social Media,Credit Card,748.86,5,0,3744.3,Delivered,4.4,0,3,1,2023,1385.391
ORD104439,2024-11-30,CUST7993,New,Toys,Toys Product 29,East,Website,Credit Card,731.66,1,10,658.49,Returned,4.4,1,11,4,2024,190.9621
ORD104440,2024-03-21,CUST2427,At-Risk,Sports,Sports Product 50,South,Website,Credit Card,2404.16,4,0,9616.64,Cancelled,3.7,0,3,1,2024,2307.9936
ORD104441,2023-07-26,CUST9311,New,Beauty,Beauty Product 5,Central,Mobile App,Credit Card,615.64,3,0,1846.92,Delivered,3.7,0,7,3,2023,627.9528
ORD104442,2024-10-04,CUST6734,VIP,Automotive,Automotive Product 45,West,Mobile App,UPI,35921.61,1,0,35921.61,Delivered,3.4,0,10,4,2024,8621.1864
ORD104443,2023-06-01,CUST1569,Returning,Beauty,Beauty Product 18,West,Marketplace,Wallet,411.8,1,0,411.8,Processing,4.6,1,6,2,2023,111.186
ORD104444,2024-09-01,CUST8692,New,Electronics,Electronics Product 34,North,Social Media,Debit Card,29145.2,1,5,27687.94,Shipped,3.3,1,9,3,2024,2768.794
ORD104445,2023-09-22,CUST7506,New,Toys,Toys Product 2,North,Mobile App,Net Banking,1556.91,5,0,7784.55,Delivered,4.7,0,9,3,2023,1634.7555
ORD104446,2023-11-24,CUST2501,At-Risk,Toys,Toys Product 13,South,Mobile App,Debit Card,508.4,1,25,381.3,Shipped,4.2,0,11,4,2023,53.382000000000005
ORD104447,2023-03-10,CUST1802,Returning,Books,Books Product 46,Central,Mobile App,Credit Card,340.5,3,10,919.35,Returned,4.0,0,3,1,2023,284.9985
ORD104448,2023-03-31,CUST8522,At-Risk,Books,Books Product 50,East,Marketplace,Wallet,148.7,1,0,148.7,Delivered,3.5,1,3,1,2023,35.687999999999995
ORD104449,2024-02-02,CUST1746,New,Automotive,Automotive Product 43,East,Marketplace,Wallet,20507.55,2,0,41015.1,Processing,2.9,1,2,1,2024,7792.869
ORD104450,2024-07-23,CUST9379,New,Electronics,Electronics Product 1,North,Website,Debit Card,5440.96,1,5,5168.91,Processing,3.5,0,7,3,2024,1240.5384
ORD104451,2024-02-11,CUST4070,Returning,Beauty,Beauty Product 43,North,Mobile App,Debit Card,1336.61,2,10,2405.9,Returned,3.7,1,2,1,2024,384.944
ORD104452,2024-07-19,CUST7374,New,Electronics,Electronics Product 4,South,Marketplace,UPI,63283.43,3,0,189850.29,Processing,2.1,0,7,3,2024,72143.11020000001
ORD104453,2023-11-30,CUST9156,At-Risk,Home & Kitchen,Home & Kitchen Product 30,Central,Social Media,Credit Card,10510.42,3,0,31531.26,Delivered,3.8,0,11,4,2023,3783.7511999999997
ORD104454,2023-10-10,CUST2979,Returning,Sports,Sports Product 44,East,Social Media,Credit Card,11142.71,3,20,26742.5,Shipped,4.7,1,10,4,2023,9627.3
ORD104455,2024-06-16,CUST9284,At-Risk,Automotive,Automotive Product 47,West,Website,Net Banking,5202.11,1,0,5202.11,Cancelled,4.5,0,6,2,2024,1300.5275
ORD104456,2024-04-14,CUST3595,Returning,Home & Kitchen,Home & Kitchen Product 15,South,Mobile App,Credit Card,3346.64,2,0,6693.28,Processing,3.6,0,4,2,2024,1941.0511999999999
ORD104457,2023-01-13,CUST4275,At-Risk,Sports,Sports Product 24,Central,Website,Debit Card,3517.58,1,20,2814.06,Processing,4.0,1,1,1,2023,534.6714
ORD104458,2024-12-18,CUST7244,New,Books,Books Product 50,North,Mobile App,Wallet,633.93,1,10,570.54,Cancelled,3.6,0,12,4,2024,222.51059999999998
ORD104459,2024-09-30,CUST1632,At-Risk,Home & Kitchen,Home & Kitchen Product 41,North,Social Media,Net Banking,13069.38,2,0,26138.76,Processing,4.1,0,9,3,2024,4704.9767999999995
ORD104460,2024-08-24,CUST2616,Returning,Electronics,Electronics Product 28,North,Social Media,UPI,18577.99,1,10,16720.19,Cancelled,5.0,0,8,3,2024,4681.6532
ORD104461,2024-06-19,CUST1231,New,Clothing,Clothing Product 24,North,Marketplace,UPI,471.27,2,0,942.54,Returned,4.8,1,6,2,2024,377.016
ORD104462,2024-03-05,CUST9050,New,Clothing,Clothing Product 36,South,Social Media,Wallet,3480.91,5,10,15664.1,Returned,4.4,0,3,1,2024,5639.076
ORD104463,2023-04-26,CUST3042,VIP,Toys,Toys Product 10,East,Social Media,Net Banking,292.06,1,5,277.46,Cancelled,3.6,1,4,2,2023,72.1396
ORD104464,2024-02-29,CUST3555,At-Risk,Toys,Toys Product 25,East,Marketplace,Net Banking,2643.03,2,15,4493.15,Processing,4.6,0,2,1,2024,1797.26
ORD104465,2023-06-03,CUST7495,At-Risk,Clothing,Clothing Product 2,West,Social Media,Credit Card,3546.98,1,25,2660.24,Processing,2.7,0,6,2,2023,824.6743999999999
ORD104466,2023-06-01,CUST2634,New,Books,Books Product 33,North,Social Media,Debit Card,435.09,1,20,348.07,Cancelled,3.8,0,6,2,2023,55.6912
ORD104467,2024-08-03,CUST6803,Returning,Toys,Toys Product 12,Central,Mobile App,UPI,360.27,1,20,288.22,Delivered,4.5,0,8,3,2024,63.40840000000001
ORD104468,2024-08-25,CUST4641,At-Risk,Home & Kitchen,Home & Kitchen Product 22,North,Website,Credit Card,11450.36,4,5,43511.37,Shipped,4.6,1,8,3,2024,8702.274000000001
ORD104469,2024-08-19,CUST3996,VIP,Toys,Toys Product 12,East,Social Media,UPI,3809.87,4,0,15239.48,Returned,4.5,0,8,3,2024,3047.896
ORD104470,2023-04-13,CUST2468,Returning,Sports,Sports Product 43,Central,Mobile App,Debit Card,19106.65,4,5,72605.27,Cancelled,4.2,1,4,2,2023,23959.739100000003
ORD104471,2023-04-19,CUST9077,New,Sports,Sports Product 27,North,Website,UPI,3098.39,5,10,13942.76,Delivered,3.8,1,4,2,2023,3903.9728000000005
ORD104472,2024-07-30,CUST8122,Returning,Toys,Toys Product 16,West,Marketplace,Wallet,1413.94,1,20,1131.15,Shipped,4.4,0,7,3,2024,124.4265
ORD104473,2023-04-14,CUST5294,New,Sports,Sports Product 47,North,Mobile App,Credit Card,7995.5,1,0,7995.5,Delivered,3.2,0,4,2,2023,2878.38
ORD104474,2023-10-20,CUST9751,VIP,Toys,Toys Product 31,Central,Social Media,UPI,2610.46,2,20,4176.74,Returned,3.3,0,10,4,2023,793.5806
ORD104475,2024-07-02,CUST5231,At-Risk,Clothing,Clothing Product 38,East,Website,Net Banking,2099.88,1,15,1784.9,Cancelled,4.0,0,7,3,2024,713.96
ORD104476,2023-12-19,CUST7595,Returning,Clothing,Clothing Product 17,Central,Marketplace,Credit Card,2649.19,1,25,1986.89,Shipped,4.1,1,12,4,2023,774.8871
ORD104477,2024-02-25,CUST8839,VIP,Beauty,Beauty Product 46,Central,Mobile App,Credit Card,975.47,1,20,780.38,Returned,2.5,0,2,1,2024,296.5444
ORD104478,2023-09-28,CUST4281,At-Risk,Home & Kitchen,Home & Kitchen Product 50,Central,Social Media,Wallet,645.64,2,0,1291.28,Shipped,4.4,0,9,3,2023,439.03520000000003
ORD104479,2024-01-28,CUST6313,At-Risk,Sports,Sports Product 5,North,Mobile App,Credit Card,14408.95,2,0,28817.9,Delivered,4.6,0,1,1,2024,4899.043000000001
ORD104480,2024-11-01,CUST8251,Returning,Books,Books Product 10,South,Mobile App,Credit Card,390.46,1,0,390.46,Cancelled,3.9,0,11,4,2024,101.5196
ORD104481,2024-05-12,CUST5303,VIP,Toys,Toys Product 33,West,Marketplace,UPI,458.25,1,0,458.25,Shipped,5.0,0,5,2,2024,77.9025
ORD104482,2024-08-08,CUST3146,VIP,Sports,Sports Product 49,East,Website,UPI,4322.44,2,10,7780.39,Processing,3.5,0,8,3,2024,1400.4702
ORD104483,2024-09-15,CUST3378,Returning,Electronics,Electronics Product 34,North,Social Media,Credit Card,3362.44,2,15,5716.15,Cancelled,3.7,1,9,3,2024,1600.5220000000002
ORD104484,2024-04-29,CUST4437,Returning,Home & Kitchen,Home & Kitchen Product 25,East,Marketplace,Credit Card,3673.74,1,20,2938.99,Processing,3.7,1,4,2,2024,323.28889999999996
ORD104485,2023-02-08,CUST4550,At-Risk,Automotive,Automotive Product 28,East,Mobile App,UPI,24980.08,2,10,44964.14,Delivered,3.9,0,2,1,2023,17536.0146
ORD104486,2023-06-26,CUST3502,VIP,Electronics,Electronics Product 38,North,Mobile App,Debit Card,28275.83,1,0,28275.83,Shipped,3.7,0,6,2,2023,10744.815400000001
ORD104487,2023-10-10,CUST3320,VIP,Clothing,Clothing Product 7,Central,Website,Credit Card,587.01,1,0,587.01,Shipped,2.9,0,10,4,2023,123.2721
ORD104488,2024-02-17,CUST3644,At-Risk,Clothing,Clothing Product 6,North,Website,Credit Card,4431.91,3,0,13295.73,Processing,3.6,1,2,1,2024,3323.9325
ORD104489,2023-05-28,CUST9328,Returning,Toys,Toys Product 9,Central,Mobile App,Wallet,2134.76,2,0,4269.52,Processing,3.9,0,5,2,2023,1024.6848
ORD104490,2024-09-25,CUST1276,Returning,Toys,Toys Product 44,South,Social Media,UPI,3350.34,1,5,3182.82,Cancelled,5.0,0,9,3,2024,1145.8152
ORD104491,2024-09-15,CUST2738,New,Sports,Sports Product 9,Central,Marketplace,Wallet,8184.76,2,0,16369.52,Shipped,5.0,0,9,3,2024,5074.5512
ORD104492,2024-11-28,CUST5784,At-Risk,Toys,Toys Product 13,West,Social Media,Net Banking,778.57,2,0,1557.14,Shipped,5.0,0,11,4,2024,280.28520000000003
ORD104493,2024-12-11,CUST5157,Returning,Home & Kitchen,Home & Kitchen Product 11,Central,Website,Credit Card,408.04,3,0,1224.12,Shipped,3.4,0,12,4,2024,281.5476
ORD104494,2024-02-16,CUST3522,VIP,Home & Kitchen,Home & Kitchen Product 5,West,Website,Debit Card,9526.89,2,10,17148.4,Processing,3.4,1,2,1,2024,3944.1320000000005
ORD104495,2023-02-09,CUST6670,New,Beauty,Beauty Product 17,North,Social Media,Net Banking,1924.96,2,5,3657.42,Cancelled,3.9,0,2,1,2023,1426.3938
ORD104496,2024-02-10,CUST3527,Returning,Home & Kitchen,Home & Kitchen Product 41,Central,Social Media,Net Banking,4205.01,1,5,3994.76,Delivered,5.0,0,2,1,2024,599.214
ORD104497,2023-12-06,CUST4016,At-Risk,Home & Kitchen,Home & Kitchen Product 43,West,Mobile App,Wallet,5802.22,1,5,5512.11,Shipped,3.9,1,12,4,2023,716.5743
ORD104498,2024-12-08,CUST3926,VIP,Books,Books Product 11,West,Website,Debit Card,371.89,1,25,278.92,Processing,2.9,0,12,4,2024,100.41120000000001
ORD104499,2023-09-01,CUST6795,New,Automotive,Automotive Product 21,North,Website,UPI,41873.26,1,0,41873.26,Processing,3.6,0,9,3,2023,15493.1062
ORD104500,2023-02-20,CUST7635,New,Home & Kitchen,Home & Kitchen Product 11,West,Social Media,Net Banking,11386.32,2,5,21634.01,Processing,4.6,0,2,1,2023,7788.243599999999
ORD104501,2024-05-01,CUST1936,Returning,Clothing,Clothing Product 25,North,Mobile App,Net Banking,1430.14,2,10,2574.25,Returned,4.6,0,5,2,2024,643.5625
ORD104502,2023-10-03,CUST7177,At-Risk,Automotive,Automotive Product 6,Central,Social Media,Wallet,10432.0,1,10,9388.8,Delivered,3.8,0,10,4,2023,2816.64
ORD104503,2024-01-17,CUST3998,At-Risk,Books,Books Product 7,North,Website,Net Banking,728.55,1,20,582.84,Delivered,4.5,0,1,1,2024,157.3668
ORD104504,2023-01-21,CUST6530,VIP,Home & Kitchen,Home & Kitchen Product 38,East,Marketplace,Net Banking,6071.7,1,0,6071.7,Returned,2.2,0,1,1,2023,728.6039999999999
ORD104505,2023-12-12,CUST4458,At-Risk,Books,Books Product 32,Central,Marketplace,Credit Card,555.32,1,5,527.55,Shipped,4.1,0,12,4,2023,147.714
ORD104506,2023-11-07,CUST7088,New,Electronics,Electronics Product 42,South,Mobile App,UPI,36406.16,2,0,72812.32,Returned,4.7,0,11,4,2023,7281.232000000001
ORD104507,2023-11-15,CUST1807,At-Risk,Home & Kitchen,Home & Kitchen Product 35,Central,Social Media,UPI,6849.49,1,10,6164.54,Processing,3.3,1,11,4,2023,1232.9080000000001
ORD104508,2023-10-15,CUST7383,At-Risk,Books,Books Product 37,South,Website,Wallet,777.41,2,0,1554.82,Shipped,3.3,0,10,4,2023,590.8316
ORD104509,2024-05-18,CUST4968,New,Sports,Sports Product 10,South,Social Media,UPI,13568.19,4,0,54272.76,Processing,2.5,0,5,2,2024,10311.824400000001
ORD104510,2024-12-13,CUST8844,At-Risk,Toys,Toys Product 22,Central,Mobile App,Net Banking,3126.06,1,5,2969.76,Delivered,5.0,0,12,4,2024,1128.5088
ORD104511,2024-12-02,CUST5008,Returning,Automotive,Automotive Product 40,East,Mobile App,Debit Card,10865.83,1,5,10322.54,Processing,3.4,0,12,4,2024,1858.0572000000002
ORD104512,2023-04-11,CUST2092,Returning,Clothing,Clothing Product 20,North,Mobile App,UPI,740.93,1,0,740.93,Cancelled,4.2,0,4,2,2023,140.7767
ORD104513,2023-08-22,CUST2879,VIP,Home & Kitchen,Home & Kitchen Product 26,West,Website,Net Banking,5995.55,2,10,10791.99,Shipped,4.5,0,8,3,2023,3129.6771
ORD104514,2023-05-18,CUST9709,Returning,Clothing,Clothing Product 49,North,Social Media,UPI,712.3,2,10,1282.14,Cancelled,5.0,0,5,2,2023,423.10620000000006
ORD104515,2023-11-04,CUST1908,New,Sports,Sports Product 49,Central,Mobile App,Credit Card,18688.44,1,0,18688.44,Returned,3.9,0,11,4,2023,4672.11
ORD104516,2024-03-29,CUST5449,New,Clothing,Clothing Product 21,West,Marketplace,UPI,1186.8,2,5,2254.92,Shipped,3.6,0,3,1,2024,811.7712
ORD104517,2023-11-25,CUST7501,New,Toys,Toys Product 29,North,Social Media,Debit Card,3087.09,4,10,11113.52,Shipped,4.1,0,11,4,2023,1222.4872
ORD104518,2023-10-03,CUST9057,At-Risk,Clothing,Clothing Product 17,South,Social Media,Debit Card,3731.37,1,5,3544.8,Returned,5.0,0,10,4,2023,1347.0240000000001
ORD104519,2024-03-02,CUST5518,New,Sports,Sports Product 41,Central,Mobile App,UPI,6252.75,1,0,6252.75,Delivered,3.9,1,3,1,2024,1000.44
ORD104520,2024-09-11,CUST2712,Returning,Clothing,Clothing Product 41,South,Marketplace,Net Banking,3510.8,3,0,10532.4,Shipped,3.2,0,9,3,2024,3896.988
ORD104521,2024-10-23,CUST4871,VIP,Beauty,Beauty Product 18,South,Social Media,UPI,760.88,2,10,1369.58,Shipped,2.8,0,10,4,2024,301.3076
ORD104522,2023-04-02,CUST1103,New,Electronics,Electronics Product 25,South,Social Media,Credit Card,47664.02,4,20,152524.86,Delivered,3.0,0,4,2,2023,53383.700999999994
ORD104523,2023-07-12,CUST8955,New,Books,Books Product 24,North,Marketplace,Net Banking,312.36,2,10,562.25,Returned,4.7,0,7,3,2023,168.67499999999998
ORD104524,2024-03-28,CUST6165,At-Risk,Automotive,Automotive Product 45,South,Social Media,Wallet,23617.96,3,0,70853.88,Processing,3.7,0,3,1,2024,10628.082
ORD104525,2023-08-05,CUST4753,Returning,Automotive,Automotive Product 14,East,Marketplace,UPI,32673.24,1,5,31039.58,Delivered,3.5,0,8,3,2023,11795.040400000002
ORD104526,2024-02-21,CUST5995,VIP,Clothing,Clothing Product 12,Central,Mobile App,Wallet,1303.09,2,20,2084.94,Shipped,3.4,1,2,1,2024,354.43980000000005
ORD104527,2024-05-11,CUST2999,New,Electronics,Electronics Product 24,East,Marketplace,Net Banking,71271.42,4,0,285085.68,Cancelled,4.1,1,5,2,2024,48464.5656
ORD104528,2024-06-12,CUST6307,New,Electronics,Electronics Product 44,South,Website,Credit Card,67563.19,2,25,101344.78,Delivered,3.8,1,6,2,2024,34457.2252
ORD104529,2024-01-18,CUST3432,Returning,Sports,Sports Product 21,South,Website,Net Banking,4649.4,1,20,3719.52,Delivered,3.8,0,1,1,2024,483.5376
ORD104530,2023-02-27,CUST1222,Returning,Electronics,Electronics Product 18,North,Marketplace,UPI,2393.1,1,0,2393.1,Returned,5.0,0,2,1,2023,406.827
ORD104531,2024-06-11,CUST2175,Returning,Electronics,Electronics Product 19,Central,Website,UPI,1482.65,1,20,1186.12,Delivered,5.0,1,6,2,2024,296.53
ORD104532,2023-06-12,CUST4600,VIP,Clothing,Clothing Product 5,East,Website,Credit Card,4182.02,1,0,4182.02,Returned,2.7,0,6,2,2023,1463.707
ORD104533,2023-03-09,CUST7313,VIP,Books,Books Product 8,North,Mobile App,Wallet,702.25,1,15,596.91,Returned,4.3,0,3,1,2023,83.5674
ORD104534,2023-11-15,CUST3859,Returning,Electronics,Electronics Product 34,North,Mobile App,Debit Card,16905.04,2,5,32119.58,Shipped,3.4,0,11,4,2023,8351.0908
ORD104535,2024-12-27,CUST7574,At-Risk,Toys,Toys Product 7,South,Social Media,Net Banking,3797.82,2,5,7215.86,Processing,3.8,0,12,4,2024,2236.9166
ORD104536,2024-06-02,CUST1939,At-Risk,Sports,Sports Product 50,West,Mobile App,Net Banking,8016.01,1,10,7214.41,Processing,4.2,0,6,2,2024,2597.1875999999997
ORD104537,2024-02-18,CUST9334,At-Risk,Automotive,Automotive Product 45,North,Website,Credit Card,16906.05,2,15,28740.28,Shipped,3.8,0,2,1,2024,10921.3064
ORD104538,2023-05-19,CUST5699,Returning,Automotive,Automotive Product 35,West,Mobile App,Credit Card,49224.09,1,0,49224.09,Shipped,4.2,0,5,2,2023,16736.1906
ORD104539,2024-06-20,CUST7542,VIP,Beauty,Beauty Product 43,West,Mobile App,UPI,1865.17,1,10,1678.65,Processing,4.5,0,6,2,2024,503.595
ORD104540,2024-08-05,CUST4755,New,Toys,Toys Product 49,East,Marketplace,Wallet,827.98,1,0,827.98,Returned,4.2,1,8,3,2024,190.43540000000002
ORD104541,2023-01-30,CUST8758,VIP,Beauty,Beauty Product 45,Central,Mobile App,Wallet,1551.29,2,0,3102.58,Delivered,3.5,0,1,1,2023,403.3354
ORD104542,2023-06-27,CUST6986,New,Beauty,Beauty Product 22,Central,Social Media,Credit Card,1748.37,1,0,1748.37,Shipped,3.5,0,6,2,2023,541.9947
ORD104543,2023-07-17,CUST7326,VIP,Beauty,Beauty Product 6,East,Marketplace,Net Banking,963.23,1,5,915.07,Returned,2.8,0,7,3,2023,366.028
ORD104544,2023-07-25,CUST2036,New,Beauty,Beauty Product 14,West,Social Media,Credit Card,2962.33,1,0,2962.33,Shipped,3.3,0,7,3,2023,947.9456
ORD104545,2023-03-01,CUST6141,New,Books,Books Product 25,South,Mobile App,UPI,700.15,3,0,2100.45,Shipped,5.0,0,3,1,2023,231.0495
ORD104546,2023-09-13,CUST5535,New,Beauty,Beauty Product 29,West,Marketplace,Wallet,858.28,1,0,858.28,Processing,3.4,0,9,3,2023,214.57
ORD104547,2023-02-03,CUST8801,At-Risk,Toys,Toys Product 13,East,Mobile App,Credit Card,2542.21,2,0,5084.42,Returned,3.0,0,2,1,2023,1423.6376000000002
ORD104548,2024-04-12,CUST1737,At-Risk,Toys,Toys Product 33,Central,Mobile App,Credit Card,3560.77,2,5,6765.46,Processing,4.3,0,4,2,2024,2097.2926
ORD104549,2023-02-21,CUST6923,Returning,Electronics,Electronics Product 2,North,Marketplace,Wallet,68288.17,3,25,153648.38,Delivered,3.9,1,2,1,2023,49167.4816
ORD104550,2024-01-05,CUST6217,New,Beauty,Beauty Product 44,West,Social Media,Net Banking,1914.94,4,0,7659.76,Returned,3.8,0,1,1,2024,2068.1352
ORD104551,2024-12-22,CUST5119,New,Beauty,Beauty Product 22,West,Website,UPI,2592.92,1,20,2074.34,Shipped,5.0,0,12,4,2024,352.6378
ORD104552,2023-07-23,CUST2191,VIP,Clothing,Clothing Product 10,North,Website,UPI,4744.58,1,10,4270.12,Cancelled,4.4,0,7,3,2023,1622.6456
ORD104553,2023-10-08,CUST3855,New,Electronics,Electronics Product 4,North,Mobile App,Net Banking,74447.67,4,10,268011.61,Cancelled,3.6,0,10,4,2023,83083.59909999999
ORD104554,2024-01-13,CUST2102,New,Automotive,Automotive Product 14,South,Website,Credit Card,15729.57,1,10,14156.61,Returned,3.7,0,1,1,2024,2406.6237
ORD104555,2024-04-20,CUST7034,At-Risk,Toys,Toys Product 36,West,Mobile App,Wallet,1649.4,2,15,2803.98,Delivered,3.6,1,4,2,2024,560.796
ORD104556,2024-06-01,CUST2416,New,Home & Kitchen,Home & Kitchen Product 42,South,Website,Debit Card,8651.23,2,0,17302.46,Shipped,4.7,0,6,2,2024,6574.9348
ORD104557,2024-02-11,CUST8014,VIP,Electronics,Electronics Product 42,North,Social Media,Net Banking,13179.23,2,5,25040.54,Processing,3.8,1,2,1,2024,9264.9998
ORD104558,2024-10-12,CUST5385,New,Clothing,Clothing Product 35,South,Marketplace,Net Banking,456.98,4,10,1645.13,Shipped,2.6,1,10,4,2024,361.9286
ORD104559,2023-05-07,CUST2179,New,Sports,Sports Product 7,North,Social Media,Wallet,4620.05,5,10,20790.23,Delivered,4.0,0,5,2,2023,2286.9253
ORD104560,2024-11-28,CUST2269,New,Books,Books Product 45,West,Mobile App,Net Banking,233.55,2,15,397.04,Processing,2.8,0,11,4,2024,43.674400000000006
ORD104561,2023-02-01,CUST6606,VIP,Beauty,Beauty Product 38,Central,Website,UPI,1356.02,1,0,1356.02,Delivered,5.0,0,2,1,2023,257.6438
ORD104562,2023-09-05,CUST6405,Returning,Automotive,Automotive Product 14,East,Marketplace,Credit Card,43921.08,4,10,158115.89,Processing,3.2,1,9,3,2023,45853.6081
ORD104563,2024-01-17,CUST8016,New,Automotive,Automotive Product 29,North,Mobile App,UPI,4544.1,1,5,4316.9,Shipped,3.9,0,1,1,2024,1208.732
ORD104564,2024-05-15,CUST5450,Returning,Toys,Toys Product 47,West,Website,UPI,1786.45,1,0,1786.45,Processing,4.2,0,5,2,2024,518.0704999999999
ORD104565,2024-08-31,CUST1277,At-Risk,Books,Books Product 28,East,Website,UPI,115.68,4,0,462.72,Delivered,3.8,0,8,3,2024,148.0704
ORD104566,2024-04-01,CUST2496,At-Risk,Electronics,Electronics Product 33,West,Website,Credit Card,61750.27,1,10,55575.24,Returned,3.8,0,4,2,2024,6113.2764
ORD104567,2023-07-01,CUST7159,New,Beauty,Beauty Product 20,North,Mobile App,UPI,2710.79,1,20,2168.63,Shipped,4.3,0,7,3,2023,281.92190000000005
ORD104568,2024-04-30,CUST4465,At-Risk,Electronics,Electronics Product 50,South,Website,UPI,24512.98,1,5,23287.33,Shipped,5.0,0,4,2,2024,4890.339300000001
ORD104569,2024-08-23,CUST6259,New,Beauty,Beauty Product 7,North,Social Media,Debit Card,898.77,3,15,2291.86,Returned,4.6,1,8,3,2024,343.779
ORD104570,2024-07-18,CUST8386,New,Electronics,Electronics Product 35,North,Social Media,Wallet,74445.0,2,5,141445.5,Cancelled,5.0,0,7,3,2024,16973.46
ORD104571,2023-12-25,CUST9964,New,Beauty,Beauty Product 50,Central,Website,UPI,2678.98,2,0,5357.96,Processing,3.2,0,12,4,2023,1553.8084
ORD104572,2023-12-19,CUST9137,Returning,Automotive,Automotive Product 18,West,Mobile App,Debit Card,40187.39,1,0,40187.39,Delivered,4.3,0,12,4,2023,13663.7126
ORD104573,2023-06-17,CUST6861,VIP,Books,Books Product 32,North,Social Media,Net Banking,243.27,3,0,729.81,Processing,4.1,0,6,2,2023,240.8373
ORD104574,2023-09-22,CUST4028,Returning,Automotive,Automotive Product 6,North,Social Media,Net Banking,46034.79,3,0,138104.37,Processing,4.3,0,9,3,2023,48336.5295
ORD104575,2024-12-06,CUST1986,New,Toys,Toys Product 17,Central,Social Media,Credit Card,3028.19,1,0,3028.19,Cancelled,5.0,0,12,4,2024,908.457
ORD104576,2023-04-03,CUST8817,Returning,Clothing,Clothing Product 25,North,Social Media,Wallet,3472.78,1,10,3125.5,Processing,3.8,0,4,2,2023,1000.16
ORD104577,2023-10-19,CUST1008,VIP,Beauty,Beauty Product 43,North,Mobile App,Wallet,236.55,1,10,212.9,Shipped,3.7,0,10,4,2023,38.322
ORD104578,2023-01-29,CUST3246,VIP,Toys,Toys Product 9,South,Social Media,Credit Card,3737.96,5,0,18689.8,Returned,4.4,0,1,1,2023,7475.92
ORD104579,2024-01-31,CUST1297,VIP,Automotive,Automotive Product 11,South,Marketplace,UPI,24244.04,2,0,48488.08,Delivered,2.6,0,1,1,2024,7273.212
ORD104580,2023-02-20,CUST5155,VIP,Clothing,Clothing Product 2,Central,Social Media,Credit Card,268.85,4,0,1075.4,Shipped,3.8,0,2,1,2023,172.06400000000002
ORD104581,2023-06-16,CUST3764,Returning,Toys,Toys Product 5,Central,Mobile App,Credit Card,527.16,1,5,500.8,Shipped,3.9,0,6,2,2023,95.152
ORD104582,2024-08-08,CUST8120,New,Sports,Sports Product 17,South,Website,UPI,5002.14,3,0,15006.42,Processing,3.3,0,8,3,2024,5852.5038
ORD104583,2023-08-08,CUST3593,Returning,Books,Books Product 43,South,Mobile App,Credit Card,708.85,3,0,2126.55,Processing,4.8,0,8,3,2023,850.6200000000001
ORD104584,2023-08-15,CUST1244,VIP,Home & Kitchen,Home & Kitchen Product 34,North,Mobile App,Debit Card,8822.72,2,20,14116.35,Returned,3.2,1,8,3,2023,4799.559
ORD104585,2024-10-24,CUST2165,Returning,Electronics,Electronics Product 16,South,Social Media,Net Banking,44816.86,5,15,190471.66,Shipped,3.9,0,10,4,2024,55236.7814
ORD104586,2023-08-19,CUST9128,New,Home & Kitchen,Home & Kitchen Product 13,East,Marketplace,Wallet,4269.98,1,0,4269.98,Shipped,4.2,0,8,3,2023,1110.1948
ORD104587,2024-11-24,CUST2574,At-Risk,Automotive,Automotive Product 16,East,Marketplace,Net Banking,35381.54,1,5,33612.46,Processing,5.0,0,11,4,2024,13108.8594
ORD104588,2023-07-31,CUST3227,New,Clothing,Clothing Product 21,Central,Marketplace,Debit Card,2502.68,2,0,5005.36,Delivered,4.0,0,7,3,2023,1551.6616
ORD104589,2023-10-03,CUST2471,At-Risk,Sports,Sports Product 18,Central,Website,Net Banking,14736.11,2,15,25051.39,Processing,4.7,0,10,4,2023,9519.5282
ORD104590,2024-10-29,CUST3452,New,Automotive,Automotive Product 4,West,Mobile App,Wallet,8342.11,2,5,15850.01,Processing,4.6,0,10,4,2024,3011.5019
ORD104591,2024-02-24,CUST6037,At-Risk,Home & Kitchen,Home & Kitchen Product 7,Central,Mobile App,UPI,1257.82,1,0,1257.82,Shipped,4.1,0,2,1,2024,251.564
ORD104592,2024-06-09,CUST2200,New,Automotive,Automotive Product 8,South,Social Media,Wallet,34158.55,2,10,61485.39,Delivered,3.1,0,6,2,2024,22134.7404
ORD104593,2023-01-21,CUST4306,Returning,Clothing,Clothing Product 12,North,Website,Net Banking,343.51,1,0,343.51,Returned,2.9,0,1,1,2023,48.0914
ORD104594,2024-11-29,CUST4991,At-Risk,Automotive,Automotive Product 29,West,Mobile App,Credit Card,25273.23,1,0,25273.23,Delivered,4.1,1,11,4,2024,9603.8274
ORD104595,2023-01-10,CUST8045,New,Books,Books Product 11,South,Marketplace,UPI,681.32,2,0,1362.64,Delivered,3.6,0,1,1,2023,340.66
ORD104596,2024-04-30,CUST7611,New,Books,Books Product 35,South,Website,Debit Card,388.7,2,5,738.53,Shipped,4.7,0,4,2,2024,280.6414
ORD104597,2023-05-16,CUST8581,VIP,Books,Books Product 14,North,Mobile App,UPI,781.03,1,0,781.03,Cancelled,4.6,0,5,2,2023,156.20600000000002
ORD104598,2024-10-24,CUST9715,At-Risk,Home & Kitchen,Home & Kitchen Product 25,East,Social Media,Credit Card,8778.38,1,0,8778.38,Delivered,3.9,0,10,4,2024,2721.2978
ORD104599,2023-06-27,CUST8436,New,Clothing,Clothing Product 1,East,Marketplace,Net Banking,411.36,1,0,411.36,Delivered,3.1,0,6,2,2023,98.7264
ORD104600,2024-09-07,CUST7651,New,Clothing,Clothing Product 13,Central,Mobile App,Wallet,502.45,1,0,502.45,Processing,4.4,0,9,3,2024,145.7105
ORD104601,2023-01-09,CUST1595,At-Risk,Toys,Toys Product 1,West,Marketplace,Wallet,3124.23,3,15,7966.79,Processing,3.2,1,1,1,2023,1991.6975
ORD104602,2023-08-18,CUST9572,New,Electronics,Electronics Product 33,Central,Mobile App,Credit Card,22825.42,4,0,91301.68,Cancelled,3.4,0,8,3,2023,35607.6552
ORD104603,2023-09-16,CUST8775,Returning,Home & Kitchen,Home & Kitchen Product 31,Central,Website,UPI,4439.06,1,0,4439.06,Cancelled,3.2,0,9,3,2023,1376.1086
ORD104604,2024-09-14,CUST4532,Returning,Beauty,Beauty Product 50,Central,Mobile App,Debit Card,1515.64,3,10,4092.23,Shipped,3.9,0,9,3,2024,736.6014
ORD104605,2023-11-09,CUST2215,New,Toys,Toys Product 26,North,Mobile App,Credit Card,3247.38,4,15,11041.09,Returned,4.9,1,11,4,2023,4085.2033
ORD104606,2024-12-30,CUST3702,VIP,Sports,Sports Product 19,North,Marketplace,Net Banking,878.49,3,15,2240.15,Processing,4.0,1,12,4,2024,425.62850000000003
ORD104607,2024-12-27,CUST7985,New,Books,Books Product 30,Central,Marketplace,Net Banking,290.37,1,5,275.85,Shipped,3.6,0,12,4,2024,57.9285
ORD104608,2024-10-20,CUST9037,Returning,Sports,Sports Product 31,West,Mobile App,Wallet,17491.03,5,0,87455.15,Shipped,2.8,0,10,4,2024,11369.1695
ORD104609,2023-10-09,CUST8927,VIP,Automotive,Automotive Product 3,North,Social Media,Credit Card,12353.07,1,10,11117.76,Processing,4.4,0,10,4,2023,4113.5712
ORD104610,2024-03-09,CUST4790,At-Risk,Clothing,Clothing Product 47,Central,Marketplace,Net Banking,2350.35,1,10,2115.32,Delivered,3.4,0,3,1,2024,401.91080000000005
ORD104611,2024-01-21,CUST2309,New,Home & Kitchen,Home & Kitchen Product 37,West,Social Media,Credit Card,328.64,1,0,328.64,Cancelled,4.1,0,1,1,2024,59.155199999999994
ORD104612,2023-12-24,CUST4037,Returning,Automotive,Automotive Product 1,Central,Social Media,Credit Card,32788.97,1,20,26231.18,Returned,3.7,0,12,4,2023,9967.8484
ORD104613,2024-04-15,CUST3160,New,Clothing,Clothing Product 27,North,Website,Net Banking,4392.9,1,0,4392.9,Delivered,4.7,1,4,2,2024,1493.586
ORD104614,2023-09-16,CUST8173,VIP,Beauty,Beauty Product 43,East,Marketplace,Wallet,2530.87,1,25,1898.15,Processing,3.9,0,9,3,2023,265.74100000000004
ORD104615,2023-08-12,CUST7379,New,Books,Books Product 43,East,Website,Credit Card,404.74,1,20,323.79,Returned,4.0,0,8,3,2023,106.85070000000002
ORD104616,2024-04-22,CUST1463,New,Clothing,Clothing Product 31,North,Mobile App,UPI,4770.3,3,10,12879.81,Cancelled,4.4,0,4,2,2024,4765.5297
ORD104617,2023-11-06,CUST8542,Returning,Beauty,Beauty Product 28,East,Website,Debit Card,1542.3,4,20,4935.36,Shipped,5.0,0,11,4,2023,592.2431999999999
ORD104618,2024-11-24,CUST6556,At-Risk,Toys,Toys Product 7,South,Marketplace,Net Banking,1079.78,1,10,971.8,Shipped,4.7,0,11,4,2024,340.12999999999994
ORD104619,2024-06-17,CUST9690,VIP,Toys,Toys Product 35,North,Social Media,UPI,3424.13,3,0,10272.39,Processing,3.9,0,6,2,2024,2670.8214
ORD104620,2024-09-30,CUST9761,VIP,Toys,Toys Product 16,North,Social Media,Wallet,379.72,3,5,1082.2,Processing,4.0,0,9,3,2024,324.66
ORD104621,2024-02-11,CUST8784,Returning,Books,Books Product 50,South,Website,Net Banking,354.82,3,0,1064.46,Processing,3.6,0,2,1,2024,266.115
ORD104622,2024-08-21,CUST9924,At-Risk,Books,Books Product 30,North,Social Media,Debit Card,518.63,1,0,518.63,Returned,3.2,1,8,3,2024,160.7753
ORD104623,2023-04-15,CUST7887,New,Sports,Sports Product 25,South,Website,Debit Card,9342.65,2,10,16816.77,Shipped,3.6,1,4,2,2023,1849.8447
ORD104624,2023-01-08,CUST6773,Returning,Clothing,Clothing Product 10,West,Mobile App,Wallet,2467.88,4,0,9871.52,Cancelled,3.4,1,1,1,2023,3257.6016000000004
ORD104625,2024-06-07,CUST4886,At-Risk,Sports,Sports Product 48,North,Social Media,Net Banking,3612.34,2,0,7224.68,Processing,4.5,1,6,2,2024,794.7148000000001
ORD104626,2024-11-09,CUST4407,At-Risk,Clothing,Clothing Product 39,Central,Marketplace,Net Banking,3361.29,1,10,3025.16,Cancelled,3.1,0,11,4,2024,726.0383999999999
ORD104627,2024-01-19,CUST6058,VIP,Clothing,Clothing Product 24,North,Mobile App,Net Banking,1982.11,2,20,3171.38,Cancelled,5.0,0,1,1,2024,475.707
ORD104628,2024-07-28,CUST4326,At-Risk,Clothing,Clothing Product 1,West,Marketplace,Credit Card,2844.92,2,0,5689.84,Delivered,4.6,0,7,3,2024,1991.444
ORD104629,2024-10-24,CUST2888,At-Risk,Beauty,Beauty Product 31,East,Marketplace,Credit Card,565.23,2,0,1130.46,Cancelled,4.0,0,10,4,2024,214.78740000000002
ORD104630,2024-08-31,CUST2502,VIP,Books,Books Product 27,North,Website,UPI,614.64,1,0,614.64,Shipped,4.0,0,8,3,2024,147.5136
ORD104631,2024-09-15,CUST7262,At-Risk,Clothing,Clothing Product 42,Central,Marketplace,UPI,1864.58,1,10,1678.12,Cancelled,3.6,0,9,3,2024,385.9676
ORD104632,2023-10-17,CUST6387,Returning,Beauty,Beauty Product 31,North,Mobile App,Credit Card,645.79,3,0,1937.37,Processing,4.2,1,10,4,2023,639.3321
ORD104633,2023-11-02,CUST6058,New,Home & Kitchen,Home & Kitchen Product 45,East,Mobile App,Net Banking,6206.15,3,10,16756.6,Shipped,4.9,0,11,4,2023,4021.5839999999994
ORD104634,2024-12-01,CUST4086,Returning,Beauty,Beauty Product 5,East,Mobile App,Credit Card,1482.33,1,0,1482.33,Cancelled,3.4,0,12,4,2024,503.9922
ORD104635,2023-04-21,CUST1505,New,Toys,Toys Product 41,West,Website,UPI,1520.26,5,0,7601.3,Cancelled,2.8,1,4,2,2023,912.156
ORD104636,2024-05-08,CUST9396,New,Electronics,Electronics Product 27,North,Website,Credit Card,23749.74,1,20,18999.79,Returned,4.6,0,5,2,2024,3039.9664000000002
ORD104637,2023-03-07,CUST6486,At-Risk,Sports,Sports Product 12,Central,Marketplace,Credit Card,16358.86,2,0,32717.72,Processing,4.3,0,3,1,2023,8833.7844
ORD104638,2023-12-11,CUST3976,VIP,Electronics,Electronics Product 7,North,Website,Net Banking,60256.91,3,5,171732.19,Cancelled,3.1,0,12,4,2023,65258.2322
ORD104639,2023-10-11,CUST4820,New,Books,Books Product 32,Central,Marketplace,Net Banking,446.16,3,0,1338.48,Returned,3.4,0,10,4,2023,160.6176
ORD104640,2024-10-17,CUST3042,At-Risk,Toys,Toys Product 10,West,Social Media,Credit Card,2260.62,4,5,8590.36,Cancelled,3.3,0,10,4,2024,944.9396
ORD104641,2023-11-29,CUST3371,New,Toys,Toys Product 3,North,Social Media,Credit Card,1569.25,1,5,1490.79,Cancelled,3.4,0,11,4,2023,223.61849999999998
ORD104642,2023-10-11,CUST1748,VIP,Beauty,Beauty Product 19,East,Social Media,Net Banking,1380.38,3,0,4141.14,Delivered,3.7,1,10,4,2023,1200.9306
ORD104643,2023-09-25,CUST3597,Returning,Beauty,Beauty Product 35,North,Social Media,UPI,1866.13,1,0,1866.13,Delivered,3.8,0,9,3,2023,410.5486
ORD104644,2024-11-02,CUST2983,Returning,Home & Kitchen,Home & Kitchen Product 34,Central,Marketplace,Credit Card,13306.15,2,0,26612.3,Processing,3.5,0,11,4,2024,9314.304999999998
ORD104645,2024-12-29,CUST2134,Returning,Books,Books Product 34,South,Website,Wallet,332.96,2,10,599.33,Processing,3.4,0,12,4,2024,71.9196
ORD104646,2024-10-29,CUST6766,New,Clothing,Clothing Product 26,East,Mobile App,Credit Card,1921.61,2,15,3266.74,Returned,3.8,1,10,4,2024,522.6784
ORD104647,2023-11-02,CUST1385,VIP,Toys,Toys Product 36,West,Social Media,Credit Card,1972.91,1,5,1874.26,Shipped,4.1,1,11,4,2023,356.1094
ORD104648,2023-07-12,CUST6719,VIP,Electronics,Electronics Product 4,Central,Website,Net Banking,60419.41,4,10,217509.88,Shipped,3.7,1,7,3,2023,63077.8652
ORD104649,2023-06-03,CUST8967,New,Automotive,Automotive Product 43,East,Social Media,Net Banking,43200.56,1,0,43200.56,Cancelled,4.9,1,6,2,2023,13392.1736
ORD104650,2024-06-13,CUST7195,New,Beauty,Beauty Product 20,East,Marketplace,Wallet,618.19,1,0,618.19,Delivered,4.4,1,6,2,2024,86.54660000000001
ORD104651,2023-09-04,CUST5461,Returning,Home & Kitchen,Home & Kitchen Product 7,East,Social Media,UPI,928.51,2,0,1857.02,Returned,2.7,0,9,3,2023,705.6676
ORD104652,2023-02-28,CUST5633,New,Sports,Sports Product 33,Central,Social Media,Debit Card,10324.52,1,0,10324.52,Cancelled,4.4,0,2,1,2023,2064.904
ORD104653,2024-09-06,CUST8472,VIP,Books,Books Product 25,East,Marketplace,Wallet,701.8,3,0,2105.4,Shipped,4.5,1,9,3,2024,652.674
ORD104654,2024-02-18,CUST5654,Returning,Automotive,Automotive Product 37,North,Mobile App,UPI,31553.09,1,5,29975.44,Returned,3.7,0,2,1,2024,7793.6143999999995
ORD104655,2024-11-07,CUST8863,VIP,Automotive,Automotive Product 15,West,Mobile App,UPI,30260.59,1,10,27234.53,Returned,2.8,0,11,4,2024,4629.8701
ORD104656,2023-11-24,CUST1112,New,Home & Kitchen,Home & Kitchen Product 3,North,Mobile App,UPI,8241.1,3,20,19778.64,Delivered,4.0,0,11,4,2023,6922.523999999999
ORD104657,2024-11-28,CUST1818,At-Risk,Sports,Sports Product 15,Central,Social Media,Net Banking,16707.46,2,0,33414.92,Cancelled,4.0,1,11,4,2024,11695.221999999998
ORD104658,2023-05-24,CUST1019,At-Risk,Home & Kitchen,Home & Kitchen Product 43,East,Website,Net Banking,2643.59,1,10,2379.23,Processing,3.1,0,5,2,2023,523.4306
ORD104659,2023-01-27,CUST3298,Returning,Electronics,Electronics Product 11,Central,Marketplace,Credit Card,63999.48,2,15,108799.12,Delivered,2.8,0,1,1,2023,30463.7536
ORD104660,2024-11-02,CUST7895,At-Risk,Beauty,Beauty Product 25,North,Marketplace,Wallet,547.64,2,10,985.75,Processing,3.9,0,11,4,2024,177.435
ORD104661,2024-05-24,CUST8606,New,Sports,Sports Product 20,West,Website,Net Banking,16398.66,2,0,32797.32,Processing,3.8,0,5,2,2024,10167.1692
ORD104662,2023-10-30,CUST7482,At-Risk,Clothing,Clothing Product 42,South,Mobile App,Net Banking,1187.9,1,0,1187.9,Returned,3.7,0,10,4,2023,225.70100000000002
ORD104663,2023-09-23,CUST6016,VIP,Sports,Sports Product 22,West,Marketplace,Net Banking,13987.01,3,0,41961.03,Processing,3.9,0,9,3,2023,14686.360499999999
ORD104664,2024-03-04,CUST6065,VIP,Automotive,Automotive Product 26,East,Marketplace,Credit Card,4821.78,3,0,14465.34,Delivered,3.1,1,3,1,2024,2459.1078
ORD104665,2024-02-19,CUST9925,VIP,Books,Books Product 17,East,Marketplace,Net Banking,393.28,2,10,707.9,Delivered,3.7,0,2,1,2024,70.79
ORD104666,2024-02-02,CUST8131,Returning,Automotive,Automotive Product 40,West,Mobile App,Net Banking,6304.49,1,0,6304.49,Returned,4.4,1,2,1,2024,1134.8082
ORD104667,2023-02-06,CUST9133,VIP,Sports,Sports Product 28,West,Marketplace,Net Banking,10227.12,3,0,30681.36,Processing,3.7,0,2,1,2023,4909.0176
ORD104668,2024-08-20,CUST7568,Returning,Toys,Toys Product 30,Central,Marketplace,Debit Card,359.52,2,10,647.14,Delivered,2.7,0,8,3,2024,161.785
ORD104669,2024-12-26,CUST5878,At-Risk,Electronics,Electronics Product 20,Central,Social Media,Credit Card,8753.32,2,15,14880.64,Processing,3.6,0,12,4,2024,2380.9024
ORD104670,2024-08-08,CUST8337,VIP,Beauty,Beauty Product 7,South,Social Media,Wallet,161.52,1,5,153.44,Returned,3.1,0,8,3,2024,50.635200000000005
ORD104671,2023-07-14,CUST8375,New,Home & Kitchen,Home & Kitchen Product 38,Central,Social Media,Debit Card,14037.23,4,10,50534.03,Returned,4.2,0,7,3,2023,8590.785100000001
ORD104672,2023-12-18,CUST6071,New,Books,Books Product 40,Central,Social Media,Debit Card,565.25,2,0,1130.5,Processing,4.3,0,12,4,2023,350.455
ORD104673,2024-12-31,CUST2458,Returning,Books,Books Product 6,East,Website,Wallet,215.29,1,0,215.29,Processing,2.7,0,12,4,2024,58.1283
ORD104674,2023-08-16,CUST7877,VIP,Electronics,Electronics Product 26,Central,Mobile App,Debit Card,18529.19,1,0,18529.19,Cancelled,4.6,0,8,3,2023,7411.6759999999995
ORD104675,2024-12-03,CUST4298,VIP,Home & Kitchen,Home & Kitchen Product 3,North,Social Media,UPI,10733.37,4,10,38640.13,Cancelled,3.1,1,12,4,2024,15456.052
ORD104676,2024-07-01,CUST7318,At-Risk,Automotive,Automotive Product 21,West,Marketplace,Wallet,17277.07,1,20,13821.66,Cancelled,5.0,0,7,3,2024,4975.7976
ORD104677,2024-10-15,CUST6694,New,Toys,Toys Product 46,East,Marketplace,Credit Card,644.3,5,0,3221.5,Delivered,4.0,1,10,4,2024,1063.095
ORD104678,2024-05-02,CUST7989,At-Risk,Sports,Sports Product 44,South,Website,UPI,14744.35,2,5,28014.26,Returned,3.0,1,5,2,2024,6163.1372
ORD104679,2024-11-18,CUST1553,VIP,Home & Kitchen,Home & Kitchen Product 49,Central,Website,Debit Card,12014.62,2,0,24029.24,Processing,3.1,0,11,4,2024,7929.649200000001
ORD104680,2024-01-03,CUST5209,VIP,Electronics,Electronics Product 15,East,Website,Credit Card,44101.83,1,5,41896.74,Cancelled,4.3,0,1,1,2024,16339.7286
ORD104681,2024-06-03,CUST6416,At-Risk,Toys,Toys Product 39,North,Marketplace,Wallet,1700.85,1,0,1700.85,Returned,3.7,1,6,2,2024,187.09349999999998
ORD104682,2023-11-04,CUST1541,At-Risk,Beauty,Beauty Product 44,East,Marketplace,Debit Card,2022.14,4,0,8088.56,Cancelled,3.9,0,11,4,2023,2103.0256000000004
ORD104683,2023-06-24,CUST1377,VIP,Toys,Toys Product 2,South,Social Media,Credit Card,1692.64,1,15,1438.74,Returned,5.0,0,6,2,2023,244.5858
ORD104684,2024-11-04,CUST7663,Returning,Automotive,Automotive Product 25,Central,Social Media,UPI,29189.36,3,10,78811.27,Shipped,3.4,0,11,4,2024,21279.042900000004
ORD104685,2024-07-25,CUST5002,New,Beauty,Beauty Product 17,North,Mobile App,Debit Card,2287.0,1,5,2172.65,Shipped,4.0,0,7,3,2024,521.436
ORD104686,2023-07-05,CUST6783,New,Toys,Toys Product 37,East,Mobile App,Net Banking,2813.64,1,0,2813.64,Shipped,5.0,0,7,3,2023,759.6828
ORD104687,2023-10-28,CUST6156,VIP,Toys,Toys Product 3,Central,Mobile App,Debit Card,3954.21,1,0,3954.21,Shipped,4.2,1,10,4,2023,1067.6367
ORD104688,2023-04-10,CUST4614,New,Clothing,Clothing Product 37,East,Marketplace,UPI,1283.91,2,0,2567.82,Processing,2.7,0,4,2,2023,1001.4498000000001
ORD104689,2024-04-27,CUST8704,VIP,Sports,Sports Product 47,West,Mobile App,Wallet,13020.48,5,15,55337.04,Shipped,4.4,0,4,2,2024,14941.000800000002
ORD104690,2023-05-12,CUST4263,At-Risk,Sports,Sports Product 46,West,Social Media,Net Banking,3451.74,1,25,2588.8,Delivered,3.1,0,5,2,2023,906.08
ORD104691,2023-09-22,CUST1616,At-Risk,Books,Books Product 49,West,Website,Wallet,585.76,1,5,556.47,Processing,5.0,0,9,3,2023,111.29400000000001
ORD104692,2024-07-26,CUST7326,VIP,Toys,Toys Product 32,South,Website,Debit Card,3062.61,1,0,3062.61,Shipped,3.3,0,7,3,2024,704.4003
ORD104693,2023-07-07,CUST5462,At-Risk,Clothing,Clothing Product 42,East,Marketplace,Debit Card,3637.77,2,15,6184.21,Delivered,5.0,1,7,3,2023,1484.2104
ORD104694,2024-11-27,CUST7989,Returning,Home & Kitchen,Home & Kitchen Product 1,South,Website,Net Banking,13429.8,1,5,12758.31,Delivered,5.0,0,11,4,2024,2296.4957999999997
ORD104695,2023-12-10,CUST4055,VIP,Beauty,Beauty Product 15,Central,Mobile App,Net Banking,2912.45,4,10,10484.82,Returned,3.4,0,12,4,2023,2201.8122
ORD104696,2024-11-01,CUST8608,VIP,Electronics,Electronics Product 20,East,Social Media,UPI,64094.85,2,0,128189.7,Shipped,4.0,0,11,4,2024,35893.116
ORD104697,2023-04-02,CUST8231,VIP,Sports,Sports Product 9,West,Website,Credit Card,10105.98,2,10,18190.76,Delivered,4.6,1,4,2,2023,4911.5052
ORD104698,2023-08-16,CUST2295,Returning,Automotive,Automotive Product 22,West,Social Media,Wallet,45859.51,1,5,43566.53,Cancelled,4.6,1,8,3,2023,12634.293699999998
ORD104699,2023-12-30,CUST2800,Returning,Home & Kitchen,Home & Kitchen Product 43,West,Social Media,Wallet,10515.58,5,15,44691.22,Delivered,4.4,1,12,4,2023,9385.1562
ORD104700,2023-08-17,CUST6867,At-Risk,Home & Kitchen,Home & Kitchen Product 8,Central,Website,Credit Card,4806.37,1,15,4085.41,Delivered,5.0,0,8,3,2023,776.2279
ORD104701,2023-11-11,CUST3250,New,Automotive,Automotive Product 46,North,Marketplace,Debit Card,37985.39,1,0,37985.39,Returned,3.9,0,11,4,2023,10635.9092
ORD104702,2024-03-06,CUST7228,At-Risk,Automotive,Automotive Product 39,Central,Mobile App,Credit Card,15700.59,2,10,28261.06,Cancelled,3.7,0,3,1,2024,3956.5484000000006
ORD104703,2023-12-06,CUST4649,Returning,Sports,Sports Product 29,East,Social Media,UPI,4501.18,2,15,7652.01,Returned,3.7,0,12,4,2023,1377.3618
ORD104704,2024-01-16,CUST6260,At-Risk,Home & Kitchen,Home & Kitchen Product 44,South,Website,Wallet,9682.25,1,0,9682.25,Delivered,4.7,0,1,1,2024,1065.0475
ORD104705,2023-09-24,CUST4373,At-Risk,Books,Books Product 4,North,Social Media,Wallet,766.09,1,0,766.09,Shipped,4.3,1,9,3,2023,91.9308
ORD104706,2024-08-22,CUST1811,Returning,Books,Books Product 8,North,Website,UPI,233.7,3,0,701.1,Returned,4.2,0,8,3,2024,119.18700000000001
ORD104707,2023-10-29,CUST7077,VIP,Books,Books Product 36,West,Social Media,UPI,111.35,1,5,105.78,Shipped,4.6,0,10,4,2023,11.6358
ORD104708,2024-04-19,CUST8634,At-Risk,Electronics,Electronics Product 5,East,Mobile App,Net Banking,24014.83,3,0,72044.49,Processing,2.4,0,4,2,2024,12247.563300000002
ORD104709,2023-05-01,CUST1130,VIP,Beauty,Beauty Product 48,West,Website,Net Banking,740.2,2,10,1332.36,Cancelled,4.2,1,5,2,2023,399.70799999999997
ORD104710,2024-04-26,CUST3936,New,Clothing,Clothing Product 24,South,Mobile App,Wallet,4172.75,1,0,4172.75,Delivered,4.2,0,4,2,2024,500.72999999999996
ORD104711,2023-02-24,CUST7029,VIP,Home & Kitchen,Home & Kitchen Product 36,Central,Website,Wallet,10303.08,1,20,8242.46,Delivered,5.0,0,2,1,2023,1895.7658
ORD104712,2024-10-11,CUST6730,At-Risk,Toys,Toys Product 37,West,Mobile App,Wallet,454.68,1,0,454.68,Processing,2.8,0,10,4,2024,168.23160000000001
ORD104713,2024-08-20,CUST2804,New,Toys,Toys Product 7,North,Mobile App,Credit Card,1919.88,3,0,5759.64,Shipped,5.0,0,8,3,2024,1958.2776000000003
ORD104714,2024-08-17,CUST3646,At-Risk,Home & Kitchen,Home & Kitchen Product 13,West,Website,Credit Card,2048.61,2,5,3892.36,Delivered,4.1,0,8,3,2024,739.5484
ORD104715,2024-09-27,CUST9667,New,Electronics,Electronics Product 26,East,Website,Debit Card,75617.53,1,5,71836.65,Shipped,4.4,0,9,3,2024,27297.927
ORD104716,2023-03-14,CUST3639,New,Clothing,Clothing Product 35,West,Mobile App,Debit Card,3375.61,2,0,6751.22,Cancelled,5.0,0,3,1,2023,1350.2440000000001
ORD104717,2024-04-28,CUST8580,New,Beauty,Beauty Product 10,Central,Website,UPI,180.12,5,0,900.6,Returned,4.4,0,4,2,2024,108.072
ORD104718,2023-07-19,CUST7775,VIP,Automotive,Automotive Product 38,East,Social Media,Net Banking,30199.99,1,0,30199.99,Delivered,4.3,0,7,3,2023,12079.996000000001
ORD104719,2024-05-27,CUST4381,VIP,Home & Kitchen,Home & Kitchen Product 26,Central,Social Media,Debit Card,5344.59,4,10,19240.52,Shipped,4.2,0,5,2,2024,6926.5872
ORD104720,2023-05-03,CUST7988,New,Electronics,Electronics Product 30,North,Social Media,Credit Card,30305.82,1,15,25759.95,Shipped,3.6,0,5,2,2023,6182.388
ORD104721,2024-11-28,CUST5910,Returning,Clothing,Clothing Product 1,South,Social Media,Wallet,1658.18,1,5,1575.27,Shipped,4.0,1,11,4,2024,472.58099999999996
ORD104722,2024-01-26,CUST4846,New,Beauty,Beauty Product 30,West,Mobile App,Debit Card,1914.88,1,10,1723.39,Shipped,3.4,1,1,1,2024,517.017
ORD104723,2024-06-26,CUST2283,At-Risk,Toys,Toys Product 18,South,Social Media,Net Banking,3694.31,1,10,3324.88,Cancelled,4.0,0,6,2,2024,531.9808
ORD104724,2023-11-02,CUST6144,At-Risk,Home & Kitchen,Home & Kitchen Product 12,Central,Mobile App,Credit Card,9637.73,1,0,9637.73,Returned,2.1,0,11,4,2023,1542.0367999999999
ORD104725,2024-02-28,CUST5751,Returning,Toys,Toys Product 8,West,Website,Credit Card,2454.68,1,25,1841.01,Delivered,4.3,0,2,1,2024,441.8424
ORD104726,2023-02-25,CUST9593,VIP,Books,Books Product 22,West,Mobile App,Wallet,575.38,4,15,1956.29,Processing,3.9,0,2,1,2023,723.8272999999999
ORD104727,2023-06-04,CUST6495,New,Electronics,Electronics Product 16,North,Social Media,Wallet,78172.57,3,0,234517.71,Delivered,3.7,0,6,2,2023,23451.771
ORD104728,2023-05-21,CUST7446,At-Risk,Clothing,Clothing Product 5,North,Mobile App,Credit Card,2599.98,2,0,5199.96,Shipped,4.2,0,5,2,2023,1715.9868000000001
ORD104729,2023-07-25,CUST6712,New,Books,Books Product 39,West,Marketplace,Debit Card,346.05,1,0,346.05,Processing,2.9,0,7,3,2023,41.526
ORD104730,2023-12-17,CUST5615,New,Toys,Toys Product 16,West,Marketplace,UPI,1171.97,1,0,1171.97,Processing,5.0,0,12,4,2023,281.2728
ORD104731,2024-02-24,CUST7782,New,Automotive,Automotive Product 41,South,Mobile App,Net Banking,24101.0,1,10,21690.9,Processing,3.9,0,2,1,2024,6290.361
ORD104732,2024-08-06,CUST8120,At-Risk,Sports,Sports Product 26,Central,Social Media,Credit Card,16037.5,2,5,30471.25,Shipped,3.9,0,8,3,2024,9446.0875
ORD104733,2024-04-13,CUST5063,At-Risk,Home & Kitchen,Home & Kitchen Product 47,West,Marketplace,Credit Card,11367.89,4,15,38650.83,Shipped,3.2,0,4,2,2024,4638.0996000000005
ORD104734,2023-05-27,CUST5891,New,Toys,Toys Product 9,West,Social Media,Net Banking,3125.19,1,10,2812.67,Processing,4.0,0,5,2,2023,646.9141000000001
ORD104735,2023-11-20,CUST6413,VIP,Clothing,Clothing Product 50,North,Social Media,Debit Card,2228.97,1,10,2006.07,Cancelled,5.0,0,11,4,2023,561.6996
ORD104736,2023-07-04,CUST5288,New,Automotive,Automotive Product 22,South,Website,Credit Card,29686.54,2,10,53435.77,Shipped,4.8,0,7,3,2023,6412.292399999999
ORD104737,2023-03-24,CUST5786,At-Risk,Toys,Toys Product 11,East,Social Media,Net Banking,3546.42,1,0,3546.42,Shipped,4.7,0,3,1,2023,496.4988000000001
ORD104738,2024-05-14,CUST4627,Returning,Sports,Sports Product 26,Central,Website,Debit Card,19002.8,1,0,19002.8,Processing,4.4,0,5,2,2024,5700.839999999999
ORD104739,2023-12-07,CUST6036,Returning,Automotive,Automotive Product 1,Central,Website,Net Banking,34494.53,2,10,62090.15,Shipped,3.7,1,12,4,2023,16143.439
ORD104740,2024-10-08,CUST5217,New,Beauty,Beauty Product 9,South,Marketplace,Credit Card,2984.72,2,0,5969.44,Delivered,2.8,1,10,4,2024,895.4159999999999
ORD104741,2023-07-01,CUST2195,At-Risk,Electronics,Electronics Product 12,East,Social Media,Debit Card,30707.4,1,0,30707.4,Shipped,3.8,0,7,3,2023,7983.924000000001
ORD104742,2023-11-17,CUST6002,At-Risk,Clothing,Clothing Product 8,West,Marketplace,UPI,4821.29,1,20,3857.03,Shipped,3.8,0,11,4,2023,1427.1011
ORD104743,2024-10-11,CUST2987,Returning,Clothing,Clothing Product 28,Central,Social Media,UPI,3843.44,5,10,17295.48,Shipped,4.8,0,10,4,2024,1729.548
ORD104744,2023-03-01,CUST7480,Returning,Clothing,Clothing Product 37,Central,Marketplace,Wallet,616.78,1,0,616.78,Delivered,4.2,0,3,1,2023,178.8662
ORD104745,2023-01-05,CUST5007,New,Clothing,Clothing Product 48,West,Mobile App,UPI,1410.35,1,10,1269.32,Delivered,5.0,0,1,1,2023,152.3184
ORD104746,2024-04-07,CUST4972,New,Automotive,Automotive Product 49,West,Social Media,Wallet,5328.8,1,15,4529.48,Delivered,5.0,1,4,2,2024,452.948
ORD104747,2023-10-08,CUST5234,VIP,Books,Books Product 2,North,Social Media,Credit Card,271.77,1,0,271.77,Delivered,3.6,0,10,4,2023,40.765499999999996
ORD104748,2023-08-03,CUST5518,Returning,Electronics,Electronics Product 36,North,Social Media,UPI,66535.09,1,0,66535.09,Shipped,2.6,1,8,3,2023,15303.0707
ORD104749,2023-06-22,CUST8387,Returning,Automotive,Automotive Product 46,West,Website,Credit Card,31859.9,3,20,76463.76,Shipped,5.0,0,6,2,2023,25997.6784
ORD104750,2024-08-13,CUST5670,Returning,Sports,Sports Product 33,East,Marketplace,Net Banking,2242.51,1,0,2242.51,Returned,5.0,0,8,3,2024,403.65180000000004
ORD104751,2023-06-12,CUST4709,Returning,Clothing,Clothing Product 30,West,Marketplace,Net Banking,2023.29,1,0,2023.29,Cancelled,2.9,0,6,2,2023,586.7541
ORD104752,2024-05-16,CUST5417,Returning,Home & Kitchen,Home & Kitchen Product 24,South,Social Media,Net Banking,5259.53,2,5,9993.11,Cancelled,5.0,0,5,2,2024,2198.4842000000003
ORD104753,2023-04-01,CUST7716,Returning,Toys,Toys Product 18,West,Social Media,Credit Card,2493.71,2,15,4239.31,Shipped,4.3,0,4,2,2023,720.6827000000001
ORD104754,2023-05-13,CUST5322,Returning,Automotive,Automotive Product 33,West,Mobile App,Net Banking,23888.55,3,0,71665.65,Cancelled,4.1,0,5,2,2023,17916.4125
ORD104755,2024-09-21,CUST1281,Returning,Toys,Toys Product 1,East,Mobile App,Net Banking,1426.92,3,0,4280.76,Shipped,5.0,0,9,3,2024,1455.4584000000002
ORD104756,2024-03-20,CUST9615,VIP,Sports,Sports Product 10,North,Website,Debit Card,11231.47,1,0,11231.47,Processing,5.0,0,3,1,2024,3931.0144999999993
ORD104757,2024-10-10,CUST3807,New,Home & Kitchen,Home & Kitchen Product 39,South,Social Media,Wallet,10649.39,3,25,23961.13,Shipped,4.5,0,10,4,2024,8386.3955
ORD104758,2024-03-15,CUST3393,VIP,Clothing,Clothing Product 15,North,Marketplace,Net Banking,2365.76,1,0,2365.76,Processing,4.4,0,3,1,2024,473.15200000000004
ORD104759,2024-02-18,CUST4678,At-Risk,Beauty,Beauty Product 13,East,Website,UPI,1899.09,5,10,8545.9,Delivered,4.5,0,2,1,2024,2905.606
ORD104760,2024-03-15,CUST1782,VIP,Clothing,Clothing Product 50,West,Marketplace,Wallet,655.78,1,20,524.62,Cancelled,3.7,0,3,1,2024,83.9392
ORD104761,2024-05-03,CUST6377,Returning,Home & Kitchen,Home & Kitchen Product 24,South,Marketplace,Net Banking,10352.21,5,0,51761.05,Returned,4.0,1,5,2,2024,16563.536
ORD104762,2024-01-28,CUST9200,Returning,Toys,Toys Product 35,South,Social Media,Debit Card,2455.03,3,25,5523.82,Cancelled,3.3,1,1,1,2024,2099.0516
ORD104763,2023-01-05,CUST7883,VIP,Electronics,Electronics Product 15,North,Social Media,Net Banking,54181.79,1,20,43345.43,Delivered,3.7,0,1,1,2023,4334.543000000001
ORD104764,2023-02-08,CUST3102,VIP,Toys,Toys Product 49,South,Mobile App,Credit Card,307.3,2,20,491.68,Shipped,3.7,0,2,1,2023,113.08640000000001
ORD104765,2024-06-30,CUST8815,New,Automotive,Automotive Product 33,East,Website,Debit Card,25709.69,5,0,128548.45,Processing,3.5,0,6,2,2024,37279.0505
ORD104766,2023-07-24,CUST4580,New,Clothing,Clothing Product 20,South,Marketplace,UPI,531.68,3,10,1435.54,Shipped,4.1,0,7,3,2023,445.0174
ORD104767,2024-01-18,CUST9735,VIP,Clothing,Clothing Product 13,East,Social Media,Debit Card,1069.92,1,15,909.43,Shipped,3.7,1,1,1,2024,136.41449999999998
ORD104768,2023-01-15,CUST9558,New,Books,Books Product 44,South,Website,Net Banking,292.32,2,25,438.48,Cancelled,4.4,1,1,1,2023,171.0072
ORD104769,2023-11-26,CUST5417,New,Clothing,Clothing Product 40,South,Website,Wallet,2912.24,1,0,2912.24,Processing,2.7,0,11,4,2023,815.4272
ORD104770,2024-06-27,CUST2634,VIP,Home & Kitchen,Home & Kitchen Product 41,East,Mobile App,Net Banking,12079.22,1,15,10267.34,Returned,3.9,0,6,2,2024,1540.1009999999999
ORD104771,2023-07-15,CUST5082,At-Risk,Home & Kitchen,Home & Kitchen Product 6,South,Marketplace,Debit Card,8174.24,1,0,8174.24,Delivered,4.1,0,7,3,2023,899.1664
ORD104772,2023-01-19,CUST3583,New,Electronics,Electronics Product 1,East,Mobile App,Debit Card,58084.31,1,0,58084.31,Returned,3.8,0,1,1,2023,19167.8223
ORD104773,2024-11-23,CUST2697,Returning,Automotive,Automotive Product 27,West,Website,Credit Card,13257.65,3,5,37784.3,Returned,3.9,0,11,4,2024,4534.116
ORD104774,2023-01-05,CUST1130,VIP,Beauty,Beauty Product 24,North,Mobile App,Wallet,485.36,1,15,412.56,Shipped,2.7,0,1,1,2023,57.75840000000001
ORD104775,2024-10-03,CUST8299,New,Clothing,Clothing Product 29,North,Mobile App,Debit Card,2680.33,3,5,7638.94,Cancelled,4.3,0,10,4,2024,2062.5138
ORD104776,2023-09-12,CUST3114,New,Electronics,Electronics Product 16,Central,Social Media,Debit Card,14326.53,1,5,13610.2,Processing,4.5,0,9,3,2023,3810.8560000000007
ORD104777,2023-08-20,CUST2002,Returning,Home & Kitchen,Home & Kitchen Product 21,East,Social Media,UPI,6940.37,1,25,5205.28,Cancelled,4.4,0,8,3,2023,1613.6368
ORD104778,2024-12-11,CUST3839,VIP,Books,Books Product 6,Central,Mobile App,UPI,697.49,1,0,697.49,Processing,4.8,1,12,4,2024,153.4478
ORD104779,2023-12-19,CUST2886,New,Home & Kitchen,Home & Kitchen Product 31,Central,Marketplace,UPI,885.3,1,10,796.77,Returned,4.2,0,12,4,2023,262.9341
ORD104780,2023-11-16,CUST8843,VIP,Clothing,Clothing Product 20,East,Marketplace,Credit Card,3085.38,1,0,3085.38,Returned,4.4,0,11,4,2023,1203.2982000000002
ORD104781,2023-05-13,CUST1710,Returning,Sports,Sports Product 22,Central,Social Media,Wallet,8763.94,1,0,8763.94,Returned,4.1,0,5,2,2023,1577.5092
ORD104782,2023-04-16,CUST8846,VIP,Electronics,Electronics Product 17,West,Website,Credit Card,55101.18,2,10,99182.12,Processing,4.6,0,4,2,2023,30746.457199999997
ORD104783,2024-01-28,CUST6354,At-Risk,Clothing,Clothing Product 25,North,Website,Net Banking,4849.11,1,20,3879.29,Delivered,2.7,0,1,1,2024,1474.1302
ORD104784,2024-05-30,CUST5937,Returning,Clothing,Clothing Product 37,West,Marketplace,Wallet,568.74,1,5,540.3,Cancelled,3.3,0,5,2,2024,167.493
ORD104785,2024-08-25,CUST9496,Returning,Sports,Sports Product 14,South,Website,UPI,9850.07,1,15,8372.56,Cancelled,5.0,0,8,3,2024,2511.7679999999996
ORD104786,2023-11-10,CUST6697,Returning,Beauty,Beauty Product 50,North,Marketplace,Credit Card,859.77,4,0,3439.08,Returned,2.0,0,11,4,2023,584.6436
ORD104787,2023-06-21,CUST4157,New,Home & Kitchen,Home & Kitchen Product 45,East,Website,Wallet,5993.36,4,0,23973.44,Returned,3.9,0,6,2,2023,6233.0944
ORD104788,2023-03-08,CUST5703,At-Risk,Toys,Toys Product 46,North,Website,Net Banking,3029.22,1,5,2877.76,Cancelled,4.9,0,3,1,2023,776.9952000000001
ORD104789,2023-02-16,CUST7763,VIP,Electronics,Electronics Product 23,East,Marketplace,Wallet,52482.79,1,0,52482.79,Processing,3.9,0,2,1,2023,16269.6649
ORD104790,2023-11-02,CUST7070,New,Books,Books Product 8,South,Social Media,Net Banking,223.64,1,0,223.64,Shipped,3.7,0,11,4,2023,89.456
ORD104791,2023-10-25,CUST6516,VIP,Sports,Sports Product 2,North,Website,Debit Card,7783.7,5,5,36972.57,Returned,4.1,0,10,4,2023,4066.9827
ORD104792,2024-04-11,CUST8743,At-Risk,Electronics,Electronics Product 11,East,Marketplace,Wallet,24530.99,1,0,24530.99,Delivered,3.7,1,4,2,2024,2943.7188
ORD104793,2024-06-16,CUST3161,New,Sports,Sports Product 48,South,Social Media,Net Banking,4779.08,1,0,4779.08,Processing,4.0,1,6,2,2024,573.4896
ORD104794,2024-09-02,CUST3058,At-Risk,Automotive,Automotive Product 6,East,Website,Credit Card,43385.83,1,5,41216.54,Delivered,3.5,0,9,3,2024,13189.292800000001
ORD104795,2024-06-20,CUST1610,Returning,Home & Kitchen,Home & Kitchen Product 20,South,Website,Wallet,8878.48,1,10,7990.63,Cancelled,4.9,0,6,2,2024,1118.6882
ORD104796,2023-12-12,CUST5004,New,Automotive,Automotive Product 4,North,Website,Debit Card,25072.87,1,20,20058.3,Shipped,5.0,0,12,4,2023,5816.906999999999
ORD104797,2024-03-20,CUST1166,Returning,Beauty,Beauty Product 49,South,Website,UPI,2184.41,3,10,5897.91,Delivered,3.9,0,3,1,2024,1179.582
ORD104798,2024-12-04,CUST1703,New,Beauty,Beauty Product 6,North,Website,Credit Card,2453.99,1,5,2331.29,Returned,2.9,1,12,4,2024,559.5096
ORD104799,2023-05-18,CUST5944,New,Books,Books Product 10,Central,Website,Credit Card,763.63,2,20,1221.81,Delivered,3.6,0,5,2,2023,195.4896
ORD104800,2023-12-17,CUST5557,New,Clothing,Clothing Product 35,East,Social Media,Credit Card,757.23,1,15,643.65,Cancelled,3.9,0,12,4,2023,231.71399999999997
ORD104801,2024-05-16,CUST8091,VIP,Electronics,Electronics Product 16,East,Mobile App,Credit Card,13572.45,1,0,13572.45,Delivered,4.4,1,5,2,2024,3800.2860000000005
ORD104802,2024-01-03,CUST5987,New,Books,Books Product 13,West,Marketplace,Net Banking,192.4,4,0,769.6,Returned,3.2,0,1,1,2024,292.44800000000004
ORD104803,2023-07-12,CUST7250,VIP,Electronics,Electronics Product 6,North,Marketplace,Net Banking,78314.36,1,10,70482.92,Shipped,3.4,0,7,3,2023,19030.3884
ORD104804,2023-06-18,CUST2050,VIP,Books,Books Product 37,East,Social Media,UPI,523.64,3,10,1413.83,Shipped,4.4,0,6,2,2023,197.9362
ORD104805,2024-02-18,CUST3431,Returning,Home & Kitchen,Home & Kitchen Product 22,Central,Social Media,Wallet,648.07,2,15,1101.72,Returned,4.8,1,2,1,2024,165.258
ORD104806,2023-01-20,CUST4660,VIP,Sports,Sports Product 24,Central,Mobile App,UPI,10124.45,1,10,9112.01,Delivered,3.5,0,1,1,2023,3644.804
ORD104807,2023-08-22,CUST1894,New,Books,Books Product 33,South,Marketplace,Wallet,656.04,5,10,2952.18,Shipped,2.9,0,8,3,2023,944.6976
ORD104808,2023-08-18,CUST1448,VIP,Home & Kitchen,Home & Kitchen Product 41,East,Social Media,UPI,6620.61,1,25,4965.46,Returned,5.0,0,8,3,2023,546.2006
ORD104809,2023-05-15,CUST3317,Returning,Books,Books Product 38,South,Marketplace,Debit Card,595.89,3,5,1698.29,Shipped,4.6,0,5,2,2023,526.4698999999999
ORD104810,2023-08-05,CUST6828,New,Beauty,Beauty Product 46,South,Mobile App,Wallet,2708.41,1,0,2708.41,Delivered,3.8,0,8,3,2023,595.8502
ORD104811,2023-01-23,CUST2747,VIP,Sports,Sports Product 31,South,Social Media,Debit Card,7618.45,3,15,19427.05,Processing,4.7,0,1,1,2023,3691.1394999999998
ORD104812,2024-08-26,CUST3234,VIP,Home & Kitchen,Home & Kitchen Product 37,South,Mobile App,Credit Card,8289.22,1,0,8289.22,Returned,3.9,0,8,3,2024,1243.3829999999998
ORD104813,2024-05-31,CUST2880,At-Risk,Toys,Toys Product 38,North,Website,Credit Card,1790.77,2,15,3044.31,Returned,4.7,0,5,2,2024,1065.5085
ORD104814,2023-06-23,CUST4342,At-Risk,Clothing,Clothing Product 1,North,Marketplace,UPI,360.98,3,25,812.2,Shipped,4.1,0,6,2,2023,97.464
ORD104815,2023-05-07,CUST8560,At-Risk,Sports,Sports Product 15,Central,Website,Net Banking,8951.31,4,10,32224.72,Returned,4.1,0,5,2,2023,6122.696800000001
ORD104816,2024-01-11,CUST6461,VIP,Sports,Sports Product 22,North,Mobile App,Credit Card,14160.14,4,10,50976.5,Delivered,3.9,0,1,1,2024,9685.535
ORD104817,2024-12-29,CUST7446,Returning,Toys,Toys Product 49,South,Website,Debit Card,454.37,3,5,1294.95,Returned,2.8,0,12,4,2024,194.2425
ORD104818,2024-10-28,CUST6836,New,Home & Kitchen,Home & Kitchen Product 39,Central,Marketplace,UPI,1582.47,4,0,6329.88,Shipped,5.0,0,10,4,2024,1582.47
ORD104819,2023-02-08,CUST9663,Returning,Toys,Toys Product 30,East,Social Media,Net Banking,3535.57,1,0,3535.57,Returned,3.2,0,2,1,2023,353.557
ORD104820,2024-01-20,CUST7416,New,Automotive,Automotive Product 7,East,Social Media,Credit Card,33503.35,1,10,30153.02,Shipped,2.9,0,1,1,2024,5729.0738
ORD104821,2024-10-17,CUST4118,Returning,Clothing,Clothing Product 32,South,Website,Wallet,2478.2,1,15,2106.47,Cancelled,3.8,0,10,4,2024,800.4585999999999
ORD104822,2023-09-19,CUST6419,New,Sports,Sports Product 32,North,Mobile App,Wallet,10339.43,1,10,9305.49,Shipped,3.2,0,9,3,2023,1768.0430999999999
ORD104823,2024-07-01,CUST6527,At-Risk,Toys,Toys Product 6,East,Mobile App,Net Banking,1124.28,1,0,1124.28,Processing,4.0,0,7,3,2024,236.09879999999998
ORD104824,2024-09-30,CUST8722,Returning,Home & Kitchen,Home & Kitchen Product 32,North,Website,Credit Card,13939.66,2,5,26485.35,Processing,4.6,1,9,3,2024,6356.4839999999995
ORD104825,2023-02-19,CUST1037,VIP,Books,Books Product 45,East,Mobile App,Net Banking,196.27,1,15,166.83,Cancelled,4.8,1,2,1,2023,45.04410000000001
ORD104826,2024-08-31,CUST8049,At-Risk,Clothing,Clothing Product 2,North,Website,UPI,315.72,2,5,599.87,Cancelled,4.7,0,8,3,2024,203.9558
ORD104827,2023-02-19,CUST2292,New,Sports,Sports Product 13,Central,Marketplace,Wallet,2093.0,1,5,1988.35,Cancelled,3.8,0,2,1,2023,318.13599999999997
ORD104828,2024-11-08,CUST4578,Returning,Books,Books Product 3,West,Marketplace,Debit Card,230.75,1,15,196.14,Returned,4.0,0,11,4,2024,70.6104
ORD104829,2023-04-21,CUST2126,At-Risk,Beauty,Beauty Product 23,Central,Mobile App,Net Banking,710.07,2,10,1278.13,Returned,4.3,1,4,2,2023,421.78290000000004
ORD104830,2024-10-31,CUST5277,New,Home & Kitchen,Home & Kitchen Product 27,South,Marketplace,UPI,9999.97,3,5,28499.91,Returned,2.6,0,10,4,2024,9119.9712
ORD104831,2023-01-21,CUST6906,Returning,Toys,Toys Product 33,East,Mobile App,Wallet,2274.49,2,20,3639.18,Shipped,4.5,1,1,1,2023,473.0934
ORD104832,2023-02-19,CUST5888,New,Home & Kitchen,Home & Kitchen Product 29,South,Marketplace,Credit Card,8493.32,2,0,16986.64,Cancelled,2.8,0,2,1,2023,1868.5303999999999
ORD104833,2024-12-07,CUST4099,Returning,Beauty,Beauty Product 4,West,Website,UPI,1511.96,1,25,1133.97,Shipped,5.0,0,12,4,2024,317.51160000000004
ORD104834,2023-04-29,CUST5249,At-Risk,Toys,Toys Product 37,West,Website,UPI,3889.29,2,0,7778.58,Processing,3.7,0,4,2,2023,2800.2888
ORD104835,2024-03-02,CUST6361,VIP,Toys,Toys Product 20,Central,Website,Net Banking,2693.8,1,0,2693.8,Shipped,3.9,1,3,1,2024,754.2640000000001
ORD104836,2024-03-30,CUST7497,Returning,Electronics,Electronics Product 5,Central,Website,Wallet,46778.58,1,20,37422.86,Cancelled,3.4,1,3,1,2024,5987.6576000000005
ORD104837,2024-01-25,CUST7355,At-Risk,Books,Books Product 9,South,Mobile App,Credit Card,181.09,1,0,181.09,Shipped,3.5,0,1,1,2024,23.541700000000002
ORD104838,2023-05-07,CUST4625,New,Clothing,Clothing Product 17,East,Marketplace,UPI,390.83,1,10,351.75,Delivered,5.0,0,5,2,2023,109.0425
ORD104839,2024-07-14,CUST2386,VIP,Sports,Sports Product 45,North,Marketplace,Wallet,4367.97,1,15,3712.77,Processing,4.8,0,7,3,2024,1188.0864
ORD104840,2023-09-16,CUST2187,VIP,Clothing,Clothing Product 25,South,Website,Debit Card,1641.65,5,20,6566.6,Returned,2.8,0,9,3,2023,984.99
ORD104841,2024-04-30,CUST4650,VIP,Clothing,Clothing Product 1,North,Marketplace,Credit Card,3783.88,5,25,14189.55,Shipped,5.0,0,4,2,2024,1560.8505
ORD104842,2024-12-19,CUST9880,VIP,Toys,Toys Product 22,North,Mobile App,UPI,1684.7,1,0,1684.7,Cancelled,5.0,1,12,4,2024,370.634
ORD104843,2023-06-06,CUST7078,At-Risk,Clothing,Clothing Product 6,West,Marketplace,Net Banking,1984.92,1,10,1786.43,Shipped,3.8,0,6,2,2023,482.33610000000004
ORD104844,2023-07-30,CUST1787,VIP,Beauty,Beauty Product 26,Central,Website,Credit Card,1604.06,1,0,1604.06,Shipped,4.2,0,7,3,2023,497.2586
ORD104845,2024-12-12,CUST4353,VIP,Clothing,Clothing Product 17,South,Mobile App,Debit Card,258.39,1,5,245.47,Shipped,4.0,1,12,4,2024,83.4598
ORD104846,2024-12-03,CUST5859,New,Beauty,Beauty Product 35,South,Marketplace,Net Banking,1645.0,4,15,5593.0,Shipped,5.0,1,12,4,2024,1566.0400000000002
ORD104847,2024-10-07,CUST4007,VIP,Beauty,Beauty Product 15,North,Social Media,Wallet,907.78,1,0,907.78,Cancelled,3.4,1,10,4,2024,118.0114
ORD104848,2023-01-10,CUST4121,Returning,Sports,Sports Product 49,South,Website,Wallet,10798.18,3,10,29155.09,Shipped,4.1,0,1,1,2023,8746.527
ORD104849,2023-11-05,CUST7674,New,Home & Kitchen,Home & Kitchen Product 41,West,Mobile App,Credit Card,4759.16,1,5,4521.2,Shipped,3.7,0,11,4,2023,1808.48
ORD104850,2024-03-06,CUST3581,At-Risk,Books,Books Product 41,Central,Mobile App,Debit Card,668.02,5,10,3006.09,Cancelled,2.9,0,3,1,2024,1112.2533
ORD104851,2024-11-08,CUST3223,At-Risk,Sports,Sports Product 36,Central,Mobile App,Net Banking,6662.77,1,25,4997.08,Delivered,5.0,0,11,4,2024,1798.9488
ORD104852,2023-04-14,CUST1548,New,Electronics,Electronics Product 38,Central,Social Media,Net Banking,19872.25,3,0,59616.75,Shipped,3.1,0,4,2,2023,11327.1825
ORD104853,2024-11-09,CUST5074,VIP,Clothing,Clothing Product 21,North,Social Media,UPI,2505.87,1,10,2255.28,Cancelled,4.2,0,11,4,2024,744.2424000000001
ORD104854,2024-06-16,CUST4193,VIP,Toys,Toys Product 14,Central,Social Media,UPI,1011.53,2,20,1618.45,Processing,2.6,0,6,2,2024,582.6419999999999
ORD104855,2023-10-04,CUST6079,Returning,Books,Books Product 16,North,Social Media,Credit Card,564.83,1,5,536.59,Shipped,3.7,1,10,4,2023,160.977
ORD104856,2024-09-29,CUST8495,At-Risk,Toys,Toys Product 29,North,Social Media,Debit Card,2017.45,1,0,2017.45,Shipped,4.3,0,9,3,2024,363.141
ORD104857,2024-09-12,CUST5796,New,Clothing,Clothing Product 25,North,Website,Credit Card,1227.79,4,10,4420.04,Shipped,3.3,0,9,3,2024,1723.8156000000001
ORD104858,2024-12-18,CUST4000,At-Risk,Clothing,Clothing Product 36,Central,Social Media,Credit Card,1027.61,4,0,4110.44,Processing,4.5,0,12,4,2024,986.5055999999998
ORD104859,2023-05-21,CUST5343,New,Home & Kitchen,Home & Kitchen Product 17,West,Mobile App,UPI,8429.58,4,0,33718.32,Cancelled,3.8,0,5,2,2023,4720.5648
ORD104860,2024-03-04,CUST7661,New,Sports,Sports Product 8,South,Marketplace,Credit Card,12689.78,2,15,21572.63,Delivered,4.9,1,3,1,2024,2804.4419000000003
ORD104861,2023-04-18,CUST4406,At-Risk,Automotive,Automotive Product 49,East,Website,Credit Card,43047.69,3,5,122685.92,Returned,5.0,0,4,2,2023,35578.9168
ORD104862,2024-06-07,CUST2765,VIP,Clothing,Clothing Product 36,South,Mobile App,Wallet,540.41,1,20,432.33,Shipped,3.5,0,6,2,2024,99.4359
ORD104863,2024-09-24,CUST1306,At-Risk,Beauty,Beauty Product 30,West,Marketplace,Wallet,2051.18,1,15,1743.5,Returned,4.1,0,9,3,2024,226.655
ORD104864,2023-05-01,CUST5935,At-Risk,Sports,Sports Product 49,East,Website,UPI,17213.77,1,10,15492.39,Delivered,4.1,0,5,2,2023,4957.5648
ORD104865,2023-10-17,CUST4800,Returning,Sports,Sports Product 26,West,Mobile App,Net Banking,3249.89,2,0,6499.78,Cancelled,4.5,0,10,4,2023,2209.9252
ORD104866,2023-04-27,CUST8385,Returning,Clothing,Clothing Product 30,Central,Social Media,UPI,3850.49,1,5,3657.97,Processing,4.0,1,4,2,2023,1170.5503999999999
ORD104867,2023-04-19,CUST7810,At-Risk,Electronics,Electronics Product 30,Central,Mobile App,UPI,38476.23,1,0,38476.23,Delivered,4.2,0,4,2,2023,6156.196800000001
ORD104868,2024-05-24,CUST9264,VIP,Home & Kitchen,Home & Kitchen Product 43,West,Social Media,Net Banking,14851.04,2,20,23761.66,Delivered,3.8,0,5,2,2024,7366.1146
ORD104869,2023-07-23,CUST7492,VIP,Beauty,Beauty Product 28,South,Marketplace,Debit Card,356.88,3,0,1070.64,Processing,4.1,0,7,3,2023,107.06400000000002
ORD104870,2024-09-15,CUST9851,At-Risk,Toys,Toys Product 4,East,Marketplace,Wallet,825.98,1,0,825.98,Processing,5.0,0,9,3,2024,156.9362
ORD104871,2023-07-24,CUST1459,New,Home & Kitchen,Home & Kitchen Product 1,East,Mobile App,Wallet,9516.03,1,5,9040.23,Delivered,4.5,0,7,3,2023,1988.8506
ORD104872,2023-09-27,CUST1535,New,Beauty,Beauty Product 25,Central,Website,Credit Card,1328.5,1,0,1328.5,Shipped,4.6,1,9,3,2023,464.97499999999997
ORD104873,2024-06-19,CUST6141,At-Risk,Toys,Toys Product 18,West,Website,Wallet,2577.37,1,0,2577.37,Processing,4.6,0,6,2,2024,567.0214
ORD104874,2023-07-26,CUST3307,VIP,Automotive,Automotive Product 15,West,Mobile App,UPI,46930.34,1,10,42237.31,Processing,3.9,1,7,3,2023,4223.731
ORD104875,2024-01-02,CUST5597,Returning,Home & Kitchen,Home & Kitchen Product 20,East,Social Media,Debit Card,12471.24,2,0,24942.48,Shipped,4.3,0,1,1,2024,5237.9208
ORD104876,2024-12-21,CUST7249,At-Risk,Sports,Sports Product 21,East,Mobile App,Net Banking,8365.27,2,0,16730.54,Shipped,3.1,0,12,4,2024,4182.635
ORD104877,2024-02-24,CUST1821,At-Risk,Electronics,Electronics Product 42,South,Mobile App,UPI,60313.49,2,0,120626.98,Cancelled,5.0,0,2,1,2024,45838.2524
ORD104878,2023-10-30,CUST3506,New,Home & Kitchen,Home & Kitchen Product 46,West,Mobile App,Credit Card,930.76,1,10,837.68,Shipped,1.8,0,10,4,2023,318.3184
ORD104879,2023-06-14,CUST2469,Returning,Home & Kitchen,Home & Kitchen Product 38,South,Social Media,Net Banking,5011.17,3,10,13530.16,Processing,3.9,0,6,2,2023,2029.524
ORD104880,2023-02-10,CUST8983,At-Risk,Home & Kitchen,Home & Kitchen Product 46,East,Website,Debit Card,6101.04,1,5,5795.99,Processing,4.9,0,2,1,2023,927.3584
ORD104881,2024-07-15,CUST8178,New,Toys,Toys Product 30,Central,Mobile App,Wallet,931.9,1,10,838.71,Returned,2.9,0,7,3,2024,125.8065
ORD104882,2024-05-23,CUST5686,VIP,Sports,Sports Product 44,Central,Social Media,Debit Card,14639.31,3,0,43917.93,Returned,4.3,1,5,2,2024,14932.096200000002
ORD104883,2023-08-01,CUST2055,New,Electronics,Electronics Product 41,Central,Social Media,Wallet,30207.74,1,20,24166.19,Delivered,3.5,1,8,3,2023,2416.619
ORD104884,2024-12-05,CUST8631,Returning,Beauty,Beauty Product 43,South,Mobile App,UPI,1432.01,1,0,1432.01,Cancelled,3.7,0,12,4,2024,200.4814
ORD104885,2024-05-07,CUST5317,VIP,Books,Books Product 15,South,Mobile App,Credit Card,685.46,4,10,2467.66,Cancelled,4.8,0,5,2,2024,641.5916
ORD104886,2023-12-05,CUST4085,Returning,Toys,Toys Product 6,West,Website,Net Banking,1053.94,1,20,843.15,Shipped,4.2,0,12,4,2023,143.3355
ORD104887,2023-08-29,CUST1615,New,Automotive,Automotive Product 41,South,Social Media,Debit Card,45449.39,2,15,77263.96,Cancelled,2.4,0,8,3,2023,10044.314800000002
ORD104888,2023-01-03,CUST5949,VIP,Home & Kitchen,Home & Kitchen Product 49,East,Website,UPI,7346.68,1,0,7346.68,Shipped,3.2,0,1,1,2023,1542.8028
ORD104889,2023-01-14,CUST4405,Returning,Automotive,Automotive Product 31,East,Marketplace,UPI,47509.88,2,0,95019.76,Processing,4.8,0,1,1,2023,17103.5568
ORD104890,2024-11-18,CUST6218,At-Risk,Beauty,Beauty Product 49,East,Marketplace,Debit Card,1602.21,1,10,1441.99,Delivered,4.4,0,11,4,2024,360.4975
ORD104891,2023-04-02,CUST1957,At-Risk,Automotive,Automotive Product 16,South,Website,Debit Card,20801.37,1,0,20801.37,Processing,5.0,0,4,2,2023,8112.5343
ORD104892,2023-04-24,CUST3542,Returning,Sports,Sports Product 3,South,Marketplace,Credit Card,17488.68,2,15,29730.76,Returned,5.0,0,4,2,2023,4162.3064
ORD104893,2024-08-10,CUST4741,At-Risk,Sports,Sports Product 15,East,Website,UPI,12852.75,1,10,11567.48,Shipped,3.7,0,8,3,2024,2429.1708
ORD104894,2024-11-16,CUST9791,VIP,Toys,Toys Product 15,South,Mobile App,Debit Card,1117.09,1,10,1005.38,Cancelled,5.0,1,11,4,2024,382.0444
ORD104895,2024-05-20,CUST7006,VIP,Books,Books Product 12,East,Mobile App,Wallet,464.88,1,0,464.88,Shipped,4.0,0,5,2,2024,167.3568
ORD104896,2023-06-02,CUST1768,VIP,Sports,Sports Product 17,North,Website,UPI,10143.82,1,10,9129.44,Shipped,3.2,0,6,2,2023,2008.4768000000001
ORD104897,2023-04-03,CUST3676,At-Risk,Clothing,Clothing Product 38,North,Website,Credit Card,560.27,1,10,504.24,Returned,3.5,0,4,2,2023,156.3144
ORD104898,2024-06-07,CUST3653,At-Risk,Sports,Sports Product 27,West,Social Media,UPI,12156.51,1,15,10333.03,Processing,2.2,0,6,2,2024,1343.2939000000001
ORD104899,2023-03-18,CUST5592,Returning,Toys,Toys Product 48,Central,Social Media,UPI,1785.8,4,0,7143.2,Delivered,5.0,0,3,1,2023,2214.392
ORD104900,2023-04-14,CUST7916,VIP,Beauty,Beauty Product 47,Central,Website,Credit Card,1750.81,1,0,1750.81,Processing,5.0,1,4,2,2023,682.8159
ORD104901,2023-09-20,CUST7403,New,Clothing,Clothing Product 47,South,Marketplace,Credit Card,3581.48,1,0,3581.48,Shipped,3.2,0,9,3,2023,931.1848
ORD104902,2024-10-21,CUST6543,VIP,Clothing,Clothing Product 29,Central,Social Media,Debit Card,3929.83,1,0,3929.83,Processing,3.8,0,10,4,2024,982.4575
ORD104903,2023-08-25,CUST3968,Returning,Clothing,Clothing Product 22,North,Social Media,UPI,3910.01,1,10,3519.01,Cancelled,4.1,0,8,3,2023,563.0416
ORD104904,2024-04-12,CUST8347,Returning,Books,Books Product 49,East,Social Media,Debit Card,127.96,4,20,409.47,Shipped,3.2,0,4,2,2024,118.7463
ORD104905,2023-10-31,CUST6517,Returning,Clothing,Clothing Product 32,North,Social Media,UPI,1531.47,1,0,1531.47,Shipped,2.6,1,10,4,2023,428.81160000000006
ORD104906,2023-09-28,CUST3612,VIP,Home & Kitchen,Home & Kitchen Product 17,South,Social Media,Net Banking,4428.25,5,15,18820.06,Cancelled,3.8,0,9,3,2023,5646.018
ORD104907,2024-04-20,CUST4259,Returning,Electronics,Electronics Product 22,East,Website,Credit Card,52188.27,1,0,52188.27,Returned,3.7,0,4,2,2024,5740.709699999999
ORD104908,2023-02-21,CUST4293,Returning,Clothing,Clothing Product 8,East,Mobile App,Credit Card,4936.06,2,0,9872.12,Cancelled,3.7,0,2,1,2023,2566.7512
ORD104909,2023-04-13,CUST3186,VIP,Sports,Sports Product 50,East,Mobile App,Net Banking,7093.06,2,0,14186.12,Cancelled,4.2,0,4,2,2023,3972.1136000000006
ORD104910,2023-06-28,CUST9524,New,Automotive,Automotive Product 1,South,Website,Wallet,41947.16,4,0,167788.64,Processing,5.0,1,6,2,2023,26846.1824
ORD104911,2023-02-10,CUST3511,New,Electronics,Electronics Product 20,Central,Mobile App,Wallet,48621.02,2,20,77793.63,Cancelled,3.8,0,2,1,2023,12446.980800000001
ORD104912,2023-10-25,CUST4830,VIP,Toys,Toys Product 35,Central,Website,Net Banking,3693.44,2,0,7386.88,Delivered,4.1,0,10,4,2023,1329.6384
ORD104913,2024-01-04,CUST1152,New,Home & Kitchen,Home & Kitchen Product 18,South,Mobile App,UPI,12874.07,1,10,11586.66,Cancelled,4.6,0,1,1,2024,3591.8646
ORD104914,2024-11-24,CUST3233,At-Risk,Automotive,Automotive Product 35,Central,Social Media,Credit Card,23919.66,1,5,22723.68,Delivered,4.4,0,11,4,2024,6362.630400000001
ORD104915,2023-11-17,CUST1266,Returning,Automotive,Automotive Product 3,West,Marketplace,UPI,24799.15,4,20,79357.28,Processing,3.5,0,11,4,2023,27775.048
ORD104916,2024-03-12,CUST3202,VIP,Clothing,Clothing Product 38,South,Social Media,Credit Card,3835.6,1,0,3835.6,Shipped,4.1,0,3,1,2024,728.764
ORD104917,2023-04-29,CUST6409,New,Toys,Toys Product 20,North,Marketplace,Debit Card,3390.13,1,0,3390.13,Delivered,4.4,0,4,2,2023,1254.3481
ORD104918,2023-04-08,CUST7574,VIP,Electronics,Electronics Product 45,East,Website,Wallet,47370.11,3,0,142110.33,Cancelled,3.1,0,4,2,2023,45475.3056
ORD104919,2023-02-16,CUST2766,VIP,Books,Books Product 29,West,Marketplace,Credit Card,492.13,1,5,467.52,Processing,5.0,0,2,1,2023,102.8544
ORD104920,2023-01-10,CUST4531,Returning,Electronics,Electronics Product 47,West,Mobile App,Wallet,54733.61,5,0,273668.05,Processing,5.0,0,1,1,2023,35576.8465
ORD104921,2023-05-22,CUST4349,At-Risk,Toys,Toys Product 14,West,Mobile App,UPI,2477.5,2,20,3964.0,Cancelled,3.4,0,5,2,2023,713.52
ORD104922,2024-11-10,CUST1163,New,Beauty,Beauty Product 8,West,Website,Credit Card,2389.58,2,10,4301.24,Returned,4.2,0,11,4,2024,1677.4836
ORD104923,2024-10-24,CUST4763,VIP,Books,Books Product 35,West,Mobile App,Wallet,196.09,4,10,705.92,Processing,4.5,0,10,4,2024,134.1248
ORD104924,2023-06-24,CUST1359,VIP,Electronics,Electronics Product 6,West,Social Media,Credit Card,27297.48,1,5,25932.61,Cancelled,3.6,0,6,2,2023,5186.522000000001
ORD104925,2023-12-03,CUST4595,VIP,Automotive,Automotive Product 23,North,Website,UPI,34818.06,1,0,34818.06,Processing,4.4,0,12,4,2023,5570.8895999999995
ORD104926,2024-01-02,CUST4232,At-Risk,Home & Kitchen,Home & Kitchen Product 25,Central,Social Media,Credit Card,14635.83,1,5,13904.04,Delivered,4.1,0,1,1,2024,4727.373600000001
ORD104927,2024-03-24,CUST5155,VIP,Books,Books Product 2,South,Social Media,UPI,472.92,1,25,354.69,Cancelled,2.8,0,3,1,2024,63.8442
ORD104928,2024-09-28,CUST7689,New,Home & Kitchen,Home & Kitchen Product 22,Central,Social Media,Credit Card,9360.59,2,15,15913.0,Shipped,4.4,0,9,3,2024,3182.6000000000004
ORD104929,2023-10-02,CUST8675,At-Risk,Clothing,Clothing Product 19,Central,Social Media,Debit Card,502.08,4,20,1606.66,Processing,3.1,0,10,4,2023,353.46520000000004
ORD104930,2023-04-06,CUST8224,Returning,Beauty,Beauty Product 11,West,Website,Credit Card,1943.0,1,15,1651.55,Returned,4.8,0,4,2,2023,379.8565
ORD104931,2024-01-17,CUST2109,At-Risk,Home & Kitchen,Home & Kitchen Product 31,East,Mobile App,Credit Card,14032.16,1,0,14032.16,Shipped,3.5,1,1,1,2024,3087.0751999999998
ORD104932,2023-12-17,CUST3012,At-Risk,Beauty,Beauty Product 4,East,Marketplace,Net Banking,2643.04,5,0,13215.2,Shipped,3.9,0,12,4,2023,3303.8
ORD104933,2023-07-07,CUST8008,New,Electronics,Electronics Product 30,Central,Social Media,UPI,47757.49,1,0,47757.49,Shipped,5.0,0,7,3,2023,16237.5466
ORD104934,2023-04-27,CUST8475,Returning,Toys,Toys Product 39,West,Mobile App,Credit Card,1065.8,1,0,1065.8,Shipped,4.4,1,4,2,2023,373.03
ORD104935,2024-02-15,CUST6983,VIP,Automotive,Automotive Product 50,North,Social Media,UPI,46399.54,1,0,46399.54,Delivered,3.1,1,2,1,2024,15775.843600000002
ORD104936,2024-02-14,CUST1175,Returning,Toys,Toys Product 38,South,Marketplace,UPI,1431.82,4,5,5440.92,Delivered,3.2,0,2,1,2024,707.3196
ORD104937,2024-04-12,CUST8168,VIP,Home & Kitchen,Home & Kitchen Product 24,North,Marketplace,Credit Card,3819.4,2,10,6874.92,Returned,3.5,0,4,2,2024,2337.4728
ORD104938,2023-10-06,CUST7993,At-Risk,Beauty,Beauty Product 38,West,Social Media,UPI,695.11,3,20,1668.26,Delivered,4.3,0,10,4,2023,233.55640000000002
ORD104939,2024-01-30,CUST3326,New,Clothing,Clothing Product 46,East,Website,Net Banking,4867.24,3,10,13141.55,Cancelled,4.3,0,1,1,2024,1839.817
ORD104940,2024-12-07,CUST8837,Returning,Beauty,Beauty Product 20,South,Mobile App,Wallet,696.76,1,20,557.41,Returned,3.3,0,12,4,2024,211.8158
ORD104941,2024-05-04,CUST6691,Returning,Books,Books Product 31,North,Social Media,Wallet,334.5,1,0,334.5,Delivered,3.1,0,5,2,2024,117.07499999999999
ORD104942,2024-03-07,CUST6164,Returning,Clothing,Clothing Product 27,South,Marketplace,Debit Card,3445.28,3,0,10335.84,Cancelled,4.2,0,3,1,2024,2790.6768
ORD104943,2024-10-26,CUST5081,Returning,Sports,Sports Product 8,West,Social Media,Debit Card,5859.03,1,10,5273.13,Returned,3.9,0,10,4,2024,1898.3268
ORD104944,2023-06-20,CUST1928,VIP,Sports,Sports Product 7,Central,Social Media,Debit Card,12116.11,3,0,36348.33,Cancelled,5.0,1,6,2,2023,14539.332000000002
ORD104945,2023-04-26,CUST3843,VIP,Automotive,Automotive Product 7,East,Marketplace,Net Banking,33748.48,4,0,134993.92,Processing,4.0,0,4,2,2023,37798.297600000005
ORD104946,2023-05-16,CUST5554,VIP,Sports,Sports Product 4,Central,Marketplace,Net Banking,4091.71,2,0,8183.42,Cancelled,5.0,0,5,2,2023,2291.3576000000003
ORD104947,2024-12-13,CUST7065,Returning,Sports,Sports Product 31,South,Website,Wallet,12415.85,2,0,24831.7,Processing,3.1,1,12,4,2024,8194.461000000001
ORD104948,2023-03-02,CUST4450,Returning,Books,Books Product 37,North,Marketplace,Debit Card,650.83,3,5,1854.87,Returned,2.7,1,3,1,2023,315.3279
ORD104949,2023-06-13,CUST1918,New,Electronics,Electronics Product 31,East,Marketplace,Net Banking,64278.43,3,5,183193.53,Returned,3.1,0,6,2,2023,27479.0295
ORD104950,2023-04-17,CUST2281,VIP,Toys,Toys Product 26,South,Mobile App,Wallet,2815.66,1,5,2674.88,Processing,5.0,1,4,2,2023,882.7104
ORD104951,2024-03-02,CUST3835,Returning,Books,Books Product 20,West,Social Media,Wallet,232.98,1,10,209.68,Returned,5.0,0,3,1,2024,41.93600000000001
ORD104952,2024-08-27,CUST4781,At-Risk,Sports,Sports Product 29,South,Marketplace,Wallet,13845.2,1,0,13845.2,Processing,3.4,0,8,3,2024,1938.3280000000002
ORD104953,2024-05-09,CUST5232,Returning,Electronics,Electronics Product 24,North,Mobile App,UPI,57153.37,2,0,114306.74,Shipped,3.6,0,5,2,2024,21718.280600000002
ORD104954,2024-08-05,CUST8989,New,Automotive,Automotive Product 19,North,Marketplace,Net Banking,28002.84,1,0,28002.84,Cancelled,3.1,0,8,3,2024,5880.596399999999
ORD104955,2024-11-25,CUST3795,VIP,Automotive,Automotive Product 44,West,Social Media,Debit Card,10859.65,2,0,21719.3,Delivered,2.6,0,11,4,2024,8470.527
ORD104956,2024-03-24,CUST4850,New,Electronics,Electronics Product 48,East,Marketplace,Wallet,37283.89,1,10,33555.5,Processing,4.6,0,3,1,2024,10402.205
ORD104957,2023-07-05,CUST1475,Returning,Beauty,Beauty Product 23,North,Marketplace,Net Banking,1632.32,2,15,2774.94,Cancelled,4.2,0,7,3,2023,721.4844
ORD104958,2024-09-17,CUST4551,At-Risk,Electronics,Electronics Product 27,East,Mobile App,Wallet,9818.26,1,10,8836.43,Shipped,4.0,0,9,3,2024,3446.2077000000004
ORD104959,2024-01-24,CUST5437,At-Risk,Automotive,Automotive Product 22,East,Marketplace,Debit Card,36358.93,2,0,72717.86,Processing,2.9,0,1,1,2024,26905.6082
ORD104960,2024-01-03,CUST3159,Returning,Beauty,Beauty Product 30,South,Mobile App,Credit Card,980.66,2,10,1765.19,Returned,5.0,0,1,1,2024,441.2975
ORD104961,2024-09-18,CUST1764,New,Sports,Sports Product 10,North,Social Media,Wallet,5241.73,1,10,4717.56,Processing,3.6,0,9,3,2024,1745.4972
ORD104962,2023-01-30,CUST3081,At-Risk,Beauty,Beauty Product 33,North,Website,Debit Card,1854.67,1,5,1761.94,Delivered,4.4,0,1,1,2023,387.6268
ORD104963,2024-12-01,CUST9850,Returning,Clothing,Clothing Product 37,North,Website,UPI,3240.53,2,5,6157.01,Cancelled,2.8,0,12,4,2024,1046.6917
ORD104964,2023-05-14,CUST5849,New,Electronics,Electronics Product 30,West,Marketplace,Debit Card,27321.08,1,5,25955.03,Returned,3.8,0,5,2,2023,4412.3551
ORD104965,2024-05-09,CUST8511,At-Risk,Beauty,Beauty Product 10,North,Website,Debit Card,2678.73,1,10,2410.86,Cancelled,4.2,0,5,2,2024,723.258
ORD104966,2024-05-14,CUST2115,VIP,Home & Kitchen,Home & Kitchen Product 11,East,Website,Wallet,12200.79,5,10,54903.56,Shipped,4.3,0,5,2,2024,13725.89
ORD104967,2023-04-26,CUST1268,Returning,Toys,Toys Product 25,East,Website,Credit Card,1624.99,2,0,3249.98,Shipped,4.1,0,4,2,2023,974.9939999999999
ORD104968,2024-02-26,CUST2488,Returning,Beauty,Beauty Product 44,East,Marketplace,Net Banking,1266.15,5,10,5697.68,Returned,4.4,1,2,1,2024,1766.2808
ORD104969,2024-03-27,CUST8441,Returning,Electronics,Electronics Product 37,South,Social Media,Credit Card,57504.8,1,0,57504.8,Delivered,3.1,0,3,1,2024,6325.528
ORD104970,2023-02-17,CUST3671,New,Clothing,Clothing Product 14,Central,Social Media,UPI,4675.92,1,0,4675.92,Shipped,4.2,1,2,1,2023,561.1104
ORD104971,2023-03-06,CUST3677,VIP,Toys,Toys Product 19,Central,Mobile App,Net Banking,1944.5,4,25,5833.5,Processing,4.1,1,3,1,2023,1516.71
ORD104972,2023-09-25,CUST3169,New,Automotive,Automotive Product 33,West,Mobile App,Debit Card,17596.85,2,25,26395.28,Shipped,4.2,0,9,3,2023,4223.2447999999995
ORD104973,2024-11-01,CUST5795,At-Risk,Books,Books Product 22,East,Marketplace,Net Banking,278.31,2,0,556.62,Processing,4.1,0,11,4,2024,161.41979999999998
ORD104974,2023-11-18,CUST1853,At-Risk,Clothing,Clothing Product 18,East,Website,Credit Card,545.84,1,5,518.55,Processing,3.0,0,11,4,2023,140.0085
ORD104975,2023-01-13,CUST7116,Returning,Home & Kitchen,Home & Kitchen Product 44,West,Marketplace,Net Banking,2129.11,1,0,2129.11,Delivered,2.9,0,1,1,2023,596.1508000000001
ORD104976,2024-12-22,CUST1958,New,Toys,Toys Product 2,East,Social Media,Credit Card,1630.94,1,5,1549.39,Delivered,2.2,0,12,4,2024,294.38410000000005
ORD104977,2024-11-25,CUST8198,VIP,Clothing,Clothing Product 49,East,Social Media,Debit Card,2843.28,1,15,2416.79,Delivered,4.7,0,11,4,2024,700.8690999999999
ORD104978,2024-06-21,CUST7776,Returning,Automotive,Automotive Product 14,South,Marketplace,UPI,20139.58,1,25,15104.69,Processing,4.7,0,6,2,2024,5286.6415
ORD104979,2024-08-13,CUST5242,Returning,Electronics,Electronics Product 38,South,Social Media,Credit Card,5790.44,1,10,5211.4,Processing,4.7,0,8,3,2024,2084.56
ORD104980,2024-08-01,CUST9953,At-Risk,Home & Kitchen,Home & Kitchen Product 1,North,Social Media,Debit Card,12236.27,5,0,61181.35,Returned,4.2,1,8,3,2024,21413.4725
ORD104981,2023-08-18,CUST8578,At-Risk,Sports,Sports Product 39,Central,Website,Net Banking,5394.29,1,10,4854.86,Shipped,2.3,0,8,3,2023,1310.8122
ORD104982,2024-11-16,CUST2664,Returning,Books,Books Product 33,Central,Marketplace,Debit Card,446.54,2,0,893.08,Processing,3.2,0,11,4,2024,142.89280000000002
ORD104983,2023-12-13,CUST8803,At-Risk,Automotive,Automotive Product 17,West,Website,Wallet,46789.75,3,20,112295.4,Delivered,4.1,0,12,4,2023,33688.619999999995
ORD104984,2024-06-15,CUST9113,New,Toys,Toys Product 44,North,Social Media,UPI,2292.45,2,20,3667.92,Shipped,4.1,0,6,2,2024,1393.8096
ORD104985,2024-06-19,CUST6261,At-Risk,Beauty,Beauty Product 25,North,Website,Wallet,2490.3,1,10,2241.27,Returned,3.8,0,6,2,2024,358.6032
ORD104986,2024-12-05,CUST5267,Returning,Sports,Sports Product 34,East,Mobile App,Credit Card,10417.92,2,0,20835.84,Returned,4.3,0,12,4,2024,3750.4512
ORD104987,2024-12-18,CUST7781,Returning,Beauty,Beauty Product 23,South,Mobile App,Debit Card,1348.41,2,0,2696.82,Returned,4.0,1,12,4,2024,377.55480000000006
ORD104988,2024-09-25,CUST2734,VIP,Toys,Toys Product 48,South,Website,UPI,1209.66,2,0,2419.32,Returned,4.1,0,9,3,2024,774.1824
ORD104989,2023-04-08,CUST3996,New,Home & Kitchen,Home & Kitchen Product 27,South,Mobile App,Wallet,14729.19,3,15,37559.43,Cancelled,3.5,0,4,2,2023,8263.0746
ORD104990,2024-03-19,CUST5320,Returning,Sports,Sports Product 1,East,Marketplace,Credit Card,12711.01,5,5,60377.3,Delivered,4.8,1,3,1,2024,7245.276
ORD104991,2024-11-08,CUST1819,New,Clothing,Clothing Product 28,Central,Social Media,Wallet,2549.89,2,0,5099.78,Cancelled,3.7,0,11,4,2024,1835.9207999999999
ORD104992,2023-09-12,CUST7329,Returning,Automotive,Automotive Product 25,West,Marketplace,Debit Card,6117.5,1,5,5811.62,Processing,2.9,0,9,3,2023,1569.1374
ORD104993,2024-05-08,CUST6894,Returning,Automotive,Automotive Product 47,South,Website,Net Banking,22308.87,2,15,37925.08,Delivered,3.4,0,5,2,2024,7585.0160000000005
ORD104994,2023-12-21,CUST9873,New,Home & Kitchen,Home & Kitchen Product 38,Central,Mobile App,Net Banking,4903.19,1,0,4903.19,Processing,3.7,0,12,4,2023,980.6379999999999
ORD104995,2024-11-10,CUST4725,VIP,Home & Kitchen,Home & Kitchen Product 47,West,Social Media,Wallet,2353.99,4,20,7532.77,Cancelled,4.8,0,11,4,2024,1431.2263
ORD104996,2024-11-23,CUST9795,VIP,Beauty,Beauty Product 39,Central,Marketplace,UPI,500.31,1,20,400.25,Returned,4.0,1,11,4,2024,96.06
ORD104997,2024-10-18,CUST8220,New,Toys,Toys Product 12,West,Social Media,Debit Card,3088.47,1,20,2470.78,Processing,3.9,0,10,4,2024,494.15600000000006
ORD104998,2024-01-30,CUST3524,Returning,Electronics,Electronics Product 42,North,Website,Net Banking,79538.1,3,0,238614.3,Returned,3.0,0,1,1,2024,62039.718
ORD104999,2023-06-02,CUST8686,Returning,Beauty,Beauty Product 46,North,Mobile App,UPI,266.95,2,0,533.9,Delivered,4.6,0,6,2,2023,176.187
