title,totalScore,reviewsCount,street,city,state,countryCode,website,phone,categories/0,categories/1,categories/2,categories/3,categories/4,categories/5,categories/6,categories/7,categories/8,categories/9,categories/10,url,categoryName,log_reviews,composite,tier,score_band
Lena Trattoria,4.7,428.0,3470 E Tremont Ave,Bronx,New York,US,https://www.lenatrattoria.com/,(718) 239-5362,Italian restaurant,,,,,,,,,,,https://www.google.com/maps/search/?api=1&query=Lena%20Trattoria&query_place_id=ChIJA4JRKzCLwokRHBTppuJxhpg,Italian restaurant,6.061456918928017,28.489,Small,4.5–5.0
Boca - Chicken Cafe,4.9,215.0,475 Bruckner Blvd,Bronx,New York,US,https://www.bocachickencafe.com/,(718) 799-1399,Restaurant,,,,,,,,,,,https://www.google.com/maps/search/?api=1&query=Boca%20-%20Chicken%20Cafe&query_place_id=ChIJjYaWyFb1wokRcYFin-9OBbQ,Restaurant,5.375278407684165,26.339,Small,4.5–5.0
Dakota's On The Cove,4.6,156.0,3154 Harding Ave,Bronx,New York,US,https://dakotasonthecove.com/,(718) 535-3079,American restaurant,Seafood restaurant,,,,,,,,,,https://www.google.com/maps/search/?api=1&query=Dakota's%20On%20The%20Cove&query_place_id=ChIJGfMswIuLwokREBZCxHNbt7U,American restaurant,5.056245805348308,23.259,Small,4.5–5.0
Sugar Restaurant,4.7,1640.0,1010 Southern Blvd,Bronx,New York,US,http://sugarbbq.com/,(718) 600-7330,Restaurant,,,,,,,,,,,https://www.google.com/maps/search/?api=1&query=Sugar%20Restaurant&query_place_id=ChIJEQ7GGTj1wokRPTSSOZSVons,Restaurant,7.403061091090091,34.794,Popular,4.5–5.0
Los Amigos Restaurant,4.3,338.0,674 E 180th St,Bronx,New York,US,https://losamigosny.com/,(718) 220-3551,Latin American restaurant,Caterer,Delivery Restaurant,Takeout Restaurant,,,,,,,,https://www.google.com/maps/search/?api=1&query=Los%20Amigos%20Restaurant&query_place_id=ChIJM8Rng2L0wokRjDcrFJVKRxo,Latin American restaurant,5.82600010738045,25.052,Small,4.0–4.5
La Reina Restaurant,4.2,87.0,3035 Cross Bronx Expy,Bronx,New York,US,,(347) 281-9951,Latin American restaurant,,,,,,,,,,,https://www.google.com/maps/search/?api=1&query=La%20Reina%20Restaurant&query_place_id=ChIJcwxzMGqLwokR7FRx9qfvHiw,Latin American restaurant,4.477336814478207,18.805,Micro,4.0–4.5
RUTA 55 RESTAURANT,4.5,156.0,1316 Lafayette Ave,Bronx,New York,US,,(718) 709-3935,Restaurant,Dominican restaurant,Latin American restaurant,Spanish restaurant,,,,,,,,https://www.google.com/maps/search/?api=1&query=RUTA%2055%20RESTAURANT&query_place_id=ChIJM8yeSKL1wokR6rqqXlx4FIs,Restaurant,5.056245805348308,22.753,Small,4.0–4.5
Nana's Kitchen,4.6,217.0,1809 Hone Ave,Bronx,New York,US,http://www.nanaskitchenbronx.com/,(347) 810-9070,Eastern European restaurant,Takeout Restaurant,Mediterranean restaurant,Seafood restaurant,,,,,,,,https://www.google.com/maps/search/?api=1&query=Nana's%20Kitchen&query_place_id=ChIJM0JDlaX0wokRDjesSHnSNc8,Eastern European restaurant,5.384495062789089,24.769,Small,4.5–5.0
Pine Restaurant,4.5,4766.0,1913 Bronxdale Ave,Bronx,New York,US,http://fjpine.com/,(718) 792-5956,Italian restaurant,Banquet hall,Bar,Caterer,Event venue,,,,,,,https://www.google.com/maps/search/?api=1&query=Pine%20Restaurant&query_place_id=ChIJIcUqAKP0wokRJzfqJIeeYkA,Italian restaurant,8.469472455204826,38.113,Viral,4.0–4.5
Porto Salvo,4.6,886.0,424 E 161st St,Bronx,New York,US,https://portosalvonyc.com/?utm_source=google,(929) 376-7866,Italian restaurant,Cocktail bar,Family restaurant,Fine dining restaurant,Mediterranean restaurant,Oyster bar restaurant,Pasta shop,Pizza restaurant,Seafood restaurant,Vegetarian restaurant,,https://www.google.com/maps/search/?api=1&query=Porto%20Salvo&query_place_id=ChIJx-zorsr1wokR5a-0j2bBtPI,Italian restaurant,6.787844982309579,31.224,Popular,4.5–5.0
Parrilla Azteca Cibaena Restaurant,4.4,597.0,1288 Westchester Ave,Bronx,New York,US,http://parrillaaztecacibaenarestaurant.com/,(718) 708-1177,Restaurant,Bar,Dominican restaurant,,,,,,,,,https://www.google.com/maps/search/?api=1&query=Parrilla%20Azteca%20Cibaena%20Restaurant&query_place_id=ChIJKzUTqOL1wokRViLXq42Jf3k,Restaurant,6.393590753950631,28.132,Popular,4.0–4.5
Tulcingo Cafe,4.3,111.0,3041 Buhre Ave,Bronx,New York,US,,(347) 281-8787,Mexican restaurant,Delivery Restaurant,,,,,,,,,,https://www.google.com/maps/search/?api=1&query=Tulcingo%20Cafe&query_place_id=ChIJmecMRVeLwokRBXLA2IyjUa4,Mexican restaurant,4.718498871295094,20.29,Small,4.0–4.5
Travesias,4.3,1284.0,3834 E Tremont Ave,Bronx,New York,US,https://www.travesiasny.com/,(718) 828-3834,Latin American restaurant,Fusion restaurant,Nuevo Latino restaurant,Spanish restaurant,,,,,,,,https://www.google.com/maps/search/?api=1&query=Travesias&query_place_id=ChIJB52uuD2LwokRNwneWmZBND8,Latin American restaurant,7.158513997329321,30.782,Popular,4.0–4.5
Betos Restaurant Inc,4.4,70.0,835 E 152nd St # 4,Bronx,New York,US,https://betosrestaurantincny.com/,(347) 726-2925,Restaurant,,,,,,,,,,,https://www.google.com/maps/search/?api=1&query=Betos%20Restaurant%20Inc&query_place_id=ChIJa67-8_r1wokRavKD1mu_-TU,Restaurant,4.2626798770413155,18.756,Micro,4.0–4.5
Randall Restaurant,4.3,636.0,1328 Randall Ave,Bronx,New York,US,https://randallrestaurant.shop/,(718) 328-0343,Dominican restaurant,Latin American restaurant,Restaurant,,,,,,,,,https://www.google.com/maps/search/?api=1&query=Randall%20Restaurant&query_place_id=ChIJMeQ3Zwb1wokRAXVVeEED8KM,Dominican restaurant,6.456769655572163,27.764,Popular,4.0–4.5
Havana Cafe Takeout,4.3,1496.0,2164 Newbold Ave,Bronx,New York,US,https://www.ubereats.com/store/havana-cafe-takeout/8iDF0SlCR-G_CaLTa_cCqA?srsltid=AfmBOoqjDmM5AE1Gvme9aOvLqOmhQIU5stpG29aM3_hiM8lJrJgktoT1,,Cuban restaurant,,,,,,,,,,,https://www.google.com/maps/search/?api=1&query=Havana%20Cafe%20Takeout&query_place_id=ChIJw8zkWsj0wokR_JAkW37dgIM,Cuban restaurant,7.311218384419629,31.438,Popular,4.0–4.5
Moon Cheese Restaurant,4.8,1080.0,88-11 31st Ave,East Elmhurst,New York,US,https://mooncheeserestaurant.shop/,(718) 255-1168,Colombian restaurant,Restaurant,,,,,,,,,,https://www.google.com/maps/search/?api=1&query=Moon%20Cheese%20Restaurant&query_place_id=ChIJ101DLXNfwokRHsFnwAPNyWY,Colombian restaurant,6.985641817639208,33.531,Popular,4.5–5.0
Step In,4.4,1116.0,1309 Metropolitan Ave,Bronx,New York,US,http://www.stepinnyc.com/,(718) 822-0562,American restaurant,Bar & grill,,,,,,,,,,https://www.google.com/maps/search/?api=1&query=Step%20In&query_place_id=ChIJvZeUH8H0wokRR6HyeGlF5AA,American restaurant,7.018401799069201,30.881,Popular,4.0–4.5
Wicked Wolf Bronx,4.5,844.0,4029 E Tremont Ave,Bronx,New York,US,http://www.wickedwolfbronx.com/,(718) 829-4400,American restaurant,Bar,Caterer,Event venue,Irish restaurant,,,,,,,https://www.google.com/maps/search/?api=1&query=Wicked%20Wolf%20Bronx&query_place_id=ChIJ-ZqZEBiLwokR-F0TH-ryllQ,American restaurant,6.739336627357174,30.327,Popular,4.0–4.5
HK Kitchen & Draft House,4.3,861.0,3599 E Tremont Ave,Bronx,New York,US,https://hkkitchendrafthouse.shop/,(347) 851-2000,Bar & grill,,,,,,,,,,,https://www.google.com/maps/search/?api=1&query=HK%20Kitchen%20%26%20Draft%20House&query_place_id=ChIJycDWsouLwokRsRmos9xXmEY,Bar & grill,6.759255270663693,29.065,Popular,4.0–4.5
Massawa,4.5,750.0,1239 Amsterdam Ave,New York,New York,US,https://massawanyc.com/?utm_source=google,+1 212-663-0505,Ethiopian restaurant,African restaurant,Caterer,Cocktail bar,Eritrean restaurant,Gluten-free restaurant,Halal restaurant,Vegan restaurant,Vegetarian restaurant,,,https://www.google.com/maps/search/?api=1&query=Massawa&query_place_id=ChIJizsMQxX2wokRSD5_pzmhaYg,Ethiopian restaurant,6.621405651764134,29.796,Popular,4.0–4.5
THEP Thai Restaurant,4.8,6514.0,1439 2nd Ave,New York,New York,US,http://www.thepnewyork.com/,+1 212-899-9995,Thai restaurant,Asian fusion restaurant,Asian restaurant,Cocktail bar,Gluten-free restaurant,Vegan restaurant,Wok restaurant,,,,,https://www.google.com/maps/search/?api=1&query=THEP%20Thai%20Restaurant&query_place_id=ChIJz6VeesBYwokRNBYu4Sar8lw,Thai restaurant,8.781862489558945,42.153,Viral,4.5–5.0
Jägerhaus German Mediterranean Restaurant,4.5,786.0,15-16 149th St,Flushing,New York,US,https://jagerhausnyc.com/?utm_campaign=gmb,+1 718-767-3486,German restaurant,Beer garden,,,,,,,,,,https://www.google.com/maps/search/?api=1&query=J%C3%A4gerhaus%20German%20Mediterranean%20Restaurant&query_place_id=ChIJL9S0xpWKwokRNGloENoXHe0,German restaurant,6.668228248417403,30.007,Popular,4.0–4.5
Heidelberg Restaurant,4.5,1908.0,1648 2nd Ave,New York,New York,US,http://www.heidelberg-nyc.com/,+1 212-628-2332,German restaurant,Bar,,,,,,,,,,https://www.google.com/maps/search/?api=1&query=Heidelberg%20Restaurant&query_place_id=ChIJFWvro7tYwokRhy_889mPgcg,German restaurant,7.554334823725748,33.995,Popular,4.0–4.5
Yemeni Restaurant,4.8,1855.0,377 W 125th St,New York,New York,US,https://yemenirestaurantnyc.com/,+1 646-791-5022,Yemeni restaurant,,,,,,,,,,,https://www.google.com/maps/search/?api=1&query=Yemeni%20Restaurant&query_place_id=ChIJuyAK3073wokR1X2sCM0t_Do,Yemeni restaurant,7.526178913346146,36.126,Popular,4.5–5.0
Lido Harlem Restaurant,4.5,1770.0,2168 Frederick Douglass Blvd,New York,New York,US,http://lidoharlem.com/,+1 646-490-8575,Italian restaurant,Bar,Brunch restaurant,Lunch restaurant,,,,,,,,https://www.google.com/maps/search/?api=1&query=Lido%20Harlem%20Restaurant&query_place_id=ChIJ2yTMoxb2wokRixfwCY3ltok,Italian restaurant,7.479299637782834,33.657,Popular,4.0–4.5
Sylvia's Restaurant,4.3,8868.0,328 Malcolm X Blvd,New York,New York,US,http://sylviasrestaurant.com/,+1 212-996-0660,Soul food restaurant,American restaurant,Bar,Southern restaurant (US),,,,,,,,https://www.google.com/maps/search/?api=1&query=Sylvia's%20Restaurant&query_place_id=ChIJb8Xw0wz2wokRXhp1-HSLvkI,Soul food restaurant,9.090317329376452,39.088,Viral,4.0–4.5
Jacob Soul Food Restaurant,4.4,3304.0,373 Malcolm X Blvd,New York,New York,US,http://www.jacobrestaurant.com/,+1 212-866-3663,Soul food restaurant,Buffet restaurant,,,,,,,,,,https://www.google.com/maps/search/?api=1&query=Jacob%20Soul%20Food%20Restaurant&query_place_id=ChIJnxjnEHP2wokR-Dgf5gfBf50,Soul food restaurant,8.103191752285786,35.654,Viral,4.0–4.5
Renaissance restaurant,4.3,969.0,2245 Adam Clayton Powell Jr Blvd,New York,New York,US,https://renaissance-harlem.com/,+1 646-838-7604,New American restaurant,,,,,,,,,,,https://www.google.com/maps/search/?api=1&query=Renaissance%20restaurant&query_place_id=ChIJy8PSLHL2wokR-6RfFmGybOk,New American restaurant,6.877296071497429,29.572,Popular,4.0–4.5
Radio Restaurant,4.2,1137.0,"Inside Radio Hotel, 2420 Amsterdam Ave",New York,New York,US,https://radiorestaurant.com/,+1 929-688-4684,Restaurant,Bar,,,,,,,,,,https://www.google.com/maps/search/?api=1&query=Radio%20Restaurant&query_place_id=ChIJq6rqPh_0wokRYx9DPUPrCJs,Restaurant,7.037027614686276,29.556,Popular,4.0–4.5
Sanfords,4.4,2551.0,30-13 Broadway,Astoria,New York,US,http://www.sanfordsnyc.com/,+1 718-932-9569,New American restaurant,Brunch restaurant,Cocktail bar,,,,,,,,,https://www.google.com/maps/search/?api=1&query=Sanfords&query_place_id=ChIJK6yDNjdfwokR_I3wR_rkS8s,New American restaurant,7.844632644464681,34.516,Viral,4.0–4.5
Mission Ceviche,4.6,4159.0,1400 2nd Ave,New York,New York,US,https://www.missionceviche.com/,+1 212-650-0014,Peruvian restaurant,Restaurant,Seafood restaurant,,,,,,,,,https://www.google.com/maps/search/?api=1&query=Mission%20Ceviche&query_place_id=ChIJEXPLsaFZwokRggZzIVKeiPM,Peruvian restaurant,8.333270353255308,38.333,Viral,4.5–5.0
Hamilton Hall Bar & Restaurant,4.5,216.0,3493 Broadway,New York,New York,US,http://www.hamiltonhallnyc.com/,+1 646-454-9797,Restaurant,Bar,Bar & grill,Beer garden,Beer hall,Cocktail bar,Irish pub,Irish restaurant,Sports bar,Wine bar,,https://www.google.com/maps/search/?api=1&query=Hamilton%20Hall%20Bar%20%26%20Restaurant&query_place_id=ChIJKYBCGCf3wokRZ-6m6zT5BxI,Restaurant,5.37989735354046,24.21,Small,4.0–4.5
Truth Restaurant Astoria,4.6,431.0,27-35 21st St,Astoria,New York,US,https://www.truthastoria.com/,+1 347-527-2199,Asian fusion restaurant,Asian restaurant,Restaurant,,,,,,,,,https://www.google.com/maps/search/?api=1&query=Truth%20Restaurant%20Astoria&query_place_id=ChIJx9TFWhBfwokRjqfzfLhojJo,Asian fusion restaurant,6.068425588244111,27.915,Small,4.5–5.0
Inca Paisa Restaurant Astoria,4.7,1534.0,21-19 Broadway,Astoria,New York,US,https://incapaisa.com/,+1 347-448-6400,Restaurant,Bar & grill,Cocktail bar,Colombian restaurant,Latin American restaurant,Peruvian restaurant,,,,,,https://www.google.com/maps/search/?api=1&query=Inca%20Paisa%20Restaurant%20Astoria&query_place_id=ChIJuYT7ZXpfwokRjoiN0LfRVc8,Restaurant,7.336285660021297,34.481,Popular,4.5–5.0
Caridad Restaurant,4.4,1743.0,3533 Broadway,New York,New York,US,https://caridad145.com/?utm_source=google,+1 212-862-4053,Dominican restaurant,Brunch restaurant,Caribbean restaurant,Caterer,Cocktail bar,Family restaurant,Latin American restaurant,Seafood restaurant,Spanish restaurant,Vegetarian restaurant,,https://www.google.com/maps/search/?api=1&query=Caridad%20Restaurant&query_place_id=ChIJz6dyp2P2wokRiQdayjc8crQ,Dominican restaurant,7.463936604468925,32.841,Popular,4.0–4.5
Melba's Restaurant,4.3,4672.0,300 W 114th St,New York,New York,US,https://www.melbasrestaurant.com/,+1 212-864-7777,Southern restaurant (US),American restaurant,Soul food restaurant,,,,,,,,,https://www.google.com/maps/search/?api=1&query=Melba's%20Restaurant&query_place_id=ChIJ-bhM6yL2wokRAtIoWi_TL2k,Southern restaurant (US),8.449556542700426,36.333,Viral,4.0–4.5
Jacob Restaurant,4.3,1126.0,2695 Frederick Douglass Blvd,New York,New York,US,http://www.jacobrestaurant.com/,+1 212-283-3663,Soul food restaurant,,,,,,,,,,,https://www.google.com/maps/search/?api=1&query=Jacob%20Restaurant&query_place_id=ChIJXeZWxnv2wokRMvI-T-8vSx4,Soul food restaurant,7.027314514039777,30.217,Popular,4.0–4.5
The Mansion,4.4,1100.0,1634 York Ave,New York,New York,US,http://www.mansiondiner.com/,+1 212-535-8888,Diner,Breakfast restaurant,Coffee shop,Restaurant,,,,,,,,https://www.google.com/maps/search/?api=1&query=The%20Mansion&query_place_id=ChIJ9U7pl7BYwokRr21z5p96Ssw,Diner,7.00397413672268,30.817,Popular,4.0–4.5
Mojitos,4.8,2437.0,81-01 Northern Blvd,Jackson Heights,New York,US,http://www.mojitosrestaurantbar.com/,+1 718-350-9861,Fusion restaurant,Bar,Bar & grill,Latin American restaurant,Nuevo Latino restaurant,Restaurant,,,,,,https://www.google.com/maps/search/?api=1&query=Mojitos&query_place_id=ChIJJ1gMKadfwokRZHzqWJeEf0I,Fusion restaurant,7.798933310041217,37.435,Viral,4.5–5.0
Bistro Eloise - French Restaurant,4.6,578.0,75-57 31st Ave,East Elmhurst,New York,US,https://bistroeloise.com/,+1 718-440-9493,French restaurant,Brunch restaurant,Creperie,Wine bar,,,,,,,,https://www.google.com/maps/search/?api=1&query=Bistro%20Eloise%20-%20French%20Restaurant&query_place_id=ChIJaW0AKldfwokRZh8-LdwLkkY,French restaurant,6.361302477572996,29.262,Popular,4.5–5.0
Aliada,4.5,1103.0,29-19 Broadway,Astoria,New York,US,https://www.aliadarestaurant.com/,+1 718-932-2240,Greek restaurant,Mediterranean restaurant,Seafood restaurant,Vegetarian restaurant,,,,,,,,https://www.google.com/maps/search/?api=1&query=Aliada&query_place_id=ChIJcRXQOzdfwokRC-MF8F6_3Wk,Greek restaurant,7.00669522683704,31.53,Popular,4.0–4.5
Lex Restaurant,4.6,352.0,1370 Lexington Ave,New York,New York,US,http://lexrestaurant.com/,+1 212-860-5903,Italian restaurant,Bar,Brunch restaurant,Lunch restaurant,Takeout restaurant,Restaurant,,,,,,https://www.google.com/maps/search/?api=1&query=Lex%20Restaurant&query_place_id=ChIJRS-PgqRYwokRg6Ej6VCpx2o,Italian restaurant,5.8664680569332965,26.986,Small,4.5–5.0
Il Miglio Brick Oven Pizzeria & Italian Restaurant,4.8,1267.0,11-03 36th Ave,Queens,New York,US,https://ilmigliomenu.com/?utm_source=google,+1 718-777-7676,Italian restaurant,American restaurant,Caterer,Dessert restaurant,Family restaurant,Gluten-free restaurant,Pasta shop,Pizza restaurant,Sandwich shop,Vegetarian restaurant,,https://www.google.com/maps/search/?api=1&query=Il%20Miglio%20Brick%20Oven%20Pizzeria%20%26%20Italian%20Restaurant&query_place_id=ChIJ79lCrc1YwokR4ZW60HMyniw,Italian restaurant,7.145196134997171,34.297,Popular,4.5–5.0
Seis Vecinos,4.1,2332.0,640 Prospect Ave,Bronx,New York,US,http://www.seisvecinos.com/,+1 718-684-8604,Central American restaurant,Bar & grill,Family restaurant,Honduran restaurant,Latin American restaurant,Mexican restaurant,Salvadoran restaurant,Spanish restaurant,,,,https://www.google.com/maps/search/?api=1&query=Seis%20Vecinos&query_place_id=ChIJb4LjG7r1wokRyAd4TrnrVeQ,Central American restaurant,7.75491027202143,31.795,Viral,4.0–4.5
Finestra Restaurant,4.5,333.0,1370 York Ave,New York,New York,US,http://www.finestrarestaurant.com/,+1 212-717-8595,Italian restaurant,Seafood restaurant,,,,,,,,,,https://www.google.com/maps/search/?api=1&query=Finestra%20Restaurant&query_place_id=ChIJqZIo0MZYwokR91Ny6mmqVLQ,Italian restaurant,5.8111409929767,26.15,Small,4.0–4.5
Paola's,4.5,414.0,1302 Madison Ave,New York,New York,US,https://www.paolasrestaurant.com/,+1 212-794-1890,Italian restaurant,Banquet hall,Breakfast restaurant,Brunch restaurant,Caterer,Fine dining restaurant,Meal delivery,Pasta shop,Restaurant,,,https://www.google.com/maps/search/?api=1&query=Paola's&query_place_id=ChIJR4fcjLtYwokRu8yexUQhOTg,Italian restaurant,6.028278520230698,27.127,Small,4.0–4.5
Chez Jacob,4.3,437.0,2479 Frederick Douglass Blvd,New York,New York,US,https://www.facebook.com/chezjacobrestaurant/,+1 212-862-3663,West African restaurant,Meal delivery,Restaurant,,,,,,,,,https://www.google.com/maps/search/?api=1&query=Chez%20Jacob&query_place_id=ChIJ3QIzHG72wokR2W-LyMttEAw,West African restaurant,6.082218910376446,26.154,Small,4.0–4.5
Chocolat Restaurant & Bar,4.0,3109.0,2223 Frederick Douglas Blvd @120th St,Harlem,NY,US,https://www.chocolatharlem.com/,+1 212-222-4545,Restaurant,Brunch restaurant,Caribbean restaurant,Cocktail bar,New American restaurant,Soul food restaurant,Southern restaurant (US),,,,,https://www.google.com/maps/search/?api=1&query=Chocolat%20Restaurant%20%26%20Bar&query_place_id=ChIJkbNGdhT2wokRJ1wWesV8yK0,Restaurant,8.04237800517328,32.17,Viral,3.5–4.0
Inca Paisa Restaurant Bayside,4.5,1469.0,25-71 Francis Lewis Blvd,Flushing,New York,US,https://incapaisa.com/,+1 718-224-0332,Nuevo Latino restaurant,Bar & grill,Colombian restaurant,Peruvian restaurant,Restaurant,,,,,,,https://www.google.com/maps/search/?api=1&query=Inca%20Paisa%20Restaurant%20Bayside&query_place_id=ChIJI_C8HyeLwokR8i-IyMAbZ4M,Nuevo Latino restaurant,7.293017679772782,32.819,Popular,4.0–4.5
Sol Maya Restaurant,4.4,243.0,2061 2nd Ave,New York,New York,US,,+1 212-410-6950,Breakfast restaurant,Mexican restaurant,,,,,,,,,,https://www.google.com/maps/search/?api=1&query=Sol%20Maya%20Restaurant&query_place_id=ChIJydlpH173wokR0b9vH7aPF8g,Breakfast restaurant,5.497168225293202,24.188,Small,4.0–4.5
Riviera Ristorante,4.6,686.0,17-12 Utopia Pkwy,Whitestone,New York,US,http://www.rivieraristorante.com/,+1 718-352-2225,Italian restaurant,Restaurant,,,,,,,,,,https://www.google.com/maps/search/?api=1&query=Riviera%20Ristorante&query_place_id=ChIJM1jHAGKKwokRF7ZyZYvOiQQ,Italian restaurant,6.532334292222349,30.049,Popular,4.5–5.0
Sandy Restaurant,4.3,1163.0,2261 2nd Ave,New York,New York,US,https://elnuevosandysrestaurant.com/,+1 212-348-8654,Spanish restaurant,Dominican restaurant,Latin American restaurant,,,,,,,,,https://www.google.com/maps/search/?api=1&query=Sandy%20Restaurant&query_place_id=ChIJGVPzwwf2wokR2hDmls7ZwIQ,Spanish restaurant,7.059617628291383,30.356,Popular,4.0–4.5
JeunJu Korean Restaurant 전주식당 | 전주할매칼국수 - Authentic Korean home style food,4.7,1262.0,40-11 150th St,Flushing,New York,US,,+1 718-939-0434,Korean restaurant,Asian restaurant,Restaurant,,,,,,,,,https://www.google.com/maps/search/?api=1&query=JeunJu%20Korean%20Restaurant%20%EC%A0%84%EC%A3%BC%EC%8B%9D%EB%8B%B9%20%7C%20%EC%A0%84%EC%A3%BC%ED%95%A0%EB%A7%A4%EC%B9%BC%EA%B5%AD%EC%88%98%20-%20Authentic%20Korean%20home%20style%20food&query_place_id=ChIJrarcoQRgwokRk1w-o1UUq7U,Korean restaurant,7.141245122350491,33.564,Popular,4.5–5.0
La Patrona Restaurant,4.4,372.0,558 Southern Blvd,Bronx,New York,US,http://patronaresturant.com/,+1 347-270-5545,Mexican restaurant,Family restaurant,Meal delivery,,,,,,,,,https://www.google.com/maps/search/?api=1&query=La%20Patrona%20Restaurant&query_place_id=ChIJV8naGrr1wokRlmBGgvH5HQU,Mexican restaurant,5.921578419643816,26.055,Small,4.0–4.5
"Salento Colombian Restaurant, Coffee & Bakery",4.4,478.0,2112 Amsterdam Ave,New York,New York,US,http://www.salento-ny.com/,+1 646-767-0680,Restaurant,Breakfast restaurant,Brunch restaurant,Colombian restaurant,Coworking space,Coffee shop,,,,,,https://www.google.com/maps/search/?api=1&query=Salento%20Colombian%20Restaurant%2C%20Coffee%20%26%20Bakery&query_place_id=ChIJd52R04z3wokRvmXr6TGrEWE,Restaurant,6.171700597410915,27.155,Small,4.0–4.5
Papazzio Restaurant & Caterer,4.4,351.0,39-38 Bell Blvd,Bayside,New York,US,http://www.papazzio.com/,+1 718-229-1962,Italian restaurant,Bar,Caterer,Fine dining restaurant,Gluten-free restaurant,,,,,,,https://www.google.com/maps/search/?api=1&query=Papazzio%20Restaurant%20%26%20Caterer&query_place_id=ChIJd2gn_99hwokRjFzrReZ66uQ,Italian restaurant,5.863631175598097,25.8,Small,4.0–4.5
Settepani Restaurant,4.3,814.0,196 Malcolm X Blvd,New York,New York,US,http://www.settepani.com/,+1 917-492-4806,Southern Italian restaurant,,,,,,,,,,,https://www.google.com/maps/search/?api=1&query=Settepani%20Restaurant&query_place_id=ChIJsWCOAA72wokRfHCK0ztm1Vs,Southern Italian restaurant,6.703188113240863,28.824,Popular,4.0–4.5
Trufa Restaurant,4.5,515.0,3431 Broadway,New York,New York,US,https://trufarestaurant.com/,+1 646-522-4142,Italian restaurant,Brunch restaurant,Hamburger restaurant,,,,,,,,,https://www.google.com/maps/search/?api=1&query=Trufa%20Restaurant&query_place_id=ChIJu8YNJWT2wokRtKTDat-zTJ4,Italian restaurant,6.246106765481563,28.107,Popular,4.0–4.5
Mirador Restaurant,4.3,128.0,1452 Westchester Ave,Bronx,New York,US,http://miradorrestaurants.com/,+1 718-684-3011,Dominican restaurant,,,,,,,,,,,https://www.google.com/maps/search/?api=1&query=Mirador%20Restaurant&query_place_id=ChIJlTjJcBX1wokRtowXlqZnojM,Dominican restaurant,4.859812404361672,20.897,Small,4.0–4.5
Psari,4.4,902.0,32-10 36th Ave,Long Island City,New York,US,http://www.psari-restaurant.com/,+1 718-786-6015,Seafood restaurant,Bar,European restaurant,Greek restaurant,Mediterranean restaurant,,,,,,,https://www.google.com/maps/search/?api=1&query=Psari&query_place_id=ChIJqe-Kai5fwokRo43jYIv3-DM,Seafood restaurant,6.805722553416985,29.945,Popular,4.0–4.5
La Barca Restaurant,4.1,644.0,3892 Broadway,New York,New York,US,https://labarcarestaurant.dine.online/?utm_source=website,+1 212-928-1090,Dominican restaurant,Spanish restaurant,,,,,,,,,,https://www.google.com/maps/search/?api=1&query=La%20Barca%20Restaurant&query_place_id=ChIJectupoT2wokRYCeTGuF6xlQ,Dominican restaurant,6.4692503167957724,26.524,Popular,4.0–4.5
JJ Restaurant & Cuchifritos,4.0,678.0,718 E Tremont Ave,Bronx,New York,US,http://jjrestaurantcuchifrito.com/,+1 718-583-3333,Latin American restaurant,Breakfast restaurant,Restaurant,,,,,,,,,https://www.google.com/maps/search/?api=1&query=JJ%20Restaurant%20%26%20Cuchifritos&query_place_id=ChIJs-FcjWH0wokRIp8G-Q67wjs,Latin American restaurant,6.520621127558696,26.082,Popular,3.5–4.0
Andy's Restaurant,4.0,198.0,2262 3rd Ave,New York,New York,US,https://linkof.bio/andyrestaurant/,+1 212-860-2614,Dominican restaurant,,,,,,,,,,,https://www.google.com/maps/search/?api=1&query=Andy's%20Restaurant&query_place_id=ChIJB_sqgNX3wokR_PBfDcg5TWw,Dominican restaurant,5.293304824724492,21.173,Small,3.5–4.0
El Nuevo Jaya Restaurant,4.3,218.0,79 Audubon Ave,New York,New York,US,,+1 212-927-1535,Dominican restaurant,Meal delivery,,,,,,,,,,https://www.google.com/maps/search/?api=1&query=El%20Nuevo%20Jaya%20Restaurant&query_place_id=ChIJ71iEwJ32wokRLbTMelZ1Gp0,Dominican restaurant,5.389071729816501,23.173,Small,4.0–4.5
Mama Tala Restaurant,4.1,197.0,582 Morris Ave,Bronx,New York,US,http://www.mamatalarestaurant.com/,+1 718-210-3700,Latin American restaurant,Dominican restaurant,Restaurant,,,,,,,,,https://www.google.com/maps/search/?api=1&query=Mama%20Tala%20Restaurant&query_place_id=ChIJObSYPgD1wokRuPYh7hlkFlY,Latin American restaurant,5.288267030694535,21.682,Small,4.0–4.5
San Jose Restaurant,4.4,729.0,109 E 153rd St,Bronx,New York,US,https://www.getsauce.com/order/site/san-jose-restaurant/,+1 917-631-9253,Mexican restaurant,Family restaurant,Latin American restaurant,Meal delivery,Restaurant,,,,,,,https://www.google.com/maps/search/?api=1&query=San%20Jose%20Restaurant&query_place_id=ChIJFY5vBtP1wokRKiSifF0do3U,Mexican restaurant,6.593044534142437,29.009,Popular,4.0–4.5
Michael's Restaurant,4.3,727.0,33-17 Broadway,Astoria,New York,US,https://www.getsauce.com/order/site/michaels-restaurant,+1 718-726-7474,Diner,Breakfast restaurant,Sandwich shop,,,,,,,,,https://www.google.com/maps/search/?api=1&query=Michael's%20Restaurant&query_place_id=ChIJtw7DHjpfwokR4wTyYwENdBk,Diner,6.590301048196686,28.338,Popular,4.0–4.5
empire express,4.7,279.0,3482 E Tremont Ave,Bronx,New York,US,https://empire3482.com/,+1 718-971-9932,Chinese restaurant,Cajun restaurant,Meal delivery,Takeout restaurant,Seafood restaurant,,,,,,,https://www.google.com/maps/search/?api=1&query=empire%20express&query_place_id=ChIJ0Y_bgTiLwokRwiSn5vbYy-Q,Chinese restaurant,5.634789603169249,26.484,Small,4.5–5.0
Malecon Restaurant (175th Street),4.4,4066.0,4141 Broadway,New York,New York,US,https://maleconnyc.com/maleconrestaurant175thstreet?utm_source=google,+1 212-927-3812,Dominican restaurant,Caribbean restaurant,Chicken restaurant,Family restaurant,Latin American restaurant,Seafood restaurant,,,,,,https://www.google.com/maps/search/?api=1&query=Malecon%20Restaurant%20(175th%20Street)&query_place_id=ChIJHyYvn5_2wokRKyOPOJ53zWQ,Dominican restaurant,8.310660905907225,36.567,Viral,4.0–4.5
Maria's Mediterranean,4.6,945.0,38-11 Bell Blvd,Bayside,New York,US,https://www.mariasonbell.com/,+1 718-279-1606,Greek restaurant,,,,,,,,,,,https://www.google.com/maps/search/?api=1&query=Maria's%20Mediterranean&query_place_id=ChIJhZxOOnWKwokRPFhYpnuIHHw,Greek restaurant,6.852242569051878,31.52,Popular,4.5–5.0
Mamasushi Restaurant,4.3,1653.0,3478 E Tremont Ave,Bronx,New York,US,https://mamasushi.com/bronx,+1 718-684-8666,Sushi restaurant,,,,,,,,,,,https://www.google.com/maps/search/?api=1&query=Mamasushi%20Restaurant&query_place_id=ChIJab4BX1CLwokRiF5OKtl6xjo,Sushi restaurant,7.4109518755836366,31.867,Popular,4.0–4.5
Junction Seafood Restaurant / Fast & Fresh Comida Típica,4.2,168.0,34-64 Junction Blvd,Jackson Heights,New York,US,https://order.online/business/junction-seafood-restaurant-859400,+1 347-738-4911,Dominican restaurant,Seafood restaurant,,,,,,,,,,https://www.google.com/maps/search/?api=1&query=Junction%20Seafood%20Restaurant%20%2F%20Fast%20%26%20Fresh%20Comida%20T%C3%ADpica&query_place_id=ChIJv8YfMdBfwokRGbXaIhS-wLo,Dominican restaurant,5.1298987149230735,21.546,Small,4.0–4.5
Lima 33 Restaurant,4.4,702.0,254-04 Northern Blvd,Little Neck,New York,US,https://m.facebook.com/Lima-33-Restaurant-544530678964350/,+1 718-225-4949,Peruvian restaurant,Latin American restaurant,Restaurant,,,,,,,,,https://www.google.com/maps/search/?api=1&query=Lima%2033%20Restaurant&query_place_id=ChIJVUaZNe6JwokRtC2uRYT7zkc,Peruvian restaurant,6.555356891810665,28.844,Popular,4.0–4.5
Oasis Mediterranean Restaurant,4.2,676.0,1907 White Plains Rd,Bronx,New York,US,,,Yemeni restaurant,Middle Eastern restaurant,,,,,,,,,,https://www.google.com/maps/search/?api=1&query=Oasis%20Mediterranean%20Restaurant&query_place_id=ChIJ2z0XJZj0wokRSocBHTGEIP8,Yemeni restaurant,6.517671272912275,27.374,Popular,4.0–4.5
Al-Sham Restaurant,4.3,877.0,25-94 Steinway St,Astoria,New York,US,https://orderalsham.wixstudio.com/al-sham-new-york/AlShammenu?menu=queens#1,+1 929-884-2556,Middle Eastern restaurant,Syrian restaurant,,,,,,,,,,https://www.google.com/maps/search/?api=1&query=Al-Sham%20Restaurant&query_place_id=ChIJB9OQbt1fwokRMGMcydNMYU0,Middle Eastern restaurant,6.777646593635117,29.144,Popular,4.0–4.5
Margarita's Restaurant,4.6,697.0,915 Avenue St John,Bronx,New York,US,http://ordermargaritas.mobile-webview8.com/,+1 347-270-5541,Latin American restaurant,,,,,,,,,,,https://www.google.com/maps/search/?api=1&query=Margarita's%20Restaurant&query_place_id=ChIJU2cEurH1wokRkVyfsPQR-6E,Latin American restaurant,6.548219102762372,30.122,Popular,4.5–5.0
Tres Sabores Taqueria (we are Insidethecarwhas) Hi-Tek,4.6,95.0,83-03 24th Ave,East Elmhurst,New York,US,https://grubhub.com/restaurant/tres-sabores-mexican-restaurant-83-03-24th-ave-east-elmhurst/1945087?utm_source=grubhub_androidapp&utm_medium=content_owned&utm_campaign=menushare&utm_content=share-link,+1 718-899-0221,Mexican restaurant,Mexican torta restaurant,Restaurant,Taco restaurant,,,,,,,,https://www.google.com/maps/search/?api=1&query=Tres%20Sabores%20Taqueria%20(we%20are%20Insidethecarwhas)%20Hi-Tek&query_place_id=ChIJn8nu4xpfwokR5kE7rrTXvQc,Mexican restaurant,4.564348191467836,20.996,Micro,4.5–5.0
Tropilyz 116th,4.1,496.0,164 W 116th St,New York,New York,US,,+1 212-316-0316,Dominican restaurant,Meal delivery,Restaurant,,,,,,,,,https://www.google.com/maps/search/?api=1&query=Tropilyz%20116th&query_place_id=ChIJM_5cIxH2wokRkujFguETLLo,Dominican restaurant,6.208590026096629,25.455,Small,4.0–4.5
ZHUMI BAKERY & RESTAURANT,4.8,187.0,150-54 14th Ave,Whitestone,New York,US,https://www.zhumimex.com/,+1 347-438-1608,Mexican restaurant,Mexican goods store,,,,,,,,,,https://www.google.com/maps/search/?api=1&query=ZHUMI%20BAKERY%20%26%20RESTAURANT&query_place_id=ChIJdwahpluLwokR_-OeLkVcyB8,Mexican restaurant,5.236441962829949,25.135,Small,4.5–5.0
Thonglor Thai Restaurant,4.5,528.0,32-47 Steinway St,Astoria,New York,US,http://www.thonglorny.com/,+1 718-278-3333,Thai restaurant,Meal delivery,Restaurant,Southeast Asian restaurant,,,,,,,,https://www.google.com/maps/search/?api=1&query=Thonglor%20Thai%20Restaurant&query_place_id=ChIJDaUWEztfwokRETc_KBWq92c,Thai restaurant,6.270988431858299,28.219,Popular,4.0–4.5
Raices del Valle Restaurant,4.2,609.0,1846 Jerome Ave,Bronx,New York,US,https://www.raicesdelvalle.com/,+1 718-294-4222,Dominican restaurant,Caribbean restaurant,Meal delivery,Restaurant,Spanish restaurant,,,,,,,https://www.google.com/maps/search/?api=1&query=Raices%20del%20Valle%20Restaurant&query_place_id=ChIJmXmcp2z0wokRPHQlkLkJ9Ts,Dominican restaurant,6.413458957167357,26.937,Popular,4.0–4.5
Pipo's Restaurant,4.5,407.0,166 E 118th St #3,New York,New York,US,http://www.piposrestaurant.com/,+1 212-828-2382,Mexican restaurant,Meal delivery,,,,,,,,,,https://www.google.com/maps/search/?api=1&query=Pipo's%20Restaurant&query_place_id=ChIJ4QcXkwj2wokRdSgql6w1N9E,Mexican restaurant,6.0112671744041615,27.051,Small,4.0–4.5
Mamasushi,4.2,2055.0,3569 Broadway,New York,New York,US,http://www.mamasushi.com/harlem,+1 646-682-7879,Asian fusion restaurant,Restaurant,Sushi restaurant,,,,,,,,,https://www.google.com/maps/search/?api=1&query=Mamasushi&query_place_id=ChIJXxNP-mL2wokRStZTuUKsOao,Asian fusion restaurant,7.628517626575055,32.04,Viral,4.0–4.5
Sabrosura Restaurant,4.4,2532.0,1200 Castle Hill Ave,Bronx,New York,US,http://www.sabrosurarestaurant.com/,+1 718-597-1344,Caribbean restaurant,Asian restaurant,Japanese restaurant,Restaurant,Seafood restaurant,,,,,,,https://www.google.com/maps/search/?api=1&query=Sabrosura%20Restaurant&query_place_id=ChIJa2sI_cj0wokRBO_F1eX2h_8,Caribbean restaurant,7.837159650001675,34.484,Viral,4.0–4.5
Hainan,4.5,808.0,41-25 162nd St,Flushing,New York,US,https://hainannyc.com/,+1 917-563-7223,Korean restaurant,Asian fusion restaurant,Chinese restaurant,Delivery Chinese restaurant,Fusion restaurant,,,,,,,https://www.google.com/maps/search/?api=1&query=Hainan&query_place_id=ChIJ86jijMhhwokRItWSGT6dpW8,Korean restaurant,6.695798917058491,30.131,Popular,4.0–4.5
Dionysos Restaurant,4.4,237.0,23-15 31st St,Astoria,New York,US,https://www.dionysosastoria.com/,+1 718-932-3231,Greek restaurant,,,,,,,,,,,https://www.google.com/maps/search/?api=1&query=Dionysos%20Restaurant&query_place_id=ChIJO1ClpEJfwokRTACxWUoBp-E,Greek restaurant,5.472270673671475,24.078,Small,4.0–4.5
NIPPON CHA | Bayside Restaurant,4.5,1280.0,39-34 Bell Blvd,Bayside,New York,US,https://teacuisines.com/,+1 718-229-0805,Japanese restaurant,Dessert restaurant,Ramen restaurant,Restaurant,Sushi restaurant,Tea house,,,,,,https://www.google.com/maps/search/?api=1&query=NIPPON%20CHA%20%7C%20Bayside%20Restaurant&query_place_id=ChIJex1L_99hwokR0LrJMd8cexQ,Japanese restaurant,7.155396301896734,32.199,Popular,4.0–4.5
Tropilyz Restaurant,4.2,65.0,358 E 149th St,Bronx,New York,US,https://tropilyz.com/,+1 917-737-7156,Dominican restaurant,,,,,,,,,,,https://www.google.com/maps/search/?api=1&query=Tropilyz%20Restaurant&query_place_id=ChIJmbo3bWP1wokRa0u5hhL0sp8,Dominican restaurant,4.189654742026425,17.597,Micro,4.0–4.5
Hello Bangladesh Restaurant,4.3,896.0,30-05 36th Ave,Astoria,New York,US,https://www.hellobangladeshrestaurant.com/,+1 718-392-4071,Bangladeshi restaurant,Asian fusion restaurant,Bakery,Bubble tea store,Coffee store,Halal restaurant,Indian restaurant,Pakistani restaurant,,,,https://www.google.com/maps/search/?api=1&query=Hello%20Bangladesh%20Restaurant&query_place_id=ChIJhVFByzVfwokRiEvAA8kA22s,Bangladeshi restaurant,6.799055862058796,29.236,Popular,4.0–4.5
Shangeri-La Restaurant,4.3,1113.0,2893 Buhre Ave,Bronx,New York,US,https://shangerilany.com/,+1 718-828-6080,Sushi restaurant,Asian restaurant,Buffet restaurant,Chinese restaurant,Japanese restaurant,Korean restaurant,Pan-Asian restaurant,Restaurant,Thai restaurant,,,https://www.google.com/maps/search/?api=1&query=Shangeri-La%20Restaurant&query_place_id=ChIJr9HJ1FCLwokRCOt5nWYe-PY,Sushi restaurant,7.01571242048723,30.168,Popular,4.0–4.5
Roy's Pica Pollo,4.0,992.0,880 E Tremont Ave,Bronx,New York,US,https://www.roysrestaurantny.com/,+1 917-471-8937,Dominican restaurant,Latin American restaurant,Spanish restaurant,,,,,,,,,https://www.google.com/maps/search/?api=1&query=Roy's%20Pica%20Pollo&query_place_id=ChIJp5qaq4v0wokRJ1a9RJ6cBWQ,Dominican restaurant,6.900730664045173,27.603,Popular,3.5–4.0
El Gustazo Empanadas Restaurant,4.2,612.0,42-19 College Point Blvd,Flushing,New York,US,http://www.toasttab.com/elgustazoempanadas,+1 718-661-1080,Colombian restaurant,,,,,,,,,,,https://www.google.com/maps/search/?api=1&query=El%20Gustazo%20Empanadas%20Restaurant&query_place_id=ChIJg8dvJg1gwokRViLOyF_7Zf0,Colombian restaurant,6.418364935936212,26.957,Popular,4.0–4.5
El Buen Sazon Restaurant & Deli,4.5,50.0,1130 Zerega Ave,Bronx,New York,US,https://www.elbuensazonnyc.com/,+1 347-824-8517,Dominican restaurant,Caribbean restaurant,Latin American restaurant,Meal delivery,Nuevo Latino restaurant,,,,,,,https://www.google.com/maps/search/?api=1&query=El%20Buen%20Sazon%20Restaurant%20%26%20Deli&query_place_id=ChIJi-ZBoIX1wokR2mKvU0H0PYU,Dominican restaurant,3.9318256327243257,17.693,Micro,4.0–4.5
Adrienne's NYC,4.7,401.0,25 Van Brunt Rd,Queens,New York,US,http://adriennes-nyc.com/,+1 718-945-2525,Italian restaurant,Bar,Brunch restaurant,Cocktail bar,Family restaurant,Live music venue,Seafood restaurant,Tourist attraction,,,,https://www.google.com/maps/search/?api=1&query=Adrienne's%20NYC&query_place_id=ChIJe4j4G9ZpwokR8CBPcLU44Sk,Italian restaurant,5.996452088619021,28.183,Small,4.5–5.0
Kimo's,4.8,1175.0,92-16 Rockaway Beach Blvd,Queens,New York,US,https://kimoskitchen.com/,+1 347-926-4384,Mediterranean restaurant,Breakfast restaurant,Egyptian restaurant,Falafel restaurant,Gluten-free restaurant,Greek restaurant,Gyro restaurant,Lunch restaurant,Restaurant,Vegan restaurant,,https://www.google.com/maps/search/?api=1&query=Kimo's&query_place_id=ChIJAQCVGUdowokRpauTlXu2HP4,Mediterranean restaurant,7.069874128458572,33.935,Popular,4.5–5.0
Uma's,4.6,452.0,92-07 Rockaway Beach Blvd,Rockaway Park,New York,US,https://umasrockaway.com/,+1 718-318-9100,Uzbeki restaurant,Asian restaurant,Russian restaurant,Wine bar,,,,,,,,https://www.google.com/maps/search/?api=1&query=Uma's&query_place_id=ChIJqStTHEdowokRMz_JLWKEx74,Uzbeki restaurant,6.115892125483034,28.133,Small,4.5–5.0
The Restaurant,4.4,431.0,86-05 Rockaway Beach Blvd,Rockaway Park,New York,US,,+1 718-634-5809,American restaurant,Breakfast restaurant,Meal delivery,,,,,,,,,https://www.google.com/maps/search/?api=1&query=The%20Restaurant&query_place_id=ChIJ28bt80NowokRVoTSMDES8lI,American restaurant,6.068425588244111,26.701,Small,4.0–4.5
Bungalow Bar,4.4,2237.0,3-77 Beach 92nd St,Rockaway Park,New York,US,https://bungalowbarny.com/,+1 718-945-2100,Bar & grill,American restaurant,Brunch restaurant,Seafood restaurant,,,,,,,,https://www.google.com/maps/search/?api=1&query=Bungalow%20Bar&query_place_id=ChIJUXf_vkBowokRJ5HnySRbQPA,Bar & grill,7.71333788887187,33.939,Viral,4.0–4.5
Gracie Mews Diner,4.3,1084.0,1550 1st Ave,New York,New York,US,https://www.graciemewsdiner.getsauce.com/,+1 212-861-2290,Diner,American restaurant,Breakfast restaurant,Coffee shop,Dessert restaurant,Lunch restaurant,Meal delivery,Takeout restaurant,Restaurant,Sandwich shop,,https://www.google.com/maps/search/?api=1&query=Gracie%20Mews%20Diner&query_place_id=ChIJAS2EC-JYwokRnODSAgVo0_8,Diner,6.98933526597456,30.054,Popular,4.0–4.5
QUE RICO COLOMBIAN RESTAURANT & BAKERY,4.3,462.0,32-14 Steinway St,Long Island City,New York,US,,+1 718-255-1541,Colombian restaurant,Bakery,Bar,Cake shop,Restaurant,,,,,,,https://www.google.com/maps/search/?api=1&query=QUE%20RICO%20COLOMBIAN%20RESTAURANT%20%26%20BAKERY&query_place_id=ChIJlUjqoM1fwokROv2UKDrQd9s,Colombian restaurant,6.137727054086234,26.392,Small,4.0–4.5
Lima Restaurant,4.3,888.0,85-07 Northern Blvd,Jackson Heights,New York,US,,+1 917-832-6682,Peruvian restaurant,,,,,,,,,,,https://www.google.com/maps/search/?api=1&query=Lima%20Restaurant&query_place_id=ChIJu0li8KNfwokR4xUWfrwmpLQ,Peruvian restaurant,6.790097235513905,29.197,Popular,4.0–4.5
Alba’s Pizza & Restaurant,4.3,598.0,36-20 Ditmars Blvd,Astoria,New York,US,http://www.albaspizzeria.com/,+1 718-932-5924,Restaurant,,,,,,,,,,,https://www.google.com/maps/search/?api=1&query=Alba%E2%80%99s%20Pizza%20%26%20Restaurant&query_place_id=ChIJeaUtoWhfwokRSEYUh2yFQUI,Restaurant,6.395261598115449,27.5,Popular,4.0–4.5
Antojitos del Mangu Restaurant,3.9,52.0,3531 3rd Ave,Bronx,New York,US,https://antojitosdelmanguny.com/,+1 917-645-5741,Dominican restaurant,Snack bar,,,,,,,,,,https://www.google.com/maps/search/?api=1&query=Antojitos%20del%20Mangu%20Restaurant&query_place_id=ChIJ1zD0xtL1wokRWVb8Uu7gzLE,Dominican restaurant,3.970291913552122,15.484,Micro,3.5–4.0
Molino Rojo Restaurant,3.8,776.0,101 E 161st St,Bronx,New York,US,http://molinorojo-restaurant.com/,+1 718-538-9642,Dominican restaurant,Spanish restaurant,,,,,,,,,,https://www.google.com/maps/search/?api=1&query=Molino%20Rojo%20Restaurant&query_place_id=ChIJudTVfC30wokRRGCBX88J7BI,Dominican restaurant,6.655440350367647,25.291,Popular,3.5–4.0
Lungi South Indian & Sri Lankan Restaurant,4.6,1212.0,1136 1st Ave,New York,New York,US,http://lungirestaurant.com/,+1 212-256-0073,South Indian restaurant,Sri Lankan restaurant,,,,,,,,,,https://www.google.com/maps/search/?api=1&query=Lungi%20South%20Indian%20%26%20Sri%20Lankan%20Restaurant&query_place_id=ChIJsedB_edYwokRrxhc0jZb_Mk,South Indian restaurant,7.10085190894405,32.664,Popular,4.5–5.0
Las Margaritas,4.1,986.0,38-01 Broadway,Astoria,New York,US,https://lasmargaritas3801.com/,+1 718-777-1707,Mexican restaurant,Bar & grill,Brunch restaurant,Burrito restaurant,Chicken restaurant,Family restaurant,Latin American restaurant,Nuevo Latino restaurant,Small plates restaurant,Taco restaurant,,https://www.google.com/maps/search/?api=1&query=Las%20Margaritas&query_place_id=ChIJpQVllDtfwokRQQk1e9Y1MWY,Mexican restaurant,6.894670039433482,28.268,Popular,4.0–4.5
San Soo Kap San 2 | Korean BBQ Flushing | Korean Restaurant Flushing NY | 산수갑산2,4.0,956.0,171-10 Northern Blvd,Flushing,New York,US,https://sansookapsan2.com/,+1 718-445-4850,Korean barbecue restaurant,Korean restaurant,,,,,,,,,,https://www.google.com/maps/search/?api=1&query=San%20Soo%20Kap%20San%202%20%7C%20Korean%20BBQ%20Flushing%20%7C%20Korean%20Restaurant%20Flushing%20NY%20%7C%20%EC%82%B0%EC%88%98%EA%B0%91%EC%82%B02&query_place_id=ChIJvSOiqDJgwokRVhT16lyf-WU,Korean barbecue restaurant,6.863803391452954,27.455,Popular,3.5–4.0
Al-Aqsa Restaurant | Halal Food in Bronx,4.0,1350.0,2107 Starling Ave,Bronx,New York,US,https://bronx.alaqsarestaurant.com/,+1 718-904-7061,Halal restaurant,Asian restaurant,Bangladeshi restaurant,Bengali restaurant,Biryani restaurant,Cafe,Catering food and drink supplier,Family restaurant,Indian restaurant,Pakistani restaurant,,https://www.google.com/maps/search/?api=1&query=Al-Aqsa%20Restaurant%20%7C%20Halal%20Food%20in%20Bronx&query_place_id=ChIJK_GLEbj0wokRdw7F14GNGoI,Halal restaurant,7.208600337960199,28.834,Popular,3.5–4.0
Xochimilco Family Restaurant,4.4,893.0,653 Melrose Ave,Bronx,New York,US,https://xochimilcofamily.shop/,+1 718-402-5400,Mexican restaurant,Family restaurant,Meal delivery,,,,,,,,,https://www.google.com/maps/search/?api=1&query=Xochimilco%20Family%20Restaurant&query_place_id=ChIJu8iHasn1wokRumLZtGnNVr4,Mexican restaurant,6.795705775173515,29.901,Popular,4.0–4.5
Sonamu House l Authentic Korean Restaurant BBQ & Soju,4.3,269.0,158-15 Northern Blvd,Flushing,New York,US,,+1 718-886-0094,Korean restaurant,Korean barbecue restaurant,Soup shop,,,,,,,,,https://www.google.com/maps/search/?api=1&query=Sonamu%20House%20l%20Authentic%20Korean%20Restaurant%20BBQ%20%26%20Soju&query_place_id=ChIJkXd0F3NhwokRAD-_elSUaLQ,Korean restaurant,5.598421958998375,24.073,Small,4.0–4.5
New Chinatown Restaurant and Bar | Asian Fusion | Chinese and Thai Food,4.4,569.0,1650 3rd Ave,New York,New York,US,https://chinatown1650.com/,+1 212-520-8124,Asian restaurant,Bar,Chinese restaurant,Thai restaurant,,,,,,,,https://www.google.com/maps/search/?api=1&query=New%20Chinatown%20Restaurant%20and%20Bar%20%7C%20Asian%20Fusion%20%7C%20Chinese%20and%20Thai%20Food&query_place_id=ChIJVQo6V6RYwokR44gJvaeMUgA,Asian restaurant,6.345636360828596,27.921,Popular,4.0–4.5
Coco Rosa Restaurant,4.1,684.0,1155 Webster Ave,Bronx,New York,US,,+1 718-532-0024,Dominican restaurant,Breakfast restaurant,Lunch restaurant,Meal delivery,Spanish restaurant,,,,,,,https://www.google.com/maps/search/?api=1&query=Coco%20Rosa%20Restaurant&query_place_id=ChIJb-nQsEn0wokRKbzdvULUYpA,Dominican restaurant,6.529418838262226,26.771,Popular,4.0–4.5
Jad Jaan Thai & Vietnamese Restaurant,4.2,69.0,83 Audubon Ave,New York,New York,US,https://jadjaannyc.com/order-thaiviet-now?olsPage=products,+1 917-388-3460,Vietnamese restaurant,Asian fusion restaurant,Asian restaurant,Caterer,Fast food restaurant,Soup restaurant,,,,,,https://www.google.com/maps/search/?api=1&query=Jad%20Jaan%20Thai%20%26%20Vietnamese%20Restaurant&query_place_id=ChIJWeSG14n3wokRK7bGDEqzenU,Vietnamese restaurant,4.248495242049359,17.844,Micro,4.0–4.5
Caridad Restaurant,2.8,206.0,1594 Westchester Ave,Bronx,New York,US,https://caridadrestaurantny.com/,+1 917-473-7700,Dominican restaurant,,,,,,,,,,,https://www.google.com/maps/search/?api=1&query=Caridad%20Restaurant&query_place_id=ChIJwS9OcsH0wokR2i2F1fNmhXI,Dominican restaurant,5.332718793265369,14.932,Small,<3.0
El Nuevo Capri Restaurant,3.9,321.0,1340 St Nicholas Ave,New York,New York,US,,+1 212-740-3110,Dominican restaurant,Meal delivery,,,,,,,,,,https://www.google.com/maps/search/?api=1&query=El%20Nuevo%20Capri%20Restaurant&query_place_id=ChIJPSl7AyD0wokRtSBUcCsBPps,Dominican restaurant,5.7745515455444085,22.521,Small,3.5–4.0
Sazón de Mela Restaurant,3.7,52.0,1692 Webster Ave,Bronx,New York,US,https://sazondemelarestaurantny.com/,+1 929-266-3473,Dominican restaurant,,,,,,,,,,,https://www.google.com/maps/search/?api=1&query=Saz%C3%B3n%20de%20Mela%20Restaurant&query_place_id=ChIJBU_Um7H1wokRSwyTgEUMKjc,Dominican restaurant,3.970291913552122,14.69,Micro,3.5–4.0
Zyara Restaurant,4.1,3383.0,25-53 Steinway St,Astoria,New York,US,https://www.zyararestaurantnyc.com/,+1 718-777-7753,Mediterranean restaurant,Catering food and drink supplier,Family restaurant,Gyro restaurant,Halal restaurant,Health food restaurant,Middle Eastern restaurant,Restaurant,Vegan restaurant,Vegetarian restaurant,,https://www.google.com/maps/search/?api=1&query=Zyara%20Restaurant&query_place_id=ChIJS7kQysRfwokRtmx0UqxW0rY,Mediterranean restaurant,8.126813720726114,33.32,Viral,4.0–4.5
El Maguey Mexican Restaurant,4.3,1016.0,83-28 Northern Blvd,Jackson Heights,New York,US,https://elmagueyny.com/es,+1 929-522-0562,Mexican restaurant,Brunch restaurant,Karaoke bar,Restaurant,Taco restaurant,,,,,,,https://www.google.com/maps/search/?api=1&query=El%20Maguey%20Mexican%20Restaurant&query_place_id=ChIJsTWrraZfwokRZGJ6_md9Bg4,Mexican restaurant,6.92461239604856,29.776,Popular,4.0–4.5
Shake Shack,3.9,4347.0,3-03 30th St,Queens,New York,US,https://www.shakeshack.com/location/jfk-airport-nyc/,,Hamburger restaurant,American restaurant,Fast food restaurant,Hot dog stand,Ice cream shop,,,,,,,https://www.google.com/maps/search/?api=1&query=Shake%20Shack&query_place_id=ChIJ13L_81pmwokR7g_jhDOz5eI,Hamburger restaurant,8.3774712482411,32.672,Viral,3.5–4.0
La Palma,4.2,207.0,10-37 Beach 20th St,Far Rockaway,New York,US,,+1 718-471-1223,Salvadoran restaurant,Central American restaurant,,,,,,,,,,https://www.google.com/maps/search/?api=1&query=La%20Palma&query_place_id=ChIJPXAqBKpowokRDWAtnBE6TV0,Salvadoran restaurant,5.337538079701318,22.418,Small,4.0–4.5
HalalXtreme Grill,4.7,239.0,13-04 Beach Channel Dr,Far Rockaway,New York,US,https://halalxtremegrill.dine.online/,+1 718-489-8744,Halal restaurant,Chicken wings restaurant,Fried chicken takeaway,Hamburger restaurant,Mediterranean restaurant,Sandwich shop,,,,,,https://www.google.com/maps/search/?api=1&query=HalalXtreme%20Grill&query_place_id=ChIJRf4qG1RnwokRTK68E4_b7iQ,Halal restaurant,5.480638923341991,25.759,Small,4.5–5.0
El Punto Bakery & Restaurant,4.3,135.0,18-27 College Point Blvd,College Point,New York,US,http://www.elpuntocp.com/,+1 718-500-4929,Colombian restaurant,,,,,,,,,,,https://www.google.com/maps/search/?api=1&query=El%20Punto%20Bakery%20%26%20Restaurant&query_place_id=ChIJP0qus1P1wokRDqk9YqBeIcs,Colombian restaurant,4.912654885736052,21.124,Small,4.0–4.5
Sabor Restaurant & Bakery,4.0,223.0,15-20 College Point Blvd,College Point,New York,US,http://saborrestaurantbakery.nyc/,+1 347-368-4407,Colombian restaurant,Bakery,Dominican restaurant,,,,,,,,,https://www.google.com/maps/search/?api=1&query=Sabor%20Restaurant%20%26%20Bakery&query_place_id=ChIJaU9qQlL1wokRAhbPq8asmgI,Colombian restaurant,5.4116460518550396,21.647,Small,3.5–4.0
Pimpollo,4.3,230.0,32-39 Junction Blvd,East Elmhurst,New York,US,,+1 718-205-5508,Colombian restaurant,Meal delivery,,,,,,,,,,https://www.google.com/maps/search/?api=1&query=Pimpollo&query_place_id=ChIJo-6spb1fwokRDaLkF_cAzJI,Colombian restaurant,5.442417710521793,23.402,Small,4.0–4.5
Pronto Astoria Restaurant & Pizzeria,4.6,431.0,45-19 28th Ave,Astoria,New York,US,https://www.prontopizzeriamenu.com/?utm_source=gbp,+1 718-274-4416,Pizza restaurant,Italian restaurant,Meal delivery,,,,,,,,,https://www.google.com/maps/search/?api=1&query=Pronto%20Astoria%20Restaurant%20%26%20Pizzeria&query_place_id=ChIJ-WeA3BRfwokRsobbIpg7Qy8,Pizza restaurant,6.068425588244111,27.915,Small,4.5–5.0
Tu Delicia Restaurant and Seafood,4.2,29.0,1439 Edward L Grant Hwy,Bronx,New York,US,https://themenustar7.com/webspace/menus.php?code=ordertudelicia.com,+1 347-862-4700,Restaurant,Delivery service,Dominican restaurant,Latin American restaurant,Meal delivery,Nuevo Latino restaurant,Seafood restaurant,,,,,https://www.google.com/maps/search/?api=1&query=Tu%20Delicia%20Restaurant%20and%20Seafood&query_place_id=ChIJRUHkspb1wokR9wfnl8pSVdw,Restaurant,3.4011973816621555,14.285,Micro,4.0–4.5
Charo Restaurant,4.2,231.0,102-01 37th Ave,Corona,New York,US,http://www.charorestaurant.com/,+1 718-779-7730,Dominican restaurant,Chicken restaurant,Latin American restaurant,Lunch restaurant,Meal delivery,Restaurant,,,,,,https://www.google.com/maps/search/?api=1&query=Charo%20Restaurant&query_place_id=ChIJYZGYqsBfwokRyJUNW8qNS6k,Dominican restaurant,5.44673737166631,22.876,Small,4.0–4.5
El Valle,3.6,266.0,588 Lenox Ave,New York,New York,US,,+1 646-344-1475,Dominican restaurant,Meal delivery,,,,,,,,,,https://www.google.com/maps/search/?api=1&query=El%20Valle&query_place_id=ChIJy-o_mXf2wokRP0k0eKgTi_Q,Dominican restaurant,5.58724865840025,20.114,Small,3.5–4.0
Bani Restaurant,4.0,247.0,1056 Bronx River Ave,Bronx,New York,US,,+1 718-618-7937,Latin American restaurant,,,,,,,,,,,https://www.google.com/maps/search/?api=1&query=Bani%20Restaurant&query_place_id=ChIJF8lk4_v0wokRk4HS31h72fE,Latin American restaurant,5.5134287461649825,22.054,Small,3.5–4.0
Delicioso Restaurant,4.2,239.0,423 E 149th St,Bronx,New York,US,https://deliciosorestaurantny.com/,+1 718-402-7900,Latin American restaurant,Caribbean restaurant,Central American restaurant,Chicken restaurant,Dominican restaurant,Ecuadorian restaurant,Meal delivery,Takeout restaurant,Restaurant,South American restaurant,,https://www.google.com/maps/search/?api=1&query=Delicioso%20Restaurant&query_place_id=ChIJS7XHv8j1wokRkqk9ZD7skwc,Latin American restaurant,5.480638923341991,23.019,Small,4.0–4.5
Ju Bang Jang 주방장 - Homestyle Korean Food Restaurant 한식 전문,4.5,239.0,215-10 Northern Blvd,Bayside,New York,US,https://jubangjangrestaurant.com/?utm_source=google&utm_medium=maps&utm_campaign=website,+1 347-408-4011,Korean restaurant,Asian restaurant,Korean barbecue restaurant,Restaurant,Soup restaurant,,,,,,,https://www.google.com/maps/search/?api=1&query=Ju%20Bang%20Jang%20%EC%A3%BC%EB%B0%A9%EC%9E%A5%20-%20Homestyle%20Korean%20Food%20Restaurant%20%ED%95%9C%EC%8B%9D%20%EC%A0%84%EB%AC%B8&query_place_id=ChIJW9ZfdrhhwokR0gVshcvZJfI,Korean restaurant,5.480638923341991,24.663,Small,4.0–4.5
Tri Dim Shanghai [UES] Restaurant and Bar 鼎豐,4.1,524.0,1378 3rd Ave,New York,New York,US,https://www.tridimshanghai.net/,+1 212-585-3388,Chinese restaurant,Asian restaurant,Bar,Brunch restaurant,Delivery Chinese restaurant,Dim sum restaurant,Dumpling restaurant,Lunch restaurant,Restaurant,Shanghainese restaurant,,https://www.google.com/maps/search/?api=1&query=Tri%20Dim%20Shanghai%20%5BUES%5D%20Restaurant%20and%20Bar%20%E9%BC%8E%E8%B1%90&query_place_id=ChIJ9WCDTL5YwokRhBUL20yZeso,Chinese restaurant,6.263398262591624,25.68,Popular,4.0–4.5
Gold Spoon Restaurant & Lounge,3.7,228.0,1841 Westchester Ave,Bronx,New York,US,http://goldspoon.getsauce.com/,+1 718-684-1434,Jamaican restaurant,Grill,Chicken restaurant,Family restaurant,Meal delivery,Takeout restaurant,Restaurant,Sandwich shop,Seafood restaurant,,,https://www.google.com/maps/search/?api=1&query=Gold%20Spoon%20Restaurant%20%26%20Lounge&query_place_id=ChIJUVHxD_n1wokR7jdiz985ZbI,Jamaican restaurant,5.43372200355424,20.105,Small,3.5–4.0
LA ISLA RESTAURANT,3.8,392.0,1883 3rd Ave,New York,New York,US,https://laislarestaurant104.com/,+1 212-534-0002,Puerto Rican restaurant,Dominican restaurant,,,,,,,,,,https://www.google.com/maps/search/?api=1&query=LA%20ISLA%20RESTAURANT&query_place_id=ChIJS2kUjAL2wokRNCl0iqFz1AE,Puerto Rican restaurant,5.973809611869261,22.7,Small,3.5–4.0
Mi Ranchito,4.1,486.0,1468 St Nicholas Ave,New York,New York,US,,+1 212-740-2626,Mexican restaurant,Meal delivery,,,,,,,,,,https://www.google.com/maps/search/?api=1&query=Mi%20Ranchito&query_place_id=ChIJr94Jjh70wokRopGmmzLWKKo,Mexican restaurant,6.18826412308259,25.372,Small,4.0–4.5
Bangla Garden Restaurant,3.9,290.0,1864 Westchester Ave,Bronx,New York,US,,+1 347-281-9966,Bangladeshi restaurant,Deli,Halal restaurant,,,,,,,,,https://www.google.com/maps/search/?api=1&query=Bangla%20Garden%20Restaurant&query_place_id=ChIJ7Uv_kMH0wokRkMHhBSRDteM,Bangladeshi restaurant,5.673323267171493,22.126,Small,3.5–4.0
Giacomo's Pizzeria & Restaurant,4.4,502.0,1505 3rd Ave,New York,New York,US,https://giacomopizzeria.com/,+1 646-719-1177,Pizza restaurant,Breakfast restaurant,Coffee shop,Espresso bar,Italian restaurant,Meal delivery,Pasta shop,Pizza delivery,Pizza takeaway,Restaurant,,https://www.google.com/maps/search/?api=1&query=Giacomo's%20Pizzeria%20%26%20Restaurant&query_place_id=ChIJ-Y2ryXlZwokRekHIqfLy03Q,Pizza restaurant,6.220590170099739,27.371,Popular,4.0–4.5
Los Altos Restaurant (Lillys Cafe),3.8,164.0,53 E 167th St,Bronx,New York,US,http://www.lilyscaferestaurant.com/,+1 646-404-5480,Cafe,Fast food restaurant,Meal delivery,Takeout restaurant,Sandwich shop,,,,,,,https://www.google.com/maps/search/?api=1&query=Los%20Altos%20Restaurant%20(Lillys%20Cafe)&query_place_id=ChIJkfU0ezr0wokRUK_haqQhR9o,Cafe,5.10594547390058,19.403,Small,3.5–4.0
Dragon One,3.4,83.0,2076 Frederick Douglass Blvd,New York,New York,US,http://www.dragononeny.com/,+1 212-222-4246,Chinese restaurant,,,,,,,,,,,https://www.google.com/maps/search/?api=1&query=Dragon%20One&query_place_id=ChIJHbWIh4X3wokRPa1NP0TC4rc,Chinese restaurant,4.430816798843313,15.065,Micro,3.0–3.5
Golden Krust Caribbean Restaurant,3.9,358.0,358 E 149th St,Bronx,New York,US,https://locations.goldenkrust.com/ll/US/NY/Bronx/358-East-149th-Street,+1 718-292-4222,Caribbean restaurant,Bakery,Chicken restaurant,Fast food restaurant,Jamaican restaurant,Lunch restaurant,Porridge restaurant,Restaurant,,,,https://www.google.com/maps/search/?api=1&query=Golden%20Krust%20Caribbean%20Restaurant&query_place_id=ChIJ6R5NbR71wokRpmLBcojyFuk,Caribbean restaurant,5.883322388488279,22.945,Small,3.5–4.0
Sandro's Latin Food Restaurant,4.0,223.0,27-03 23rd Ave,Astoria,New York,US,https://www.sandroslatinfood.com/,+1 718-606-2323,Ecuadorian restaurant,Colombian restaurant,Spanish restaurant,,,,,,,,,https://www.google.com/maps/search/?api=1&query=Sandro's%20Latin%20Food%20Restaurant&query_place_id=ChIJ6RXvI11fwokR1aQIIchuA6M,Ecuadorian restaurant,5.4116460518550396,21.647,Small,3.5–4.0
Airways Pizza Restaurant,4.2,801.0,90-13 Astoria Blvd,East Elmhurst,New York,US,https://www.airwayspizzarestaurant.com/?utm_source=gbp,+1 718-779-5548,Pizza restaurant,Fast food restaurant,Italian restaurant,Meal delivery,Pizza delivery,Pizza takeaway,,,,,,https://www.google.com/maps/search/?api=1&query=Airways%20Pizza%20Restaurant&query_place_id=ChIJ82xKlZlfwokRacG_JIkdb90,Pizza restaurant,6.687108607866515,28.086,Popular,4.0–4.5
El Texano Restaurant & Bar,4.0,249.0,2031 Westchester Ave,Bronx,New York,US,,+1 718-823-6457,Mexican restaurant,Bar & grill,Family restaurant,Meal delivery,,,,,,,,https://www.google.com/maps/search/?api=1&query=El%20Texano%20Restaurant%20%26%20Bar&query_place_id=ChIJF0czAcf0wokRfTFGvyPyx4s,Mexican restaurant,5.521460917862246,22.086,Small,3.5–4.0
Ben's Kosher Delicatessen Restaurant & Caterers,4.2,771.0,211-37 26th Ave,Bay Terrace,New York,US,https://bensdeli.net/?y_source=1_MTA4NDQ2NTQyOC03MTUtbG9jYXRpb24ud2Vic2l0ZQ%3D%3D,+1 718-229-2367,Restaurant,Caterer,Deli,Kosher restaurant,,,,,,,,https://www.google.com/maps/search/?api=1&query=Ben's%20Kosher%20Delicatessen%20Restaurant%20%26%20Caterers&query_place_id=ChIJg8i3U3yKwokRaWZRnYYe6gQ,Restaurant,6.648984550024776,27.926,Popular,4.0–4.5
Tabata Ramen,4.4,1527.0,1435 2nd Ave,New York,New York,US,https://www.tabatanyc.com/,+1 646-833-7977,Japanese restaurant,Asian restaurant,Authentic Japanese restaurant,Ramen restaurant,,,,,,,,https://www.google.com/maps/search/?api=1&query=Tabata%20Ramen&query_place_id=ChIJ1QTJtlJYwokRyrkOo1ZG2xg,Japanese restaurant,7.331714969726466,32.26,Popular,4.0–4.5
Allen's Restaurant,3.3,84.0,1201 Randall Ave,Bronx,New York,US,https://allenrestaurant.seedandsauce.com/,+1 718-861-7564,American restaurant,Fast food restaurant,,,,,,,,,,https://www.google.com/maps/search/?api=1&query=Allen's%20Restaurant&query_place_id=ChIJy8hfEqj1wokRSqG6pcZOdiM,American restaurant,4.442651256490317,14.661,Micro,3.0–3.5
Las Patronas Mexican Restaurant,4.4,80.0,23-07 Steinway St,Astoria,New York,US,https://www.laspatronasny.com/,+1 929-424-4000,Mexican restaurant,Burrito restaurant,Hamburger restaurant,Mexican torta restaurant,Taco restaurant,,,,,,,https://www.google.com/maps/search/?api=1&query=Las%20Patronas%20Mexican%20Restaurant&query_place_id=ChIJPUi8ijtfwokRT5SQVV16E5g,Mexican restaurant,4.394449154672439,19.336,Micro,4.0–4.5
Las Mella's Restaurant,3.7,96.0,1452 Westchester Ave,Bronx,New York,US,,+1 718-684-3010,Dominican restaurant,Meal delivery,,,,,,,,,,https://www.google.com/maps/search/?api=1&query=Las%20Mella's%20Restaurant&query_place_id=ChIJzcKCPPr0wokRqyLybZ3xHC4,Dominican restaurant,4.574710978503383,16.926,Micro,3.5–4.0
Hareubang Dol Gui,4.4,52.0,41-10 149th Pl,Flushing,New York,US,,+1 646-720-0214,Korean restaurant,Korean barbecue restaurant,Unagi restaurant,,,,,,,,,https://www.google.com/maps/search/?api=1&query=Hareubang%20Dol%20Gui&query_place_id=ChIJCXMxpdFhwokRIbl2zm1EfJk,Korean restaurant,3.970291913552122,17.469,Micro,4.0–4.5
Golden Krust Caribbean Restaurant,3.5,202.0,456 Lenox Ave,New York,New York,US,https://locations.goldenkrust.com/ll/US/NY/New-York/456-Lenox-Avenue,+1 212-283-5933,Caribbean restaurant,Bakery,Chicken restaurant,Fast food restaurant,Jamaican restaurant,Lunch restaurant,Porridge restaurant,Restaurant,,,,https://www.google.com/maps/search/?api=1&query=Golden%20Krust%20Caribbean%20Restaurant&query_place_id=ChIJ-V1HCHT2wokREUPiwZYPl44,Caribbean restaurant,5.313205979041787,18.596,Small,3.0–3.5
Toskana Pizzeria Restaurant,4.4,559.0,248-25 Northern Blvd,Douglaston,New York,US,http://www.toskanapizza.com/,+1 718-225-2887,Pizza restaurant,Italian restaurant,Meal delivery,,,,,,,,,https://www.google.com/maps/search/?api=1&query=Toskana%20Pizzeria%20Restaurant&query_place_id=ChIJac_EB_CJwokRE1oyfPC_cJA,Pizza restaurant,6.327936783729195,27.843,Popular,4.0–4.5
Fabrika,4.7,713.0,80-24 Northern Blvd,Jackson Heights,New York,US,https://www.fabrikany.com/,+1 929-300-3135,Pan-Latin restaurant,Meal delivery,Takeout restaurant,Restaurant,,,,,,,,https://www.google.com/maps/search/?api=1&query=Fabrika&query_place_id=ChIJF-Yh-hNfwokRNge04jMeKcE,Pan-Latin restaurant,6.570882962339584,30.883,Popular,4.5–5.0
Sushi Q,4.4,412.0,1610 Crosby Ave,Bronx,New York,US,http://www.sushiqonline.com/,+1 718-822-1627,Japanese restaurant,Sushi restaurant,,,,,,,,,,https://www.google.com/maps/search/?api=1&query=Sushi%20Q&query_place_id=ChIJ4717flCLwokRI-Vv2w1BdWA,Japanese restaurant,6.023447592961033,26.503,Small,4.0–4.5
La Abundancia,3.4,345.0,37-01 Junction Blvd,Corona,New York,US,,+1 718-205-7923,Colombian restaurant,Bakery,Catering food and drink supplier,Latin American restaurant,Restaurant,,,,,,,https://www.google.com/maps/search/?api=1&query=La%20Abundancia&query_place_id=ChIJ20AFeLlfwokR8BviCwEl668,Colombian restaurant,5.846438775057724,19.878,Small,3.0–3.5
Golden Krust Caribbean Restaurant,3.8,231.0,70 W 125th St,New York,New York,US,https://locations.goldenkrust.com/ll/US/NY/New-York/70-West-125th-Street,+1 917-675-6647,Caribbean restaurant,Bakery,Chicken restaurant,Fast food restaurant,Jamaican restaurant,Lunch restaurant,Porridge restaurant,Restaurant,,,,https://www.google.com/maps/search/?api=1&query=Golden%20Krust%20Caribbean%20Restaurant&query_place_id=ChIJORxkPg32wokR5q8bQW2FLKI,Caribbean restaurant,5.44673737166631,20.698,Small,3.5–4.0
El Rumbero Bar - Restaurant,3.6,328.0,82-05 Northern Blvd,Jackson Heights,New York,US,,+1 718-803-3125,Ecuadorian restaurant,Restaurant,Seafood restaurant,,,,,,,,,https://www.google.com/maps/search/?api=1&query=El%20Rumbero%20Bar%20-%20Restaurant&query_place_id=ChIJ3ZouzKZfwokRUqZRf4vdZew,Ecuadorian restaurant,5.796057750765372,20.866,Small,3.5–4.0
88,3.6,173.0,133 W 134th St,New York,New York,US,,+1 212-281-1288,Chinese restaurant,Meal delivery,Restaurant,,,,,,,,,https://www.google.com/maps/search/?api=1&query=88&query_place_id=ChIJ7d_x_3P2wokRJwv09ExD-Hc,Chinese restaurant,5.159055299214529,18.573,Small,3.5–4.0
El Molino Teo Restaurant,3.2,31.0,400 E 167th St,Bronx,New York,US,https://elmolinoteorestaurantny.com/,+1 718-538-8563,Dominican restaurant,Spanish restaurant,,,,,,,,,,https://www.google.com/maps/search/?api=1&query=El%20Molino%20Teo%20Restaurant&query_place_id=ChIJC2jKDEn0wokR1U2HxiVECCc,Dominican restaurant,3.4657359027997265,11.09,Micro,3.0–3.5
Oasis,4.7,292.0,92-08 Rockaway Beach Blvd,Far Rockaway,New York,US,https://www.oasisramenhouseny.com/heqs5oht/restaurant/order-online,+1 718-318-3888,Ramen restaurant,,,,,,,,,,,https://www.google.com/maps/search/?api=1&query=Oasis&query_place_id=ChIJg0wl7expwokRFkfksbzlMSQ,Ramen restaurant,5.680172609017068,26.697,Small,4.5–5.0
La Playa,4.1,191.0,87-16 Rockaway Beach Blvd,Far Rockaway,New York,US,,+1 718-318-8435,Dominican restaurant,Latin American restaurant,,,,,,,,,,https://www.google.com/maps/search/?api=1&query=La%20Playa&query_place_id=ChIJzZKTVEFowokRkvKuo6_SRtk,Dominican restaurant,5.2574953720277815,21.556,Small,4.0–4.5
IHOP,4.4,3063.0,254-02 Rockaway Blvd,Rosedale,New York,US,https://restaurants.ihop.com/en-us/ny/rosedale/breakfast-25402-rockaway-blvd-4635?utm_source=google&utm_medium=organic&utm_campaign=google_my_business&utm_term=4635&utm_content=website,+1 718-978-6689,Breakfast restaurant,American restaurant,Brunch restaurant,Diner,Family restaurant,Lunch restaurant,Pancake restaurant,Restaurant,,,,https://www.google.com/maps/search/?api=1&query=IHOP&query_place_id=ChIJaXi4aNFlwokR75G6I_eOkPI,Breakfast restaurant,8.027476530860483,35.321,Viral,4.0–4.5
The Palm Bar & Grille,3.1,1616.0,3-03 30th St,Queens,New York,US,https://thepalm.com/restaurants/new-york-city-jfk/,+1 718-751-4798,Bar & grill,American restaurant,Bar,Restaurant,Seafood restaurant,Steak house,,,,,,https://www.google.com/maps/search/?api=1&query=The%20Palm%20Bar%20%26%20Grille&query_place_id=ChIJ_eQYpFdmwokRBGRGMKnoYus,Bar & grill,7.388327859577107,22.904,Popular,3.0–3.5
Sunny,4.2,275.0,10-41 Beach 20th St,Far Rockaway,New York,US,,+1 347-926-4300,Japanese restaurant,Meal delivery,,,,,,,,,,https://www.google.com/maps/search/?api=1&query=Sunny&query_place_id=ChIJqWoaB6powokRYc6KV14Y5V8,Japanese restaurant,5.62040086571715,23.606,Small,4.0–4.5
Bai Sushi Japanese Restaurant,4.5,369.0,37-03 Broadway,Astoria,New York,US,https://baisushi.com/,+1 718-956-7445,Sushi restaurant,Asian restaurant,Japanese restaurant,Meal delivery,Restaurant,,,,,,,https://www.google.com/maps/search/?api=1&query=Bai%20Sushi%20Japanese%20Restaurant&query_place_id=ChIJjdCEuDtfwokRlrAKrJvk8Yk,Sushi restaurant,5.91350300563827,26.611,Small,4.0–4.5
Golden Krust Caribbean Restaurant,3.6,142.0,1299 Boston Rd,Bronx,New York,US,https://locations.goldenkrust.com/ll/US/NY/The-Bronx/1299-Boston-Road,+1 718-378-1133,Caribbean restaurant,Bakery,Chicken restaurant,Fast food restaurant,Jamaican restaurant,Lunch restaurant,Porridge restaurant,Restaurant,,,,https://www.google.com/maps/search/?api=1&query=Golden%20Krust%20Caribbean%20Restaurant&query_place_id=ChIJXdB5EFD0wokRjAHQ3EcKrew,Caribbean restaurant,4.962844630259907,17.866,Small,3.5–4.0
Yeras,3.7,753.0,86-09 Northern Blvd,Jackson Heights,New York,US,https://order.online/store/YerasRestaurantandSportsBar-1536641/en-US/?hideModal=true&pickup=true,+1 929-522-0844,Restaurant,Bar & grill,Colombian restaurant,Latin American restaurant,Sports bar,Sushi restaurant,Sushi takeaway,,,,,https://www.google.com/maps/search/?api=1&query=Yeras&query_place_id=ChIJCzzFk6NfwokRXi3zOXjq6W0,Restaurant,6.625392368007956,24.514,Popular,3.5–4.0
Los Amigos mexican restaurant,3.9,262.0,22-73 31st St,Long Island City,New York,US,https://www.getsauce.com/order/site/los-amigos-mexican-restaurant/,+1 718-726-8708,Mexican restaurant,Takeout restaurant,,,,,,,,,,https://www.google.com/maps/search/?api=1&query=Los%20Amigos%20mexican%20restaurant&query_place_id=ChIJFRPMAWhfwokRSUZY5yv2Jpo,Mexican restaurant,5.572154032177765,21.731,Small,3.5–4.0
Empire Wok - Chinese Asian Western Fusion Cuisine Food Restaurant Bronx New York,4.4,1179.0,1230 Castle Hill Ave,Bronx,New York,US,http://www.bronxempirewok.com/,+1 718-828-2919,Chinese restaurant,Asian restaurant,Fast food restaurant,Takeout restaurant,Restaurant,,,,,,,https://www.google.com/maps/search/?api=1&query=Empire%20Wok%20-%20Chinese%20Asian%20Western%20Fusion%20Cuisine%20Food%20Restaurant%20Bronx%20New%20York&query_place_id=ChIJqy8NVMj0wokRu3gSVfZE7ro,Chinese restaurant,7.07326971745971,31.122,Popular,4.0–4.5
Melanie's Roti & Grill Restaurant,4.2,529.0,1248 Castle Hill Ave,Bronx,New York,US,https://melaniesrotigrillrestaurant.com/?utm_source=google,+1 718-409-1088,Caribbean restaurant,Asian fusion restaurant,Bar & grill,Chinese noodle restaurant,Indian restaurant,,,,,,,https://www.google.com/maps/search/?api=1&query=Melanie's%20Roti%20%26%20Grill%20Restaurant&query_place_id=ChIJecHNTcj0wokRJkgydRnopYg,Caribbean restaurant,6.272877006546167,26.346,Popular,4.0–4.5
Shanghai Chinese Restaurant,4.0,247.0,1388 2nd Ave #1,New York,New York,US,http://www.menupages.com/restaurants/shanghai,+1 212-288-8066,Chinese restaurant,Meal delivery,,,,,,,,,,https://www.google.com/maps/search/?api=1&query=Shanghai%20Chinese%20Restaurant&query_place_id=ChIJL9F8z8FYwokREovozbuCvZY,Chinese restaurant,5.5134287461649825,22.054,Small,3.5–4.0
東粵海鮮酒家 Dong Yue seafood restaurant,4.0,180.0,136-14 38th Ave,Flushing,New York,US,https://order.mealkeyway.com/customer/release/index?mid=75764b4a725a386e6a302b68717155386a3866764c513d3d,+1 718-799-0098,Chinese restaurant,Cantonese restaurant,Seafood restaurant,,,,,,,,,https://www.google.com/maps/search/?api=1&query=%E6%9D%B1%E7%B2%B5%E6%B5%B7%E9%AE%AE%E9%85%92%E5%AE%B6%20Dong%20Yue%20seafood%20restaurant&query_place_id=ChIJNdhRwE1hwokRxvHFPefvp-0,Chinese restaurant,5.198497031265826,20.794,Small,3.5–4.0
King Wah,4.0,456.0,69-11 Northern Blvd,Woodside,New York,US,http://www.kingwahny.com/,+1 718-651-8080,Restaurant,Asian restaurant,Chinese restaurant,Halal restaurant,Meal delivery,,,,,,,https://www.google.com/maps/search/?api=1&query=King%20Wah&query_place_id=ChIJYdm-tRlfwokRpCfGITFmHwQ,Restaurant,6.124683390894205,24.499,Small,3.5–4.0
Lashevet Restaurant,4.4,269.0,1663 1st Ave,New York,New York,US,https://lashevetrestaurant.com/,,Middle Eastern restaurant,Breakfast restaurant,Coffee shop,Lebanese restaurant,Mediterranean restaurant,Moroccan restaurant,,,,,,https://www.google.com/maps/search/?api=1&query=Lashevet%20Restaurant&query_place_id=ChIJ4RpDvnNZwokRKkerPMvR91o,Middle Eastern restaurant,5.598421958998375,24.633,Small,4.0–4.5
Oriental Chinese Restaurant,3.5,83.0,3774 Broadway,New York,New York,US,,+1 212-281-4136,Chinese restaurant,,,,,,,,,,,https://www.google.com/maps/search/?api=1&query=Oriental%20Chinese%20Restaurant&query_place_id=ChIJ0_zc1IX2wokRj6DwG06udHc,Chinese restaurant,4.430816798843313,15.508,Micro,3.0–3.5
Golden Krust Caribbean Restaurant,3.6,294.0,1438 Metropolitan Ave,Bronx,New York,US,https://locations.goldenkrust.com/ll/US/NY/The-Bronx/1438-Metropolitan-Avenue,+1 718-792-9322,Caribbean restaurant,Bakery,Chicken restaurant,Fast food restaurant,Jamaican restaurant,Lunch restaurant,Porridge restaurant,Restaurant,,,,https://www.google.com/maps/search/?api=1&query=Golden%20Krust%20Caribbean%20Restaurant&query_place_id=ChIJ_3F3yrj0wokRWguBDTC0yHQ,Caribbean restaurant,5.68697535633982,20.473,Small,3.5–4.0
Oriental Palace,3.7,77.0,1728 Madison Ave,New York,New York,US,,+1 212-534-6087,Chinese restaurant,Restaurant,,,,,,,,,,https://www.google.com/maps/search/?api=1&query=Oriental%20Palace&query_place_id=ChIJ8Ts4ZgX2wokRSFCQwvwUQi0,Chinese restaurant,4.356708826689592,16.12,Micro,3.5–4.0
Casa del Mar Seafood Restaurant,4.1,1139.0,1779 Webster Ave,Bronx,New York,US,http://www.casadelmarbronx.com/,+1 917-473-6670,Restaurant,Banquet hall,Bar,Event venue,Free parking lot,Gastropub,Party planner,Seafood market,Seafood restaurant,Sports bar,,https://www.google.com/maps/search/?api=1&query=Casa%20del%20Mar%20Seafood%20Restaurant&query_place_id=ChIJ4ZRMX2j0wokRH0R2KBd-Kbo,Restaurant,7.038783541388542,28.859,Popular,4.0–4.5
Tropicana Restaurant,4.2,37.0,1298 Westchester Ave,Bronx,New York,US,,+1 347-862-3737,Restaurant,Dominican restaurant,Family restaurant,,,,,,,,,https://www.google.com/maps/search/?api=1&query=Tropicana%20Restaurant&query_place_id=ChIJ7ez1kPX1wokRsPmCMH4tPnI,Restaurant,3.6375861597263857,15.278,Micro,4.0–4.5
Corona King Restaurant Corp,4.3,302.0,37-55 108th St,Flushing,New York,US,http://coronakingny.com/,+1 718-803-1699,Latin American restaurant,Breakfast restaurant,Colombian restaurant,Meal delivery,Mexican restaurant,,,,,,,https://www.google.com/maps/search/?api=1&query=Corona%20King%20Restaurant%20Corp&query_place_id=ChIJleoV_sNfwokRBF9A0KIMQzM,Latin American restaurant,5.713732805509369,24.569,Small,4.0–4.5
Indo Pak Halal,3.9,315.0,2173 2nd Ave #2909,New York,New York,US,https://www.indopakhalalnewyork.com/alls4s90/restaurant/order-online,+1 212-987-8150,Indian restaurant,,,,,,,,,,,https://www.google.com/maps/search/?api=1&query=Indo%20Pak%20Halal&query_place_id=ChIJ_XoD_a9YwokREyZXLoIK844,Indian restaurant,5.755742213586912,22.447,Small,3.5–4.0
Paradise,4.2,201.0,1021 Ogden Ave,Bronx,New York,US,,+1 718-537-6675,Dominican restaurant,Meal delivery,Restaurant,,,,,,,,,https://www.google.com/maps/search/?api=1&query=Paradise&query_place_id=ChIJ8ahb2S70wokRMDCLj4vpRmI,Dominican restaurant,5.308267697401205,22.295,Small,4.0–4.5
BUNSIK Korean Street Food,4.3,242.0,136-87 37th Ave 1st floor,Flushing,New York,US,https://bunsiknyc.com/,+1 917-285-2050,Korean restaurant,Asian restaurant,Chicken restaurant,Restaurant,Seafood restaurant,Soup restaurant,Udon noodle restaurant,,,,,https://www.google.com/maps/search/?api=1&query=BUNSIK%20Korean%20Street%20Food&query_place_id=ChIJnfRs4zRhwokRN8RX28PWZp4,Korean restaurant,5.493061443340548,23.62,Small,4.0–4.5
La Masa Restaurant,4.1,1356.0,1000 Morris Park Ave,Bronx,New York,US,http://la-masa.square.site/,+1 718-822-8400,Colombian restaurant,,,,,,,,,,,https://www.google.com/maps/search/?api=1&query=La%20Masa%20Restaurant&query_place_id=ChIJ00vjakAPZkARCN3AjL8J_8A,Colombian restaurant,7.213031659834869,29.573,Popular,4.0–4.5
China Palace Restaurant,3.9,188.0,3014 Middletown Rd,Bronx,New York,US,http://chinapalaceny.com/,+1 718-828-5888,Chinese restaurant,Meal delivery,,,,,,,,,,https://www.google.com/maps/search/?api=1&query=China%20Palace%20Restaurant&query_place_id=ChIJm_cdhFqLwokRUwxuUg1hleI,Chinese restaurant,5.241747015059643,20.443,Small,3.5–4.0
Lupita Mexican Restaurant,3.3,61.0,3829 Broadway,New York,New York,US,,+1 212-928-5989,Mexican restaurant,,,,,,,,,,,https://www.google.com/maps/search/?api=1&query=Lupita%20Mexican%20Restaurant&query_place_id=ChIJ_793Hnn3wokRPc1jNvkxRWE,Mexican restaurant,4.127134385045092,13.62,Micro,3.0–3.5
Jian Restaurant (私房小厨）,3.9,179.0,254-35 Horace Harding Expy,Little Neck,New York,US,,+1 718-229-1503,Chinese restaurant,Delivery Chinese restaurant,Meal delivery,Restaurant,,,,,,,,https://www.google.com/maps/search/?api=1&query=Jian%20Restaurant%20(%E7%A7%81%E6%88%BF%E5%B0%8F%E5%8E%A8%EF%BC%89&query_place_id=ChIJu_gWIueJwokRca2S2yXZGMk,Chinese restaurant,5.19295685089021,20.253,Small,3.5–4.0
Lobster Box,4.2,1047.0,34 City Island Ave,Bronx,New York,US,,+1 718-885-1952,Seafood restaurant,Caterer,Family restaurant,Fine dining restaurant,Italian restaurant,Mediterranean restaurant,Restaurant,Wedding venue,,,,https://www.google.com/maps/search/?api=1&query=Lobster%20Box&query_place_id=ChIJGwqsi4WLwokRFs8iay92NtE,Seafood restaurant,6.954638864880987,29.209,Popular,4.0–4.5
El Paso Mexican Restaurant Mezcal & Tequila Bar,4.1,566.0,123 E 110th St,New York,New York,US,http://elpasonyc.com/,+1 212-831-9831,Mexican restaurant,Bar,Brunch restaurant,Cocktail bar,Karaoke,,,,,,,https://www.google.com/maps/search/?api=1&query=El%20Paso%20Mexican%20Restaurant%20Mezcal%20%26%20Tequila%20Bar&query_place_id=ChIJUa619ZD3wokRkg5D55la7U8,Mexican restaurant,6.340359303727752,25.995,Popular,4.0–4.5
Panda Garden Chinese Restaurant,3.6,102.0,215-10 Northern Blvd,Bayside,New York,US,http://pandagardenbaysideny.com/,+1 718-225-8899,Chinese restaurant,Delivery Chinese restaurant,Takeout restaurant,Rice restaurant,Seafood restaurant,,,,,,,https://www.google.com/maps/search/?api=1&query=Panda%20Garden%20Chinese%20Restaurant&query_place_id=ChIJ_5KjFOFhwokRRAWw8Z48cDs,Chinese restaurant,4.634728988229636,16.685,Small,3.5–4.0
Don Chingri Restaurant,4.2,393.0,30-78 Steinway St 1st Floor,Astoria,New York,US,,+1 716-902-3430,Thai restaurant,Caterer,Takeout restaurant,Vegetarian restaurant,,,,,,,,https://www.google.com/maps/search/?api=1&query=Don%20Chingri%20Restaurant&query_place_id=ChIJHWAThBRfwokRX-_C3GQg-fo,Thai restaurant,5.976350909297934,25.101,Small,4.0–4.5
Rong Chinese Restaurant,4.0,146.0,133-42 39th Ave #104,Flushing,New York,US,,,Chinese restaurant,Dim sum restaurant,Takeout restaurant,Restaurant,,,,,,,,https://www.google.com/maps/search/?api=1&query=Rong%20Chinese%20Restaurant&query_place_id=ChIJhUs-XQ5gwokRt0nmcLSJ98s,Chinese restaurant,4.990432586778736,19.962,Small,3.5–4.0
Yumze Food,3.9,252.0,20-01 New Haven Ave,Far Rockaway,New York,US,,+1 929-254-2087,Restaurant,Breakfast restaurant,Burrito restaurant,Deli,Mexican restaurant,Juice shop,Seafood restaurant,Snack bar,Vegan restaurant,,,https://www.google.com/maps/search/?api=1&query=Yumze%20Food&query_place_id=ChIJ_5-pfKlowokRFyuPrGAK-eY,Restaurant,5.53338948872752,21.58,Small,3.5–4.0
Ichiban sushi and cajun harbor,4.1,141.0,2-33 Beach 20th St,Far Rockaway,New York,US,https://www.ichibansushiandcajunharbor.com/,+1 347-246-6441,Seafood restaurant,Cajun restaurant,Sushi restaurant,,,,,,,,,https://www.google.com/maps/search/?api=1&query=Ichiban%20sushi%20and%20cajun%20harbor&query_place_id=ChIJ0XgEcNlpwokR4mebsuU2sQ0,Seafood restaurant,4.955827057601261,20.319,Small,4.0–4.5
Super Burrito Rockaway | Queens,4.4,406.0,1-90 Beach 69th St,Arverne,New York,US,http://superburritonyc.com/,+1 718-269-4560,Burrito restaurant,Takeout restaurant,Mexican restaurant,,,,,,,,,https://www.google.com/maps/search/?api=1&query=Super%20Burrito%20Rockaway%20%7C%20Queens&query_place_id=ChIJW4RHyXxpwokRqmlFjoOYsDE,Burrito restaurant,6.008813185442595,26.439,Small,4.0–4.5
New Cheung Chow,3.9,98.0,20-11 New Haven Ave,Far Rockaway,New York,US,https://www.facebook.com/pages/New-Cheung-Chow-Chinese-Restaurant/111561905551410,+1 718-471-7795,Chinese restaurant,,,,,,,,,,,https://www.google.com/maps/search/?api=1&query=New%20Cheung%20Chow&query_place_id=ChIJg9njeqlowokRRORSX-vX1rA,Chinese restaurant,4.59511985013459,17.921,Micro,3.5–4.0
Elegante Restaurant & Pizzeria,4.4,706.0,92-01 Rockaway Beach Blvd,Rockaway Beach,New York,US,https://www.elegantepizzeriarestaurant.com/?utm_source=gbp,+1 718-634-3914,Pizza restaurant,Italian restaurant,Meal delivery,,,,,,,,,https://www.google.com/maps/search/?api=1&query=Elegante%20Restaurant%20%26%20Pizzeria&query_place_id=ChIJfdftHUdowokRVbCXKo_CjlQ,Pizza restaurant,6.561030665896573,28.869,Popular,4.0–4.5
Tacos Y Mas,4.0,615.0,18-31 Mott Ave,Far Rockaway,New York,US,https://tacosnmas.com/?utm_source=google,+1 718-327-3001,Mexican restaurant,Latin American restaurant,Meal delivery,Takeout restaurant,Restaurant,Taco restaurant,,,,,,https://www.google.com/maps/search/?api=1&query=Tacos%20Y%20Mas&query_place_id=ChIJpW-AgKpowokRFdPv5eNpxHI,Mexican restaurant,6.423246963533519,25.693,Popular,3.5–4.0
Sapori Ristorante,4.9,421.0,3800 Richmond Ave,Staten Island,New York,US,http://saporiristorantesi.com/,(718) 210-0388,Italian restaurant,,,,,,,,,,,https://www.google.com/maps/search/?api=1&query=Sapori%20Ristorante&query_place_id=ChIJYQchsYFLwokRyef6-Xp1JWY,Italian restaurant,6.045005314036012,29.621,Small,4.5–5.0
Charm Khao Thai Restaurant,4.8,66.0,1949 Richmond Ave,Staten Island,New York,US,https://www.charmkhaothai.com/,(718) 889-0109,Thai restaurant,,,,,,,,,,,https://www.google.com/maps/search/?api=1&query=Charm%20Khao%20Thai%20Restaurant&query_place_id=ChIJzefE4HpNwokRNCntroCW-0o,Thai restaurant,4.204692619390966,20.183,Micro,4.5–5.0
Osteria by Primo,4.8,172.0,1282 Richmond Rd,Staten Island,New York,US,http://www.osteriasi.com/,(347) 258-9782,Restaurant,Family restaurant,Italian restaurant,Pizza restaurant,,,,,,,,https://www.google.com/maps/search/?api=1&query=Osteria%20by%20Primo&query_place_id=ChIJxZQI359PwokRcoim1b6Sw9Y,Restaurant,5.153291594497779,24.736,Small,4.5–5.0
Osteria Santina,4.6,452.0,502 Jewett Ave,Staten Island,New York,US,http://osteriasantina.com/,(718) 448-6100,Italian restaurant,,,,,,,,,,,https://www.google.com/maps/search/?api=1&query=Osteria%20Santina&query_place_id=ChIJq79fsDtNwokRUjv3h8321MA,Italian restaurant,6.115892125483034,28.133,Small,4.5–5.0
Sandwich and Pickle Modern Delicatessen,4.6,349.0,"1949 Richmond Avenue, Sandwich and Pickle",Staten Island,NY,US,https://sandwichandpickle.com/,(718) 971-1570,Restaurant,,,,,,,,,,,https://www.google.com/maps/search/?api=1&query=Sandwich%20and%20Pickle%20Modern%20Delicatessen&query_place_id=ChIJ2Q4V4kVNwokR0FU6vdDE69k,Restaurant,5.857933154483459,26.946,Small,4.5–5.0
Canlon's,4.6,495.0,1825 N Railroad Ave #1831,Staten Island,New York,US,http://www.canlons.com/,(718) 667-3013,American restaurant,,,,,,,,,,,https://www.google.com/maps/search/?api=1&query=Canlon's&query_place_id=ChIJi8yV_-JLwokRjQFcQceii04,American restaurant,6.206575926724928,28.55,Small,4.5–5.0
Ariellas Restaurant,4.8,206.0,710 New Dorp Ln,Staten Island,New York,US,http://ariellasrestaurant.com/,(917) 830-0230,Restaurant,,,,,,,,,,,https://www.google.com/maps/search/?api=1&query=Ariellas%20Restaurant&query_place_id=ChIJ0b4ayA5JwokRbZmLk07vS9s,Restaurant,5.332718793265369,25.597,Small,4.5–5.0
Charcoal Gardenia,4.8,655.0,432 Manor Rd,Staten Island,New York,US,https://charcoalgardenia.com/?utm_source=google,(718) 887-0100,Restaurant,Arab restaurant,Coffee shop,Creperie,Dessert restaurant,Family restaurant,Hookah bar,Mediterranean restaurant,Middle Eastern restaurant,Tea house,,https://www.google.com/maps/search/?api=1&query=Charcoal%20Gardenia&query_place_id=ChIJb8B_5utNwokR61SD991Zv0A,Restaurant,6.486160788944089,31.134,Popular,4.5–5.0
Fava Restaurant,4.6,124.0,2009 Victory Blvd,Staten Island,New York,US,http://favarestaurant.com/,(718) 489-9039,Restaurant,,,,,,,,,,,https://www.google.com/maps/search/?api=1&query=Fava%20Restaurant&query_place_id=ChIJp9yf4axNwokR_0SJ-6bqN7A,Restaurant,4.8283137373023015,22.21,Small,4.5–5.0
Patrizia's of Brooklyn,4.5,2344.0,4255 Amboy Rd,Staten Island,New York,US,https://www.instagram.com/patriziasofstatenisland/?hl=en,(718) 317-6600,Italian restaurant,Family restaurant,Northern Italian restaurant,Pizza restaurant,Southern Italian restaurant,,,,,,,https://www.google.com/maps/search/?api=1&query=Patrizia's%20of%20Brooklyn&query_place_id=ChIJublB87FLwokRIcJ3FSxhM5I,Italian restaurant,7.76004068088038,34.92,Viral,4.0–4.5
La Bottiglia Italian Restaurant,4.7,163.0,293 Port Richmond Ave,Staten Island,New York,US,https://www.labottigliarestaurant.com/,(929) 364-0505,Italian restaurant,,,,,,,,,,,https://www.google.com/maps/search/?api=1&query=La%20Bottiglia%20Italian%20Restaurant&query_place_id=ChIJxUR8hG9NwokRjWuktzSsUaE,Italian restaurant,5.099866427824199,23.969,Small,4.5–5.0
Roberto's Gourmet Kitchen,4.7,169.0,2048 Victory Blvd,Staten Island,New York,US,http://www.robertosgourmetkitchensi.com/,(718) 524-7530,Italian restaurant,American restaurant,,,,,,,,,,https://www.google.com/maps/search/?api=1&query=Roberto's%20Gourmet%20Kitchen&query_place_id=ChIJGVj1_PlNwokRN3L9IfTlSnk,Italian restaurant,5.135798437050262,24.138,Small,4.5–5.0
Istanbul Bay Authentic Mediterranean Restaurant,4.8,560.0,500-502 Bay St,Staten Island,New York,US,https://istanbulbaysi.com/,(347) 466-4373,Turkish restaurant,Family restaurant,Halal restaurant,Hookah bar,Mediterranean restaurant,Vegetarian restaurant,,,,,,https://www.google.com/maps/search/?api=1&query=Istanbul%20Bay%20Authentic%20Mediterranean%20Restaurant&query_place_id=ChIJfWzrYX1PwokRK2EIYuXqRwQ,Turkish restaurant,6.329720905522696,30.383,Popular,4.5–5.0
Riva Mediterranean & Turkish Cuisine,4.8,521.0,4318 Amboy Rd,Staten Island,New York,US,http://rivacafenyc.com/,(718) 306-6665,Turkish restaurant,,,,,,,,,,,https://www.google.com/maps/search/?api=1&query=Riva%20Mediterranean%20%26%20Turkish%20Cuisine&query_place_id=ChIJBYI5ScNLwokRxyHhpDmsO5M,Turkish restaurant,6.257667587882639,30.037,Popular,4.5–5.0
La Cabana Restaurant And Bar,4.8,64.0,97 Victory Blvd,Staten Island,New York,US,http://lacabanasi.com/,(718) 524-4101,Mexican restaurant,Bar,,,,,,,,,,https://www.google.com/maps/search/?api=1&query=La%20Cabana%20Restaurant%20And%20Bar&query_place_id=ChIJ-8nNiohPwokRblaTghwuZNY,Mexican restaurant,4.174387269895637,20.037,Micro,4.5–5.0
Il Sapore cafe,4.7,63.0,10 Akron St,Staten Island,New York,US,https://www.ilsaporecafe.com/,(718) 983-0883,Restaurant,,,,,,,,,,,https://www.google.com/maps/search/?api=1&query=Il%20Sapore%20cafe&query_place_id=ChIJZz57Hj5NwokRYpUJIxdZuFw,Restaurant,4.1588830833596715,19.547,Micro,4.5–5.0
Harvest Cafe,4.7,309.0,694 New Dorp Ln,Staten Island,New York,US,http://www.harvestcafe-si.org/,(347) 857-6888,Restaurant,Breakfast restaurant,Brunch restaurant,Lunch restaurant,Cafe,,,,,,,https://www.google.com/maps/search/?api=1&query=Harvest%20Cafe&query_place_id=ChIJuWekL0hJwokRrx2XEx2c7k8,Restaurant,5.736572297479192,26.962,Small,4.5–5.0
Casa Verde Restaurant,4.6,367.0,3471 Richmond Rd,Staten Island,New York,US,https://casaverdesi.com/,(718) 983-8344,Italian restaurant,Restaurant,,,,,,,,,,https://www.google.com/maps/search/?api=1&query=Casa%20Verde%20Restaurant&query_place_id=ChIJ1-OrIoJLwokR_i4HunJOIpE,Italian restaurant,5.908082938168931,27.177,Small,4.5–5.0
SILK SPOON,5.0,94.0,460 Bradley Ave,Staten Island,New York,US,https://www.silkspoonsi.com/,(718) 494-7455,Kosher restaurant,Restaurant,,,,,,,,,,https://www.google.com/maps/search/?api=1&query=SILK%20SPOON&query_place_id=ChIJ-VcdLsxNwokRFk0hrPEJf18,Kosher restaurant,4.553876891600541,22.769,Micro,4.5–5.0
The Manor,4.5,536.0,917 Manor Rd,Staten Island,New York,US,http://www.manorrestaurantsiny.com/,(718) 698-4433,Italian restaurant,American restaurant,Restaurant,,,,,,,,,https://www.google.com/maps/search/?api=1&query=The%20Manor&query_place_id=ChIJ22lI-5xOwokRy7IUlY1H1dw,Italian restaurant,6.285998094508865,28.287,Popular,4.0–4.5
The Landing,4.6,266.0,1 Pennsylvania Plaza,New York,New York,US,https://www.thelanding.nyc/?y_source=1_MzI0ODA0MDMtNzE1LWxvY2F0aW9uLndlYnNpdGU%3D,(917) 764-3463,Restaurant,Bar,Breakfast restaurant,Brunch restaurant,Lounge bar,,,,,,,https://www.google.com/maps/search/?api=1&query=The%20Landing&query_place_id=ChIJ1Zviw79ZwokRTH7D4gNH6HE,Restaurant,5.58724865840025,25.701,Small,4.5–5.0
Buena Vista Restaurant & Bar,4.7,1452.0,536 9th Ave,New York,New York,US,https://www.buenavistany.com/locations/hells-kitchen/?utm_source=google&utm_medium=organic&utm_campaign=gbp-listing,(212) 388-5040,Restaurant,Bar & grill,Brunch restaurant,Cocktail bar,Fine dining restaurant,Latin American restaurant,Pan-Latin restaurant,Seafood restaurant,Spanish restaurant,,,https://www.google.com/maps/search/?api=1&query=Buena%20Vista%20Restaurant%20%26%20Bar&query_place_id=ChIJ__8ztFJYwokRm2x1-poe3ks,Restaurant,7.2813856635702825,34.223,Popular,4.5–5.0
Sea Salt NYC,4.7,1119.0,1123 1st Ave,New York,New York,US,https://www.seasaltrestaurantnyc.com/,(917) 261-4443,Mediterranean restaurant,Brunch restaurant,Greek restaurant,,,,,,,,,https://www.google.com/maps/search/?api=1&query=Sea%20Salt%20NYC&query_place_id=ChIJYfgPUEFZwokRZ5mk9JqnxSc,Mediterranean restaurant,7.02108396428914,32.999,Popular,4.5–5.0
Carmine's - Upper West Side,4.4,7071.0,2450 Broadway,New York,New York,US,https://carminesnyc.com/locations/upper-west-side,(212) 362-2200,Italian restaurant,Caterer,Delivery service,Event venue,Family restaurant,Takeout Restaurant,,,,,,https://www.google.com/maps/search/?api=1&query=Carmine's%20-%20Upper%20West%20Side&query_place_id=ChIJrXva_oJYwokROtv_EdGJgH0,Italian restaurant,8.863898604317479,39.001,Viral,4.0–4.5
SESAMO - Italian Restaurant Hell's Kitchen,4.6,1427.0,764 10th Ave,New York,New York,US,https://sesamorestaurant.com/,(212) 265-2755,Italian restaurant,Restaurant,,,,,,,,,,https://www.google.com/maps/search/?api=1&query=SESAMO%20-%20Italian%20Restaurant%20Hell's%20Kitchen&query_place_id=ChIJzY70m1BYwokRPl3Q3N_6-Io,Italian restaurant,7.2640301428995295,33.415,Popular,4.5–5.0
Junior's Restaurant and Bakery,4.4,12864.0,"1626 Broadway at, W 49th St",New York,NY,US,http://www.juniorscheesecake.com/,(212) 365-5900,American restaurant,Bakery,,,,,,,,,,https://www.google.com/maps/search/?api=1&query=Junior's%20Restaurant%20and%20Bakery&query_place_id=ChIJZ3o4EVZYwokRf3evFti1FLs,American restaurant,9.462265724715845,41.634,Viral,4.0–4.5
El Tina Harlem Restaurant,4.6,1441.0,511 W 125th St,New York,New York,US,http://www.elnuevotinarestaurant.com/,(212) 222-1104,Dominican restaurant,,,,,,,,,,,https://www.google.com/maps/search/?api=1&query=El%20Tina%20Harlem%20Restaurant&query_place_id=ChIJMRtWS2r2wokRu_wtCMfge6Y,Dominican restaurant,7.273786317844895,33.459,Popular,4.5–5.0
Oceana,4.5,1534.0,120 W 49th St,New York,New York,US,https://www.oceanarestaurant.com/,(212) 759-5941,Seafood restaurant,Bar,Fine dining restaurant,,,,,,,,,https://www.google.com/maps/search/?api=1&query=Oceana&query_place_id=ChIJ34SOS_9YwokR7vXpNdS9tZ8,Seafood restaurant,7.336285660021297,33.013,Popular,4.0–4.5
Mangia 57th - Midtown Italian Food & Corporate Catering NYC,4.5,901.0,57 W 57th St,New York,New York,US,https://mangia.nyc/,(212) 582-5882,Lunch restaurant,Bakery,Breakfast restaurant,Cafe,Caterer,Italian restaurant,Juice shop,Salad shop,Sandwich shop,Wine bar,,https://www.google.com/maps/search/?api=1&query=Mangia%2057th%20-%20Midtown%20Italian%20Food%20%26%20Corporate%20Catering%20NYC&query_place_id=ChIJ0YBfw1tYwokRzcCcyVoNgh0,Lunch restaurant,6.804614520062624,30.621,Popular,4.0–4.5
Serafina Broadway 55th (Midtown),4.1,2454.0,210 W 55th St,New York,New York,US,https://www.serafinarestaurant.com/location/serafina-broadway/,(212) 315-1700,Restaurant,Bar,Breakfast restaurant,Cocktail bar,Italian restaurant,Pizza restaurant,,,,,,https://www.google.com/maps/search/?api=1&query=Serafina%20Broadway%2055th%20(Midtown)&query_place_id=ChIJ05O-HvhYwokRAglJqeW_Mog,Restaurant,7.805882040228621,32.004,Viral,4.0–4.5
Avenida,4.5,1077.0,1 Pennsylvania Plaza,New York,New York,US,https://avenida-nyc.com/?utm_source=google,(212) 643-1270,Restaurant,Bar,Brunch restaurant,Caterer,Chicken wings restaurant,Latin American restaurant,Mexican restaurant,Sandwich shop,Taco restaurant,Vegetarian restaurant,,https://www.google.com/maps/search/?api=1&query=Avenida&query_place_id=ChIJM8DJ2k1ZwokRcmw3Vm5HuiU,Restaurant,6.982862751468942,31.423,Popular,4.0–4.5
BSTRO 38,4.8,147.0,58 W 38th St,New York,New York,US,http://bstro38.com/,(212) 944-0990,New American restaurant,Bistro,Caterer,Event venue,Mediterranean restaurant,Modern European restaurant,Seafood restaurant,,,,,https://www.google.com/maps/search/?api=1&query=BSTRO%2038&query_place_id=ChIJ_8_VR6pZwokRc3t-zmb-uGY,New American restaurant,4.997212273764115,23.987,Small,4.5–5.0
CanteenM,4.6,70.0,218 W 50th St,New York,New York,US,,(212) 461-3638,American restaurant,Bar,,,,,,,,,,https://www.google.com/maps/search/?api=1&query=CanteenM&query_place_id=ChIJzVQMQlZYwokRiXI_3cFrKz8,American restaurant,4.2626798770413155,19.608,Micro,4.5–5.0
Junior's Restaurant & Bakery,4.4,15448.0,"1515 Broadway, W 45th St",New York,NY,US,https://www.juniorscheesecake.com/blog/restaurants/times-square/,(212) 302-2000,American restaurant,,,,,,,,,,,https://www.google.com/maps/search/?api=1&query=Junior's%20Restaurant%20%26%20Bakery&query_place_id=ChIJv8YTWFRYwokRkTUSNDg04Y4,American restaurant,9.64529955531205,42.439,Viral,4.0–4.5
Frying Pan NYC,4.3,2647.0,"Red Boat In Park, 207 12th Ave",New York,New York,US,https://www.fryingpan.com/,(212) 989-6363,American restaurant,Bar,Brunch restaurant,Event venue,Restaurant,,,,,,,https://www.google.com/maps/search/?api=1&query=Frying%20Pan%20NYC&query_place_id=ChIJTWX832NYwokRN6TVfy29Eo4,American restaurant,7.881559917056899,33.891,Viral,4.0–4.5
Cafe Luce - Italian Restaurant & Wine Bar,4.7,1409.0,235 E 53rd St,New York,New York,US,https://www.cafelucenyc.com/,(646) 590-2777,Italian restaurant,Brunch restaurant,Caterer,Delivery service,Gluten-free restaurant,Lunch restaurant,Takeout Restaurant,Pasta shop,Restaurant,Wine bar,,https://www.google.com/maps/search/?api=1&query=Cafe%20Luce%20-%20Italian%20Restaurant%20%26%20Wine%20Bar&query_place_id=ChIJhS3JxrpZwokRJxep_goyABg,Italian restaurant,7.251344983372214,34.081,Popular,4.5–5.0
"Lorenzo’s Restaurant, Bar & Cabaret",4.3,569.0,1100 South Ave,Staten Island,New York,US,http://lorenzosdining.com/,(718) 477-2400 ext. 4,Italian restaurant,Fine dining restaurant,,,,,,,,,,https://www.google.com/maps/search/?api=1&query=Lorenzo%E2%80%99s%20Restaurant%2C%20Bar%20%26%20Cabaret&query_place_id=ChIJX0jg-flMwokRMA1p2EMoXzQ,Italian restaurant,6.345636360828596,27.286,Popular,4.0–4.5
Angelina's Kitchen,4.3,910.0,280 Marsh Ave,Staten Island,New York,US,http://angelinaskitchennyc.com/,(718) 698-2000,Italian restaurant,Restaurant,,,,,,,,,,https://www.google.com/maps/search/?api=1&query=Angelina's%20Kitchen&query_place_id=ChIJBcy5u4ZLwokRRl0zqhF1xlg,Italian restaurant,6.814542897259958,29.303,Popular,4.0–4.5
Maizal Restaurant,4.6,624.0,990 Bay St,Staten Island,New York,US,http://www.maizalrestaurant.com/,(347) 825-3776,Mexican restaurant,Bar,Cafe,,,,,,,,,https://www.google.com/maps/search/?api=1&query=Maizal%20Restaurant&query_place_id=ChIJ69JJPa5PwokRizsyqlBQcTU,Mexican restaurant,6.437751649736401,29.614,Popular,4.5–5.0
Marina Cafe Restaurant & Tiki Bar,4.3,1684.0,154 Mansion Ave,Staten Island,New York,US,http://www.marinacafesiny.com/,(718) 967-3077,Seafood restaurant,American restaurant,Banquet hall,Caterer,Cocktail bar,Italian restaurant,Restaurant,Tiki bar,,,,https://www.google.com/maps/search/?api=1&query=Marina%20Cafe%20Restaurant%20%26%20Tiki%20Bar&query_place_id=ChIJ0VbzEMxLwokRXwhbOPUmO14,Seafood restaurant,7.429520842786462,31.947,Popular,4.0–4.5
Tommys Tavern + Tap,4.4,1880.0,2655 Richmond Ave,Staten Island,New York,US,https://www.tommystavernandtap.com/staten-island,(718) 489-2201,Restaurant,Bar & grill,Family restaurant,Hamburger restaurant,Pizza restaurant,Sports bar,Steak house,Sushi restaurant,,,,https://www.google.com/maps/search/?api=1&query=Tommys%20Tavern%20%2B%20Tap&query_place_id=ChIJWdknFsRLwokR1jq88T0Mr7U,Restaurant,7.53955882930103,33.174,Popular,4.0–4.5
La Fontana,4.3,395.0,2879 Amboy Rd,Staten Island,New York,US,http://lafontanasiny.com/,(718) 667-4343,Italian restaurant,Bar,,,,,,,,,,https://www.google.com/maps/search/?api=1&query=La%20Fontana&query_place_id=ChIJkezEJP1LwokRwR78H95n5_0,Italian restaurant,5.981414211254481,25.72,Small,4.0–4.5
Francesco’s Fine Italian Cuisine & Supper Club,4.5,444.0,3555 Victory Blvd,Staten Island,New York,US,https://www.francescossi.com/,(718) 682-1331,Italian restaurant,Pizza restaurant,,,,,,,,,,https://www.google.com/maps/search/?api=1&query=Francesco%E2%80%99s%20Fine%20Italian%20Cuisine%20%26%20Supper%20Club&query_place_id=ChIJOQOQhItMwokRd0u7JjuGXTQ,Italian restaurant,6.09807428216624,27.441,Small,4.0–4.5
Gino's Pizzeria And Restaurant,4.1,598.0,10-38 Beach 20th St,Far Rockaway,New York,US,https://www.ginospizzeriarestaurantqueens.com/,+1 718-471-6825,Pizza restaurant,Italian restaurant,Meal delivery,,,,,,,,,https://www.google.com/maps/search/?api=1&query=Gino's%20Pizzeria%20And%20Restaurant&query_place_id=ChIJjbtPBqpowokRDqYwTTd9VeI,Pizza restaurant,6.395261598115449,26.221,Popular,4.0–4.5
301,3.9,249.0,86-03 Rockaway Beach Blvd,Queens,New York,US,http://www.301rockawaybeach.com/,+1 718-318-7800,Chinese restaurant,Meal delivery,,,,,,,,,,https://www.google.com/maps/search/?api=1&query=301&query_place_id=ChIJy8OX80NowokRk_cqtufv-Yk,Chinese restaurant,5.521460917862246,21.534,Small,3.5–4.0
Lucky Cornaga,3.6,137.0,14-20 Cornaga Ave,Far Rockaway,New York,US,,+1 718-868-3051,Chinese restaurant,Asian restaurant,Meal delivery,Takeout restaurant,Restaurant,,,,,,,https://www.google.com/maps/search/?api=1&query=Lucky%20Cornaga&query_place_id=ChIJPRlHjKlowokR53tJEDb3r-w,Chinese restaurant,4.927253685157205,17.738,Small,3.5–4.0
Bento Sushi,2.9,73.0,3-03 30th St,Queens,New York,US,https://www.bentosushi.com/us/,,Sushi restaurant,Takeout restaurant,,,,,,,,,,https://www.google.com/maps/search/?api=1&query=Bento%20Sushi&query_place_id=ChIJJfKv-VxnwokRQkfSr0AuVTo,Sushi restaurant,4.304065093204169,12.482,Micro,<3.0
J&M Pizza,3.4,133.0,2-63 Beach 20th St,Far Rockaway,New York,US,https://www.jmpizza.com/?utm_source=gbp,+1 718-337-5783,Pizza restaurant,,,,,,,,,,,https://www.google.com/maps/search/?api=1&query=J%26M%20Pizza&query_place_id=ChIJmbSAOjppwokRpP0w4ovBQb8,Pizza restaurant,4.897839799950911,16.653,Small,3.0–3.5
McDonald's,2.9,176.0,"Jfk Airport, JFK Terminal 1, Terminal Dr",Jamaica,New York,US,https://www.mcdonalds.com/us/en-us/location/NY/JAMAICA/JFK-AIRPORT-TERMINAL-1/23573.html?cid=RF:YXT:GMB::Clicks,+1 718-751-2833,Fast food restaurant,Breakfast restaurant,Coffee shop,Hamburger restaurant,Restaurant,Sandwich shop,,,,,,https://www.google.com/maps/search/?api=1&query=McDonald's&query_place_id=ChIJJSIM_1NmwokRy3XuxDhMgMI,Fast food restaurant,5.176149732573829,15.011,Small,<3.0
RIPPERS,4.4,901.0,86-01 Shore Front Pkwy,Rockaway Beach,New York,US,http://eatrippers.com/,,Hamburger restaurant,Live music bar,Takeout restaurant,Restaurant,,,,,,,,https://www.google.com/maps/search/?api=1&query=RIPPERS&query_place_id=ChIJ91ub_jdowokR-ZC_n_e11gI,Hamburger restaurant,6.804614520062624,29.94,Popular,4.0–4.5
Central Park Boathouse,4.3,5086.0,"EAST 72ND ST +, Center Dr",New York,NY,US,https://centralparkboathouse.com/,(718) 973-9339,American restaurant,Bar,Brunch restaurant,Restaurant,Tourist attraction,,,,,,,https://www.google.com/maps/search/?api=1&query=Central%20Park%20Boathouse&query_place_id=ChIJm17AB5pYwokRWLJ6lEtXKOA,American restaurant,8.534443544822764,36.698,Viral,4.0–4.5
Broadway Lounge,4.2,360.0,1535 Broadway,New York,New York,US,https://www.broadwaylounge.nyc/?scid=feed67b0-9a2f-4de1-8df6-114544116108,(212) 704-8834,Restaurant,Bar,Lounge bar,,,,,,,,,https://www.google.com/maps/search/?api=1&query=Broadway%20Lounge&query_place_id=ChIJcQYXUlRYwokR0hDmOzz_A8c,Restaurant,5.8888779583328805,24.733,Small,4.0–4.5
The LocaL,4.3,527.0,316 Manor Rd,Staten Island,New York,US,https://thelocalsi.com/,(718) 816-6466,Restaurant,Bar,,,,,,,,,,https://www.google.com/maps/search/?api=1&query=The%20LocaL&query_place_id=ChIJBWZJWDdPwokRIH-REMhSLgE,Restaurant,6.269096283706261,26.957,Popular,4.0–4.5
Lacey's Bridge Tavern,4.6,624.0,75 Innis St,Staten Island,New York,US,http://laceysbridgetavern.com/,(718) 273-7514,Restaurant,Bar,,,,,,,,,,https://www.google.com/maps/search/?api=1&query=Lacey's%20Bridge%20Tavern&query_place_id=ChIJ2bEKzcZNwokRrEdZsGygPyA,Restaurant,6.437751649736401,29.614,Popular,4.5–5.0
Richmond Republic,4.2,823.0,4459 Amboy Rd,Staten Island,New York,US,http://www.richmondrepublic.com/,(718) 356-7425,Gastropub,Food and drink,,,,,,,,,,https://www.google.com/maps/search/?api=1&query=Richmond%20Republic&query_place_id=ChIJ__-P76xLwokRYr5m-jqhasI,Gastropub,6.714170529909472,28.2,Popular,4.0–4.5
Lilya's Restaurant & Grill Cafe Gourmand,4.6,400.0,548 Lincoln Ave,Staten Island,New York,US,https://gourmandny.com/,(718) 351-7575,Restaurant,,,,,,,,,,,https://www.google.com/maps/search/?api=1&query=Lilya's%20Restaurant%20%26%20Grill%20Cafe%20Gourmand&query_place_id=ChIJK8bBozRJwokRNy88hNFUgFA,Restaurant,5.993961427306569,27.572,Small,4.5–5.0
Jade Island,4.2,944.0,2845 Richmond Ave,Staten Island,New York,US,https://jadeislandsi.com/,(718) 761-8080,Chinese restaurant,Bar,Lounge bar,Restaurant,,,,,,,,https://www.google.com/maps/search/?api=1&query=Jade%20Island&query_place_id=ChIJb4WRHYNLwokR465vNzRW3OM,Chinese restaurant,6.851184927493743,28.775,Popular,4.0–4.5
American Grill,4.8,234.0,891 Manor Rd,Staten Island,New York,US,https://ggamericangrill.com/?utm_source=google,(718) 494-4717,Diner,Caterer,Cheesesteak restaurant,Coffee shop,Hamburger restaurant,Pancake restaurant,Salad shop,Sandwich shop,,,,https://www.google.com/maps/search/?api=1&query=American%20Grill&query_place_id=ChIJnRID3C9PwokRYFrd3bRQzAk,Diner,5.459585514144159,26.206,Small,4.5–5.0
The Buttery,4.8,216.0,1761 Victory Blvd,Staten Island,New York,US,,,Hamburger restaurant,Halal restaurant,Sandwich shop,,,,,,,,,https://www.google.com/maps/search/?api=1&query=The%20Buttery&query_place_id=ChIJb9LIpQJPwokRtxyqWxCDW10,Hamburger restaurant,5.37989735354046,25.824,Small,4.5–5.0
Road House,4.1,440.0,1400 Clove Rd,Staten Island,New York,US,http://theroadhousesi.com/,(718) 447-0033,Italian restaurant,Bar,Caterer,,,,,,,,,https://www.google.com/maps/search/?api=1&query=Road%20House&query_place_id=ChIJ0_lqqopOwokRffglcNLp948,Italian restaurant,6.089044875446846,24.965,Small,4.0–4.5
Tienda Valentina’s Restaurant Corp.,4.8,43.0,1060 Richmond Rd,Staten Island,New York,US,http://tiendavalentinasrestaurantcorpny.com/,(347) 466-5270,Mexican restaurant,,,,,,,,,,,https://www.google.com/maps/search/?api=1&query=Tienda%20Valentina%E2%80%99s%20Restaurant%20Corp.&query_place_id=ChIJlXf8VoFPwokR99cp0n19QBg,Mexican restaurant,3.784189633918261,18.164,Micro,4.5–5.0
Salda Mediterranean Turkish Cuisine,4.6,387.0,1734 Victory Blvd,Staten Island,New York,US,https://saldanyc.com/,(718) 866-1793,Mediterranean restaurant,Restaurant,Turkish restaurant,,,,,,,,,https://www.google.com/maps/search/?api=1&query=Salda%20Mediterranean%20Turkish%20Cuisine&query_place_id=ChIJGaS1TxFPwokR9tcge9JkTrE,Mediterranean restaurant,5.961005339623274,27.421,Small,4.5–5.0
Pho Mac,4.5,775.0,1407 Richmond Ave,Staten Island,New York,US,https://www.eatphomac.com/,(718) 982-9292,Vietnamese restaurant,,,,,,,,,,,https://www.google.com/maps/search/?api=1&query=Pho%20Mac&query_place_id=ChIJE1LdtE9MwokRNHHD9shs56s,Vietnamese restaurant,6.654152520183219,29.944,Popular,4.0–4.5
Staten Island Diner,4.4,799.0,1877 Victory Blvd,Staten Island,New York,US,http://www.statenislanddiner.com/,(718) 273-4515,Diner,American restaurant,Breakfast restaurant,Brunch restaurant,Lunch restaurant,Restaurant,,,,,,https://www.google.com/maps/search/?api=1&query=Staten%20Island%20Diner&query_place_id=ChIJE3DPMCpMwokRnezF7pP7MaI,Diner,6.684611727667927,29.412,Popular,4.0–4.5
Lakruwana Restaurant,4.5,1086.0,668 Bay St,Staten Island,New York,US,http://www.lakruwanarestaurant.com/,(347) 857-6619,Sri Lankan restaurant,,,,,,,,,,,https://www.google.com/maps/search/?api=1&query=Lakruwana%20Restaurant&query_place_id=ChIJ03HMlbRPwokR4dG6Dhon-A4,Sri Lankan restaurant,6.99117688712121,31.46,Popular,4.0–4.5
La Fortuna Mexican Restaurant,4.8,132.0,2047 Richmond Ter,Staten Island,New York,US,https://lafortunasi.com/,(718) 216-9012,Mexican restaurant,Burrito restaurant,Takeout Restaurant,Restaurant,Salad shop,Seafood restaurant,Taco restaurant,,,,,https://www.google.com/maps/search/?api=1&query=La%20Fortuna%20Mexican%20Restaurant&query_place_id=ChIJ0VgtDqZNwokROxJGMmvxZuY,Mexican restaurant,4.890349128221754,23.474,Small,4.5–5.0
Cafe Bella Vita Italian Restaurant,4.5,597.0,1919 Hylan Blvd,Staten Island,New York,US,http://www.cafebellavita.net/,(718) 667-5656,Italian restaurant,Bar,Cafe,Event venue,Restaurant,,,,,,,https://www.google.com/maps/search/?api=1&query=Cafe%20Bella%20Vita%20Italian%20Restaurant&query_place_id=ChIJa0ukg8hOwokRWNCI0Y4Hfg8,Italian restaurant,6.393590753950631,28.771,Popular,4.0–4.5
West Shore Inn Steakhouse,4.4,1290.0,3955 Victory Blvd,Staten Island,New York,US,http://westshoreinn.com/,(718) 698-9722,Steak house,American restaurant,Seafood restaurant,Sports bar,,,,,,,,https://www.google.com/maps/search/?api=1&query=West%20Shore%20Inn%20Steakhouse&query_place_id=ChIJE6FIRJpMwokR7-7l7RQ_j98,Steak house,7.1631723908466425,31.518,Popular,4.0–4.5
Mexican Cantina Restaurant & Bar,4.4,339.0,1736 Victory Blvd,Staten Island,New York,US,http://mexicancantinasi.com/,(718) 524-4322,Mexican restaurant,Bar,Bar & grill,Burrito restaurant,Caterer,Lunch restaurant,Restaurant,Taco restaurant,Tex-Mex restaurant,,,https://www.google.com/maps/search/?api=1&query=Mexican%20Cantina%20Restaurant%20%26%20Bar&query_place_id=ChIJJd7q1t9PwokRwlUZuhqw1o0,Mexican restaurant,5.8289456176102075,25.647,Small,4.0–4.5
Jimmy Max,4.5,1034.0,280 Watchogue Rd,Staten Island,New York,US,http://jimmymax.com/,(718) 983-6715,Pizza restaurant,Bar,Italian restaurant,Delivery Restaurant,,,,,,,,https://www.google.com/maps/search/?api=1&query=Jimmy%20Max&query_place_id=ChIJIZU6qzNMwokRKcHUE6OPHBw,Pizza restaurant,6.942156705699469,31.24,Popular,4.0–4.5
Alshaybani Restaurant,4.9,1142.0,7316 3rd Ave,Brooklyn,New York,US,https://alshaybanirestaurant.com/,(347) 909-7061,Yemeni restaurant,Restaurant,,,,,,,,,,https://www.google.com/maps/search/?api=1&query=Alshaybani%20Restaurant&query_place_id=ChIJzWVQgaBFwokRB-JTyztlnxI,Yemeni restaurant,7.04141166379481,34.503,Popular,4.5–5.0
New Dinette Restaurant,4.7,50.0,187 Port Richmond Ave,Staten Island,New York,US,,(718) 447-6681,Restaurant,,,,,,,,,,,https://www.google.com/maps/search/?api=1&query=New%20Dinette%20Restaurant&query_place_id=ChIJdbxvEmRNwokRTwq87Ts-thw,Restaurant,3.9318256327243257,18.48,Micro,4.5–5.0
Chris's Restaurant - Polska Restauracja Brooklyn NY,4.6,498.0,1866 86th St,Brooklyn,New York,US,https://chrisrestaurants.com/,(347) 462-3755,Polish restaurant,,,,,,,,,,,https://www.google.com/maps/search/?api=1&query=Chris's%20Restaurant%20-%20Polska%20Restauracja%20Brooklyn%20NY&query_place_id=ChIJGd98LwxFwokR9Bd6WPuXCmE,Polish restaurant,6.212606095751519,28.578,Small,4.5–5.0
Delia's Lounge & Restaurant,4.6,439.0,9224 3rd Ave,Brooklyn,New York,US,http://www.deliaslounge.com/,(718) 491-8700,Restaurant,Bar,Lounge bar,Traditional American restaurant,,,,,,,,https://www.google.com/maps/search/?api=1&query=Delia's%20Lounge%20%26%20Restaurant&query_place_id=ChIJKXn61YtPwokRRJcSr6NY1Ag,Restaurant,6.0867747269123065,27.999,Small,4.5–5.0
Cinco de Mayo Restaurant & Bar,4.2,103.0,2110 Clove Rd,Staten Island,New York,US,https://cincodemayorestaurantbarny.com/,(718) 524-4432,Restaurant,,,,,,,,,,,https://www.google.com/maps/search/?api=1&query=Cinco%20de%20Mayo%20Restaurant%20%26%20Bar&query_place_id=ChIJQWsHyVJPwokRkpel13KvA7I,Restaurant,4.6443908991413725,19.506,Small,4.0–4.5
Al Aqsa Restaurant Falafel House,4.9,706.0,1758 Hylan Blvd,Staten Island,New York,US,,(347) 825-2032,Mediterranean restaurant,,,,,,,,,,,https://www.google.com/maps/search/?api=1&query=Al%20Aqsa%20Restaurant%20Falafel%20House&query_place_id=ChIJq44gFGFPwokRdXnTv9Al5a0,Mediterranean restaurant,6.561030665896573,32.149,Popular,4.5–5.0
Nino's Restaurant,4.6,950.0,1110 Hylan Blvd,Staten Island,New York,US,http://www.ninosrestaurant.com/,(718) 448-3838,Italian restaurant,,,,,,,,,,,https://www.google.com/maps/search/?api=1&query=Nino's%20Restaurant&query_place_id=ChIJFwwL_uJOwokRDxxDb9QXih0,Italian restaurant,6.85751406254539,31.545,Popular,4.5–5.0
Chadwick's,4.6,883.0,8822 3rd Ave,Brooklyn,New York,US,http://www.chadwicksbrooklyn.com/,(718) 833-9855,American restaurant,,,,,,,,,,,https://www.google.com/maps/search/?api=1&query=Chadwick's&query_place_id=ChIJ14EA8YpPwokRVLYiltmUulw,American restaurant,6.784457062637643,31.209,Popular,4.5–5.0
Yemenat,4.7,939.0,7721 5th Ave,Brooklyn,New York,US,https://www.yemenat.rest/,(718) 491-5600,Yemeni restaurant,Mediterranean restaurant,Middle Eastern restaurant,Seafood restaurant,,,,,,,,https://www.google.com/maps/search/?api=1&query=Yemenat&query_place_id=ChIJB14pRT9FwokRnMbBprTy7RI,Yemeni restaurant,6.84587987526405,32.176,Popular,4.5–5.0
Mishki Micuy Peruvian restaurant,4.4,81.0,875 Post Ave,Staten Island,New York,US,https://mishkimicuy.com/,(718) 734-2266,Peruvian restaurant,,,,,,,,,,,https://www.google.com/maps/search/?api=1&query=Mishki%20Micuy%20Peruvian%20restaurant&query_place_id=ChIJK5twRDRNwokRqMp62DIl8TQ,Peruvian restaurant,4.406719247264253,19.39,Micro,4.0–4.5
Mezcal's,4.4,518.0,20 Bradley Ave,Staten Island,New York,US,http://www.mezcalssi.com/,(718) 494-4547,Mexican restaurant,,,,,,,,,,,https://www.google.com/maps/search/?api=1&query=Mezcal's&query_place_id=ChIJHbS8iy5MwokRuIKxxZ6lNCA,Mexican restaurant,6.251903883165888,27.508,Popular,4.0–4.5
Polonica Restaurant,4.5,283.0,8303 3rd Ave,Brooklyn,New York,US,https://www.ubereats.com/store/polonica-restaurant-polish-cuisine/-Ndi62HdVeKF73_h6PSc9w?diningMode=DELIVERY,(718) 630-5805,Polish restaurant,Delivery Restaurant,Restaurant,,,,,,,,,https://www.google.com/maps/search/?api=1&query=Polonica%20Restaurant&query_place_id=ChIJt-Xyg1dFwokR9jJl1L_u4G8,Polish restaurant,5.648974238161206,25.42,Small,4.0–4.5
East Pacific,4.0,552.0,2655 Richmond Ave,Staten Island,New York,US,http://eastpacificsi.com/,(718) 370-2225,Chinese restaurant,,,,,,,,,,,https://www.google.com/maps/search/?api=1&query=East%20Pacific&query_place_id=ChIJryiJtIBLwokRwmG-FynYcOM,Chinese restaurant,6.315358001522335,25.261,Popular,3.5–4.0
"The Colonnade Diner, Restaurant & Catering",4.2,1290.0,2001 Hylan Blvd,Staten Island,New York,US,http://colonnadediner.com/,(718) 351-2900,Restaurant,Event venue,,,,,,,,,,https://www.google.com/maps/search/?api=1&query=The%20Colonnade%20Diner%2C%20Restaurant%20%26%20Catering&query_place_id=ChIJ5Uh5SshOwokRzDO_GIHhjF8,Restaurant,7.1631723908466425,30.085,Popular,4.0–4.5
Graffitery,4.2,50.0,2456 Richmond Ave,Staten Island,New York,US,,(615) 681-9811,Restaurant,,,,,,,,,,,https://www.google.com/maps/search/?api=1&query=Graffitery&query_place_id=ChIJIfuy8aVNwokRluVxtXJ_nFo,Restaurant,3.9318256327243257,16.514,Micro,4.0–4.5
New Asha Sri Lanka Restaurant,4.7,449.0,322 Victory Blvd,Staten Island,New York,US,,(718) 420-0649,Sri Lankan restaurant,,,,,,,,,,,https://www.google.com/maps/search/?api=1&query=New%20Asha%20Sri%20Lanka%20Restaurant&query_place_id=ChIJ8Sq1_DZOwokRHdzR6piX74Q,Sri Lankan restaurant,6.1092475827643655,28.713,Small,4.5–5.0
Violette's Restaurant - Staten Island,4.2,1006.0,2271 Hylan Blvd,Staten Island,New York,US,http://www.violettesrestaurant.com/,(718) 650-5050,Restaurant,Brunch restaurant,Italian restaurant,Seafood restaurant,Steak house,,,,,,,https://www.google.com/maps/search/?api=1&query=Violette's%20Restaurant%20-%20Staten%20Island&query_place_id=ChIJPzucvrROwokR7y7Tqa-Eul0,Restaurant,6.914730892718563,29.042,Popular,4.0–4.5
Poke Cafe,4.7,43.0,607 Manor Rd,Staten Island,New York,US,https://www.pokecafesi.com/,(917) 985-6088,Japanese restaurant,Burrito restaurant,Coffee shop,Poke bar,,,,,,,,https://www.google.com/maps/search/?api=1&query=Poke%20Cafe&query_place_id=ChIJoaYmDDxPwokRaIDjzyv_XEk,Japanese restaurant,3.784189633918261,17.786,Micro,4.5–5.0
Al Reef Bakery and Restaurant,4.9,314.0,7905 5th Ave,Brooklyn,New York,US,https://alreefbakeryandrestaurant.com/,(718) 928-0000,Halal restaurant,Bakery,,,,,,,,,,https://www.google.com/maps/search/?api=1&query=Al%20Reef%20Bakery%20and%20Restaurant&query_place_id=ChIJoxi7k-hFwokRaX_kG2gJ2Hw,Halal restaurant,5.752572638825633,28.188,Small,4.5–5.0
Tequila Restaurant,4.9,68.0,8321 5th Ave,Brooklyn,New York,US,https://tequilarestaurantny.com/,(347) 578-7461,Mexican restaurant,,,,,,,,,,,https://www.google.com/maps/search/?api=1&query=Tequila%20Restaurant&query_place_id=ChIJiVO74zdFwokRC8Sbs3siAVs,Mexican restaurant,4.23410650459726,20.747,Micro,4.5–5.0
Masseria Dei Vini,4.6,993.0,887 9th Ave,New York,New York,US,http://masseriadeivini.com/,(212) 315-2888,Italian restaurant,Wine bar,,,,,,,,,,https://www.google.com/maps/search/?api=1&query=Masseria%20Dei%20Vini&query_place_id=ChIJeVfr_FhYwokRVM1IjwyvQpE,Italian restaurant,6.901737206656574,31.748,Popular,4.5–5.0
Barking Dog Restaurant,4.2,1294.0,1678 3rd Ave,New York,New York,US,http://www.barkingdognyc.com/,(212) 831-1800,American restaurant,Bar,Breakfast restaurant,Brunch restaurant,Oyster bar restaurant,,,,,,,https://www.google.com/maps/search/?api=1&query=Barking%20Dog%20Restaurant&query_place_id=ChIJfWR-y6VYwokRWrgtJnJvfYU,American restaurant,7.166265974133638,30.098,Popular,4.0–4.5
Redeye Grill,4.3,1838.0,890 7th Ave,New York,New York,US,http://www.redeyegrill.com/,(212) 541-9000,American restaurant,Bar,Seafood restaurant,,,,,,,,,https://www.google.com/maps/search/?api=1&query=Redeye%20Grill&query_place_id=ChIJ1_LNnPdYwokR4md6qC18AMU,American restaurant,7.516977224604321,32.323,Popular,4.0–4.5
Gabriel's Bar & Restaurant,4.4,665.0,40 Central Park S,New York,New York,US,http://www.gabrielsbarandrest.com/,(212) 956-4600,Italian restaurant,Bar,Fine dining restaurant,Northern Italian restaurant,Restaurant,Seafood restaurant,,,,,,https://www.google.com/maps/search/?api=1&query=Gabriel's%20Bar%20%26%20Restaurant&query_place_id=ChIJpXfNHPZYwokRj-5vnEMIYYU,Italian restaurant,6.501289670540389,28.606,Popular,4.0–4.5
Majorelle,4.6,274.0,28 E 63rd St,New York,New York,US,https://www.lowellhotel.com/restaurants-and-bar/majorelle/57-1/,(212) 935-2888,French restaurant,Cocktail bar,Fine dining restaurant,Haute French restaurant,Lunch restaurant,Mediterranean restaurant,Modern French restaurant,Restaurant,Wine cellar,,,https://www.google.com/maps/search/?api=1&query=Majorelle&query_place_id=ChIJc2HLTe5YwokR9etGl2lOIIE,French restaurant,5.616771097666572,25.837,Small,4.5–5.0
Lex Yard,4.5,94.0,301 Park Ave,New York,New York,US,https://www.lexyardnyc.com/,(212) 355-3000,American restaurant,,,,,,,,,,,https://www.google.com/maps/search/?api=1&query=Lex%20Yard&query_place_id=ChIJp3Q2MABZwokRbzZFYomRijg,American restaurant,4.553876891600541,20.492,Micro,4.0–4.5
New San Francisco,4.3,183.0,59 Audubon Ave,New York,New York,US,,(212) 568-4040,Dominican restaurant,Restaurant,,,,,,,,,,https://www.google.com/maps/search/?api=1&query=New%20San%20Francisco&query_place_id=ChIJnRCepJ32wokRvFHFQ4-VzI0,Dominican restaurant,5.214935757608986,22.424,Small,4.0–4.5
At Nine Restaurant & Bar,4.5,993.0,592 9th Ave,New York,New York,US,http://www.atninenyc.com/,(929) 442-1999,Thai restaurant,Bar,,,,,,,,,,https://www.google.com/maps/search/?api=1&query=At%20Nine%20Restaurant%20%26%20Bar&query_place_id=ChIJkVgURFFYwokRW0wQt_4tn-4,Thai restaurant,6.901737206656574,31.058,Popular,4.0–4.5
Telio restaurant,4.4,384.0,2672 Broadway,New York,New York,US,https://teliorestaurant.com/?utm_source=google,(212) 933-0988,Greek restaurant,Gyro restaurant,Takeout Restaurant,Mediterranean restaurant,,,,,,,,https://www.google.com/maps/search/?api=1&query=Telio%20restaurant&query_place_id=ChIJMZgTiYJYwokR_gtirtEUi2A,Greek restaurant,5.953243334287785,26.194,Small,4.0–4.5
Patsy's Italian Restaurant,4.3,2133.0,236 W 56th St,New York,New York,US,http://www.patsys.com/,(212) 247-3491,Italian restaurant,,,,,,,,,,,https://www.google.com/maps/search/?api=1&query=Patsy's%20Italian%20Restaurant&query_place_id=ChIJ22yt_PdYwokRFf4cnErij6k,Italian restaurant,7.665753431861699,32.963,Viral,4.0–4.5
San Francisco,4.3,101.0,2166 Amsterdam Ave,New York,New York,US,http://ordersanfrancisco.mobile-webview8.com/,(212) 927-0721,Dominican restaurant,,,,,,,,,,,https://www.google.com/maps/search/?api=1&query=San%20Francisco&query_place_id=ChIJEb8yDZ32wokRCS-wiRoLkk0,Dominican restaurant,4.624972813284271,19.887,Small,4.0–4.5
Lattanzi Cucina Italiana,4.3,734.0,361 W 46th St,New York,New York,US,http://www.lattanzinyc.com/,(212) 315-0980,Italian restaurant,Dessert restaurant,Roman restaurant,,,,,,,,,https://www.google.com/maps/search/?api=1&query=Lattanzi%20Cucina%20Italiana&query_place_id=ChIJBQop4lNYwokR5TMewzzDyrs,Italian restaurant,6.5998704992128365,28.379,Popular,4.0–4.5
Kahlo,4.5,737.0,525 W 29th St,New York,New York,US,https://www.kahlonyc.com/?utm_source=GBL&utm_medium=GBL&utm_campaign=CustomAudience&utm_term=GBL&utm_content=GBL,(212) 256-0083,Mexican restaurant,Cocktail bar,Event venue,Restaurant,,,,,,,,https://www.google.com/maps/search/?api=1&query=Kahlo&query_place_id=ChIJyQrN22VbwokRkPPkgVB6K-I,Mexican restaurant,6.6039438246004725,29.718,Popular,4.0–4.5
Kasbah Grill,4.5,616.0,"Kosher Steak House Restaurant, 251 W 85th St #3221",New York,New York,US,https://kasbah-grill.com/,(212) 496-1500,Kosher restaurant,Jewish restaurant,Meat dish restaurant,Mediterranean restaurant,Restaurant,Steak house,,,,,,https://www.google.com/maps/search/?api=1&query=Kasbah%20Grill&query_place_id=ChIJz6FFoYZYwokRt03EmEnqlhQ,Kosher restaurant,6.424869023905388,28.912,Popular,4.0–4.5
Casa Cruz Upper East Side Restaurant,4.2,505.0,36 E 61st St,New York,New York,US,https://www.casacruz.nyc/,(212) 970-8983,Restaurant,Cocktail bar,French restaurant,Italian restaurant,Mediterranean restaurant,,,,,,,https://www.google.com/maps/search/?api=1&query=Casa%20Cruz%20Upper%20East%20Side%20Restaurant&query_place_id=ChIJ48VsHFNZwokRgSjsT_HiU0U,Restaurant,6.226536669287466,26.151,Popular,4.0–4.5
Fusion Bar and Grill Peruvian/Mexican,4.6,1109.0,688 10th Ave,New York,New York,US,https://fusionhknyc.com/?utm_source=google,(212) 956-0185,Bar & grill,Caterer,Cocktail bar,Dessert restaurant,Fusion restaurant,Latin American restaurant,Mexican restaurant,Pasta shop,Peruvian restaurant,Seafood restaurant,,https://www.google.com/maps/search/?api=1&query=Fusion%20Bar%20and%20Grill%20Peruvian%2FMexican&query_place_id=ChIJ5cyRrlFYwokRFTRhsMQzm-E,Bar & grill,7.01211529430638,32.256,Popular,4.5–5.0
Flor de Mayo Restaurant,4.4,3041.0,2651 Broadway,New York,New York,US,https://www.flordemayo.com/,(212) 663-5520,Peruvian restaurant,Chinese restaurant,Cuban restaurant,Spanish restaurant,,,,,,,,https://www.google.com/maps/search/?api=1&query=Flor%20de%20Mayo%20Restaurant&query_place_id=ChIJccb94CX2wokRETIajBqC4tE,Peruvian restaurant,8.020270472819238,35.289,Viral,4.0–4.5
Zoralie,4.5,854.0,449 W 51st St,New York,New York,US,https://zoralierestaurant.eat24hour.com/,(646) 590-3751,Dominican restaurant,Latin American restaurant,Delivery Restaurant,Restaurant,,,,,,,,https://www.google.com/maps/search/?api=1&query=Zoralie&query_place_id=ChIJ7816vlBYwokRBNAOaSJbh4s,Dominican restaurant,6.75110146893676,30.38,Popular,4.0–4.5
Mediterraneo Restaurant,4.3,685.0,"1260 2nd Avenue Corner, E 66th St",New York,NY,US,http://mediterraneonyc.com/,(212) 734-7407,Italian restaurant,Bar,Family restaurant,Fine dining restaurant,Pizza restaurant,Restaurant,,,,,,https://www.google.com/maps/search/?api=1&query=Mediterraneo%20Restaurant&query_place_id=ChIJF_T6x-lYwokR4NQQK1Vt0rM,Italian restaurant,6.530877627725885,28.083,Popular,4.0–4.5
Mountain Fusion-Sushi & Ramen House,4.3,189.0,1765 Victory Blvd,Staten Island,New York,US,https://www.mountainfusionny.com/,(718) 727-1765,Japanese restaurant,Bar,Ramen restaurant,Sushi restaurant,,,,,,,,https://www.google.com/maps/search/?api=1&query=Mountain%20Fusion-Sushi%20%26%20Ramen%20House&query_place_id=ChIJw3Zc9zZPwokRSsh8W3NVV-4,Japanese restaurant,5.247024072160486,22.562,Small,4.0–4.5
Vesuvio Restaurant & Pizzeria,4.4,1689.0,7305 3rd Ave,Brooklyn,New York,US,http://vesuviobayridge.com/,(718) 745-0222,Italian restaurant,Caterer,Dessert restaurant,Pizza delivery,Pizza restaurant,Pizza Takeout,,,,,,https://www.google.com/maps/search/?api=1&query=Vesuvio%20Restaurant%20%26%20Pizzeria&query_place_id=ChIJ9acCK1hFwokRJjwus2Ai6Z8,Italian restaurant,7.432483807917119,32.703,Popular,4.0–4.5
Miller's Ale House,4.2,2311.0,2883 Richmond Ave,Staten Island,New York,US,https://millersalehouse.com/locations/staten-island/?utm_source=gmb&utm_medium=organic,(718) 477-0112,Restaurant,American restaurant,Bar,Brewpub,Chicken wings restaurant,Takeout Restaurant,Seafood restaurant,Sports bar,Steak house,,,https://www.google.com/maps/search/?api=1&query=Miller's%20Ale%20House&query_place_id=ChIJH-x7i4JLwokRbsgP4Y3vQF8,Restaurant,7.7458682297922685,32.533,Viral,4.0–4.5
El Pollo Restaurant & Bar,4.2,1267.0,560 Richmond Rd,Staten Island,New York,US,https://elpollosi.com/,(718) 815-4928,Spanish restaurant,Caribbean restaurant,Family restaurant,Sports bar,,,,,,,,https://www.google.com/maps/search/?api=1&query=El%20Pollo%20Restaurant%20%26%20Bar&query_place_id=ChIJvdjzlVdOwokRECDbhW-jvDY,Spanish restaurant,7.145196134997171,30.01,Popular,4.0–4.5
M & K,4.2,302.0,190 Bay St,Staten Island,New York,US,,(718) 981-7182,Spanish restaurant,Restaurant,,,,,,,,,,https://www.google.com/maps/search/?api=1&query=M%20%26%20K&query_place_id=ChIJqW9G1TJOwokR9T3cTPtPRcA,Spanish restaurant,5.713732805509369,23.998,Small,4.0–4.5
Caravan Restaurant & Coffee,4.5,209.0,317 Sand Ln,Staten Island,New York,US,https://www.caravanstatenisland.com/,(917) 397-8435,Restaurant,Asian restaurant,Bakery,Coffee shop,Eastern European restaurant,Russian restaurant,Ukrainian restaurant,Uzbeki restaurant,,,,https://www.google.com/maps/search/?api=1&query=Caravan%20Restaurant%20%26%20Coffee&query_place_id=ChIJp8cM5eJOwokRGmWSzz6XuCE,Restaurant,5.3471075307174685,24.062,Small,4.0–4.5
Las Chelitas,4.4,217.0,7312 13th Ave,Brooklyn,New York,US,http://laschelitas.com/,(347) 909-7110,Mexican restaurant,Delivery Restaurant,Restaurant,,,,,,,,,https://www.google.com/maps/search/?api=1&query=Las%20Chelitas&query_place_id=ChIJtSgIlXtFwokRwjlQ92gXiVA,Mexican restaurant,5.384495062789089,23.692,Small,4.0–4.5
Noodlepan Thai Fusion,4.4,361.0,1809 Victory Blvd,Staten Island,New York,US,https://www.instagram.com/noodlepanthaifusion?igsh=MWRwbjJpZDQ5MmEybg%3D%3D&utm_source=qr,(718) 727-7499,Thai restaurant,Delivery Restaurant,Restaurant,,,,,,,,,https://www.google.com/maps/search/?api=1&query=Noodlepan%20Thai%20Fusion&query_place_id=ChIJjTeW3oFOwokRZYOxWF9njnw,Thai restaurant,5.891644211825771,25.923,Small,4.0–4.5
El Pollo,4.3,800.0,4168-A 4168 Victory Blvd,Staten Island,New York,US,https://elpollovictory.com/,(718) 698-4272,Spanish restaurant,,,,,,,,,,,https://www.google.com/maps/search/?api=1&query=El%20Pollo&query_place_id=ChIJX_32I59MwokR8-qc1xwxL84,Spanish restaurant,6.68586094706836,28.749,Popular,4.0–4.5
Oriental Plaza,4.2,744.0,1845 Richmond Ave,Staten Island,New York,US,http://orientalplazastatenisland.com/,(718) 761-8668,Chinese restaurant,Asian restaurant,Japanese restaurant,Delivery Restaurant,,,,,,,,https://www.google.com/maps/search/?api=1&query=Oriental%20Plaza&query_place_id=ChIJYaf-nF1MwokR3YoqbPAlJUA,Chinese restaurant,6.61338421837956,27.776,Popular,4.0–4.5
Good Eats by Chef Izzy,4.0,32.0,1792 Victory Blvd,Staten Island,New York,US,,(929) 420-3285,Restaurant,,,,,,,,,,,https://www.google.com/maps/search/?api=1&query=Good%20Eats%20by%20Chef%20Izzy&query_place_id=ChIJ1dKLZABPwokRX3ip2x6pKFo,Restaurant,3.4965075614664802,13.986,Micro,3.5–4.0
Yemen Café & Restaurant,4.5,1741.0,7317 5th Ave,Brooklyn,New York,US,https://yemencafe.com/yemencafrestaurant5th?utm_source=google,(718) 745-3000,Yemeni restaurant,Cafe,Chicken restaurant,Dessert restaurant,Halal restaurant,Kebab shop,Mediterranean restaurant,Middle Eastern restaurant,Rice restaurant,,,https://www.google.com/maps/search/?api=1&query=Yemen%20Caf%C3%A9%20%26%20Restaurant&query_place_id=ChIJyQPxd1pFwokRjuccC2NDzw0,Yemeni restaurant,7.462789157412448,33.583,Popular,4.0–4.5
Banh Mi House,4.7,180.0,565 Manor Rd,Staten Island,New York,US,https://banhmihousenyc.com/,(347) 861-7473,Vietnamese restaurant,Bubble tea store,,,,,,,,,,https://www.google.com/maps/search/?api=1&query=Banh%20Mi%20House&query_place_id=ChIJnbDn6BpPwokRjjTZFx6ki9w,Vietnamese restaurant,5.198497031265826,24.433,Small,4.5–5.0
Kings Arms Diner,4.1,1001.0,500 Forest Ave,Staten Island,New York,US,http://kingsarmsdinersi.com/,(718) 448-0326,Diner,,,,,,,,,,,https://www.google.com/maps/search/?api=1&query=Kings%20Arms%20Diner&query_place_id=ChIJyU00c2xOwokRVgpHdhU6qIM,Diner,6.90975328164481,28.33,Popular,4.0–4.5
La Chacra Restaurant,4.3,963.0,1928 Bath Ave,Brooklyn,New York,US,http://lachacraonline.com/,(718) 758-5488,Peruvian restaurant,,,,,,,,,,,https://www.google.com/maps/search/?api=1&query=La%20Chacra%20Restaurant&query_place_id=ChIJXzpErQtFwokRLeybEWiCbNM,Peruvian restaurant,6.871091294610546,29.546,Popular,4.0–4.5
SI FISH & MORE INC,4.0,549.0,101 Victory Blvd,Staten Island,New York,US,http://www.sifishmore.com/,(718) 447-0936,Soul food restaurant,Seafood restaurant,,,,,,,,,,https://www.google.com/maps/search/?api=1&query=SI%20FISH%20%26%20MORE%20INC&query_place_id=ChIJX9UdxjJOwokRjOZLYf1k_fM,Soul food restaurant,6.309918278226516,25.24,Popular,3.5–4.0
Con Yapa - Restaurant Peruana,4.4,111.0,300 Morningstar Rd,Staten Island,New York,US,https://www.facebook.com/conyapaperuvian/,(718) 285-4103,Peruvian restaurant,,,,,,,,,,,https://www.google.com/maps/search/?api=1&query=Con%20Yapa%20-%20Restaurant%20Peruana&query_place_id=ChIJNdpLVPVNwokRFnZNXxgRoAk,Peruvian restaurant,4.718498871295094,20.761,Small,4.0–4.5
Aleli Mexican Restaurant,4.6,224.0,7804 3rd Ave,Brooklyn,New York,US,https://www.alelibk.com/,(347) 560-6020,Mexican restaurant,,,,,,,,,,,https://www.google.com/maps/search/?api=1&query=Aleli%20Mexican%20Restaurant&query_place_id=ChIJXbAkEJJFwokRp0Ux8QVfn30,Mexican restaurant,5.41610040220442,24.914,Small,4.5–5.0
Guac Time Mexican Grill,4.6,445.0,961 Jewett Ave,Staten Island,New York,US,https://www.guactimeusa.com/,(718) 290-9631,Mexican restaurant,,,,,,,,,,,https://www.google.com/maps/search/?api=1&query=Guac%20Time%20Mexican%20Grill&query_place_id=ChIJs76TDXhNwokRus_HKxjNKuQ,Mexican restaurant,6.100318952020064,28.061,Small,4.5–5.0
El Tablon Restaurant,4.6,59.0,480 Castleton Ave,Staten Island,New York,US,https://eltablonrestaurantcorp.toast.site/,(718) 889-0136,Dominican restaurant,Restaurant,Spanish restaurant,,,,,,,,,https://www.google.com/maps/search/?api=1&query=El%20Tablon%20Restaurant&query_place_id=ChIJHc6yRwBPwokRrotA4ZpvvIc,Dominican restaurant,4.0943445622221,18.834,Micro,4.5–5.0
McDonald's,3.3,2089.0,21-41 Mott Ave,Far Rockaway,New York,US,https://www.mcdonalds.com/us/en-us/location/NY/FAR-ROCKAWAY/2141-MOTT-AVE/2646.html?cid=RF:YXT:GMB::Clicks,+1 718-868-2289,Fast food restaurant,Breakfast restaurant,Coffee shop,Hamburger restaurant,Restaurant,Sandwich shop,,,,,,https://www.google.com/maps/search/?api=1&query=McDonald's&query_place_id=ChIJr-r5PwJmwokR1Lk4IVAkKhk,Fast food restaurant,7.644919344958857,25.228,Viral,3.0–3.5
Subway,4.2,284.0,68-20 Rockaway Beach Blvd Suite D,Arverne,New York,US,https://restaurants.subway.com/united-states/ny/averne/6820-rockaway-beach-blvd?utm_source=yxt-goog&utm_medium=local&utm_term=acq&utm_content=52631&utm_campaign=evergreen-2020&y_source=1_MTQ4OTY1ODYtNzE1LWxvY2F0aW9uLndlYnNpdGU%3D,+1 347-246-9647,Sandwich shop,Caterer,Fast food restaurant,Takeout restaurant,Restaurant,,,,,,,https://www.google.com/maps/search/?api=1&query=Subway&query_place_id=ChIJ25M_emBowokRjImQaYoI0FQ,Sandwich shop,5.652489180268651,23.74,Small,4.0–4.5
Domino's Pizza,2.9,652.0,5-24 Beach 20th St,Far Rockaway,New York,US,https://www.dominos.com/en/?utm_source=google&utm_medium=loclist&utm_campaign=localmaps,+1 718-337-7100,Pizza delivery,Chicken wings restaurant,Pizza restaurant,Pizza takeaway,,,,,,,,https://www.google.com/maps/search/?api=1&query=Domino's%20Pizza&query_place_id=ChIJ6_9oXqlowokRZfkBsKytSmY,Pizza delivery,6.481577129276431,18.797,Popular,<3.0
Dunkin',2.2,417.0,"John F. Kennedy International Airport, Terminal 4, Main",Jamaica,New York,US,,+1 718-751-4797,Coffee shop,Bagel shop,Bakery,Breakfast restaurant,Donut shop,Fast food restaurant,Takeout restaurant,,,,,https://www.google.com/maps/search/?api=1&query=Dunkin'&query_place_id=ChIJS3DHVVFmwokRVn3mgbHK4iY,Coffee shop,6.035481432524756,13.278,Small,<3.0
Taco Bell,3.5,486.0,13-05 Beach Channel Dr,Far Rockaway,New York,US,https://locations.tacobell.com/ny/far-rockaway/13-5-beach-channel-drive.html?utm_source=yext&utm_campaign=googlelistings&utm_medium=referral&utm_term=035457&utm_content=website&y_source=1_MTM0MjIzOTEtNzE1LWxvY2F0aW9uLndlYnNpdGU%3D,+1 347-619-8585,Fast food restaurant,Burrito restaurant,Takeout restaurant,Mexican restaurant,Restaurant,Taco restaurant,Tex-Mex restaurant,,,,,https://www.google.com/maps/search/?api=1&query=Taco%20Bell&query_place_id=ChIJFbc2qIJnwokRQpNqNzsftto,Fast food restaurant,6.18826412308259,21.659,Small,3.0–3.5
Victor's Cafe Cuban Restaurant,4.4,2557.0,236 W 52nd St,New York,New York,US,https://victorscafe.com/,(212) 586-7714,Cuban restaurant,Bar,Brunch restaurant,Caribbean restaurant,Event venue,Lounge bar,Restaurant,Spanish restaurant,Tapas bar,,,https://www.google.com/maps/search/?api=1&query=Victor's%20Cafe%20Cuban%20Restaurant&query_place_id=ChIJv6RszFdYwokR-moeAHqLAhM,Cuban restaurant,7.846980982138788,34.527,Viral,4.0–4.5
Via Brasil NYC,4.3,1238.0,34 W 46th St,New York,New York,US,http://www.viabrasilrestaurantnyc.com/,(212) 997-1158,Brazilian restaurant,Bar,Steak house,,,,,,,,,https://www.google.com/maps/search/?api=1&query=Via%20Brasil%20NYC&query_place_id=ChIJtfAlsP9YwokRVhLUWKZB-yc,Brazilian restaurant,7.122059881629142,30.625,Popular,4.0–4.5
Hatsuhana,4.6,1472.0,17 E 48th St,New York,New York,US,http://www.hatsuhana.com/,(212) 355-3345,Sushi restaurant,Asian restaurant,Japanese restaurant,,,,,,,,,https://www.google.com/maps/search/?api=1&query=Hatsuhana&query_place_id=ChIJw47zKvxYwokRgD1Zt5Licyo,Sushi restaurant,7.29505641646263,33.557,Popular,4.5–5.0
Perrine New American Restaurant,4.1,282.0,2 E 61st St,New York,New York,US,https://www.perrinenyc.com/?utm_source=google&utm_medium=organic&utm_campaign=business_listing,(212) 940-8195,Restaurant,American restaurant,French restaurant,,,,,,,,,https://www.google.com/maps/search/?api=1&query=Perrine%20New%20American%20Restaurant&query_place_id=ChIJnwbZLoFZwokRyuCuQpF7F4k,Restaurant,5.645446897643238,23.146,Small,4.0–4.5
Emporium Brasil Restaurant,4.6,1449.0,46 W 46th St,New York,New York,US,http://emporiumbrasil.com/,(212) 764-4646,Brazilian restaurant,Bar,Brazilian pastelaria,Cocktail bar,Restaurant,Steak house,,,,,,https://www.google.com/maps/search/?api=1&query=Emporium%20Brasil%20Restaurant&query_place_id=ChIJDZ1RUv5YwokRSv4ITcDXeKE,Brazilian restaurant,7.27931883541462,33.485,Popular,4.5–5.0
DK Restaurant NYC,4.3,634.0,207 W 36th St.,New York,New York,US,http://dkrestaurantnyc.com/,(212) 695-5220,Steak house,Bar,Bar & grill,Seafood restaurant,,,,,,,,https://www.google.com/maps/search/?api=1&query=DK%20Restaurant%20NYC&query_place_id=ChIJ7cFMaqxZwokRiwwuIFN8pbA,Steak house,6.453624998892692,27.751,Popular,4.0–4.5
Tulcingo Del Valle,4.3,923.0,665 10th Ave,New York,New York,US,http://www.tulcingorestaurant.com/,(212) 262-5510,Mexican restaurant,Bar,Breakfast restaurant,Lunch restaurant,Restaurant,,,,,,,https://www.google.com/maps/search/?api=1&query=Tulcingo%20Del%20Valle&query_place_id=ChIJ5wmB6lFYwokRFG6SyPq-jXw,Mexican restaurant,6.828712071641684,29.363,Popular,4.0–4.5
Silver Star Restaurant,4.0,577.0,1238 2nd Ave,New York,New York,US,http://silverstarlenoxhill.com/,(212) 249-4250,Diner,American restaurant,Bar,Breakfast restaurant,Brunch restaurant,Catering food and drink supplier,Restaurant,,,,,https://www.google.com/maps/search/?api=1&query=Silver%20Star%20Restaurant&query_place_id=ChIJ29g9TOhYwokR73g0vKmJXj8,Diner,6.359573868672378,25.438,Popular,3.5–4.0
Black Iron Burger,4.5,5597.0,245 W 38th St,New York,New York,US,http://blackironburger.com/,(646) 956-5163,Hamburger restaurant,Dessert shop,Diner,Gluten-free restaurant,Lunch restaurant,Pub,Snack bar,Sports bar,,,,https://www.google.com/maps/search/?api=1&query=Black%20Iron%20Burger&query_place_id=ChIJnSnH8qxZwokRzoMUSAeaFAA,Hamburger restaurant,8.630164670075398,38.836,Viral,4.0–4.5
Margon,4.7,1459.0,136 W 46th St,New York,New York,US,https://ordermargon.com/,(212) 354-5013,Cuban restaurant,Caribbean restaurant,Dominican restaurant,Fast food restaurant,Restaurant,,,,,,,https://www.google.com/maps/search/?api=1&query=Margon&query_place_id=ChIJ28_VhFVYwokRigKkUoPI6Ec,Cuban restaurant,7.286191714702382,34.245,Popular,4.5–5.0
Gennaro Restaurant,4.4,507.0,"Gennaro Restaurant, 665 Amsterdam Ave",New York,New York,US,https://www.gennaronyc.com/,(212) 665-5348,Italian restaurant,Bar,Delivery Restaurant,Mediterranean restaurant,Restaurant,Southern Italian restaurant,Wine bar,,,,,https://www.google.com/maps/search/?api=1&query=Gennaro%20Restaurant&query_place_id=ChIJgZf5t4JYwokREzCI3PUjwvY,Italian restaurant,6.230481447578482,27.414,Popular,4.0–4.5
The Flame Diner,4.1,2462.0,893 9th Ave,New York,New York,US,https://www.theflamediner.com/?utm_source=GMB&utm_medium=Website+Button&utm_id=theflamediner,(212) 765-7962,American restaurant,Bar,Bar & grill,Diner,Fine dining restaurant,Hamburger restaurant,Delivery Restaurant,Takeout Restaurant,Restaurant,,,https://www.google.com/maps/search/?api=1&query=The%20Flame%20Diner&query_place_id=ChIJFZlc5FhYwokRbT7uEa40OmY,American restaurant,7.809135398120538,32.017,Viral,4.0–4.5
Madison,4.1,671.0,965 1st Ave,New York,New York,US,http://www.madison1.com/,(212) 421-0948,Diner,American restaurant,Breakfast restaurant,Hamburger restaurant,Sandwich shop,,,,,,,https://www.google.com/maps/search/?api=1&query=Madison&query_place_id=ChIJXcazZuFYwokRxP8vyzx8nKE,Diner,6.51025834052315,26.692,Popular,4.0–4.5
Margaritaville Restaurant - Times Square,4.1,2735.0,560 7th Ave,New York,New York,US,https://www.margaritavilletimessquare.com/,(332) 242-4828,American restaurant,Bar,Restaurant,Sports bar,,,,,,,,https://www.google.com/maps/search/?api=1&query=Margaritaville%20Restaurant%20-%20Times%20Square&query_place_id=ChIJU7YBOxFZwokRyBQIX2g7TtQ,American restaurant,7.914252278742441,32.448,Viral,4.0–4.5
New Dyker Restaurant,4.2,243.0,8505 18th Ave,Brooklyn,New York,US,http://www.newdykerrestaurant.com/,(718) 234-1435,Diner,Breakfast restaurant,Delivery Restaurant,Restaurant,,,,,,,,https://www.google.com/maps/search/?api=1&query=New%20Dyker%20Restaurant&query_place_id=ChIJCUJxyA1FwokRuvrcAXlb4lU,Diner,5.497168225293202,23.088,Small,4.0–4.5
El Encanto Mexicano Restaurant 🇲🇽,4.5,48.0,185 Port Richmond Ave,Staten Island,New York,US,,(718) 682-1560,Mexican restaurant,,,,,,,,,,,https://www.google.com/maps/search/?api=1&query=El%20Encanto%20Mexicano%20Restaurant%20%F0%9F%87%B2%F0%9F%87%BD&query_place_id=ChIJx6KGt4FNwokReR2YYOyrVyY,Mexican restaurant,3.8918202981106265,17.513,Micro,4.0–4.5
Cast Iron Pot Staten Island,4.4,241.0,939 Richmond Ave,Staten Island,New York,US,http://castironpotbbq.com/,(929) 607-4876,Korean restaurant,Barbecue restaurant,Buffet restaurant,Korean barbecue restaurant,Restaurant,,,,,,,https://www.google.com/maps/search/?api=1&query=Cast%20Iron%20Pot%20Staten%20Island&query_place_id=ChIJ4a_ty8BNwokRoxPsruTRfBo,Korean restaurant,5.488937726156687,24.151,Small,4.0–4.5
Sapporo Sushi,4.3,403.0,1650 Richmond Ave,Staten Island,New York,US,https://whereyoueat.com/Sapporo-Sushi-155.html,(718) 983-3781,Sushi restaurant,Japanese restaurant,Delivery Restaurant,,,,,,,,,https://www.google.com/maps/search/?api=1&query=Sapporo%20Sushi&query_place_id=ChIJh-GpkltMwokRUJNqdR-N5bU,Sushi restaurant,6.0014148779611505,25.806,Small,4.0–4.5
Karam Restaurant,4.0,434.0,8519 4th Ave,Brooklyn,New York,US,https://karamny.com/,(718) 745-5227,Lebanese restaurant,,,,,,,,,,,https://www.google.com/maps/search/?api=1&query=Karam%20Restaurant&query_place_id=ChIJMS3nfUVFwokRko6gm6sugTg,Lebanese restaurant,6.075346031088684,24.301,Small,3.5–4.0
La Piazza Pizza and Tap,4.2,381.0,1445 Richmond Ave,Staten Island,New York,US,https://lapiazzasi.com/,(718) 370-0707,Pizza restaurant,,,,,,,,,,,https://www.google.com/maps/search/?api=1&query=La%20Piazza%20Pizza%20and%20Tap&query_place_id=ChIJFSjUjU9MwokRHgqUhIfJE90,Pizza restaurant,5.945420608606575,24.971,Small,4.0–4.5
New Restaurant On 58 St.,4.2,119.0,773 58th St,Brooklyn,New York,US,,(917) 909-1347,Chinese restaurant,,,,,,,,,,,https://www.google.com/maps/search/?api=1&query=New%20Restaurant%20On%2058%20St.&query_place_id=ChIJvXsgW0pFwokR8DY_0rPHyec,Chinese restaurant,4.787491742782046,20.107,Small,4.0–4.5
El Mexicano Restaurant & Cafe #6,4.3,67.0,1758 Bath Ave,Brooklyn,New York,US,http://elmexicanobk.com/,(718) 236-1708,Mexican restaurant,Breakfast restaurant,,,,,,,,,,https://www.google.com/maps/search/?api=1&query=El%20Mexicano%20Restaurant%20%26%20Cafe%20%236&query_place_id=ChIJK1vRNZRFwokRyrJRfRKo02w,Mexican restaurant,4.219507705176107,18.144,Micro,4.0–4.5
Peking Taste Chinese and Thai Restaurant,4.0,182.0,2343 Richmond Ave,Staten Island,New York,US,https://pekingtaste.menucc.com/,(718) 494-9393,Chinese restaurant,Asian restaurant,Delivery Chinese restaurant,Thai restaurant,,,,,,,,https://www.google.com/maps/search/?api=1&query=Peking%20Taste%20Chinese%20and%20Thai%20Restaurant&query_place_id=ChIJ07ISXXxMwokRTyPumjSYA-o,Chinese restaurant,5.209486152841421,20.838,Small,3.5–4.0
Sheel & Mashi bay ridge (Halal Restaurant),4.6,508.0,7101 5th Ave,Brooklyn,New York,US,http://www.sheelandmashiusa.com/,(718) 766-0200,Halal restaurant,Arab restaurant,Mediterranean restaurant,Restaurant,Shawarma restaurant,,,,,,,https://www.google.com/maps/search/?api=1&query=Sheel%20%26%20Mashi%20bay%20ridge%20(Halal%20Restaurant)&query_place_id=ChIJERFjdgBFwokR4MkmrC01y44,Halal restaurant,6.2324480165505225,28.669,Popular,4.5–5.0
Music City Gyros,4.6,29.0,Richmond Hill Rd,Staten Island,New York,US,,(347) 875-2167,Gyro restaurant,,,,,,,,,,,https://www.google.com/maps/search/?api=1&query=Music%20City%20Gyros&query_place_id=ChIJr1FqIMVNwokRZtw8m177SuY,Gyro restaurant,3.4011973816621555,15.646,Micro,4.5–5.0
Chili's Grill & Bar,4.2,1729.0,1497 Richmond Ave,Staten Island,New York,US,https://www.chilis.com/locations/us/new-york/staten-island/staten-island?utm_source=google&utm_medium=local&utm_campaign=Chilis,(718) 697-0883,Restaurant,American restaurant,Bar,Bar & grill,Family restaurant,Hamburger restaurant,Mexican restaurant,Tex-Mex restaurant,,,,https://www.google.com/maps/search/?api=1&query=Chili's%20Grill%20%26%20Bar&query_place_id=ChIJS02UqlpMwokRNuJ3khpQyFQ,Restaurant,7.455876687491824,31.315,Popular,4.0–4.5
Yemen Cafe & Restaurant,4.7,340.0,1816 Hylan Blvd,Staten Island,New York,US,https://yemencafe.com/yemencaferestauranthylan?utm_source=google,(718) 504-4441,Yemeni restaurant,Cafe,Chicken restaurant,Dessert restaurant,Halal restaurant,Kebab shop,Mediterranean restaurant,Middle Eastern restaurant,Rice restaurant,,,https://www.google.com/maps/search/?api=1&query=Yemen%20Cafe%20%26%20Restaurant&query_place_id=ChIJ-eezfkdPwokRUGINtYtPjco,Yemeni restaurant,5.831882477283517,27.41,Small,4.5–5.0
Al-Aqsa Bakery & Restaurant,4.6,515.0,6917 5th Ave,Brooklyn,New York,US,https://www.clover.com/online-ordering/alaqsa-bakery--restaur-brooklynhttps://www.clover.com/online-ordering/alaqsa-bakery--restaur-brooklyn,(929) 350-9091,Middle Eastern restaurant,Palestinian restaurant,,,,,,,,,,https://www.google.com/maps/search/?api=1&query=Al-Aqsa%20Bakery%20%26%20Restaurant&query_place_id=ChIJsf1m2exFwokRJQgwjnVAj0w,Middle Eastern restaurant,6.246106765481563,28.732,Popular,4.5–5.0
Yemen Whdah Restaurant,4.3,512.0,6726 5th Ave,Brooklyn,New York,US,https://yemenwhdah.com/,(718) 333-5708,Yemeni restaurant,Delivery Restaurant,Middle Eastern restaurant,,,,,,,,,https://www.google.com/maps/search/?api=1&query=Yemen%20Whdah%20Restaurant&query_place_id=ChIJ28ydr1FFwokRCweEkE85vbc,Yemeni restaurant,6.240275845170769,26.833,Popular,4.0–4.5
Taqueria Mexican Restaurant,4.2,139.0,3579 Victory Blvd,Staten Island,New York,US,https://taqueriamexicanrestaurantny.com/,(631) 886-7103,Mexican restaurant,Taco restaurant,,,,,,,,,,https://www.google.com/maps/search/?api=1&query=Taqueria%20Mexican%20Restaurant&query_place_id=ChIJCXWUh2JNwokRM7AUIIMm7uA,Mexican restaurant,4.941642422609304,20.755,Small,4.0–4.5
Applebee's Grill + Bar,4.3,1481.0,2655 Richmond Ave,Staten Island,New York,US,https://restaurants.applebees.com/en-us/ny/staten-island/2655-richmond-avenue-89025?utm_source=google&utm_medium=organic&utm_campaign=google_my_business&utm_term=89025&utm_content=website,(718) 370-3761,Restaurant,American restaurant,Bar & grill,Diner,Family restaurant,Hamburger restaurant,Steak house,Traditional American restaurant,,,,https://www.google.com/maps/search/?api=1&query=Applebee's%20Grill%20%2B%20Bar&query_place_id=ChIJXX8Gz4BLwokREgxJlLs1tlU,Restaurant,7.301147805856032,31.395,Popular,4.0–4.5
Outback Steakhouse,4.4,2760.0,280 Marsh Ave,Staten Island,New York,US,https://locations.outback.com/new-york/staten-island/280-marsh-avenue?utm_source=gmb&utm_medium=local_search&utm_campaign=website_cta&y_source=1_MTU1MDIzNTItNzE1LWxvY2F0aW9uLndlYnNpdGU%3D,(718) 761-3907,Steak house,American restaurant,Australian restaurant,Bar,Bar & grill,Gluten-free restaurant,Takeout Restaurant,Restaurant,,,,https://www.google.com/maps/search/?api=1&query=Outback%20Steakhouse&query_place_id=ChIJ1To1H4RLwokR9hPU4RJcQdo,Steak house,7.923348211930154,34.863,Viral,4.0–4.5
La Iguana Azul restaurant & lounge,4.0,442.0,8 Giffords Ln,Staten Island,New York,US,https://laiguanaazulrest.net/,(718) 948-4719,Mexican restaurant,Delivery Restaurant,,,,,,,,,,https://www.google.com/maps/search/?api=1&query=La%20Iguana%20Azul%20restaurant%20%26%20lounge&query_place_id=ChIJ_zqHKrhLwokRq-DW85lWXNc,Mexican restaurant,6.093569770045136,24.374,Small,3.5–4.0
Moon & Flower House (Staten Island),3.9,122.0,458 Nome Ave,Staten Island,New York,US,https://www.moonflowerhouseny.com/,(929) 714-8882,Hamburger restaurant,Chinese restaurant,Fried chicken takeaway,,,,,,,,,https://www.google.com/maps/search/?api=1&query=Moon%20%26%20Flower%20House%20(Staten%20Island)&query_place_id=ChIJ26Pvl8BNwokRhJc865QOH8c,Hamburger restaurant,4.812184355372417,18.768,Small,3.5–4.0
El Mil Sabores,4.6,180.0,695 9th Ave,New York,New York,US,,(212) 489-6677,Mexican restaurant,Delivery Restaurant,Wholesale bakery,,,,,,,,,https://www.google.com/maps/search/?api=1&query=El%20Mil%20Sabores&query_place_id=ChIJJ84UQFFYwokRCw8_BCmJH7s,Mexican restaurant,5.198497031265826,23.913,Small,4.5–5.0
Inti Peruvian Restaurant,4.0,535.0,820 10th Ave,New York,New York,US,http://inti.nyc/,(646) 596-9216,Peruvian restaurant,Bar & grill,Seafood restaurant,,,,,,,,,https://www.google.com/maps/search/?api=1&query=Inti%20Peruvian%20Restaurant&query_place_id=ChIJ__OiJFpYwokR6a1T6JuLpjI,Peruvian restaurant,6.284134161070802,25.137,Popular,3.5–4.0
Amaranth Restaurant,4.1,331.0,21 E 62nd St,New York,New York,US,http://www.amaranthrestaurant.com/,(212) 980-6700,Mediterranean restaurant,,,,,,,,,,,https://www.google.com/maps/search/?api=1&query=Amaranth%20Restaurant&query_place_id=ChIJg2m_Mu5YwokRLiuVmGiGl7c,Mediterranean restaurant,5.805134968916488,23.801,Small,4.0–4.5
Malecon Restaurant (97th Street),4.2,1870.0,764 Amsterdam Ave,New York,New York,US,https://maleconnyc.com/maleconrestaurant97thstreet?utm_source=google,(212) 864-5648,Dominican restaurant,Caribbean restaurant,Chicken restaurant,Family restaurant,Latin American restaurant,Delivery Restaurant,Seafood restaurant,,,,,https://www.google.com/maps/search/?api=1&query=Malecon%20Restaurant%20(97th%20Street)&query_place_id=ChIJWXNcyif2wokR4iD2xkH_QM8,Dominican restaurant,7.534228326274089,31.644,Popular,4.0–4.5
ABA Turkish Restaurant,4.4,1820.0,325 W 57th St,New York,New York,US,https://www.abaturkishrestaurant.com/,(212) 969-1782,Turkish restaurant,Halal restaurant,Mediterranean restaurant,Middle Eastern restaurant,,,,,,,,https://www.google.com/maps/search/?api=1&query=ABA%20Turkish%20Restaurant&query_place_id=ChIJI7O0Y1hYwokRt_SnNTsnqKE,Turkish restaurant,7.507141079727608,33.031,Popular,4.0–4.5
Plum Vietnamese Restaurant,4.5,423.0,210 W 94th St,New York,New York,US,https://plumny.com/?utm_source=google,(646) 884-4289,Vietnamese restaurant,Asian fusion restaurant,Caterer,Coffee shop,Gluten-free restaurant,Noodle shop,Pho restaurant,Sandwich shop,Southeast Asian restaurant,Vegetarian restaurant,,https://www.google.com/maps/search/?api=1&query=Plum%20Vietnamese%20Restaurant&query_place_id=ChIJ07eFHudZwokRZHgZ1U3eJYE,Vietnamese restaurant,6.049733455231958,27.224,Small,4.0–4.5
El Sabroso,4.0,318.0,265 W 37th St,New York,New York,US,http://orderelsabroso.mobile-webview8.com/,(212) 284-1118,Ecuadorian restaurant,Latin American restaurant,,,,,,,,,,https://www.google.com/maps/search/?api=1&query=El%20Sabroso&query_place_id=ChIJh_Jx_6xZwokRtKIwm8P1g6A,Ecuadorian restaurant,5.765191102784844,23.061,Small,3.5–4.0
Russian Samovar Restaurant and Piano Bar,4.2,1317.0,256 W 52nd St,New York,New York,US,http://www.russiansamovar.com/,(212) 757-0168,Russian restaurant,Cocktail bar,Eastern European restaurant,European restaurant,Fine dining restaurant,Live music venue,Lounge bar,Piano bar,,,,https://www.google.com/maps/search/?api=1&query=Russian%20Samovar%20Restaurant%20and%20Piano%20Bar&query_place_id=ChIJSeT4tldYwokRxanaa6CWf0U,Russian restaurant,7.183870715062453,30.172,Popular,4.0–4.5
Italian Touch Pizza Pasta and Catering,4.7,181.0,11 Holden Blvd,Staten Island,New York,US,https://www.italiantouchsi.com/,(347) 286-0974,Pizza Takeout,Chicken wings restaurant,Pasta shop,Pizza delivery,Salad shop,Sandwich shop,,,,,,https://www.google.com/maps/search/?api=1&query=Italian%20Touch%20Pizza%20Pasta%20and%20Catering&query_place_id=ChIJ54rn8VlPwokRB5JH3FPaIu0,Pizza Takeout,5.204006687076795,24.459,Small,4.5–5.0
Hawaii Poke Bowl,4.6,574.0,1430 Richmond Ave,Staten Island,New York,US,http://hawaiipokebowl.com/,(718) 698-1918,Restaurant,Poke bar,Sushi restaurant,,,,,,,,,https://www.google.com/maps/search/?api=1&query=Hawaii%20Poke%20Bowl&query_place_id=ChIJTySY2U9MwokRaE-LJc34ufY,Restaurant,6.354370040797351,29.23,Popular,4.5–5.0
Antigua Restaurant,4.3,58.0,1708 Bath Ave,Brooklyn,New York,US,https://www.antiguarestaurantny.com/,(917) 507-7001,Guatemalan restaurant,,,,,,,,,,,https://www.google.com/maps/search/?api=1&query=Antigua%20Restaurant&query_place_id=ChIJAagCUupFwokRSlKL1G7E66g,Guatemalan restaurant,4.07753744390572,17.533,Micro,4.0–4.5
Red Ginger,3.6,117.0,1650 Richmond Ave,Staten Island,New York,US,http://redgingersi.com/,(718) 982-8808,Chinese restaurant,,,,,,,,,,,https://www.google.com/maps/search/?api=1&query=Red%20Ginger&query_place_id=ChIJj-6pkltMwokR8VBvCFxljww,Chinese restaurant,4.770684624465665,17.174,Small,3.5–4.0
Cafe Milano Pizzeria and Restaurant,4.2,420.0,401 Forest Ave,Staten Island,New York,US,http://www.cafemilanosi.com/,(718) 720-1313,Italian restaurant,Catering,Family restaurant,Delivery Restaurant,Pizza restaurant,,,,,,,https://www.google.com/maps/search/?api=1&query=Cafe%20Milano%20Pizzeria%20and%20Restaurant&query_place_id=ChIJe2hqVmpOwokRi93Xzm6ZAZo,Italian restaurant,6.042632833682381,25.379,Small,4.0–4.5
Joe & Pat's Pizzeria & Restaurant,4.3,1478.0,1758 Victory Blvd,Staten Island,New York,US,https://www.joeandpatsny.com/,(718) 981-0887,Pizza restaurant,Delivery Restaurant,Seafood restaurant,,,,,,,,,https://www.google.com/maps/search/?api=1&query=Joe%20%26%20Pat's%20Pizzeria%20%26%20Restaurant&query_place_id=ChIJuQ8GvIFOwokRvJcdUIj0Pss,Pizza restaurant,7.2991214627108,31.386,Popular,4.0–4.5
Toshkent Restaurant,4.2,953.0,1969 Bath Ave,Brooklyn,New York,US,https://toshkentrestaurant.com/,(718) 676-4800,Uzbeki restaurant,Mediterranean restaurant,,,,,,,,,,https://www.google.com/maps/search/?api=1&query=Toshkent%20Restaurant&query_place_id=ChIJ49pPMgpFwokR5YaDoCeCDzM,Uzbeki restaurant,6.860663671448287,28.815,Popular,4.0–4.5
Applebee's Grill + Bar,4.2,1824.0,1451 Richmond Ave,Staten Island,New York,US,https://restaurants.applebees.com/en-us/ny/staten-island/1451-richmond-avenue-93055?utm_source=google&utm_medium=organic&utm_campaign=google_my_business&utm_term=93055&utm_content=website,(718) 477-1300,Restaurant,American restaurant,Bar & grill,Diner,Family restaurant,Hamburger restaurant,Steak house,Traditional American restaurant,,,,https://www.google.com/maps/search/?api=1&query=Applebee's%20Grill%20%2B%20Bar&query_place_id=ChIJWYR55k9MwokR0g-FS-st_9g,Restaurant,7.509335266016592,31.539,Popular,4.0–4.5
Viva Mexico Restaurant,4.4,286.0,1474 86th St,Brooklyn,New York,US,https://www.instagram.com/viva_mexico_restaurant?igsh=MWh1YWhrN25yZXU1YQ==&utm_source=qr,(347) 374-3613,Mexican restaurant,,,,,,,,,,,https://www.google.com/maps/search/?api=1&query=Viva%20Mexico%20Restaurant&query_place_id=ChIJLedIjgJFwokR0y9vVDvlSjg,Mexican restaurant,5.659482215759621,24.902,Small,4.0–4.5
Cancún Bar & Restaurant,4.3,52.0,7204 3rd Ave,Brooklyn,New York,US,https://cancunmexicangrillny.com/,(718) 748-9090,Mexican restaurant,,,,,,,,,,,https://www.google.com/maps/search/?api=1&query=Canc%C3%BAn%20Bar%20%26%20Restaurant&query_place_id=ChIJzZz5EuJFwokR5lmTcAzCbHg,Mexican restaurant,3.970291913552122,17.072,Micro,4.0–4.5
Parkway Restaurant,4.4,339.0,7504 13th Ave,Brooklyn,New York,US,,(718) 745-4371,Diner,Breakfast restaurant,Coffee shop,Fast food restaurant,Sandwich shop,,,,,,,https://www.google.com/maps/search/?api=1&query=Parkway%20Restaurant&query_place_id=ChIJ-_43HkBFwokRwMZ1q8gP7Pc,Diner,5.8289456176102075,25.647,Small,4.0–4.5
New Ruan's Restaurant,4.3,467.0,1955 86th St,Brooklyn,New York,US,http://ruansrestaurant.com/,(718) 266-8888,Chinese restaurant,Bar,Delivery Restaurant,,,,,,,,,https://www.google.com/maps/search/?api=1&query=New%20Ruan's%20Restaurant&query_place_id=ChIJgRGD6g5FwokR2mp0hLhkr-Q,Chinese restaurant,6.148468295917647,26.438,Small,4.0–4.5
Tulcingo Restaurant,3.9,556.0,5520 5th Ave,Brooklyn,New York,US,https://instagram.com/tulcingorestaurantbklyn?igshid=MjEwN2IyYWYwYw==,(718) 439-2896,Mexican restaurant,,,,,,,,,,,https://www.google.com/maps/search/?api=1&query=Tulcingo%20Restaurant&query_place_id=ChIJ7_OdarNawokRrATebkx63M4,Mexican restaurant,6.322565239927284,24.658,Popular,3.5–4.0
Lamoza Bar & Restaurant,4.5,286.0,7704 3rd Ave,Brooklyn,New York,US,,(718) 238-3625,Restaurant,Bar,Bar & grill,Cocktail bar,Lounge bar,Mediterranean restaurant,Hookah bar,,,,,https://www.google.com/maps/search/?api=1&query=Lamoza%20Bar%20%26%20Restaurant&query_place_id=ChIJTTN8jVhFwokRK6dsocsqteQ,Restaurant,5.659482215759621,25.468,Small,4.0–4.5
CHF Chinese Restaurant,4.3,121.0,5411 5th Ave,Brooklyn,New York,US,,(929) 335-5666,Chinese restaurant,Restaurant,,,,,,,,,,https://www.google.com/maps/search/?api=1&query=CHF%20Chinese%20Restaurant&query_place_id=ChIJNSxiNkhbwokRY35CW4SZx48,Chinese restaurant,4.804021044733257,20.657,Small,4.0–4.5
Lucky Vegetarian,4.5,194.0,5101 8th Ave,Brooklyn,New York,US,http://luckyvege.com/,(718) 871-0399,Vegetarian restaurant,Vegan restaurant,,,,,,,,,,https://www.google.com/maps/search/?api=1&query=Lucky%20Vegetarian&query_place_id=ChIJrWwq3cpawokRzs8J4wHzzNA,Vegetarian restaurant,5.272999558563747,23.728,Small,4.0–4.5
Peppino’s Pizza & Restaurant,4.6,459.0,7708 3rd Ave,Brooklyn,New York,US,https://www.peppinosbayridge.com/,(718) 833-3364,Pizza restaurant,Caterer,Delivery service,Family restaurant,Italian restaurant,Pizza delivery,Pizza Takeout,Restaurant,,,,https://www.google.com/maps/search/?api=1&query=Peppino%E2%80%99s%20Pizza%20%26%20Restaurant&query_place_id=ChIJ8RCiklhFwokRYTUtcN0Y17k,Pizza restaurant,6.131226489483141,28.204,Small,4.5–5.0
Bistro Thai,3.3,50.0,2655 Richmond Ave,Staten Island,New York,US,https://www.statenislandmall.com/en/directory/bistro-thai-26787.html,(718) 761-6666,Thai restaurant,,,,,,,,,,,https://www.google.com/maps/search/?api=1&query=Bistro%20Thai&query_place_id=ChIJvwCyw_NLwokRcGl74ER_KBM,Thai restaurant,3.9318256327243257,12.975,Micro,3.0–3.5
Wing World Manor Rd,4.0,235.0,876 Manor Rd,Staten Island,New York,US,http://wingworldsi.com/,(718) 370-9464,Chicken wings restaurant,Delivery Restaurant,Sandwich shop,,,,,,,,,https://www.google.com/maps/search/?api=1&query=Wing%20World%20Manor%20Rd&query_place_id=ChIJO7X_3pxOwokRglL_a0zSxlo,Chicken wings restaurant,5.4638318050256105,21.855,Small,3.5–4.0
豐味轩海鲜餐馆 Big 5 Seafood Restaurant,4.2,86.0,7109 13th Ave,Brooklyn,New York,US,,(718) 232-4680,Seafood restaurant,Chinese restaurant,,,,,,,,,,https://www.google.com/maps/search/?api=1&query=%E8%B1%90%E5%91%B3%E8%BD%A9%E6%B5%B7%E9%B2%9C%E9%A4%90%E9%A6%86%20Big%205%20Seafood%20Restaurant&query_place_id=ChIJ3V3vIa9FwokROf5O9Ulskxo,Seafood restaurant,4.465908118654584,18.757,Micro,4.0–4.5
OBAO | Midtown Thai & Vietnamese Restaurant,4.8,4890.0,222 E 53rd St,New York,New York,US,http://www.obaony.com/,(212) 308-5588,Vietnamese restaurant,Grill,Asian fusion restaurant,Asian restaurant,Noodle shop,Pho restaurant,Thai restaurant,,,,,https://www.google.com/maps/search/?api=1&query=OBAO%20%7C%20Midtown%20Thai%20%26%20Vietnamese%20Restaurant&query_place_id=ChIJkxGUduNYwokRrF3t9mR7a9U,Vietnamese restaurant,8.495152060539358,40.777,Viral,4.5–5.0
Restaurant Nippon,4.5,316.0,155 E 52nd St,New York,New York,US,http://www.restaurantnippon.com/,(212) 688-5941,Japanese restaurant,Authentic Japanese restaurant,,,,,,,,,,https://www.google.com/maps/search/?api=1&query=Restaurant%20Nippon&query_place_id=ChIJ88QfReNYwokRDwlvNwkIFVQ,Japanese restaurant,5.75890177387728,25.915,Small,4.0–4.5
Olive Garden Italian Restaurant,4.1,7904.0,2 Times Sq,New York,New York,US,https://www.olivegarden.com/locations/ny/new-york/nyc-times-square/1451?cmpid=br:og_ag:ie_ch:loc_ca:OGGMB_sn:gmb_gt:new-york-ny-1451_pl:locurl_rd:1335,(212) 333-3254,Italian restaurant,Caterer,Family restaurant,Gluten-free restaurant,Takeout Restaurant,Mediterranean restaurant,Seafood restaurant,Soup restaurant,Wine bar,,,https://www.google.com/maps/search/?api=1&query=Olive%20Garden%20Italian%20Restaurant&query_place_id=ChIJM3wn3VVYwokRvu2kbqBKUsM,Italian restaurant,8.975250749643573,36.799,Viral,4.0–4.5
Red Sea Restaurant(Detox),4.5,289.0,1612 Forest Ave,Staten Island,New York,US,https://www.redseadetox.com/,(347) 857-6692,Restaurant,Dessert restaurant,Falafel restaurant,Halal restaurant,Health food restaurant,Juice shop,Mediterranean restaurant,Seafood restaurant,,,,https://www.google.com/maps/search/?api=1&query=Red%20Sea%20Restaurant(Detox)&query_place_id=ChIJFbm6wUdNwokR5w6DiugcjCs,Restaurant,5.66988092298052,25.514,Small,4.0–4.5
El Patron Restaurant & Lounge Bay Street,3.6,746.0,520 Bay St,Staten Island,New York,US,https://elpatronsi.com/,(347) 861-7065,Mexican restaurant,Delivery Restaurant,,,,,,,,,,https://www.google.com/maps/search/?api=1&query=El%20Patron%20Restaurant%20%26%20Lounge%20Bay%20Street&query_place_id=ChIJ9-btTLVPwokRAI9zTIttHQA,Mexican restaurant,6.616065185132817,23.818,Popular,3.5–4.0
Paesano's Pizzeria,4.4,104.0,12 Bradley Ave,Staten Island,New York,US,http://orderpaesanospizzeria.com/,(718) 761-2070,Pizza restaurant,Delivery Restaurant,,,,,,,,,,https://www.google.com/maps/search/?api=1&query=Paesano's%20Pizzeria&query_place_id=ChIJ2ZrRiy5MwokRKWMZ90pc2_A,Pizza restaurant,4.653960350157523,20.477,Small,4.0–4.5
IHOP,4.0,1860.0,935 Richmond Ave,Staten Island,New York,US,https://restaurants.ihop.com/en-us/ny/staten-island/breakfast-935-richmond-ave-4691?utm_source=google&utm_medium=organic&utm_campaign=google_my_business&utm_term=4691&utm_content=website,(718) 494-4467,Breakfast restaurant,American restaurant,Brunch restaurant,Diner,Family restaurant,Lunch restaurant,Pancake restaurant,Restaurant,,,,https://www.google.com/maps/search/?api=1&query=IHOP&query_place_id=ChIJx2Vu6bVNwokRL886E_UZXkw,Breakfast restaurant,7.528869256642251,30.115,Popular,3.5–4.0
Ruzana Middle Eastern Restaurant - Arabic Shawarma & Falafel,4.3,914.0,486 85th St,Brooklyn,New York,US,https://eatruzana.com/,(347) 662-6208,Middle Eastern restaurant,,,,,,,,,,,https://www.google.com/maps/search/?api=1&query=Ruzana%20Middle%20Eastern%20Restaurant%20-%20Arabic%20Shawarma%20%26%20Falafel&query_place_id=ChIJmcUimmBFwokRUpN499S83Mk,Middle Eastern restaurant,6.818924065275521,29.321,Popular,4.0–4.5
San Jeronimo Restaurant & Bakery,4.2,137.0,461 Port Richmond Ave,Staten Island,New York,US,http://sanjeronimorestaurant.com/,(646) 982-8665,Mexican restaurant,,,,,,,,,,,https://www.google.com/maps/search/?api=1&query=San%20Jeronimo%20Restaurant%20%26%20Bakery&query_place_id=ChIJ8RvDPSZNwokRSrMmZidVKwI,Mexican restaurant,4.927253685157205,20.694,Small,4.0–4.5
Al Bait Baitak Restaurant & Hookah Lounge,4.7,222.0,6916 4th Ave,Brooklyn,New York,US,https://cash.app/order/$albaitbaitakcorp,(718) 333-5143,Restaurant,Hookah bar,,,,,,,,,,https://www.google.com/maps/search/?api=1&query=Al%20Bait%20Baitak%20Restaurant%20%26%20Hookah%20Lounge&query_place_id=ChIJsZo20lBFwokRvCVjKfhjD0c,Restaurant,5.407171771460119,25.414,Small,4.5–5.0
MAGUEY RESTAURANT,4.5,41.0,6602 14th Ave,Brooklyn,New York,US,https://magueyrestaurantny.com/,(718) 333-5506,Mexican restaurant,,,,,,,,,,,https://www.google.com/maps/search/?api=1&query=MAGUEY%20RESTAURANT&query_place_id=ChIJHbsdD4tFwokRo-jY74RgTAY,Mexican restaurant,3.7376696182833684,16.82,Micro,4.0–4.5
Mama Rosaria's Pizza & Restaurant,4.1,216.0,2146 Forest Ave,Staten Island,New York,US,http://www.mammarosariaspizza.com/,(718) 815-0557,Pizza restaurant,,,,,,,,,,,https://www.google.com/maps/search/?api=1&query=Mama%20Rosaria's%20Pizza%20%26%20Restaurant&query_place_id=ChIJ8-PLYkRNwokRYO_gWCY2tV8,Pizza restaurant,5.37989735354046,22.058,Small,4.0–4.5
Al-Sham Restaurant,3.9,837.0,7701 5th Ave,Brooklyn,New York,US,https://beacons.ai/al_sham.restaurant,(929) 678-6859,Middle Eastern restaurant,Syrian restaurant,,,,,,,,,,https://www.google.com/maps/search/?api=1&query=Al-Sham%20Restaurant&query_place_id=ChIJRQrc9D1FwokR3OB0qEZbhPM,Middle Eastern restaurant,6.731018100482083,26.251,Popular,3.5–4.0
El Tololoche mexican restaurant,4.2,450.0,7201 16th Ave,Brooklyn,New York,US,http://eltololoche.com/,,Mexican restaurant,Breakfast restaurant,Diner,,,,,,,,,https://www.google.com/maps/search/?api=1&query=El%20Tololoche%20mexican%20restaurant&query_place_id=ChIJNx1ePhZFwokREoPYRp7dqmQ,Mexican restaurant,6.111467339502679,25.668,Small,4.0–4.5
Avocado Mexican Restaurant & Coffee Shop,4.5,86.0,452 Tompkins Ave.,Staten Island,New York,US,https://avocadomexican.com/,(718) 285-4099,Mexican restaurant,,,,,,,,,,,https://www.google.com/maps/search/?api=1&query=Avocado%20Mexican%20Restaurant%20%26%20Coffee%20Shop&query_place_id=ChIJiYjhuV9PwokRi5uSCWAwZh0,Mexican restaurant,4.465908118654584,20.097,Micro,4.0–4.5
Shake Shack Staten Island Mall - New Springville,4.3,1151.0,2655 Richmond Ave,Staten Island,New York,US,https://www.shakeshack.com/location/staten-island-mall-new-springville-ny?utm_source=google&utm_medium=listing,(929) 529-0513,Hamburger restaurant,American restaurant,Caterer,Chicken restaurant,Dessert restaurant,Fast food restaurant,Lunch restaurant,Takeout Restaurant,Restaurant,Sandwich shop,,https://www.google.com/maps/search/?api=1&query=Shake%20Shack%20Staten%20Island%20Mall%20-%20New%20Springville&query_place_id=ChIJn25no-xNwokR00QXyWQGSvU,Hamburger restaurant,7.049254841255837,30.312,Popular,4.0–4.5
Melt Shop,3.7,46.0,2655 Richmond Ave,Staten Island,New York,US,http://order.meltshop.com/menu/1015-staten-island-ny?utm_source=google&utm_medium=local&utm_campaign=google-local&utm_source=google&utm_medium=local&utm_campaign=google-local,(917) 388-9488,Restaurant,,,,,,,,,,,https://www.google.com/maps/search/?api=1&query=Melt%20Shop&query_place_id=ChIJD4ICJPBLwokRjiyBjd5c3I4,Restaurant,3.8501476017100584,14.246,Micro,3.5–4.0
Seafood Hibachi,4.1,59.0,364 Bay St,Staten Island,New York,US,http://www.364seafoodhibachi.com/,(718) 727-9888,Takeout Restaurant,Seafood restaurant,,,,,,,,,,https://www.google.com/maps/search/?api=1&query=Seafood%20Hibachi&query_place_id=ChIJO8TCgaBPwokRLyaYOPJrG8U,Takeout Restaurant,4.0943445622221,16.787,Micro,4.0–4.5
Poke Island & Grill,4.1,108.0,2655 Richmond Ave,Staten Island,New York,US,https://www.instagram.com/pokeislandgrill?fbclid=IwZXh0bgNhZW0CMTAAAR0LZXLf_yvg4FwQyC6IUPOHSLW1R7gquigqvmzJQfa4fW2ZIAFuwxTxOWc_aem_AXGXr9DdtVSiTL3C7X2FDRBTvqwSYjqSDgKZLPlkppg_KdvSZ0oicH97M-4F2sjh-BlRpjlG9IKjKDWzuYDyxVup,(718) 578-6776,Hawaiian restaurant,Bubble tea store,Japanese restaurant,Poke bar,Ramen restaurant,Sushi restaurant,Sushi takeaway,,,,,https://www.google.com/maps/search/?api=1&query=Poke%20Island%20%26%20Grill&query_place_id=ChIJJ-4c3x5LwokRP6Lf0tMHSy0,Hawaiian restaurant,4.6913478822291435,19.235,Small,4.0–4.5
California Cafe Mexican Restaurant,3.4,16.0,128 Lincoln Ave,Staten Island,New York,US,https://californiacafesi.com/,(716) 599-1608,Mexican restaurant,,,,,,,,,,,https://www.google.com/maps/search/?api=1&query=California%20Cafe%20Mexican%20Restaurant&query_place_id=ChIJy49qlwxPwokR6v6vRTfC3KI,Mexican restaurant,2.833213344056216,9.633,Micro,3.0–3.5
Dynasty Taste,3.9,158.0,77 Richmond Hill Rd,Staten Island,New York,US,http://www.dynastytastesi.com/,(718) 982-8585,Chinese restaurant,Sushi takeaway,,,,,,,,,,https://www.google.com/maps/search/?api=1&query=Dynasty%20Taste&query_place_id=ChIJ6eSTAnxMwokR4rrZFlwr210,Chinese restaurant,5.0689042022202315,19.769,Small,3.5–4.0
Quick Grill Japan,4.2,138.0,1445 Richmond Ave,Staten Island,New York,US,https://www.quickgrilljapan.com/,(718) 682-1786,Japanese restaurant,Fast food restaurant,Delivery Restaurant,Takeout Restaurant,Restaurant,Sushi restaurant,,,,,,https://www.google.com/maps/search/?api=1&query=Quick%20Grill%20Japan&query_place_id=ChIJFSLbiE9MwokRFs3nVzuFwcA,Japanese restaurant,4.9344739331306915,20.725,Small,4.0–4.5
La Rosa Chicken & Grill Restaurant - Guyon Avenue,4.0,121.0,80 Guyon Ave,Staten Island,New York,US,https://larosachicken.com/location/guyon-avenue/,(929) 415-7121,Chicken restaurant,,,,,,,,,,,https://www.google.com/maps/search/?api=1&query=La%20Rosa%20Chicken%20%26%20Grill%20Restaurant%20-%20Guyon%20Avenue&query_place_id=ChIJR3-KesVLwokR4ohs4yMA7fs,Chicken restaurant,4.804021044733257,19.216,Small,3.5–4.0
Gastro at 35,3.4,45.0,345 W 35th St,New York,New York,US,http://www.gastroat35.co/,(646) 200-8857,Restaurant,Event venue,,,,,,,,,,https://www.google.com/maps/search/?api=1&query=Gastro%20at%2035&query_place_id=ChIJ9UFEiK1ZwokRHhIZbZT8Afk,Restaurant,3.828641396489095,13.017,Micro,3.0–3.5
'ESSEN,4.1,932.0,290 Madison Ave,New York,New York,US,https://www.essenmad.com/,(212) 689-0800,Buffet restaurant,American restaurant,Fast food restaurant,Restaurant,,,,,,,,https://www.google.com/maps/search/?api=1&query='ESSEN&query_place_id=ChIJQVkt_ABZwokRe2YfgY2AwO0,Buffet restaurant,6.838405200847344,28.037,Popular,4.0–4.5
Tri Dim Shanghai West [UWS] Restaurant and Bar 鼎豐,4.3,377.0,467 Columbus Ave,New York,New York,US,https://tridimshanghai.net/,(212) 585-1398,Chinese restaurant,Asian restaurant,Brunch restaurant,Cantonese restaurant,Chinese noodle restaurant,Dim sum restaurant,Dumpling restaurant,Lunch restaurant,Shanghainese restaurant,Sichuan restaurant,,https://www.google.com/maps/search/?api=1&query=Tri%20Dim%20Shanghai%20West%20%5BUWS%5D%20Restaurant%20and%20Bar%20%E9%BC%8E%E8%B1%90&query_place_id=ChIJW4bcFvNZwokRK3DMQUgnm-c,Chinese restaurant,5.934894195619588,25.52,Small,4.0–4.5
Finest Halal Food,4.2,220.0,1931 Victory Blvd,Staten Island,New York,US,,,Halal restaurant,,,,,,,,,,,https://www.google.com/maps/search/?api=1&query=Finest%20Halal%20Food&query_place_id=ChIJkxuLraNNwokRgGoOfWijmes,Halal restaurant,5.3981627015177525,22.672,Small,4.0–4.5
Cheng's Restaurant,3.7,137.0,2040 Forest Ave,Staten Island,New York,US,,(718) 370-8018,Chinese restaurant,,,,,,,,,,,https://www.google.com/maps/search/?api=1&query=Cheng's%20Restaurant&query_place_id=ChIJjfJNOLJNwokRCTSyxEUpKs8,Chinese restaurant,4.927253685157205,18.231,Small,3.5–4.0
Las Cazuelas Restaurant,4.2,125.0,1255 Castleton Ave,Staten Island,New York,US,,(718) 442-1633,Restaurant,Mexican restaurant,,,,,,,,,,https://www.google.com/maps/search/?api=1&query=Las%20Cazuelas%20Restaurant&query_place_id=ChIJCzLH6EJNwokRGS8voJntunY,Restaurant,4.836281906951478,20.312,Small,4.0–4.5
Los Charros Mexican Restaurant & Bar,4.1,29.0,244 Port Richmond Ave,Staten Island,New York,US,https://instagram.com/loscharrosnycsi?igshid=YmMyMTA2M2Y=,(347) 466-5819,Mexican restaurant,,,,,,,,,,,https://www.google.com/maps/search/?api=1&query=Los%20Charros%20Mexican%20Restaurant%20%26%20Bar&query_place_id=ChIJxztpiKhNwokRdTU7XEVaXCU,Mexican restaurant,3.4011973816621555,13.945,Micro,4.0–4.5
Avocado Sushi,3.8,129.0,1430 Richmond Ave # 1,Staten Island,New York,US,https://www.avocadosushirichmondave.com/,(718) 698-9800,Sushi restaurant,,,,,,,,,,,https://www.google.com/maps/search/?api=1&query=Avocado%20Sushi&query_place_id=ChIJpeQRAQZNwokRP7fNy3yOZOs,Sushi restaurant,4.867534450455582,18.497,Small,3.5–4.0
Master Wok,3.2,58.0,2655 Richmond Ave #2480,Staten Island,New York,US,,(718) 983-9466,Chinese restaurant,,,,,,,,,,,https://www.google.com/maps/search/?api=1&query=Master%20Wok&query_place_id=ChIJ3S0bw4BLwokRCjSVMi6Go6w,Chinese restaurant,4.07753744390572,13.048,Micro,3.0–3.5
Amalfi Coast Pizzeria and Restaurant Inc,4.5,79.0,572 Midland Ave,Staten Island,New York,US,http://amalficoastpizzeriarestaurant.com/,(718) 682-1550,Pizza restaurant,Hamburger restaurant,Italian restaurant,Pizza delivery,Pizza Takeout,Sandwich shop,,,,,,https://www.google.com/maps/search/?api=1&query=Amalfi%20Coast%20Pizzeria%20and%20Restaurant%20Inc&query_place_id=ChIJqZqEiAZJwokRJigwzZYbIq4,Pizza restaurant,4.382026634673881,19.719,Micro,4.0–4.5
McDonald's,3.5,1910.0,1660 Richmond Ave,Staten Island,New York,US,https://www.mcdonalds.com/us/en-us/location/NY/STATEN-ISLAND/1660-RICHMOND-AVE/12318.html?cid=RF:YXT:GMB::Clicks,(929) 256-2726,Fast food restaurant,Breakfast restaurant,Coffee shop,Hamburger restaurant,Restaurant,Sandwich shop,,,,,,https://www.google.com/maps/search/?api=1&query=McDonald's&query_place_id=ChIJiw1thVtMwokRfqev3234FD8,Fast food restaurant,7.555381944240273,26.444,Popular,3.0–3.5
No.5 restaurant 五号食堂,3.8,24.0,968 58th St,Brooklyn,New York,US,,(929) 640-6666,Restaurant,,,,,,,,,,,https://www.google.com/maps/search/?api=1&query=No.5%20restaurant%20%E4%BA%94%E5%8F%B7%E9%A3%9F%E5%A0%82&query_place_id=ChIJ6b2OQ2dFwokRX-DPteLa31s,Restaurant,3.2188758248682006,12.232,Micro,3.5–4.0
Bai’dar Hookah Cafe & Restaurant,4.3,255.0,6810 3rd Ave,Brooklyn,New York,US,,(347) 909-7088,Restaurant,Delivery Restaurant,Takeout Restaurant,Hookah bar,,,,,,,,https://www.google.com/maps/search/?api=1&query=Bai%E2%80%99dar%20Hookah%20Cafe%20%26%20Restaurant&query_place_id=ChIJ1xd2k1ZFwokR5SAQFVzTXMM,Restaurant,5.545177444479562,23.844,Small,4.0–4.5
Mi elsalvador Restaurant.,4.0,9.0,5716 5th Ave,Brooklyn,New York,US,https://mielsalvador.site/,(347) 547-8547,Salvadoran restaurant,Bakery,Burrito restaurant,Fast food restaurant,Food products supplier,Grocery delivery service,Hamburger restaurant,Takeout Restaurant,Spanish restaurant,Taco restaurant,,https://www.google.com/maps/search/?api=1&query=Mi%20elsalvador%20Restaurant.&query_place_id=ChIJceI5vsZbwokRHefBVh9s2CA,Salvadoran restaurant,2.302585092994046,9.21,Micro,3.5–4.0
El Patron Restaurant & Lounge 2,3.9,212.0,1491 Hylan Blvd,Staten Island,New York,US,https://hylan.elpatronsi.com/,(929) 308-0776,Mexican restaurant,,,,,,,,,,,https://www.google.com/maps/search/?api=1&query=El%20Patron%20Restaurant%20%26%20Lounge%202&query_place_id=ChIJR4xVHsNPwokRBUWvFi9ZjaI,Mexican restaurant,5.3612921657094255,20.909,Small,3.5–4.0
Cinderellas Mexican Restaurant,3.9,204.0,108 Victory Blvd,Staten Island,New York,US,https://cinderellasmexicanrestaurantny.com/,(718) 285-4333,Mexican restaurant,,,,,,,,,,,https://www.google.com/maps/search/?api=1&query=Cinderellas%20Mexican%20Restaurant&query_place_id=ChIJWXOuADNOwokRthZJQc1FxMU,Mexican restaurant,5.3230099791384085,20.76,Small,3.5–4.0
Five Guys,4.2,796.0,2865 Richmond Ave,Staten Island,New York,US,https://restaurants.fiveguys.com/2865-richmond-avenue,(347) 695-3274,Fast food restaurant,American restaurant,Hamburger restaurant,Hot dog restaurant,Hot dog stand,Restaurant,,,,,,https://www.google.com/maps/search/?api=1&query=Five%20Guys&query_place_id=ChIJq1gKk4FLwokRD19kUMi3Zxg,Fast food restaurant,6.680854678790215,28.06,Popular,4.0–4.5
QDOBA Mexican Eats,4.1,696.0,2335 Richmond Ave,Staten Island,New York,US,https://locations.qdoba.com/us/ny/staten-island/2335-richmond-ave?utm_medium=organic&utm_source=google&utm_campaign=google_maps&utm_content=website&utm_term=2752,(718) 494-3408,Mexican restaurant,Bar & grill,Box lunch supplier,Brunch restaurant,Caterer,Delivery service,Fast food restaurant,Restaurant,Tex-Mex restaurant,,,https://www.google.com/maps/search/?api=1&query=QDOBA%20Mexican%20Eats&query_place_id=ChIJC7DvYHxMwokRHhLR4upbBRU,Mexican restaurant,6.546785410760524,26.842,Popular,4.0–4.5
Xiang Zhi,2.8,23.0,53-22 7th Ave,Brooklyn,New York,US,,(718) 436-2092,Asian restaurant,,,,,,,,,,,https://www.google.com/maps/search/?api=1&query=Xiang%20Zhi&query_place_id=ChIJzyxUTZBbwokRJkVJ6P4-n8c,Asian restaurant,3.1780538303479458,8.899,Micro,<3.0
Dragon House,3.9,178.0,280 Sand Ln,Staten Island,New York,US,https://dragonhousesi.com/,(718) 556-0888,Chinese restaurant,Delivery Restaurant,,,,,,,,,,https://www.google.com/maps/search/?api=1&query=Dragon%20House&query_place_id=ChIJWxSJCRlPwokRT2oLWNElNQM,Chinese restaurant,5.187385805840755,20.231,Small,3.5–4.0
Morelos Mexican Restaurant & Deli,4.0,102.0,6 Cebra Ave,Staten Island,New York,US,https://morelosmexicanrestaurant.com/,(718) 273-2050,Mexican restaurant,Deli,Delivery Restaurant,,,,,,,,,https://www.google.com/maps/search/?api=1&query=Morelos%20Mexican%20Restaurant%20%26%20Deli&query_place_id=ChIJCxR5DzdOwokRKcmGLbqqqF0,Mexican restaurant,4.634728988229636,18.539,Small,3.5–4.0
My Pizza and Restaurant,4.1,582.0,755 Targee St,Staten Island,New York,US,https://pizzarus.com/,(718) 720-7777,Pizza restaurant,Diner,Pasta shop,Pizza delivery,Pizza Takeout,,,,,,,https://www.google.com/maps/search/?api=1&query=My%20Pizza%20and%20Restaurant&query_place_id=ChIJ7ZWPzflOwokRqwoWrGmT3dg,Pizza restaurant,6.368187186350492,26.11,Popular,4.0–4.5
6B RESTAURANT,4.0,85.0,60 E 42nd St,New York,New York,US,http://6bnyc.com/,(212) 922-2110,Buffet restaurant,Cafe,Deli,Espresso bar,Juice shop,Salad shop,Sandwich shop,Snack bar,Soup shop,,,https://www.google.com/maps/search/?api=1&query=6B%20RESTAURANT&query_place_id=ChIJPTNHoAFZwokR6ZeoEUK3dqI,Buffet restaurant,4.454347296253507,17.817,Micro,3.5–4.0
Boishakhi Restaurant Astoria,4.3,1492.0,29-14 36th Ave,Long Island City,New York,US,http://www.boishakhirestaurantny.com/,(718) 606-1242,Bangladeshi restaurant,Asian fusion restaurant,Breakfast restaurant,Halal restaurant,Health food restaurant,Indian restaurant,Pakistani restaurant,Restaurant,,,,https://www.google.com/maps/search/?api=1&query=Boishakhi%20Restaurant%20Astoria&query_place_id=ChIJc9PV7y1fwokRCXkEeswTFog,Bangladeshi restaurant,7.30854279753919,31.427,Popular,4.0–4.5
Ollie’s Sichuan Chinese Restaurant​ (成都印象),4.2,1706.0,411 W 42nd St,New York,New York,US,https://ollieseats.com/ollies-sichuan-restaurant-nyc,(212) 868-6588,Chinese restaurant,Asian restaurant,Cantonese restaurant,Chinese noodle restaurant,Chinese takeaway,Delivery Chinese restaurant,Dim sum restaurant,Delivery Restaurant,Noodle shop,Sichuan restaurant,,https://www.google.com/maps/search/?api=1&query=Ollie%E2%80%99s%20Sichuan%20Chinese%20Restaurant%E2%80%8B%20(%E6%88%90%E9%83%BD%E5%8D%B0%E8%B1%A1)&query_place_id=ChIJJS-Q9VJYwokRq_QTtG6GoPE,Chinese restaurant,7.442492722794441,31.258,Popular,4.0–4.5
Baadshah 786 Restaurant & Sweets,3.9,425.0,2031 Bath Ave,Brooklyn,New York,US,,(718) 975-7702,Pakistani restaurant,Breakfast restaurant,Halal restaurant,,,,,,,,,https://www.google.com/maps/search/?api=1&query=Baadshah%20786%20Restaurant%20%26%20Sweets&query_place_id=ChIJlbWWiQlFwokRbhPYN-sEvn0,Pakistani restaurant,6.054439346269371,23.612,Small,3.5–4.0
La Catracha,3.9,104.0,68 Van Riper St,Staten Island,New York,US,,(347) 600-2821,Mexican restaurant,Fast food restaurant,,,,,,,,,,https://www.google.com/maps/search/?api=1&query=La%20Catracha&query_place_id=ChIJJR1wc8lNwokRquc5G43OU_4,Mexican restaurant,4.653960350157523,18.15,Small,3.5–4.0
salmon sushi restaurant,4.2,105.0,1077 Bay St,Staten Island,New York,US,https://salmonsushiny.com/?utm_source=gmb&utm_medium=website,(718) 673-6736,Sushi restaurant,Japanese restaurant,,,,,,,,,,https://www.google.com/maps/search/?api=1&query=salmon%20sushi%20restaurant&query_place_id=ChIJtfFjmHJPwokRE4a9GAN1_fE,Sushi restaurant,4.663439094112067,19.586,Small,4.0–4.5
Wendy's,3.8,1270.0,26 Richmond Hill Rd,Staten Island,New York,US,https://locations.wendys.com/united-states/ny/staten-island/26-richmond-hill-road?utm_source=Yext&utm_medium=Google_My_Business&utm_campaign=Local_Search,(718) 761-3950,Fast food restaurant,Hamburger restaurant,Restaurant,,,,,,,,,https://www.google.com/maps/search/?api=1&query=Wendy's&query_place_id=ChIJpdqNI3xMwokRstJviPLGsnU,Fast food restaurant,7.147559271189454,27.161,Popular,3.5–4.0
New Phoenix Seafood Restaurant,3.9,516.0,912 65th St,Brooklyn,New York,US,,(718) 680-2278,Dim sum restaurant,,,,,,,,,,,https://www.google.com/maps/search/?api=1&query=New%20Phoenix%20Seafood%20Restaurant&query_place_id=ChIJh-2WhUhFwokRPyRwCXaWzYc,Dim sum restaurant,6.248042874508429,24.367,Popular,3.5–4.0
Panera Bread,3.8,713.0,280 Marsh Ave,Staten Island,New York,US,https://www.panerabread.com/en-us/cafe/locations/ny/staten-island/280-marsh-avenue?utm_medium=local&utm_source=google&utm_campaign=dpm-dist&utm_term=204075&utm_content=main,(718) 494-2450,Cafe,Bakery,Breakfast restaurant,Caterer,Coffee shop,Delivery service,Takeout Restaurant,Salad shop,Sandwich shop,Soup restaurant,,https://www.google.com/maps/search/?api=1&query=Panera%20Bread&query_place_id=ChIJjdsvDYdLwokRfk6GhNTIugs,Cafe,6.570882962339584,24.969,Popular,3.5–4.0
Bamboo Seafood Restaurant 興旺餐廳 (粵菜),3.8,42.0,5108 7th Ave,Brooklyn,New York,US,https://www.bambooseafoodtogo.com/,(347) 689-4885,Chinese restaurant,,,,,,,,,,,https://www.google.com/maps/search/?api=1&query=Bamboo%20Seafood%20Restaurant%20%E8%88%88%E6%97%BA%E9%A4%90%E5%BB%B3%20(%E7%B2%B5%E8%8F%9C)&query_place_id=ChIJp3HETH5bwokRfy0tQ0Y3cqY,Chinese restaurant,3.7612001156935624,14.293,Micro,3.5–4.0
Skyway Restaurant and Kebab House,3.9,489.0,2032 Bath Ave,Brooklyn,New York,US,https://skywayrestaurantkababhouse.netwaiter.com/brooklyn/about/,(718) 373-3332,Pakistani restaurant,Indian restaurant,,,,,,,,,,https://www.google.com/maps/search/?api=1&query=Skyway%20Restaurant%20and%20Kebab%20House&query_place_id=ChIJ3dkvIApFwokRmjq9PXOhxM8,Pakistani restaurant,6.194405391104672,24.158,Small,3.5–4.0
Buffalo Wild Wings,3.8,1370.0,1447 Richmond Ave,Staten Island,New York,US,https://www.buffalowildwings.com/locations/us/ny/staten-island/1447-richmond-avenue/sports-bar-1084?utm_source=google-my-business&utm_medium=organic&utm_campaign=website-link&y_source=1_MjAxNjYxMTk5NS03MTUtbG9jYXRpb24ud2Vic2l0ZQ%3D%3D,(718) 983-6912,Chicken wings restaurant,Takeout Restaurant,Sports bar,,,,,,,,,https://www.google.com/maps/search/?api=1&query=Buffalo%20Wild%20Wings&query_place_id=ChIJf3D08E9MwokRFxRpFJMjZgc,Chicken wings restaurant,7.223295679562314,27.449,Popular,3.5–4.0
Chick-fil-A,4.2,654.0,2655 Richmond Ave,Staten Island,New York,US,https://www.chick-fil-a.com/locations/ny/staten-island-mall?utm_source=google&utm_medium=gmb,(929) 343-5064,Fast food restaurant,Breakfast restaurant,Caterer,Chicken restaurant,Delivery service,Family restaurant,,,,,,https://www.google.com/maps/search/?api=1&query=Chick-fil-A&query_place_id=ChIJ-aHijsBLwokRI8fuW9aVaGk,Fast food restaurant,6.484635235635252,27.235,Popular,4.0–4.5
Chipotle Mexican Grill,3.6,828.0,2655 Richmond Ave,Staten Island,New York,US,https://locations.chipotle.com/ny/staten-island/2655-richmond-ave?utm_source=google&utm_medium=yext&utm_campaign=yext_listings?restaurant=2918,(718) 210-4606,Mexican restaurant,Caterer,Fast food restaurant,,,,,,,,,https://www.google.com/maps/search/?api=1&query=Chipotle%20Mexican%20Grill&query_place_id=ChIJ3d-B2UtLwokRdleD9mvwgwQ,Mexican restaurant,6.720220155135295,24.193,Popular,3.5–4.0
Bubbakoo's Burritos,3.6,184.0,1650 Richmond Ave,Staten Island,New York,US,https://www.bubbakoos.com/location/statenislandny,(718) 524-5866,Mexican restaurant,Burrito restaurant,Caterer,Taco restaurant,Vegetarian restaurant,,,,,,,https://www.google.com/maps/search/?api=1&query=Bubbakoo's%20Burritos&query_place_id=ChIJ-_FQZKVNwokR_GZar31odmc,Mexican restaurant,5.220355825078325,18.793,Small,3.5–4.0
J and B Pizzeria Restaurant,3.7,178.0,2220 Forest Ave,Staten Island,New York,US,http://www.jbpizza.com/,(718) 876-5700,Pizza restaurant,Delivery Restaurant,,,,,,,,,,https://www.google.com/maps/search/?api=1&query=J%20and%20B%20Pizzeria%20Restaurant&query_place_id=ChIJW6hBPKxNwokRV5QJffArm0Q,Pizza restaurant,5.187385805840755,19.193,Small,3.5–4.0
Lucky Zhang's（ 8大道张家興）,2.8,198.0,5622 8th Ave,Brooklyn,New York,US,,(718) 439-3366,Chinese restaurant,Restaurant,,,,,,,,,,https://www.google.com/maps/search/?api=1&query=Lucky%20Zhang's%EF%BC%88%208%E5%A4%A7%E9%81%93%E5%BC%A0%E5%AE%B6%E8%88%88%EF%BC%89&query_place_id=ChIJO0YmYEpFwokRXxdhCqFupbM,Chinese restaurant,5.293304824724492,14.821,Small,<3.0
98 Favor Taste Restaurant,3.3,41.0,774 53rd St #A,Brooklyn,New York,US,,(718) 500-1999,Chinese restaurant,Chinese noodle restaurant,Chinese takeaway,Restaurant,Wok restaurant,,,,,,,https://www.google.com/maps/search/?api=1&query=98%20Favor%20Taste%20Restaurant&query_place_id=ChIJ_UTXS8lFwokRL8DSP13FsE8,Chinese restaurant,3.7376696182833684,12.334,Micro,3.0–3.5
Progreso Honduras Resturant,3.6,467.0,5303 Fort Hamilton Pkwy,Brooklyn,New York,US,,(347) 533-6908,Honduran restaurant,,,,,,,,,,,https://www.google.com/maps/search/?api=1&query=Progreso%20Honduras%20Resturant&query_place_id=ChIJQRQWgTNFwokRIb5jXAoApWU,Honduran restaurant,6.148468295917647,22.134,Small,3.5–4.0
Happy Fortune Chinese Restaurant,3.3,99.0,1022 Rossville Ave,Staten Island,New York,US,https://www.happyfortuneonline.com/,(718) 984-1166,Chinese restaurant,Caterer,Delivery Restaurant,,,,,,,,,https://www.google.com/maps/search/?api=1&query=Happy%20Fortune%20Chinese%20Restaurant&query_place_id=ChIJx-qegClLwokRjrR4run8MfA,Chinese restaurant,4.605170185988092,15.197,Micro,3.0–3.5
Holland Bay Restaurant,4.5,168.0,78 Victory Blvd,Staten Island,New York,US,http://hollandbayrestaurant.com/,(718) 818-8009,Caribbean restaurant,Jamaican restaurant,,,,,,,,,,https://www.google.com/maps/search/?api=1&query=Holland%20Bay%20Restaurant&query_place_id=ChIJ8wrFcU1PwokRnYKzXsM6zvQ,Caribbean restaurant,5.1298987149230735,23.085,Small,4.0–4.5
Breniz restaurant,4.0,63.0,7816 New Utrecht Ave,Brooklyn,New York,US,,(347) 492-3921,Mexican restaurant,Restaurant,,,,,,,,,,https://www.google.com/maps/search/?api=1&query=Breniz%20restaurant&query_place_id=ChIJpxPpmpZFwokRlzZj2EWdpOk,Mexican restaurant,4.1588830833596715,16.636,Micro,3.5–4.0
El Autentico Restaurant,4.6,51.0,47-20 Broadway,Long Island City,New York,US,https://www.elautenticoeats.com/,(718) 777-0333,Latin American restaurant,Colombian restaurant,Ecuadorian restaurant,Fast food restaurant,Mexican restaurant,Peruvian restaurant,,,,,,https://www.google.com/maps/search/?api=1&query=El%20Autentico%20Restaurant&query_place_id=ChIJ8_ncA0pfwokROBGyp_n69Sc,Latin American restaurant,3.9512437185814275,18.176,Micro,4.5–5.0
Beyond Sushi Vegan Restaurant,4.6,3364.0,134 W 37th St,New York,New York,US,http://beyondsushi.com/,(212) 564-0869,Vegan restaurant,Asian fusion restaurant,Kosher restaurant,Restaurant,Sushi restaurant,Sushi takeaway,Vegetarian restaurant,,,,,https://www.google.com/maps/search/?api=1&query=Beyond%20Sushi%20Vegan%20Restaurant&query_place_id=ChIJPy94jKtZwokRRODqoL09Acw,Vegan restaurant,8.121183242078828,37.357,Viral,4.5–5.0
Subway,4.0,137.0,1650 Richmond Ave,Staten Island,New York,US,https://restaurants.subway.com/united-states/ny/staten-island/1650-richmond-avenue?utm_source=yxt-goog&utm_medium=local&utm_term=acq&utm_content=46251&utm_campaign=evergreen-2020&y_source=1_MTQ5MDg0MzQtNzE1LWxvY2F0aW9uLndlYnNpdGU%3D,(718) 477-5559,Sandwich shop,Caterer,Fast food restaurant,Takeout Restaurant,Restaurant,,,,,,,https://www.google.com/maps/search/?api=1&query=Subway&query_place_id=ChIJh-GpkltMwokR8q8fhXwv8Nc,Sandwich shop,4.927253685157205,19.709,Small,3.5–4.0
Shohsaroy Restaurant,4.7,199.0,7316 3rd Ave,Brooklyn,New York,US,https://shohsaroyrestaurantny.com/,(929) 308-1820,Uzbeki restaurant,,,,,,,,,,,https://www.google.com/maps/search/?api=1&query=Shohsaroy%20Restaurant&query_place_id=ChIJTbpNOTtFwokRi1G3DYHWdcs,Uzbeki restaurant,5.298317366548036,24.902,Small,4.5–5.0
May Flower Chinese Restaurant,3.3,92.0,1116 Castleton Ave,Staten Island,New York,US,https://www.mayflowernewyork.com/,(718) 720-3131,Chinese restaurant,Delivery Restaurant,,,,,,,,,,https://www.google.com/maps/search/?api=1&query=May%20Flower%20Chinese%20Restaurant&query_place_id=ChIJFdH47HROwokRviyY6J02rQs,Chinese restaurant,4.532599493153256,14.958,Micro,3.0–3.5
Mario's Pizza & Restaurant,3.9,210.0,6424 14th Ave,Brooklyn,New York,US,https://www.mariospizzarestaurantmenu.com/?utm_source=gbp,(718) 232-5440,Pizza restaurant,Delivery Restaurant,,,,,,,,,,https://www.google.com/maps/search/?api=1&query=Mario's%20Pizza%20%26%20Restaurant&query_place_id=ChIJBcXJlDtFwokRnmjo5ILFkf4,Pizza restaurant,5.351858133476067,20.872,Small,3.5–4.0
"Alhumza - Pakistani/Indian - Halal Meat, Restaurant and Grocceries",3.8,389.0,629 Richmond Rd,Staten Island,New York,US,,(718) 727-6050,Pakistani restaurant,Asian grocery store,Halal restaurant,Indian grocery store,Meat products store,,,,,,,https://www.google.com/maps/search/?api=1&query=Alhumza%20-%20Pakistani%2FIndian%20-%20Halal%20Meat%2C%20Restaurant%20and%20Grocceries&query_place_id=ChIJpf5RAvhOwokR28cBJ7EtBqY,Pakistani restaurant,5.966146739123692,22.671,Small,3.5–4.0
SUBWAY RESTAURANT(56099),3.5,138.0,7521 13th Ave,Brooklyn,New York,US,http://www.subway.com/,(347) 492-0094,Sandwich shop,Restaurant,,,,,,,,,,https://www.google.com/maps/search/?api=1&query=SUBWAY%20RESTAURANT(56099)&query_place_id=ChIJv0k2ompFwokR2HbT63ovT6g,Sandwich shop,4.9344739331306915,17.271,Small,3.0–3.5
Max Ceylon Curry restaurant,4.3,142.0,324 Victory Blvd,Staten Island,New York,US,,(347) 466-5338,Sri Lankan restaurant,,,,,,,,,,,https://www.google.com/maps/search/?api=1&query=Max%20Ceylon%20Curry%20restaurant&query_place_id=ChIJ2795-zZOwokRKPnTBvqBhSk,Sri Lankan restaurant,4.962844630259907,21.34,Small,4.0–4.5
Pete's Pizzeria & Restaurant,3.8,100.0,7522 3rd Ave,Brooklyn,New York,US,http://www.petespizzabayridge.com/,(718) 745-5442,Pizza restaurant,Italian restaurant,Sandwich shop,,,,,,,,,https://www.google.com/maps/search/?api=1&query=Pete's%20Pizzeria%20%26%20Restaurant&query_place_id=ChIJYQmOXFhFwokRfjbnjkTqyfw,Pizza restaurant,4.61512051684126,17.537,Micro,3.5–4.0
Subway,3.7,125.0,1724 Victory Blvd,Staten Island,New York,US,https://restaurants.subway.com/united-states/ny/staten-island/1724-victory-blvd?utm_source=yxt-goog&utm_medium=local&utm_term=acq&utm_content=23&utm_campaign=evergreen-2020&y_source=1_MTQ5MDczNzMtNzE1LWxvY2F0aW9uLndlYnNpdGU%3D,(718) 727-7444,Sandwich shop,Caterer,Fast food restaurant,Takeout Restaurant,Restaurant,,,,,,,https://www.google.com/maps/search/?api=1&query=Subway&query_place_id=ChIJ3Z1SpoFOwokRxLwTXYDBwEY,Sandwich shop,4.836281906951478,17.894,Small,3.5–4.0
Subway,4.1,167.0,8711 3rd Ave,Brooklyn,New York,US,https://restaurants.subway.com/united-states/ny/brooklyn/8711-3rd-ave?utm_source=yxt-goog&utm_medium=local&utm_term=acq&utm_content=49636&utm_campaign=evergreen-2020&y_source=1_MTQ5MDIzNjktNzE1LWxvY2F0aW9uLndlYnNpdGU=,(718) 680-8808,Sandwich shop,Caterer,Fast food restaurant,Takeout Restaurant,Restaurant,,,,,,,https://www.google.com/maps/search/?api=1&query=Subway&query_place_id=ChIJv4RNXVdawokR2clhEV4tZ8A,Sandwich shop,5.123963979403259,21.008,Small,4.0–4.5
El Jefe Mexican Restaurant,3.7,3.0,17-08 Bath Ave,Brooklyn,New York,US,,(917) 522-1864,Mexican restaurant,,,,,,,,,,,https://www.google.com/maps/search/?api=1&query=El%20Jefe%20Mexican%20Restaurant&query_place_id=ChIJQde4uU5FwokR2KsCGcv5-hk,Mexican restaurant,1.3862943611198906,5.129,Micro,3.5–4.0
V{IV},4.7,4581.0,717 9th Ave,New York,New York,US,http://www.vivthainyc.com/,(212) 581-5999,Thai restaurant,Asian fusion restaurant,Asian restaurant,Bar,Lounge bar,,,,,,,https://www.google.com/maps/search/?api=1&query=V%7BIV%7D&query_place_id=ChIJJ4ARMFFYwokRRyJCDyI-fyM,Thai restaurant,8.42989086301344,39.62,Viral,4.5–5.0
Awash Ethiopian Restaurant,4.4,660.0,947 Amsterdam Ave,New York,New York,US,https://awashny.com/,(212) 961-1416,Ethiopian restaurant,African restaurant,East African restaurant,Takeout Restaurant,Vegan restaurant,Vegetarian restaurant,,,,,,https://www.google.com/maps/search/?api=1&query=Awash%20Ethiopian%20Restaurant&query_place_id=ChIJTxiNYCP2wokRz8bUSToPz-k,Ethiopian restaurant,6.493753839851687,28.573,Popular,4.0–4.5
Sip Sak Express Turkish Restaurant,4.2,663.0,928 2nd Ave,New York,New York,US,https://sipsakny.com/,(212) 583-1900,Turkish restaurant,Bar & grill,Fine dining restaurant,Halal restaurant,Mediterranean restaurant,,,,,,,https://www.google.com/maps/search/?api=1&query=Sip%20Sak%20Express%20Turkish%20Restaurant&query_place_id=ChIJ4aMJ8-JYwokRouFqbQBGljQ,Turkish restaurant,6.498282149476434,27.293,Popular,4.0–4.5
Ellis Island Cafe,2.7,245.0,Ellis Island,New York,New York,US,,,Restaurant,,,,,,,,,,,https://www.google.com/maps/search/?api=1&query=Ellis%20Island%20Cafe&query_place_id=ChIJiyW9XVFRwokRwyVIuyuQH7g,Restaurant,5.5053315359323625,14.864,Small,<3.0
Hudson Eats,4.5,364.0,230 Vesey St,New York,New York,US,https://bfplny.com/food/,(212) 978-1673,Food court,,,,,,,,,,,https://www.google.com/maps/search/?api=1&query=Hudson%20Eats&query_place_id=ChIJGQE3qBtawokRLgG1iiMYNso,Food court,5.8998973535824915,26.55,Small,4.0–4.5
Brasa Peruvian Kitchen,4.7,108.0,1 Water St,New York,New York,US,https://brasaperuvian.com/,(844) 492-7272,Health food restaurant,,,,,,,,,,,https://www.google.com/maps/search/?api=1&query=Brasa%20Peruvian%20Kitchen&query_place_id=ChIJV5aBHehbwokR8aSuiWn_IXg,Health food restaurant,4.6913478822291435,22.049,Small,4.5–5.0
Mezze on the River,4.3,819.0,375 S End Ave,New York,New York,US,https://www.mezzeontheriver.com/,(212) 432-1452,Mediterranean restaurant,Bar,Greek restaurant,Restaurant,Seafood restaurant,,,,,,,https://www.google.com/maps/search/?api=1&query=Mezze%20on%20the%20River&query_place_id=ChIJySoGRqBbwokRjQ3Z2U3Ben4,Mediterranean restaurant,6.709304340258299,28.85,Popular,4.0–4.5
One40 Rooftop Restaurant & Bar,4.3,307.0,140 Washington St,New York,New York,US,https://www.one40rooftop.com/,(212) 842-8007,Restaurant,,,,,,,,,,,https://www.google.com/maps/search/?api=1&query=One40%20Rooftop%20Restaurant%20%26%20Bar&query_place_id=ChIJOU3lJqhbwokRd2agn9Mw4gY,Restaurant,5.730099782973575,24.639,Small,4.0–4.5
ZAZA,4.5,1647.0,104 Greenwich St,New York,New York,US,https://zazadinernyc.com/?utm_source=google,(646) 864-0040,American restaurant,Breakfast restaurant,Brunch restaurant,Cafe,Dessert shop,Diner,Family restaurant,Hamburger restaurant,Lunch restaurant,Pancake restaurant,,https://www.google.com/maps/search/?api=1&query=ZAZA&query_place_id=ChIJRVYm7f1ZwokR2DcmGOSHUFc,American restaurant,7.4073177104694174,33.333,Popular,4.0–4.5
Tartinery Café - Bar | Hudson Eats,4.6,1180.0,225 Liberty St,New York,New York,US,http://www.tartinery.com/,(646) 755-8484,Cafe,Breakfast restaurant,Coffee shop,Coffee stand,French restaurant,Juice shop,Lunch restaurant,Delivery Restaurant,Modern European restaurant,Wine bar,,https://www.google.com/maps/search/?api=1&query=Tartinery%20Caf%C3%A9%20-%20Bar%20%7C%20Hudson%20Eats&query_place_id=ChIJ053_-hpawokRLxQsRjbvpwc,Cafe,7.074116816197362,32.541,Popular,4.5–5.0
Ane Bar & Restaurant,4.8,464.0,20 Maiden Ln,New York,New York,US,https://www.anewallst.com/,(646) 438-9958,Indian restaurant,American restaurant,,,,,,,,,,https://www.google.com/maps/search/?api=1&query=Ane%20Bar%20%26%20Restaurant&query_place_id=ChIJ6QloROhbwokRqI2O00rIirQ,Indian restaurant,6.142037405587356,29.482,Small,4.5–5.0
Buttonwood Restaurant and Bar,4.5,37.0,120 Water St,New York,New York,US,https://www.buttonwoodcafe.com/,(646) 869-6700,Bar & grill,Bistro,Restaurant,,,,,,,,,https://www.google.com/maps/search/?api=1&query=Buttonwood%20Restaurant%20and%20Bar&query_place_id=ChIJY27yECRbwokR0QOjPvGe46s,Bar & grill,3.6375861597263857,16.369,Micro,4.0–4.5
Le Pain Quotidien,4.0,554.0,395 S End Ave,New York,New York,US,https://lepainquotidien.com/us/stores/156:%20south%20end%20avenue?utm_source=gmb&utm_medium=business-listing,(646) 618-8930,Restaurant,Bakery,Breakfast restaurant,Brunch restaurant,Coffee shop,,,,,,,https://www.google.com/maps/search/?api=1&query=Le%20Pain%20Quotidien&query_place_id=ChIJPcWekRpawokRMr5_kNo2njw,Restaurant,6.318968113746434,25.276,Popular,3.5–4.0
"Dos Toros - Burritos, Bowls, and Tacos",4.6,1416.0,225 Liberty St Suite 242,New York,New York,US,http://www.dostoros.com/,(347) 218-9518,Mexican restaurant,Breakfast restaurant,Burrito restaurant,Caterer,Delivery service,Lunch restaurant,Restaurant,Taco restaurant,,,,https://www.google.com/maps/search/?api=1&query=Dos%20Toros%20-%20Burritos%2C%20Bowls%2C%20and%20Tacos&query_place_id=ChIJiYWcABtawokR1hgYz-4_mOQ,Mexican restaurant,7.256297239690681,33.379,Popular,4.5–5.0
Statue of Liberty Crown Cafe,4.0,2288.0,Liberty Island,BOWLING GREEN,NY,US,http://www.thestatueofliberty.com/,(212) 363-3180,Restaurant,American restaurant,Fast food restaurant,,,,,,,,,https://www.google.com/maps/search/?api=1&query=Statue%20of%20Liberty%20Crown%20Cafe&query_place_id=ChIJOw_d1I5QwokRlC7hA3MBvFs,Restaurant,7.735870319952567,30.943,Viral,3.5–4.0
Old Marani Georgian Restaurant Brooklyn,4.7,581.0,1103 Kings Hwy,Brooklyn,New York,US,,(718) 975-0055,Georgian restaurant,,,,,,,,,,,https://www.google.com/maps/search/?api=1&query=Old%20Marani%20Georgian%20Restaurant%20Brooklyn&query_place_id=ChIJhZVO-jJFwokR3OAOTWZ5fks,Georgian restaurant,6.366470447731438,29.922,Popular,4.5–5.0
Teura Italian Restaurant,4.8,509.0,1215 Surf Ave,Brooklyn,New York,US,https://teuranyc.com/,(929) 556-4124,Italian restaurant,,,,,,,,,,,https://www.google.com/maps/search/?api=1&query=Teura%20Italian%20Restaurant&query_place_id=ChIJlwrgFKZFwokRIGsalu_jW2M,Italian restaurant,6.234410725718371,29.925,Popular,4.5–5.0
EXIT 9 Restaurant & Bar,4.7,404.0,2771D Knapp St,Brooklyn,New York,US,https://exit9brooklyn.com/,(718) 707-3543,Restaurant,Bar,Cafe,Pub,Steak house,,,,,,,https://www.google.com/maps/search/?api=1&query=EXIT%209%20Restaurant%20%26%20Bar&query_place_id=ChIJQ9CfQyZDwokRwTdQfyQSU4U,Restaurant,6.003887067106539,28.218,Small,4.5–5.0
Cross Road BK,4.7,254.0,752 Coney Island Ave,Brooklyn,New York,US,http://www.crossroadbk.com/,(646) 968-4682,Caribbean restaurant,Restaurant,,,,,,,,,,https://www.google.com/maps/search/?api=1&query=Cross%20Road%20BK&query_place_id=ChIJT5D6uJ9bwokRk9KgTJ9umX8,Caribbean restaurant,5.541263545158426,26.044,Small,4.5–5.0
LILLI RESTAURANT,4.7,1107.0,1344 Utica Ave,Brooklyn,New York,US,https://lillirestaurant.com/,(347) 455-0107,Caribbean restaurant,Asian fusion restaurant,Asian restaurant,Fine dining restaurant,Thai restaurant,,,,,,,https://www.google.com/maps/search/?api=1&query=LILLI%20RESTAURANT&query_place_id=ChIJU4xg2bNdwokR6PnQa_O3Sx4,Caribbean restaurant,7.010311867307229,32.948,Popular,4.5–5.0
Káyọ̀dé Restaurant Mirage,4.9,174.0,563 E 26th St,Brooklyn,New York,US,https://www.ubereats.com/store/kayode-restaurant/ukzRVpPWXy6nxR5h-8_FRQ?diningMode=DELIVERY&sc=SEARCH_SUGGESTION&fbclid=PAZXh0bgNhZW0CMTEAAaYhyEt5oDFVR46sKFWvyMabCbSCGMlrUFlw8T5NUY1ES2AiAfEUd5Ec3H4_aem_AV3a87xxeFLGx-fspXLMW8HgY-Ner4WjGYqYlcTCOIWzuZZgcMLVzrxXDXpzKpQ0hAcpgRafv2uQsBDc5rBwgmt1,(347) 240-2710,African restaurant,,,,,,,,,,,https://www.google.com/maps/search/?api=1&query=K%C3%A1y%E1%BB%8D%CC%80d%C3%A9%20Restaurant%20Mirage&query_place_id=ChIJ530uEgBbwokRF65dR01Q7U4,African restaurant,5.1647859739235145,25.307,Small,4.5–5.0
Veres Restaurant,4.8,171.0,2874 Coney Island Ave,Brooklyn,New York,US,https://veresrestaurant.com/,(718) 942-4443,Restaurant,Eastern European restaurant,Ukrainian restaurant,,,,,,,,,https://www.google.com/maps/search/?api=1&query=Veres%20Restaurant&query_place_id=ChIJKSLUDLJFwokR51Q5Q_tWB9k,Restaurant,5.147494476813453,24.708,Small,4.5–5.0
CZEN Restaurant,4.5,1174.0,4410 Avenue H,Brooklyn,New York,US,http://czennyc.com/,(347) 462-3010,Asian fusion restaurant,Bar,Brunch restaurant,Caribbean restaurant,Takeout Restaurant,,,,,,,https://www.google.com/maps/search/?api=1&query=CZEN%20Restaurant&query_place_id=ChIJXV940sNdwokR7Z56ISzYiiQ,Asian fusion restaurant,7.069023426578259,31.811,Popular,4.0–4.5
Ren Restaurant,4.8,337.0,1571 McDonald Ave,Brooklyn,New York,US,https://www.renkosher.com/,(718) 400-9736,Kosher restaurant,Restaurant,,,,,,,,,,https://www.google.com/maps/search/?api=1&query=Ren%20Restaurant&query_place_id=ChIJm2LG2khFwokR4rVNicDYVKc,Kosher restaurant,5.823045895483019,27.951,Small,4.5–5.0
New three star restaurant,4.5,224.0,1611 Avenue U,Brooklyn,New York,US,https://newthreestar.com/,(718) 743-5777,American restaurant,,,,,,,,,,,https://www.google.com/maps/search/?api=1&query=New%20three%20star%20restaurant&query_place_id=ChIJ2zuf1BpFwokR-6SMkUSrXbw,American restaurant,5.41610040220442,24.372,Small,4.0–4.5
Terra Restaurant,4.4,512.0,1716 Sheepshead Bay Rd,Brooklyn,New York,US,https://terrabrooklyn.com/,(718) 675-3939,Restaurant,Brunch restaurant,European restaurant,Fine dining restaurant,Lounge bar,Modern European restaurant,Wine bar,,,,,https://www.google.com/maps/search/?api=1&query=Terra%20Restaurant&query_place_id=ChIJjYSZSGREwokRtnAzLYJ_UwU,Restaurant,6.240275845170769,27.457,Popular,4.0–4.5
Marmeta Restaurant,5.0,32.0,479 73rd St,Brooklyn,New York,US,https://mermetaalgerianrestaurant.com/,(347) 492-0670,Algerian Restaurant,,,,,,,,,,,https://www.google.com/maps/search/?api=1&query=Marmeta%20Restaurant&query_place_id=ChIJraaejGdFwokRzdfsEDR6F3U,Algerian Restaurant,3.4965075614664802,17.483,Micro,4.5–5.0
Prime 623 Restaurant And Bar,4.4,445.0,1566 Ralph Ave,Brooklyn,New York,US,https://prime623.squarespace.com/,(347) 374-2145,Restaurant,Caribbean restaurant,,,,,,,,,,https://www.google.com/maps/search/?api=1&query=Prime%20623%20Restaurant%20And%20Bar&query_place_id=ChIJ08u4eqldwokROo6vliJySb8,Restaurant,6.100318952020064,26.841,Small,4.0–4.5
Lokum Mediterranean Restaurant and Bar,4.6,802.0,2027 Emmons Ave 2nd floor,Brooklyn,New York,US,http://www.lokum-ny.com/,(646) 444-8777,Mediterranean restaurant,Bar & grill,Brunch restaurant,Greek restaurant,Hookah bar,Seafood restaurant,Steak house,Turkish restaurant,,,,https://www.google.com/maps/search/?api=1&query=Lokum%20Mediterranean%20Restaurant%20and%20Bar&query_place_id=ChIJ03zIjG1FwokR5EV8gcSurb8,Mediterranean restaurant,6.688354713946762,30.766,Popular,4.5–5.0
Level Restaurant & Bar,4.4,890.0,2775 Coney Island Ave,Brooklyn,New York,US,https://www.level.restaurant/,(718) 684-4300,Restaurant,Bar,,,,,,,,,,https://www.google.com/maps/search/?api=1&query=Level%20Restaurant%20%26%20Bar&query_place_id=ChIJO8HZqcRFwokRDgSJh5IdCdY,Restaurant,6.792344427470809,29.886,Popular,4.0–4.5
Vis-a-Vis Restaurant,4.5,714.0,3100 Ocean Pkwy,Brooklyn,New York,US,http://www.visavisny.com/,(718) 333-0003,Fusion restaurant,Banquet hall,Bar,Eastern European restaurant,Fine dining restaurant,French restaurant,Lounge bar,New American restaurant,,,,https://www.google.com/maps/search/?api=1&query=Vis-a-Vis%20Restaurant&query_place_id=ChIJaeRukUdEwokRVbe6Tt9hYBw,Fusion restaurant,6.5722825426940075,29.575,Popular,4.0–4.5
Il Colosseo Ristorante | Brooklyn,4.5,771.0,7704 18th Ave,Brooklyn,New York,US,http://www.ilcolosseoristorante.com/,(718) 234-3663,Italian restaurant,Family restaurant,Mediterranean restaurant,Neapolitan restaurant,Northern Italian restaurant,Pizza restaurant,Roman restaurant,Sicilian restaurant,Southern Italian restaurant,Tuscan restaurant,,https://www.google.com/maps/search/?api=1&query=Il%20Colosseo%20Ristorante%20%7C%20Brooklyn&query_place_id=ChIJl8yb4RBFwokR4_39R9Q3FWg,Italian restaurant,6.648984550024776,29.92,Popular,4.0–4.5
Palmyra Restaurant Brooklyn,4.1,211.0,2663 Coney Island Ave,Brooklyn,New York,US,https://palmyrarestaurantny.com/,(929) 900-8033,Restaurant,,,,,,,,,,,https://www.google.com/maps/search/?api=1&query=Palmyra%20Restaurant%20Brooklyn&query_place_id=ChIJV3Zrwv1FwokRvcT4Eku0gpU,Restaurant,5.356586274672012,21.962,Small,4.0–4.5
Nota bene restaurant,4.5,370.0,282 Brighton Beach Ave,Brooklyn,New York,US,http://notabenebrooklyn.com/,(716) 232-5577,Restaurant,Georgian restaurant,,,,,,,,,,https://www.google.com/maps/search/?api=1&query=Nota%20bene%20restaurant&query_place_id=ChIJpze0SklFwokRaL2rcAXh1JY,Restaurant,5.916202062607435,26.623,Small,4.0–4.5
Golden Blue Bar & Restaurant,4.3,103.0,2172 Clarendon Rd,Brooklyn,New York,US,http://www.goldenbluebarrestaurant.com/,(347) 406-5414,Caribbean restaurant,,,,,,,,,,,https://www.google.com/maps/search/?api=1&query=Golden%20Blue%20Bar%20%26%20Restaurant&query_place_id=ChIJL8ukd0hbwokRNyCXCwTKCls,Caribbean restaurant,4.6443908991413725,19.971,Small,4.0–4.5
Casa Marias Restaurant,4.7,67.0,1962 Coney Island Ave,Brooklyn,New York,US,,(718) 627-1003,Mexican restaurant,,,,,,,,,,,https://www.google.com/maps/search/?api=1&query=Casa%20Marias%20Restaurant&query_place_id=ChIJUYg8MXZFwokRMdhxki2kbMU,Mexican restaurant,4.219507705176107,19.832,Micro,4.5–5.0
Little Istanbul Restaurant,4.4,568.0,2007 Avenue U,Brooklyn,New York,US,http://www.littleistanbulrestaurant.com/,(718) 313-5755,Turkish restaurant,,,,,,,,,,,https://www.google.com/maps/search/?api=1&query=Little%20Istanbul%20Restaurant&query_place_id=ChIJt8aDXDtFwokRjEDZlZ9W0z0,Turkish restaurant,6.343880434126331,27.913,Popular,4.0–4.5
Registan Restaurant,4.6,447.0,461 Kings Hwy,Brooklyn,New York,US,https://registanny.com/,(718) 686-6677,Halal restaurant,,,,,,,,,,,https://www.google.com/maps/search/?api=1&query=Registan%20Restaurant&query_place_id=ChIJT0Npbx9FwokRnTUOlpn0TK8,Halal restaurant,6.104793232414985,28.082,Small,4.5–5.0
Surf City Pizzeria,4.3,836.0,837 Surf Ave,Brooklyn,New York,US,https://www.surfcitypizzeriamenu.com/?utm_source=gbp,(718) 676-4460,Pizza restaurant,Bar,Coffee shop,Italian restaurant,Restaurant,,,,,,,https://www.google.com/maps/search/?api=1&query=Surf%20City%20Pizzeria&query_place_id=ChIJgwBV5TVEwokRC8mIoUn9m24,Pizza restaurant,6.729824070489475,28.938,Popular,4.0–4.5
Eden Restaurant & Lounge,4.5,157.0,811 Kings Hwy,Brooklyn,New York,US,https://edenrestaurantnyc.com/,(414) 367-7777,Restaurant,,,,,,,,,,,https://www.google.com/maps/search/?api=1&query=Eden%20Restaurant%20%26%20Lounge&query_place_id=ChIJD90lI9lFwokRWxDeQc_ghGk,Restaurant,5.062595033026967,22.782,Small,4.0–4.5
Gurman,4.3,263.0,2402 Coney Island Ave,Brooklyn,New York,US,http://www.gurmanrestaurant.com/,(718) 382-3300,Russian restaurant,,,,,,,,,,,https://www.google.com/maps/search/?api=1&query=Gurman&query_place_id=ChIJM51onPREwokRgCZpCckQHGs,Russian restaurant,5.575949103146316,23.977,Small,4.0–4.5
Mtskheta Restaurant,4.6,686.0,2812 Ocean Ave,Brooklyn,New York,US,https://www.facebook.com/Mtskheta-Cafe-196702580341113/,(718) 676-1868,Georgian restaurant,Restaurant,,,,,,,,,,https://www.google.com/maps/search/?api=1&query=Mtskheta%20Restaurant&query_place_id=ChIJT8WKg6pFwokRu5rncwZjk0c,Georgian restaurant,6.532334292222349,30.049,Popular,4.5–5.0
FONTANAS ITALIAN RESTAURANT,4.3,253.0,2359 Ralph Ave,Brooklyn,New York,US,https://fontanasofbklyn.wixsite.com/mysite,(718) 444-4300,Italian restaurant,,,,,,,,,,,https://www.google.com/maps/search/?api=1&query=FONTANAS%20ITALIAN%20RESTAURANT&query_place_id=ChIJZ_X6yUBDwokRPqst6Ov8sYU,Italian restaurant,5.537334267018537,23.811,Small,4.0–4.5
Urbana,4.6,930.0,1305 53rd St,Brooklyn,New York,US,https://www.urbanaboropark.com/,(718) 438-4448,Kosher restaurant,,,,,,,,,,,https://www.google.com/maps/search/?api=1&query=Urbana&query_place_id=ChIJVVUBBi5FwokR50VGU0rFcT0,Kosher restaurant,6.836259277277067,31.447,Popular,4.5–5.0
Baku Palace Restaurant,4.3,1262.0,2001 Emmons Ave,Brooklyn,New York,US,http://www.bakupalace.com/,(718) 615-4700,European restaurant,Bar,Dessert restaurant,Fine dining restaurant,Fusion restaurant,Hamburger restaurant,Night club,Restaurant,Steak house,,,https://www.google.com/maps/search/?api=1&query=Baku%20Palace%20Restaurant&query_place_id=ChIJP_S9LmVEwokRiSurUE00y9g,European restaurant,7.141245122350491,30.707,Popular,4.0–4.5
StarSpice Restaurant Inc,4.6,159.0,1501 Flatbush Ave,Brooklyn,New York,US,,(347) 410-7570,Caribbean restaurant,,,,,,,,,,,https://www.google.com/maps/search/?api=1&query=StarSpice%20Restaurant%20Inc&query_place_id=ChIJu4PZ4KZbwokRgtDAJrMHoO4,Caribbean restaurant,5.075173815233827,23.346,Small,4.5–5.0
ASSAIA Restaurant Club & Lounge,4.5,393.0,2158 Bath Ave,Brooklyn,New York,US,http://www.assaia.us/,(718) 504-6454,Georgian restaurant,,,,,,,,,,,https://www.google.com/maps/search/?api=1&query=ASSAIA%20Restaurant%20Club%20%26%20Lounge&query_place_id=ChIJs_aVasRFwokRk22zoS0gyRk,Georgian restaurant,5.976350909297934,26.894,Small,4.0–4.5
BHI Thursdays (B.H.I.T),4.5,743.0,722 Kings Hwy,Brooklyn,New York,US,http://www.bhithursdays.com/,(718) 682-3814,Restaurant,Bar,Bar & grill,Caterer,Cocktail bar,Event venue,Kosher restaurant,Live music bar,Sports bar,Steak house,,https://www.google.com/maps/search/?api=1&query=BHI%20Thursdays%20(B.H.I.T)&query_place_id=ChIJxQsc0e1EwokRdVVvGbLRcDk,Restaurant,6.612041034833092,29.754,Popular,4.0–4.5
Osaka Japanese Restaurant,4.5,90.0,2805 Avenue U,Brooklyn,New York,US,http://www.osakajapanesebrooklyn.com/?utm_source=gmb&utm_medium=website,(718) 891-6200,Japanese restaurant,,,,,,,,,,,https://www.google.com/maps/search/?api=1&query=Osaka%20Japanese%20Restaurant&query_place_id=ChIJk-f87bVFwokRwch4wPivcRg,Japanese restaurant,4.51085950651685,20.299,Micro,4.0–4.5
Bamboo Walk Caribbean Restaurant,4.5,2534.0,1343 Utica Ave,Brooklyn,New York,US,https://bamboowalk.com/?utm_source=google,(718) 369-0001,Caribbean restaurant,Caterer,Fine dining restaurant,Vegetarian restaurant,,,,,,,,https://www.google.com/maps/search/?api=1&query=Bamboo%20Walk%20Caribbean%20Restaurant&query_place_id=ChIJgUNvXv9dwokRKXPry0VbFl0,Caribbean restaurant,7.837948916025283,35.271,Viral,4.0–4.5
"D'Amore , Italian Restaurant, Bar ,Dining & Pizzeria - Mill Basin , Brooklyn, NY",4.3,838.0,2147 Mill Ave,Brooklyn,New York,US,,(718) 531-2333,Restaurant,Bar,Caterer,Cocktail bar,Family restaurant,Italian restaurant,Live music venue,Pizza delivery,Pizza restaurant,Pizza Takeout,,https://www.google.com/maps/search/?api=1&query=D'Amore%20%2C%20Italian%20Restaurant%2C%20Bar%20%2CDining%20%26%20Pizzeria%20-%20Mill%20Basin%20%2C%20Brooklyn%2C%20NY&query_place_id=ChIJxzschkdDwokRdT0C5uVUw9U,Restaurant,6.732210706467206,28.949,Popular,4.0–4.5
Mera Restaurant,4.2,751.0,282 Kings Hwy,Brooklyn,New York,US,https://www.mera.nyc/,(718) 722-0222,Mediterranean restaurant,Cocktail bar,Hookah bar,Italian restaurant,,,,,,,,https://www.google.com/maps/search/?api=1&query=Mera%20Restaurant&query_place_id=ChIJlZnU0blFwokRsb1qrVcQuIc,Mediterranean restaurant,6.62273632394984,27.815,Popular,4.0–4.5
GOSHT | Restaurant | Halal Steakhouse & Burgers,4.4,2192.0,3215 Coney Island Ave,Brooklyn,New York,US,https://www.gosht.com/,(718) 504-8880,Steak house,Family restaurant,Fusion restaurant,Halal restaurant,Hamburger restaurant,Organic restaurant,Playground,Restaurant,,,,https://www.google.com/maps/search/?api=1&query=GOSHT%20%7C%20Restaurant%20%7C%20Halal%20Steakhouse%20%26%20Burgers&query_place_id=ChIJB1TKt9dFwokR7hFl_NhDub4,Steak house,7.693025748417888,33.849,Viral,4.0–4.5
U Bar & Restaurant,4.2,307.0,1116 Avenue U,Brooklyn,New York,US,https://ubarbk.com/,(347) 587-6843,Vietnamese restaurant,Restaurant,,,,,,,,,,https://www.google.com/maps/search/?api=1&query=U%20Bar%20%26%20Restaurant&query_place_id=ChIJce0srz9FwokRt5KIi1IRBbo,Vietnamese restaurant,5.730099782973575,24.066,Small,4.0–4.5
Avocados Mexican Grill,4.6,493.0,428 Kings Hwy,Brooklyn,New York,US,https://avocadosmexicangrill.com/?utm_source=google,(718) 975-7786,Mexican restaurant,Burrito restaurant,Family restaurant,Gluten-free restaurant,Latin American restaurant,Mexican torta restaurant,Seafood restaurant,Taco restaurant,Vegetarian restaurant,,,https://www.google.com/maps/search/?api=1&query=Avocados%20Mexican%20Grill&query_place_id=ChIJ_SGUGOJFwokR9zQ19sLfm2M,Mexican restaurant,6.202535517187923,28.532,Small,4.5–5.0
King Solomon Palace Glatt Kosher Restaurant,4.6,529.0,1787 Coney Island Ave,Brooklyn,New York,US,http://www.kingsolomonrestaurant.com/,(718) 975-7676,Kosher restaurant,Azerbaijani restaurant,Middle Eastern restaurant,Russian restaurant,Steak house,,,,,,,https://www.google.com/maps/search/?api=1&query=King%20Solomon%20Palace%20Glatt%20Kosher%20Restaurant&query_place_id=ChIJR6Pq1cFEwokRqZLee9P_W44,Kosher restaurant,6.272877006546167,28.855,Popular,4.5–5.0
Richard's Restaurant and Bar,4.2,158.0,9404 Avenue L,Brooklyn,New York,US,,(718) 975-7550,Bar & grill,Lounge bar,,,,,,,,,,https://www.google.com/maps/search/?api=1&query=Richard's%20Restaurant%20and%20Bar&query_place_id=ChIJxdWOpdtcwokRGyptGswo5Ls,Bar & grill,5.0689042022202315,21.289,Small,4.0–4.5
Abitino’s Pizza Financial District,4.9,525.0,32 Broadway,New York,New York,US,https://abitinos.com/abitinos-district?utm_source=google,(212) 729-1332,Pizza restaurant,Caterer,Italian restaurant,Pizza delivery,Pizza Takeout,,,,,,,https://www.google.com/maps/search/?api=1&query=Abitino%E2%80%99s%20Pizza%20Financial%20District&query_place_id=ChIJW-se-fFbwokREF2VuLF__Jo,Pizza restaurant,6.26530121273771,30.7,Popular,4.5–5.0
Le Pain Quotidien,4.1,1023.0,85 Broad St,New York,New York,US,https://lepainquotidien.com/us/stores/153:%2085_broad_st?utm_source=gmb&utm_medium=business-listing,(212) 671-1620,Restaurant,Bakery,Breakfast restaurant,Brunch restaurant,Coffee shop,,,,,,,https://www.google.com/maps/search/?api=1&query=Le%20Pain%20Quotidien&query_place_id=ChIJ4RwfFxRawokRuL6Wl-eFbh8,Restaurant,6.931471805599453,28.419,Popular,4.0–4.5
O'Hara's Restaurant and Pub,4.6,5681.0,120 Cedar St,New York,New York,US,https://oharasrestaurantandpub.site/,(212) 267-3032,American restaurant,Bar,,,,,,,,,,https://www.google.com/maps/search/?api=1&query=O'Hara's%20Restaurant%20and%20Pub&query_place_id=ChIJueUCrBBawokRiw9LMJFm0_o,American restaurant,8.645058562414134,39.767,Viral,4.5–5.0
Toro Loco,4.6,2750.0,15 Stone St,New York,New York,US,https://www.toroloconyc.com/,(917) 262-0444,Mexican restaurant,Brunch restaurant,Cocktail bar,Event venue,Taco restaurant,,,,,,,https://www.google.com/maps/search/?api=1&query=Toro%20Loco&query_place_id=ChIJo0TTCBRawokRQvOtU2qXlTE,Mexican restaurant,7.919719760924575,36.431,Viral,4.5–5.0
Essen Fast Slow Food,3.9,798.0,100 Broad St,New York,New York,US,,,Buffet restaurant,Deli,,,,,,,,,,https://www.google.com/maps/search/?api=1&query=Essen%20Fast%20Slow%20Food&query_place_id=ChIJJQqRchRawokRW21DGwuYgt8,Buffet restaurant,6.683360945766275,26.065,Popular,3.5–4.0
The Bedford Stone Street,4.6,72.0,55 Stone St,New York,New York,US,https://thebedford.nyc/?utm_source=google_business_profile&utm_medium=gbp_view_website,(646) 346-6366,Restaurant,Cocktail bar,Gastropub,Bar,Seafood restaurant,,,,,,,https://www.google.com/maps/search/?api=1&query=The%20Bedford%20Stone%20Street&query_place_id=ChIJk08ILuVbwokRKBW-ON446RQ,Restaurant,4.290459441148391,19.736,Micro,4.5–5.0
Antica,4.1,551.0,8 Stone St,New York,New York,US,https://anticastonestreet.com/,(212) 480-3880,Italian restaurant,Northern Italian restaurant,Southern Italian restaurant,Steak house,,,,,,,,https://www.google.com/maps/search/?api=1&query=Antica&query_place_id=ChIJycgsjRNawokR8nBORBAReyc,Italian restaurant,6.313548046277095,25.886,Popular,4.0–4.5
The Malt House,4.3,2338.0,9 Maiden Ln,New York,New York,US,http://www.themalthousefidi.com/,(646) 682-7577,American restaurant,Brunch restaurant,Event venue,,,,,,,,,https://www.google.com/maps/search/?api=1&query=The%20Malt%20House&query_place_id=ChIJT4JpKxhawokRJsGwYfLpp60,American restaurant,7.757478766584179,33.357,Viral,4.0–4.5
Mezcali,4.8,2546.0,83 Maiden Ln,New York,New York,US,https://www.mezcalinyc.com/,(917) 409-5881,Mexican restaurant,,,,,,,,,,,https://www.google.com/maps/search/?api=1&query=Mezcali&query_place_id=ChIJA12lvtpbwokRx1g73PPypIM,Mexican restaurant,7.842671474979457,37.645,Viral,4.5–5.0
Trinity Place restaurant and bar,4.4,1556.0,115 Broadway,New York,New York,US,http://www.trinityplacenyc.com/,(929) 581-8961,American restaurant,Bar,Bar & grill,Cocktail bar,Dessert restaurant,Irish pub,Pub,,,,,https://www.google.com/maps/search/?api=1&query=Trinity%20Place%20restaurant%20and%20bar&query_place_id=ChIJ4_AAQhdawokRzbYlVLyzKlk,American restaurant,7.350516171833998,32.342,Popular,4.0–4.5
Ocho Rios Seafood Restaurant & Lounge,4.6,38.0,1810 Flatbush Ave,Brooklyn,New York,US,,(347) 374-2395,Seafood restaurant,,,,,,,,,,,https://www.google.com/maps/search/?api=1&query=Ocho%20Rios%20Seafood%20Restaurant%20%26%20Lounge&query_place_id=ChIJH9whcMZFwokRHwBRJOLMgCE,Seafood restaurant,3.6635616461296463,16.852,Micro,4.5–5.0
Sakura Japanese restaurant,4.3,279.0,3118 Avenue U,Brooklyn,New York,US,https://www.aveusakura.com/,(718) 646-0666,Japanese restaurant,Asian restaurant,Sushi restaurant,,,,,,,,,https://www.google.com/maps/search/?api=1&query=Sakura%20Japanese%20restaurant&query_place_id=ChIJwbfE9GJDwokREGXQiH-LLTY,Japanese restaurant,5.634789603169249,24.23,Small,4.0–4.5
El Mexicano Restaurante & Cafe Inc. 4,4.8,137.0,1013 E 14th St,Brooklyn,New York,US,https://www.elmexicanorestauranteandcafe4.getsauce.com/?utm_source=GMB&utm_medium=Website%20button&utm_id=El%20Mexicano%20Restaurante%20and%20Cafe%204,(917) 789-9823,Mexican restaurant,Burrito restaurant,Fast food restaurant,Hamburger restaurant,Lunch restaurant,Takeout Restaurant,Seafood restaurant,Taco restaurant,,,,https://www.google.com/maps/search/?api=1&query=El%20Mexicano%20Restaurante%20%26%20Cafe%20Inc.%204&query_place_id=ChIJpy3fAktFwokR1EzeY4REbSQ,Mexican restaurant,4.927253685157205,23.651,Small,4.5–5.0
Katou Restaurant,4.3,156.0,5012 Avenue M,Brooklyn,New York,US,,(718) 618-0920,Restaurant,American restaurant,Haitian restaurant,,,,,,,,,https://www.google.com/maps/search/?api=1&query=Katou%20Restaurant&query_place_id=ChIJIyutrVFDwokRMJi_xg5CKA0,Restaurant,5.056245805348308,21.742,Small,4.0–4.5
Duet Bakery and Restaurant,4.2,580.0,6181-6183 Strickland Ave,Brooklyn,New York,US,http://duetny.com/,(718) 676-6219,American restaurant,Bakery,Cake shop,Catering food and drink supplier,,,,,,,,https://www.google.com/maps/search/?api=1&query=Duet%20Bakery%20and%20Restaurant&query_place_id=ChIJfdCYjEBDwokRrp2FiGhUK2o,American restaurant,6.364750756851911,26.732,Popular,4.0–4.5
Tatiana Restaurant,3.8,1922.0,3152 Brighton 6th St,Brooklyn,New York,US,https://www.tatianarestaurantnyc.com/main-menu/,(718) 891-5151,Eastern European restaurant,Dance restaurant,Russian restaurant,,,,,,,,,https://www.google.com/maps/search/?api=1&query=Tatiana%20Restaurant&query_place_id=ChIJjafDP0BEwokRfRl3S1X4P2c,Eastern European restaurant,7.56164174558878,28.734,Popular,3.5–4.0
Banana Boat Restaurant,4.0,399.0,1138 Flatbush Ave,Brooklyn,New York,US,https://www.facebook.com/The-Banana-Boat-154629084579654/,(718) 484-1131,Caribbean restaurant,Restaurant,,,,,,,,,,https://www.google.com/maps/search/?api=1&query=Banana%20Boat%20Restaurant&query_place_id=ChIJ_xfgdEhbwokRTE89u3L3Tws,Caribbean restaurant,5.991464547107982,23.966,Small,3.5–4.0
Next Door Restaurant,4.0,343.0,2005 Emmons Ave,Brooklyn,New York,US,http://www.nextdoorbrooklyn.com/,(718) 942-5870,Italian restaurant,,,,,,,,,,,https://www.google.com/maps/search/?api=1&query=Next%20Door%20Restaurant&query_place_id=ChIJFR_OLWVEwokRjaUNttE1zxs,Italian restaurant,5.840641657373398,23.363,Small,3.5–4.0
Quezada Restaurant corp.,4.2,113.0,1212 Flatbush Ave,Brooklyn,New York,US,,(718) 284-0514,Spanish restaurant,American restaurant,,,,,,,,,,https://www.google.com/maps/search/?api=1&query=Quezada%20Restaurant%20corp.&query_place_id=ChIJtVTJcxdbwokRcj9jY3gF5N4,Spanish restaurant,4.736198448394496,19.892,Small,4.0–4.5
康乃馨 New Carnation restaurant,4.1,95.0,2322 86th St,Brooklyn,New York,US,https://www.carnationbrooklyn.com/,(718) 210-1780,Chinese restaurant,Asian restaurant,,,,,,,,,,https://www.google.com/maps/search/?api=1&query=%E5%BA%B7%E4%B9%83%E9%A6%A8%20New%20Carnation%20restaurant&query_place_id=ChIJW9kSsQ5FwokRq-AL-jQutkU,Chinese restaurant,4.564348191467836,18.714,Micro,4.0–4.5
Empire House Chinese Restaurant,4.2,21.0,1789 Stillwell Ave,Brooklyn,New York,US,https://order.mealkeyway.com/customer/release/index?mid=56307670674a54465042594351324b457777613171673d3d#/main,(718) 234-3040,Asian restaurant,,,,,,,,,,,https://www.google.com/maps/search/?api=1&query=Empire%20House%20Chinese%20Restaurant&query_place_id=ChIJ-7wQVNdFwokRnNOkmRTe_74,Asian restaurant,3.091042453358316,12.982,Micro,4.0–4.5
Dagan Grill - Glatt Kosher Restaurant,4.5,104.0,6185 Strickland Ave,Brooklyn,New York,US,http://dagangrill.com/,(718) 444-4100,Grill,Delivery Restaurant,,,,,,,,,,https://www.google.com/maps/search/?api=1&query=Dagan%20Grill%20-%20Glatt%20Kosher%20Restaurant&query_place_id=ChIJ81g1gjhDwokRFcqXsHE3oac,Grill,4.653960350157523,20.943,Small,4.0–4.5
Lago Kache Restaurant & Lounge,4.0,456.0,2192 Flatbush Ave,Brooklyn,New York,US,http://lagokachenyc.com/,(347) 705-8181,Haitian restaurant,,,,,,,,,,,https://www.google.com/maps/search/?api=1&query=Lago%20Kache%20Restaurant%20%26%20Lounge&query_place_id=ChIJ9cdwu1FDwokRzO4MSCAkwmE,Haitian restaurant,6.124683390894205,24.499,Small,3.5–4.0
Duck Wong,4.1,386.0,2341 86th St,Brooklyn,New York,US,,(718) 483-9687,Chinese restaurant,,,,,,,,,,,https://www.google.com/maps/search/?api=1&query=Duck%20Wong&query_place_id=ChIJhbWIHwdFwokROBA-HmRpxf4,Chinese restaurant,5.958424693029782,24.43,Small,4.0–4.5
Jannet Aden Yemeni Restaurant,4.4,362.0,2620 Avenue Z,Brooklyn,New York,US,,(718) 500-4894,Yemeni restaurant,,,,,,,,,,,https://www.google.com/maps/search/?api=1&query=Jannet%20Aden%20Yemeni%20Restaurant&query_place_id=ChIJY9JNkIVFwokRgKYyCLiBRPQ,Yemeni restaurant,5.8944028342648505,25.935,Small,4.0–4.5
Upside Craft Burger,4.6,1422.0,4621 13th Ave,Brooklyn,New York,US,https://eatupside.com/,(718) 489-9909,Kosher restaurant,Delivery service,Family restaurant,Fast food restaurant,Hamburger restaurant,Takeout Restaurant,,,,,,https://www.google.com/maps/search/?api=1&query=Upside%20Craft%20Burger&query_place_id=ChIJFTvErdNEwokRvma0Pz0QOsg,Kosher restaurant,7.260522598089852,33.398,Popular,4.5–5.0
Shama Restaurant,4.0,305.0,232 Neptune Ave,Brooklyn,New York,US,https://www.shamarestaurantny.com/,(718) 368-1721,Pakistani restaurant,Barbecue area,Halal restaurant,Indian takeaway,Takeout Restaurant,Restaurant,,,,,,https://www.google.com/maps/search/?api=1&query=Shama%20Restaurant&query_place_id=ChIJ7Yn0V0JEwokRT8yj82MDEww,Pakistani restaurant,5.723585101952381,22.894,Small,3.5–4.0
Ankara One Turkish Restaurant,3.9,639.0,1425 Kings Hwy,Brooklyn,New York,US,https://ankara.getsauce.com/?utm_source=GMB&utm_medium=Website+Button&utm_id=ankara,(718) 336-0010,Turkish restaurant,Doner kebab restaurant,Mediterranean restaurant,,,,,,,,,https://www.google.com/maps/search/?api=1&query=Ankara%20One%20Turkish%20Restaurant&query_place_id=ChIJR4axJhBFwokRHCfO_2UuWCA,Turkish restaurant,6.461468176353717,25.2,Popular,3.5–4.0
Torre's Italian Restaurant & Pizza,4.3,338.0,6808 Bay Pkwy,Brooklyn,New York,US,http://www.torresitalianrestaurantpizza.com/?utm_source=gbp,(718) 232-3259,Pizza restaurant,Delivery Restaurant,,,,,,,,,,https://www.google.com/maps/search/?api=1&query=Torre's%20Italian%20Restaurant%20%26%20Pizza&query_place_id=ChIJeVkHBh5FwokR5GV1RQV2ObI,Pizza restaurant,5.82600010738045,25.052,Small,4.0–4.5
Yummy,3.8,146.0,1195 Flatbush Ave,Brooklyn,New York,US,https://www.yummy11226.com/,(718) 826-0138,Chinese restaurant,Delivery Restaurant,,,,,,,,,,https://www.google.com/maps/search/?api=1&query=Yummy&query_place_id=ChIJhbZ-7UhbwokR-HMemUZoK4A,Chinese restaurant,4.990432586778736,18.964,Small,3.5–4.0
Shandar Sweets & Restaurant,4.2,369.0,679 Coney Island Ave,Brooklyn,New York,US,http://www.shandaarrestaurant.com/,(718) 703-4400,Pakistani restaurant,,,,,,,,,,,https://www.google.com/maps/search/?api=1&query=Shandar%20Sweets%20%26%20Restaurant&query_place_id=ChIJc-yovDFbwokRFVY9bKiSuuE,Pakistani restaurant,5.91350300563827,24.837,Small,4.0–4.5
Gourmet Sweets & Restaurant,3.8,959.0,1107 Coney Island Ave,Brooklyn,New York,US,https://gourmetsweetsrestaurants.com/,(718) 421-4100,Pakistani restaurant,Dessert shop,Indian sweets shop,,,,,,,,,https://www.google.com/maps/search/?api=1&query=Gourmet%20Sweets%20%26%20Restaurant&query_place_id=ChIJ2RoCbsxEwokRbhBDbf6EDWY,Pakistani restaurant,6.866933284461882,26.094,Popular,3.5–4.0
San Remo Pizzeria & Restaurant,4.2,477.0,1408 Cortelyou Rd,Brooklyn,New York,US,https://www.sanremomenu.com/,(718) 282-4915,Pizza restaurant,,,,,,,,,,,https://www.google.com/maps/search/?api=1&query=San%20Remo%20Pizzeria%20%26%20Restaurant&query_place_id=ChIJZ9nD0TZbwokR-IS_7_ooE2I,Pizza restaurant,6.169610732491456,25.912,Small,4.0–4.5
Pakiza,3.9,505.0,1032 Coney Island Ave,Brooklyn,New York,US,http://www.pakizabrooklyn.com/,(718) 434-5596,Pakistani restaurant,Restaurant,,,,,,,,,,https://www.google.com/maps/search/?api=1&query=Pakiza&query_place_id=ChIJJ5P87MxEwokRQ2zmY-cGXa8,Pakistani restaurant,6.226536669287466,24.283,Popular,3.5–4.0
Olive Garden Italian Restaurant,4.1,2444.0,1684 Shore Pkwy,Brooklyn,New York,US,https://www.olivegarden.com/locations/ny/brooklyn/brooklyn-caesars-bay/6414?cmpid=br:og_ag:ie_ch:loc_ca:OGGMB_sn:gmb_gt:brooklyn-ny-6414_pl:locurl_rd:1845,(718) 265-1019,Italian restaurant,Caterer,Family restaurant,Gluten-free restaurant,Takeout Restaurant,Mediterranean restaurant,Seafood restaurant,Soup restaurant,Wine bar,,,https://www.google.com/maps/search/?api=1&query=Olive%20Garden%20Italian%20Restaurant&query_place_id=ChIJq4F_vUhFwokRv_mESIBUW1o,Italian restaurant,7.801800401908972,31.987,Viral,4.0–4.5
East Garden,4.2,128.0,2072 Flatbush Ave,Brooklyn,New York,US,,(718) 252-3822,Chinese restaurant,Delivery Restaurant,Restaurant,,,,,,,,,https://www.google.com/maps/search/?api=1&query=East%20Garden&query_place_id=ChIJWVe_LlhDwokR2W-2FBspF8k,Chinese restaurant,4.859812404361672,20.411,Small,4.0–4.5
Q&Q House Chinese restaurant,4.3,82.0,2229 65th St,Brooklyn,New York,US,https://www.qqhouseny.com/,(718) 234-0800,Chinese restaurant,Asian fusion restaurant,Asian restaurant,Chinese noodle restaurant,Delivery Restaurant,,,,,,,https://www.google.com/maps/search/?api=1&query=Q%26Q%20House%20Chinese%20restaurant&query_place_id=ChIJsVP9ruFEwokRzgIxntkKsxA,Chinese restaurant,4.418840607796598,19.001,Micro,4.0–4.5
CC'S Jamaican Restaurant 🇯🇲,4.1,268.0,1482 Flatbush Ave,Brooklyn,New York,US,,(347) 221-0008,Jamaican restaurant,,,,,,,,,,,https://www.google.com/maps/search/?api=1&query=CC'S%20Jamaican%20Restaurant%20%F0%9F%87%AF%F0%9F%87%B2&query_place_id=ChIJ0SDwr1RbwokRTlLcehiaDXQ,Jamaican restaurant,5.594711379601839,22.938,Small,4.0–4.5
Asia Glatt Kosher,4.4,554.0,4813 New Utrecht Ave,Brooklyn,New York,US,https://www.asiaglatt.com/,(718) 972-3434,Kosher restaurant,Uzbeki restaurant,,,,,,,,,,https://www.google.com/maps/search/?api=1&query=Asia%20Glatt%20Kosher&query_place_id=ChIJVyveXy1FwokRKc-Vb1whgIQ,Kosher restaurant,6.318968113746434,27.803,Popular,4.0–4.5
Golden Dynasty Restaurant,4.3,183.0,6316 Bay Pkwy,Brooklyn,New York,US,,(718) 621-0713,Chinese restaurant,Delivery Restaurant,,,,,,,,,,https://www.google.com/maps/search/?api=1&query=Golden%20Dynasty%20Restaurant&query_place_id=ChIJNbpEQ-BEwokRdlNMRGinEyk,Chinese restaurant,5.214935757608986,22.424,Small,4.0–4.5
Nasheman Grill and Restaurant,3.5,649.0,3149 Coney Island Ave,Brooklyn,New York,US,,(718) 332-8100,Pakistani restaurant,,,,,,,,,,,https://www.google.com/maps/search/?api=1&query=Nasheman%20Grill%20and%20Restaurant&query_place_id=ChIJ89a34mlEwokRexjlFJ7LqMg,Pakistani restaurant,6.476972362889683,22.669,Popular,3.0–3.5
AMBYANS MARIE LOURE RESTAURANT AND BAKERY,4.4,14.0,1433 Flatbush Ave,Brooklyn,New York,US,,(929) 234-5604,Haitian restaurant,,,,,,,,,,,https://www.google.com/maps/search/?api=1&query=AMBYANS%20MARIE%20LOURE%20RESTAURANT%20AND%20BAKERY&query_place_id=ChIJd6QvQiFbwokRzZFQj9APOxk,Haitian restaurant,2.70805020110221,11.915,Micro,4.0–4.5
Angela Restaurant,4.1,150.0,4012 13th Ave,Brooklyn,New York,US,,(718) 854-0660,Russian restaurant,,,,,,,,,,,https://www.google.com/maps/search/?api=1&query=Angela%20Restaurant&query_place_id=ChIJ--m2YNRawokRC3vrU8piiOw,Russian restaurant,5.017279836814924,20.571,Small,4.0–4.5
Anatolian Gyro,3.9,1442.0,2623 East 16th Street,Brooklyn,New York,US,https://mygyro.com/,(718) 769-4754,Turkish restaurant,Gyro restaurant,Delivery Restaurant,,,,,,,,,https://www.google.com/maps/search/?api=1&query=Anatolian%20Gyro&query_place_id=ChIJ9QbRBWREwokRUw54iUP92Xs,Turkish restaurant,7.274479558773871,28.37,Popular,3.5–4.0
Wing Hing Seafood Restaurant,4.0,344.0,1217 Avenue U,Brooklyn,New York,US,https://winghingseafood.wixsite.com/winghing,(718) 998-0360,Chinese restaurant,,,,,,,,,,,https://www.google.com/maps/search/?api=1&query=Wing%20Hing%20Seafood%20Restaurant&query_place_id=ChIJd62hVPNEwokRC9TLBHLkuLc,Chinese restaurant,5.84354441703136,23.374,Small,3.5–4.0
Punjab Restaurant,4.2,291.0,691 Coney Island Ave,Brooklyn,New York,US,,(718) 856-6207,Pakistani restaurant,Halal restaurant,,,,,,,,,,https://www.google.com/maps/search/?api=1&query=Punjab%20Restaurant&query_place_id=ChIJ3062ojFbwokRUrwIg0LKL1M,Pakistani restaurant,5.676753802268282,23.842,Small,4.0–4.5
Phở Hoài 牛肉河粉,4.0,953.0,1906 Avenue U,Brooklyn,New York,US,https://phohoai96.com/?utm_source=google,(718) 616-1233,Vietnamese restaurant,Caterer,Noodle shop,Pho restaurant,Restaurant,Rice restaurant,Sandwich shop,Soup restaurant,Southeast Asian restaurant,Vegetarian restaurant,,https://www.google.com/maps/search/?api=1&query=Ph%E1%BB%9F%20Ho%C3%A0i%20%E7%89%9B%E8%82%89%E6%B2%B3%E7%B2%89&query_place_id=ChIJSej2ko5EwokRGNK0cNwP9yc,Vietnamese restaurant,6.860663671448287,27.443,Popular,3.5–4.0
Radhuni Sweets & Restaurant,3.8,658.0,483 McDonald Ave,Brooklyn,New York,US,https://www.radhunisweetsandrestaurant.com/,(718) 972-0072,Bangladeshi restaurant,,,,,,,,,,,https://www.google.com/maps/search/?api=1&query=Radhuni%20Sweets%20%26%20Restaurant&query_place_id=ChIJUxgqEilbwokRg-1L6TvnJkM,Bangladeshi restaurant,6.490723534502507,24.665,Popular,3.5–4.0
El Cerrito del Carmen Restaurant,3.5,188.0,2024 McDonald Ave,Brooklyn,New York,US,https://www.facebook.com/El-Cerrito-Del-Carmen-Restaurant-101787269030836,(718) 339-7907,Salvadoran restaurant,,,,,,,,,,,https://www.google.com/maps/search/?api=1&query=El%20Cerrito%20del%20Carmen%20Restaurant&query_place_id=ChIJSRE6jfpEwokRWxb5KerjStk,Salvadoran restaurant,5.241747015059643,18.346,Small,3.0–3.5
Ju Feng Chinese Restaurant,4.0,30.0,2809 Nostrand Ave,Brooklyn,New York,US,http://www.grubhub.com/,(718) 252-9865,Chinese restaurant,,,,,,,,,,,https://www.google.com/maps/search/?api=1&query=Ju%20Feng%20Chinese%20Restaurant&query_place_id=ChIJy5gyViZFwokRet1jFq50iw0,Chinese restaurant,3.4339872044851463,13.736,Micro,3.5–4.0
El Mirador,3.9,62.0,59 Church Ave,Brooklyn,New York,US,https://elmiradorrestaurantny.com/,(718) 686-7101,Mexican restaurant,,,,,,,,,,,https://www.google.com/maps/search/?api=1&query=El%20Mirador&query_place_id=ChIJC2wdMwdbwokRBIdt0dOl0P0,Mexican restaurant,4.143134726391533,16.158,Micro,3.5–4.0
AJ's Pizzeria & Restaurant,4.2,303.0,4412 Fort Hamilton Pkwy,Brooklyn,New York,US,https://ajsrestaurantpizzeria.com/?utm_source=gbp,(718) 871-5745,Pizza restaurant,,,,,,,,,,,https://www.google.com/maps/search/?api=1&query=AJ's%20Pizzeria%20%26%20Restaurant&query_place_id=ChIJMXVUftJawokRB459ToWLbbo,Pizza restaurant,5.717027701406222,24.012,Small,4.0–4.5
Hajveri Restaurant,4.3,323.0,3680 Nostrand Ave,Brooklyn,New York,US,https://www.hajverirestaurantny.com/,(347) 462-9696,Pakistani restaurant,Asian fusion restaurant,Bangladeshi restaurant,Biryani restaurant,Fast food restaurant,Fried chicken takeaway,Gyro restaurant,Halal restaurant,Indian restaurant,Sandwich shop,,https://www.google.com/maps/search/?api=1&query=Hajveri%20Restaurant&query_place_id=ChIJ8edOgwdFwokRddy5DUNFypE,Pakistani restaurant,5.780743515792329,24.857,Small,4.0–4.5
Fuji Hana Restaurant,3.8,250.0,512 Avenue U,Brooklyn,New York,US,http://fuji-hana.square.site/,(718) 336-3888,Kosher restaurant,Chinese restaurant,Hamburger restaurant,Japanese restaurant,Salad shop,Soup restaurant,Steak house,Sushi restaurant,,,,https://www.google.com/maps/search/?api=1&query=Fuji%20Hana%20Restaurant&query_place_id=ChIJEZ8gkvZEwokR5BEV2lI54lo,Kosher restaurant,5.5254529391317835,20.997,Small,3.5–4.0
Dynasty Chinese Restaurant,4.1,282.0,1669 Flatbush Ave,Brooklyn,New York,US,https://www.dynastybrooklyn.com/,(718) 338-6060,Chinese restaurant,Asian restaurant,Fast food restaurant,Delivery Restaurant,,,,,,,,https://www.google.com/maps/search/?api=1&query=Dynasty%20Chinese%20Restaurant&query_place_id=ChIJTcDbwqxEwokRbTIhgeMff-4,Chinese restaurant,5.645446897643238,23.146,Small,4.0–4.5
New Fu Sing,3.9,52.0,1554 Ralph Ave,Brooklyn,New York,US,,(718) 629-5558,Chinese restaurant,Delivery Restaurant,Restaurant,,,,,,,,,https://www.google.com/maps/search/?api=1&query=New%20Fu%20Sing&query_place_id=ChIJdySiObpcwokRyP3iK4wc5pg,Chinese restaurant,3.970291913552122,15.484,Micro,3.5–4.0
Golden Krust Caribbean Restaurant,3.8,274.0,1936 Ralph Ave,Brooklyn,New York,US,https://locations.goldenkrust.com/ll/US/NY/Brooklyn/1936-Ralph-Avenue,(718) 531-2828,Caribbean restaurant,Bakery,Chicken restaurant,Fast food restaurant,Jamaican restaurant,Lunch restaurant,Porridge restaurant,Restaurant,,,,https://www.google.com/maps/search/?api=1&query=Golden%20Krust%20Caribbean%20Restaurant&query_place_id=ChIJ05DigbRcwokRruHp4l-sTh8,Caribbean restaurant,5.616771097666572,21.344,Small,3.5–4.0
Halal Restaurant,4.1,53.0,1953-1955 Coney Island Ave floor #1,Brooklyn,New York,US,,(347) 797-6917,Halal restaurant,Caterer,Restaurant,Turkish restaurant,,,,,,,,https://www.google.com/maps/search/?api=1&query=Halal%20Restaurant&query_place_id=ChIJCepJ5bxFwokRRkTrugipfjg,Halal restaurant,3.9889840465642745,16.355,Micro,4.0–4.5
Chinatown Restaurant,3.7,118.0,2306 Voorhies Ave,Brooklyn,New York,US,,(718) 891-7762,Chinese restaurant,Chinese takeaway,,,,,,,,,,https://www.google.com/maps/search/?api=1&query=Chinatown%20Restaurant&query_place_id=ChIJMcRdnXxEwokRUXOxcBcBG8g,Chinese restaurant,4.77912349311153,17.683,Small,3.5–4.0
El Ranchito Poblano Restaurant,3.4,273.0,1306 Flatbush Ave,Brooklyn,New York,US,http://www.elranchitopoblanogmail.org/,(718) 282-0366,Mexican restaurant,Delivery Restaurant,,,,,,,,,,https://www.google.com/maps/search/?api=1&query=El%20Ranchito%20Poblano%20Restaurant&query_place_id=ChIJz4QI40hbwokRKQTO1sxks1k,Mexican restaurant,5.6131281063880705,19.085,Small,3.0–3.5
Golden Krust Caribbean Restaurant,3.7,115.0,1862 Nostrand Ave,Brooklyn,New York,US,https://locations.goldenkrust.com/ll/US/NY/Brooklyn/1862-Nostrand-Avenue,(718) 885-8119,Caribbean restaurant,Bakery,Chicken restaurant,Fast food restaurant,Jamaican restaurant,Lunch restaurant,Porridge restaurant,Restaurant,,,,https://www.google.com/maps/search/?api=1&query=Golden%20Krust%20Caribbean%20Restaurant&query_place_id=ChIJdf3GsD5bwokR8sWJFinChw4,Caribbean restaurant,4.7535901911063645,17.588,Small,3.5–4.0
Tung Tung Restaurant,3.7,77.0,6512 18th Ave,Brooklyn,New York,US,,(718) 232-2288,Chinese restaurant,Delivery Restaurant,,,,,,,,,,https://www.google.com/maps/search/?api=1&query=Tung%20Tung%20Restaurant&query_place_id=ChIJK_g9aiJFwokRju5vynAO5zY,Chinese restaurant,4.356708826689592,16.12,Micro,3.5–4.0
China Dragon,3.8,189.0,2182 Clarendon Rd,Brooklyn,New York,US,,(718) 856-9015,Chinese restaurant,,,,,,,,,,,https://www.google.com/maps/search/?api=1&query=China%20Dragon&query_place_id=ChIJSwpYf0hbwokRyKsCKr5whDc,Chinese restaurant,5.247024072160486,19.939,Small,3.5–4.0
Abdullah,3.4,225.0,91 Church Ave,Brooklyn,New York,US,https://www.abdullahsweetsandrestaurant.com/,,Bangladeshi restaurant,,,,,,,,,,,https://www.google.com/maps/search/?api=1&query=Abdullah&query_place_id=ChIJAQB0CClbwokRlDhyE3iKDCw,Bangladeshi restaurant,5.420534999272286,18.43,Small,3.0–3.5
Main House,4.5,467.0,6001 Strickland Ave,Brooklyn,New York,US,,(718) 673-8773,Kosher restaurant,Bar,Barbecue area,Steak house,,,,,,,,https://www.google.com/maps/search/?api=1&query=Main%20House&query_place_id=ChIJHcovUkdDwokRdF_1kdX5Bwo,Kosher restaurant,6.148468295917647,27.668,Small,4.0–4.5
New Hong Kong Restaurant II,3.5,72.0,1222 Cortelyou Rd,Brooklyn,New York,US,https://www.newhongkongrestaurantii.com/ka4v2fby/restaurant/order-online,(718) 859-8081,Chinese restaurant,Delivery Restaurant,,,,,,,,,,https://www.google.com/maps/search/?api=1&query=New%20Hong%20Kong%20Restaurant%20II&query_place_id=ChIJoTgBRzFbwokRxCMHDKZu-L0,Chinese restaurant,4.290459441148391,15.017,Micro,3.0–3.5
Marrakech Restaurant,4.5,171.0,1915 Coney Island Ave,Brooklyn,New York,US,,(347) 947-7777,European restaurant,Banquet hall,Bar & grill,Halal restaurant,Restaurant,,,,,,,https://www.google.com/maps/search/?api=1&query=Marrakech%20Restaurant&query_place_id=ChIJu1no5q9FwokRmDbZ5QvwuCE,European restaurant,5.147494476813453,23.164,Small,4.0–4.5
Mimi´s Haitian Restaurant,5.0,2.0,2077 Nostrand Ave,Brooklyn,New York,US,,,Haitian restaurant,,,,,,,,,,,https://www.google.com/maps/search/?api=1&query=Mimi%C2%B4s%20Haitian%20Restaurant&query_place_id=ChIJNUj1dVJbwokRMv3Ztwu2FHg,Haitian restaurant,1.0986122886681096,5.493,Micro,4.5–5.0
Joyful Restaurant,4.3,10.0,84 Avenue O,Brooklyn,New York,US,,(347) 659-1880,Asian restaurant,,,,,,,,,,,https://www.google.com/maps/search/?api=1&query=Joyful%20Restaurant&query_place_id=ChIJO7BAzNhFwokRv6cwhsF9f-A,Asian restaurant,2.3978952727983707,10.311,Micro,4.0–4.5
The Seaport,4.5,2358.0,19 Fulton St,New York,New York,US,https://theseaport.nyc/,(212) 732-8257,Restaurant,Art gallery,Live music venue,Historical landmark,,,,,,,,https://www.google.com/maps/search/?api=1&query=The%20Seaport&query_place_id=ChIJ48y8-TxawokROJTPwB3cxz8,Restaurant,7.765993079407675,34.947,Viral,4.0–4.5
Salinas Restaurant,4.8,2792.0,136 9th Ave,New York,New York,US,http://www.salinasnyc.com/,(212) 776-1990,Spanish restaurant,Cocktail bar,Seafood restaurant,Steak house,Wine bar,,,,,,,https://www.google.com/maps/search/?api=1&query=Salinas%20Restaurant&query_place_id=ChIJHcejL7lZwokRNtXyXJbJ27g,Spanish restaurant,7.934871565945176,38.087,Viral,4.5–5.0
Sabai Thai,4.5,1236.0,432 Park Ave S,New York,New York,US,https://www.sabaithai.nyc/,(646) 476-4521,Thai restaurant,Restaurant,,,,,,,,,,https://www.google.com/maps/search/?api=1&query=Sabai%20Thai&query_place_id=ChIJ83Nr8qdZwokRlQ9NQpIpcw4,Thai restaurant,7.1204443723924875,32.042,Popular,4.0–4.5
Cafeteria,4.3,3884.0,119 7th Ave,New York,New York,US,http://www.cafeteriagroup.com/,(212) 414-1717,American restaurant,,,,,,,,,,,https://www.google.com/maps/search/?api=1&query=Cafeteria&query_place_id=ChIJ329uV7xZwokRfM6dcDcOtKY,American restaurant,8.264878262801748,35.539,Viral,4.0–4.5
Blend LIC,4.5,1849.0,47-04 Vernon Blvd,Long Island City,New York,US,https://www.blendlic.com/,(718) 729-2800,Latin American restaurant,,,,,,,,,,,https://www.google.com/maps/search/?api=1&query=Blend%20LIC&query_place_id=ChIJEdfcByRZwokRQe04uT7LBNY,Latin American restaurant,7.52294091807237,33.853,Popular,4.0–4.5
Henry's End,4.5,596.0,72 Henry St,Brooklyn,New York,US,https://www.henrysend.com/,(718) 834-1776,American restaurant,Bar,Steak house,,,,,,,,,https://www.google.com/maps/search/?api=1&query=Henry's%20End&query_place_id=ChIJLdYpATdawokRiMEMn3lHExk,American restaurant,6.391917113392602,28.764,Popular,4.0–4.5
Lighthouse,4.5,869.0,145 Borinquen Pl,Brooklyn,New York,US,https://www.lighthousebk.com/?y_source=1_MjAyODE0NDI3Ni03MTUtbG9jYXRpb24ud2Vic2l0ZQ%3D%3D,(347) 789-7742,New American restaurant,Bar,Brunch restaurant,Catering food and drink supplier,Cocktail bar,Mediterranean restaurant,Restaurant,Wine bar,,,,https://www.google.com/maps/search/?api=1&query=Lighthouse&query_place_id=ChIJmU4y-OFbwokRuuTUu-zsedc,New American restaurant,6.76849321164863,30.458,Popular,4.0–4.5
Buona Notte,4.5,1750.0,120 Mulberry St #2,New York,New York,US,http://buonanotte-nyc.com/,(212) 965-1111,Italian restaurant,Cocktail bar,,,,,,,,,,https://www.google.com/maps/search/?api=1&query=Buona%20Notte&query_place_id=ChIJH-8y1IlZwokREcBhtiE4sZA,Italian restaurant,7.467942332285852,33.606,Popular,4.0–4.5
Osteria Barocca,4.6,3070.0,133 Mulberry St,New York,New York,US,https://www.ob-ny.com/,(212) 951-1323,Italian restaurant,Neapolitan restaurant,Northern Italian restaurant,Roman restaurant,Sicilian restaurant,Southern Italian restaurant,Tuscan restaurant,,,,,https://www.google.com/maps/search/?api=1&query=Osteria%20Barocca&query_place_id=ChIJK0YQvsRZwokR9r2ubFZRd7E,Italian restaurant,8.029758520440822,36.937,Viral,4.5–5.0
Peaches Lewis,4.3,3548.0,393 Lewis Ave,Brooklyn,New York,US,https://www.bcrestaurantgroup.com/location/peaches-kitchen-bar/,(718) 942-4162,American restaurant,Brunch restaurant,Southern restaurant (US),,,,,,,,,https://www.google.com/maps/search/?api=1&query=Peaches%20Lewis&query_place_id=ChIJvSMmN3ZcwokR2Q8U305wnnQ,American restaurant,8.174421152646497,35.15,Viral,4.0–4.5
Wan Waan (Thai Restaurant),4.7,1049.0,200 8th Ave,New York,New York,US,https://wannyc.com/,(646) 590-8994,Thai restaurant,Restaurant,,,,,,,,,,https://www.google.com/maps/search/?api=1&query=Wan%20Waan%20(Thai%20Restaurant)&query_place_id=ChIJldEZ7LtZwokRoq-d9V19JPo,Thai restaurant,6.956545443151569,32.696,Popular,4.5–5.0
Tabbouleh Cafe & restaurant,4.8,478.0,157 Central Ave,Brooklyn,New York,US,http://www.tabboulehcafe.com/,(718) 673-8301,Mediterranean restaurant,Burrito restaurant,Chicken restaurant,Coffee shop,Dessert restaurant,Falafel restaurant,Middle Eastern restaurant,Restaurant,Salad shop,Tea house,,https://www.google.com/maps/search/?api=1&query=Tabbouleh%20Cafe%20%26%20restaurant&query_place_id=ChIJQdcsCj5fwokRpVGtceWhH4U,Mediterranean restaurant,6.171700597410915,29.624,Small,4.5–5.0
Le Coucou,4.5,2096.0,138 Lafayette St,New York,New York,US,https://www.lecoucou.com/?utm_source=GoogleBusinessProfile&utm_medium=Website&utm_campaign=MapLabs,(212) 271-4252,Restaurant,Breakfast restaurant,Family restaurant,Fine dining restaurant,French restaurant,Lunch restaurant,Modern European restaurant,Modern French restaurant,,,,https://www.google.com/maps/search/?api=1&query=Le%20Coucou&query_place_id=ChIJyw5j84lZwokRnUI_UknPSNA,Restaurant,7.64826303090192,34.417,Viral,4.0–4.5
L’Amore Restaurant,4.6,3157.0,171 Mulberry St,New York,New York,US,https://lamoreristorante.com/,(212) 810-6063,Italian restaurant,,,,,,,,,,,https://www.google.com/maps/search/?api=1&query=L%E2%80%99Amore%20Restaurant&query_place_id=ChIJkRBXYC1ZwokRdUjnELX8_J0,Italian restaurant,8.057694194815587,37.065,Viral,4.5–5.0
Coletta Italian Vegan Restaurant,4.7,1106.0,365 3rd Ave,New York,New York,US,http://www.colettanyc.com/,(646) 861-2889,Vegan restaurant,Cocktail bar,Italian restaurant,Kosher restaurant,Pizza restaurant,Restaurant,Vegetarian restaurant,Wine bar,,,,https://www.google.com/maps/search/?api=1&query=Coletta%20Italian%20Vegan%20Restaurant&query_place_id=ChIJhcaYBC5ZwokRnPUwEfUc8lU,Vegan restaurant,7.009408932708637,32.944,Popular,4.5–5.0
Ix Restaurant,4.7,1040.0,43 Lincoln Rd,Brooklyn,New York,US,https://ixrestaurant.com/,(347) 533-6920,Guatemalan restaurant,,,,,,,,,,,https://www.google.com/maps/search/?api=1&query=Ix%20Restaurant&query_place_id=ChIJJbl25BJbwokRTVCq-iTcnp8,Guatemalan restaurant,6.947937068614969,32.655,Popular,4.5–5.0
Veranda,4.4,840.0,208-01 Northern Blvd,Bayside,New York,US,http://www.veranda-restaurant.com/,(718) 281-2233,American restaurant,,,,,,,,,,,https://www.google.com/maps/search/?api=1&query=Veranda&query_place_id=ChIJeQ7OPtxhwokR0NbauaysWDM,American restaurant,6.734591659972948,29.632,Popular,4.0–4.5
Taverna Kyclades Bayside,4.6,1591.0,39-28 Bell Blvd,Bayside,New York,US,http://www.tavernakyclades.com/,(718) 631-2000,Greek restaurant,,,,,,,,,,,https://www.google.com/maps/search/?api=1&query=Taverna%20Kyclades%20Bayside&query_place_id=ChIJuzR0VnWKwokRqz0Fx66UosM,Greek restaurant,7.3727463664043285,33.915,Popular,4.5–5.0
Jimmy's Trattoria,4.5,467.0,45-73 Bell Blvd,Bayside,New York,US,https://jimmysbayside.com/,(718) 229-5319,Italian restaurant,Bar,Fine dining restaurant,,,,,,,,,https://www.google.com/maps/search/?api=1&query=Jimmy's%20Trattoria&query_place_id=ChIJl3dV1uZhwokRf1y0GJD1xJ4,Italian restaurant,6.148468295917647,27.668,Small,4.0–4.5
Trattoria 35,4.4,1176.0,213-15 35th Ave,Bayside,New York,US,http://www.trattoria35.com/,(718) 352-3800,Italian restaurant,Restaurant,,,,,,,,,,https://www.google.com/maps/search/?api=1&query=Trattoria%2035&query_place_id=ChIJv58SiHSKwokRhxrcu3o_zfw,Italian restaurant,7.0707241072602764,31.111,Popular,4.0–4.5
Prode Thai Restaurant,4.8,800.0,251-28 Northern Blvd,Little Neck,New York,US,https://www.prodenyc.com/,(718) 304-9744,Thai restaurant,Asian restaurant,Restaurant,,,,,,,,,https://www.google.com/maps/search/?api=1&query=Prode%20Thai%20Restaurant&query_place_id=ChIJGxDwkbmJwokRx4te5me7gAY,Thai restaurant,6.68586094706836,32.092,Popular,4.5–5.0
Marbella,4.5,881.0,220-33 Northern Blvd N/A,Bayside,New York,US,http://www.marbella-restaurant.com/,(718) 423-0100,Spanish restaurant,Banquet hall,,,,,,,,,,https://www.google.com/maps/search/?api=1&query=Marbella&query_place_id=ChIJN57WvuJhwokRSJvUHq360O0,Spanish restaurant,6.782192056006791,30.52,Popular,4.0–4.5
B2J Tasty Pot Bayside 不二家酸菜鱼 兰州拉面Bayside,4.8,619.0,42-18 Bell Blvd,Bayside,New York,US,https://www.buerjiacsf.com/,(347) 408-4327,Chinese restaurant,,,,,,,,,,,https://www.google.com/maps/search/?api=1&query=B2J%20Tasty%20Pot%20Bayside%20%E4%B8%8D%E4%BA%8C%E5%AE%B6%E9%85%B8%E8%8F%9C%E9%B1%BC%20%E5%85%B0%E5%B7%9E%E6%8B%89%E9%9D%A2Bayside&query_place_id=ChIJaZd227RhwokRDH9lll87sZg,Chinese restaurant,6.429719478039138,30.863,Popular,4.5–5.0
Press 195,4.4,934.0,40-11 Bell Blvd,Bayside,New York,US,http://www.press195.com/,(718) 281-1950,Sandwich shop,Bar,Chicken wings restaurant,Hamburger restaurant,,,,,,,,https://www.google.com/maps/search/?api=1&query=Press%20195&query_place_id=ChIJRfh_A-BhwokRJzuY4QsBpbU,Sandwich shop,6.840546529288687,30.098,Popular,4.0–4.5
Il Toscano,4.6,465.0,42-05 235th St,Douglaston,New York,US,http://www.iltoscanony.com/,(718) 631-0300,Italian restaurant,Bar,Restaurant,,,,,,,,,https://www.google.com/maps/search/?api=1&query=Il%20Toscano&query_place_id=ChIJ0TU6fQKKwokR3fMksF0h2kI,Italian restaurant,6.144185634125646,28.263,Small,4.5–5.0
Erawan Thai Cuisine,4.8,1657.0,42-31 Bell Blvd,Flushing,New York,US,https://erawanthaibayside.com/?utm_source=google,(718) 428-2112,Thai restaurant,Asian fusion restaurant,Bar,Caterer,Noodle shop,Seafood restaurant,Southeast Asian restaurant,Vegetarian restaurant,,,,https://www.google.com/maps/search/?api=1&query=Erawan%20Thai%20Cuisine&query_place_id=ChIJ5cNKXuBhwokRgOA_ezF1lq4,Thai restaurant,7.4133673356952405,35.584,Popular,4.5–5.0
Il Bacco,4.4,1293.0,253-24 Northern Blvd,Little Neck,New York,US,http://www.ilbaccoristorante.com/,(718) 224-7657,Italian restaurant,Bar,Catering food and drink supplier,Event venue,Lunch restaurant,Restaurant,Seafood restaurant,Wine bar,,,,https://www.google.com/maps/search/?api=1&query=Il%20Bacco&query_place_id=ChIJXTketu-JwokR6rcaxvQrrOY,Italian restaurant,7.165493475060845,31.528,Popular,4.0–4.5
The Sweet Sap,4.5,768.0,189-11 Northern Blvd,Flushing,New York,US,http://www.thesweetsap.com/,(718) 225-1000,Asian fusion restaurant,New American restaurant,Restaurant,,,,,,,,,https://www.google.com/maps/search/?api=1&query=The%20Sweet%20Sap&query_place_id=ChIJDemOuDRhwokRHZSIAhFqVl8,Asian fusion restaurant,6.645090969505644,29.903,Popular,4.0–4.5
BKNY Thai Restaurant,4.5,2294.0,47-11 Francis Lewis Blvd,Bayside,New York,US,http://www.bknythai.com/,(718) 281-1900,Thai restaurant,Bar,Restaurant,Southeast Asian restaurant,,,,,,,,https://www.google.com/maps/search/?api=1&query=BKNY%20Thai%20Restaurant&query_place_id=ChIJCchbq8VhwokR6_JIdOumllE,Thai restaurant,7.738488122494646,34.823,Viral,4.0–4.5
Sol de Colombia Restaurant Bar and Bakery,4.6,314.0,34-37 Bell Blvd,Bayside,New York,US,https://drive.google.com/file/d/1GDoGCaYRBzQhlGge-vn3Cd2JvzeUmvde/view?fbclid=PAdGRleAPfphVleHRuA2FlbQIxMQBzcnRjBmFwcF9pZA8xMjQwMjQ1NzQyODc0MTQAAac0ymR3Zd-jx9U5KQwbp3E4w2VVA6z1FHgK5S0fdKBahjc1VazofIKItIgH7g_aem_xiMXsCt0iBQl8YV0goS0ow,(718) 819-8135,Restaurant,Bakery,Bar,,,,,,,,,https://www.google.com/maps/search/?api=1&query=Sol%20de%20Colombia%20Restaurant%20Bar%20and%20Bakery&query_place_id=ChIJNckeegCLwokRWSF2XKrBrZA,Restaurant,5.752572638825633,26.462,Small,4.5–5.0
Graziella Restaurant,4.5,106.0,33-29 Francis Lewis Blvd,Flushing,New York,US,http://www.graziellarestaurant.com/,(718) 359-6788,Italian restaurant,,,,,,,,,,,https://www.google.com/maps/search/?api=1&query=Graziella%20Restaurant&query_place_id=ChIJp_Yt99VhwokRnY8NKPPDKt8,Italian restaurant,4.672828834461906,21.028,Small,4.0–4.5
Hongdae Korean restaurant,4.8,698.0,149-09 41st Ave,Flushing,New York,US,,(917) 908-0368,Korean restaurant,Bar,,,,,,,,,,https://www.google.com/maps/search/?api=1&query=Hongdae%20Korean%20restaurant&query_place_id=ChIJVfOiraVhwokRASKpovthVP8,Korean restaurant,6.54965074223381,31.438,Popular,4.5–5.0
Restaurant Relax,4.9,413.0,68A Newel St,Brooklyn,New York,US,https://www.restaurant-relax.com/,+1 718-389-1665,Polish restaurant,,,,,,,,,,,https://www.google.com/maps/search/?api=1&query=Restaurant%20Relax&query_place_id=ChIJwRJqUE9ZwokRPRQ4Apbnx_A,Polish restaurant,6.025865973825314,29.527,Small,4.5–5.0
Danubius,4.8,323.0,47-57 41st St,Sunnyside,New York,US,http://danubiusnyc.com/,+1 347-651-9282,Romanian restaurant,Eastern European restaurant,Mediterranean restaurant,,,,,,,,,https://www.google.com/maps/search/?api=1&query=Danubius&query_place_id=ChIJoRZhs_xfwokREU4NWDLMjt8,Romanian restaurant,5.780743515792329,27.748,Small,4.5–5.0
Miriam Restaurant,4.4,2265.0,79 5th Ave,Brooklyn,New York,US,http://parkslope.miriamrestaurant.com/,+1 718-622-2250,Mediterranean restaurant,Brunch restaurant,Israeli restaurant,Middle Eastern restaurant,Restaurant,,,,,,,https://www.google.com/maps/search/?api=1&query=Miriam%20Restaurant&query_place_id=ChIJ_yaCB6xbwokRzsbqAJUYxpY,Mediterranean restaurant,7.725771441587952,33.993,Viral,4.0–4.5
Bamonte's,4.5,1314.0,32 Withers St,Brooklyn,New York,US,https://bamontes.shop/,+1 718-384-8831,Italian restaurant,Restaurant,,,,,,,,,,https://www.google.com/maps/search/?api=1&query=Bamonte's&query_place_id=ChIJxRbhJZbmXIgRXq5i2VErjJ4,Italian restaurant,7.181591944611865,32.317,Popular,4.0–4.5
Gottlieb's Restaurant,4.6,1294.0,352 Roebling St #6240,Brooklyn,New York,US,https://gottliebrestaurant.com/order,+1 718-384-6612,Kosher restaurant,Deli,Hungarian restaurant,,,,,,,,,https://www.google.com/maps/search/?api=1&query=Gottlieb's%20Restaurant&query_place_id=ChIJ-br2dN5bwokRpT-rlWnNLKY,Kosher restaurant,7.166265974133638,32.965,Popular,4.5–5.0
River Deli,4.4,590.0,32 Joralemon St,Brooklyn,New York,US,http://riverdelirestaurant.com/,+1 718-254-9200,Italian restaurant,,,,,,,,,,,https://www.google.com/maps/search/?api=1&query=River%20Deli&query_place_id=ChIJy7j_j0ZawokRrnTeTM1Ke0s,Italian restaurant,6.3818160174060985,28.08,Popular,4.0–4.5
SAINT RESTAURANT BAR & SPEAKEASY,4.5,1078.0,136 2nd Ave,New York,New York,US,http://www.saintny.com/,+1 347-588-9817,New American restaurant,American restaurant,Banquet hall,Bar,Event planner,Event venue,Lounge bar,Restaurant,Wedding planner,Wedding venue,,https://www.google.com/maps/search/?api=1&query=SAINT%20RESTAURANT%20BAR%20%26%20SPEAKEASY&query_place_id=ChIJ6atD-WRZwokRULgcZ4TWin8,New American restaurant,6.983789965258135,31.427,Popular,4.0–4.5
Jai Dee Restaurant | Thai | Brooklyn | NYC,4.7,702.0,420 7th Ave,Brooklyn,New York,US,https://jaideethainyc.com/?utm_source=google,+1 718-832-1544,Thai restaurant,Asian restaurant,Gluten-free restaurant,Noodle shop,Southeast Asian restaurant,Vegetarian restaurant,,,,,,https://www.google.com/maps/search/?api=1&query=Jai%20Dee%20Restaurant%20%7C%20Thai%20%7C%20Brooklyn%20%7C%20NYC&query_place_id=ChIJvfRTieJawokRPYjKmp7v4Aw,Thai restaurant,6.555356891810665,30.81,Popular,4.5–5.0
El Castillo De Jagua Restaurant,4.4,1427.0,113 Rivington St,New York,New York,US,https://castillodejagua.com/?utm_source=google,+1 212-982-6412,Dominican restaurant,Breakfast restaurant,Caribbean restaurant,Caterer,Coffee shop,Latin American restaurant,Sandwich shop,Seafood restaurant,Spanish restaurant,,,https://www.google.com/maps/search/?api=1&query=El%20Castillo%20De%20Jagua%20Restaurant&query_place_id=ChIJB1mzOIFZwokRkElevjezXJw,Dominican restaurant,7.2640301428995295,31.962,Popular,4.0–4.5
Cafe 48 & Restaurant,4.1,218.0,212-09 48th Ave,Bayside,New York,US,https://www.cafe48oaklandgarden.com/,(347) 836-8857,Chinese restaurant,,,,,,,,,,,https://www.google.com/maps/search/?api=1&query=Cafe%2048%20%26%20Restaurant&query_place_id=ChIJ0YTct-dhwokRwWqpEZ6IEIU,Chinese restaurant,5.389071729816501,22.095,Small,4.0–4.5
El Recuerdo,4.4,351.0,146-05 34th Ave,Flushing,New York,US,,(718) 359-1370,Colombian restaurant,,,,,,,,,,,https://www.google.com/maps/search/?api=1&query=El%20Recuerdo&query_place_id=ChIJRd_IJR9gwokRl1hFw6fvXp4,Colombian restaurant,5.863631175598097,25.8,Small,4.0–4.5
Tony's Pier,4.3,6026.0,1 City Island Ave,Bronx,New York,US,https://www.tonyspiercityisland.com/,(718) 885-1424,Seafood restaurant,Restaurant,,,,,,,,,,https://www.google.com/maps/search/?api=1&query=Tony's%20Pier&query_place_id=ChIJBdUigIWLwokRJvFIxrTgr8s,Seafood restaurant,8.704004653483045,37.427,Viral,4.0–4.5
Tarim Uyghur Restaurant,4.6,98.0,147-48 Northern Blvd,Flushing,New York,US,https://www.beyondmenu.com/59913.aspx,(718) 799-0415,Uyghur cuisine restaurant,,,,,,,,,,,https://www.google.com/maps/search/?api=1&query=Tarim%20Uyghur%20Restaurant&query_place_id=ChIJM43HZSphwokR-4ml0XtkYI4,Uyghur cuisine restaurant,4.59511985013459,21.138,Micro,4.5–5.0
Johnny's Reef,4.4,9379.0,2 City Island Ave,Bronx,New York,US,https://johnnysreefrestaurant.com/,(718) 885-2086,Seafood restaurant,Fast food restaurant,Restaurant,,,,,,,,,https://www.google.com/maps/search/?api=1&query=Johnny's%20Reef&query_place_id=ChIJh4kgf4-LwokRNpMUb_r4n70,Seafood restaurant,9.14633504200027,40.244,Viral,4.0–4.5
PJ Brady's Bar & Restaurant,4.5,391.0,3201 Philip Ave,Bronx,New York,US,https://pjbradysmenu.com/?utm_source=gbp,(718) 931-3250,Pizza restaurant,Bar,,,,,,,,,,https://www.google.com/maps/search/?api=1&query=PJ%20Brady's%20Bar%20%26%20Restaurant&query_place_id=ChIJ0Vm-qGqLwokRztbl30W9j5k,Pizza restaurant,5.971261839790462,26.871,Small,4.0–4.5
Jungme Gukbop - Korean Pork bone soup restaurant,4.7,98.0,35-04 154th St,Flushing,New York,US,,(347) 542-3489,Korean restaurant,,,,,,,,,,,https://www.google.com/maps/search/?api=1&query=Jungme%20Gukbop%20-%20Korean%20Pork%20bone%20soup%20restaurant&query_place_id=ChIJZcHHFflhwokRa-ZpOvCB0AU,Korean restaurant,4.59511985013459,21.597,Micro,4.5–5.0
El Paso Mexican Restaurant,4.3,25.0,40-45 235th St,Douglaston,New York,US,,(718) 225-2209,Mexican restaurant,,,,,,,,,,,https://www.google.com/maps/search/?api=1&query=El%20Paso%20Mexican%20Restaurant&query_place_id=ChIJT_2MBNWLwokRBL4GHKblts0,Mexican restaurant,3.258096538021482,14.01,Micro,4.0–4.5
The Soul Spot,4.2,1291.0,302 Atlantic Ave,Brooklyn,New York,US,http://www.soulspotrestaurant.com/,+1 718-596-9933,Soul food restaurant,Barbecue restaurant,Breakfast restaurant,Brunch restaurant,Chicken restaurant,Family restaurant,Fast food restaurant,Restaurant,Small plates restaurant,,,https://www.google.com/maps/search/?api=1&query=The%20Soul%20Spot&query_place_id=ChIJua292E1awokRtj7K3ujLMLc,Soul food restaurant,7.163946684342547,30.089,Popular,4.0–4.5
La Nacional,4.5,1177.0,239 W 14th St,New York,New York,US,https://lanacional.org/,+1 917-388-2888,Spanish restaurant,Event venue,Historical society,Tapas restaurant,,,,,,,,https://www.google.com/maps/search/?api=1&query=La%20Nacional&query_place_id=ChIJLad6cb5ZwokRSVl4rg6sfys,Spanish restaurant,7.071573364211532,31.822,Popular,4.0–4.5
Guarapo Latin Fusion,4.6,747.0,58 N 3rd St,Brooklyn,New York,US,https://guarapobrooklyn.com/,+1 718-576-3953,Latin American restaurant,,,,,,,,,,,https://www.google.com/maps/search/?api=1&query=Guarapo%20Latin%20Fusion&query_place_id=ChIJ5bcaq4FZwokRr9FKtt0wE-M,Latin American restaurant,6.617402977974478,30.44,Popular,4.5–5.0
Upland,4.5,2422.0,345 Park Ave S,New York,New York,US,https://uplandnyc.com/?utm_source=GoogleBusinessProfile&utm_medium=Website&utm_campaign=MapLabs,+1 212-686-1006,Restaurant,American restaurant,Bar,Californian restaurant,Italian restaurant,Takeout restaurant,,,,,,https://www.google.com/maps/search/?api=1&query=Upland&query_place_id=ChIJWVD7FadZwokRs_pS6XY7VOU,Restaurant,7.792761720816526,35.067,Viral,4.0–4.5
Dock Asian Eatery,4.4,752.0,22 Wyckoff Ave,Brooklyn,New York,US,http://www.dockasianeatery.com/,+1 718-821-3900,Asian restaurant,Asian fusion restaurant,Japanese restaurant,Ramen restaurant,Thai restaurant,Vietnamese restaurant,,,,,,https://www.google.com/maps/search/?api=1&query=Dock%20Asian%20Eatery&query_place_id=ChIJU6FumT9dwokRZhtt72BTysU,Asian restaurant,6.6240652277998935,29.146,Popular,4.0–4.5
Charm Bar & Restaurant,4.7,3831.0,448 Dean St,Brooklyn,New York,US,https://charmbarrestaurant.com/?utm_source=google,+1 347-799-2345,Caribbean restaurant,Bar & grill,Brunch restaurant,Caterer,Cocktail bar,Jamaican restaurant,Soul food restaurant,Wine bar,,,,https://www.google.com/maps/search/?api=1&query=Charm%20Bar%20%26%20Restaurant&query_place_id=ChIJgRd23gFbwokRFaACKwWIF7E,Caribbean restaurant,8.251142139090751,38.78,Viral,4.5–5.0
Il Cortile,4.4,2354.0,125 Mulberry St,New York,New York,US,http://ilcortile.com/,+1 212-226-6060,Italian restaurant,,,,,,,,,,,https://www.google.com/maps/search/?api=1&query=Il%20Cortile&query_place_id=ChIJOQ8A1IlZwokRd4ZMRvOMQ3o,Italian restaurant,7.764296006450518,34.163,Viral,4.0–4.5
Monarch Izakaya Restaurant,4.5,358.0,146 Metropolitan Ave,Brooklyn,New York,US,https://monarchrestaurantbk.com/,+1 917-909-1596,Izakaya restaurant,Event venue,Japanese restaurant,,,,,,,,,https://www.google.com/maps/search/?api=1&query=Monarch%20Izakaya%20Restaurant&query_place_id=ChIJ6_M75OhZwokRiuRfFsoX7K8,Izakaya restaurant,5.883322388488279,26.475,Small,4.0–4.5
Antique Garage Soho,4.3,1081.0,41 Mercer St,New York,New York,US,http://www.antiquegaragesoho.com/,+1 212-219-1019,Mediterranean restaurant,Restaurant,,,,,,,,,,https://www.google.com/maps/search/?api=1&query=Antique%20Garage%20Soho&query_place_id=ChIJ99u7xItZwokRuPChc-s0AJk,Mediterranean restaurant,6.9865664594064265,30.042,Popular,4.0–4.5
Bridge Coffee Shop,4.3,419.0,73 Bridge St,Brooklyn,New York,US,,+1 718-797-0825,Spanish restaurant,Dominican restaurant,Restaurant,,,,,,,,,https://www.google.com/maps/search/?api=1&query=Bridge%20Coffee%20Shop&query_place_id=ChIJ8ao_FTNawokRSa6Jj6O9ljk,Spanish restaurant,6.040254711277414,25.973,Small,4.0–4.5
Twist,4.6,371.0,4202 3rd Ave,Brooklyn,New York,US,https://twistrestaurantbrooklyn.com/,+1 646-838-4938,Seafood restaurant,,,,,,,,,,,https://www.google.com/maps/search/?api=1&query=Twist&query_place_id=ChIJlbrIc1NbwokR0J9f3ZSsd9I,Seafood restaurant,5.918893854273146,27.227,Small,4.5–5.0
Sevilla,4.3,1320.0,62 Charles St,New York,New York,US,http://www.sevillarestaurantandbar.com/,+1 212-929-3189,Spanish restaurant,,,,,,,,,,,https://www.google.com/maps/search/?api=1&query=Sevilla&query_place_id=ChIJpx2fW5RZwokRge-7dBOrTSQ,Spanish restaurant,7.186144304522325,30.9,Popular,4.0–4.5
Kokomo Restaurant & Lounge,4.4,3126.0,65 Kent Ave,Brooklyn,New York,US,https://www.kokomonyc.com/,+1 347-799-1312,Caribbean restaurant,Jamaican restaurant,,,,,,,,,,https://www.google.com/maps/search/?api=1&query=Kokomo%20Restaurant%20%26%20Lounge&query_place_id=ChIJ9-EhOXlZwokRSdB_B9mYM30,Caribbean restaurant,8.047829357457841,35.41,Viral,4.0–4.5
Veselka,4.6,7710.0,144 2nd Ave,New York,New York,US,https://www.veselka.com/,+1 212-228-9682,Ukrainian restaurant,Breakfast restaurant,Diner,Hamburger restaurant,Lunch restaurant,Meal delivery,Takeout restaurant,Restaurant,Sandwich shop,,,https://www.google.com/maps/search/?api=1&query=Veselka&query_place_id=ChIJlxDiXJxZwokRp4HHbeYqXXU,Ukrainian restaurant,8.95040315983296,41.172,Viral,4.5–5.0
TAO Downtown Restaurant,4.3,5492.0,92 9th Ave,New York,New York,US,https://taogroup.com/venues/tao-downtown-new-york/,+1 212-888-2724,Asian fusion restaurant,,,,,,,,,,,https://www.google.com/maps/search/?api=1&query=TAO%20Downtown%20Restaurant&query_place_id=ChIJKaKVI79ZwokRN8WicODOIAw,Asian fusion restaurant,8.61122983334262,37.028,Viral,4.0–4.5
Cathédrale Restaurant,4.2,1396.0,112 E 11th St,New York,New York,US,https://taogroup.com/venues/cathedrale-new-york/,+1 212-888-1093,French restaurant,Mediterranean restaurant,,,,,,,,,,https://www.google.com/maps/search/?api=1&query=Cath%C3%A9drale%20Restaurant&query_place_id=ChIJJZKgh3JZwokRceJLj_PM7IY,French restaurant,7.242082359256962,30.417,Popular,4.0–4.5
Family Meal at Blue Hill,4.6,1341.0,75 W Washington Pl,New York,New York,US,https://www.bluehillfarm.com/,+1 212-539-1776,American restaurant,Family restaurant,Fine dining restaurant,Restaurant,,,,,,,,https://www.google.com/maps/search/?api=1&query=Family%20Meal%20at%20Blue%20Hill&query_place_id=ChIJi9BURJFZwokRDcqvIgxdXds,American restaurant,7.201916317531627,33.129,Popular,4.5–5.0
Bazár Tapas Bar and Restaurant,4.4,1273.0,31 W 26th St #2,New York,New York,US,http://www.bazarnomad.com/,+1 212-510-8155,Tapas restaurant,Bar,Brunch restaurant,Cocktail bar,Lunch restaurant,Restaurant,Wine bar,,,,,https://www.google.com/maps/search/?api=1&query=Baz%C3%A1r%20Tapas%20Bar%20and%20Restaurant&query_place_id=ChIJ60c5xqVZwokRv6aAYl8hT6s,Tapas restaurant,7.149916836132109,31.46,Popular,4.0–4.5
Lugo Lounge & Restaurant,4.5,564.0,10-89 Cypress Ave,Ridgewood,New York,US,https://lugoloungeny.com/,+1 718-366-5366,Restaurant,Live music venue,Spanish restaurant,,,,,,,,,https://www.google.com/maps/search/?api=1&query=Lugo%20Lounge%20%26%20Restaurant&query_place_id=ChIJNYP1dy9cwokRjhKCxAX_Za4,Restaurant,6.336825731146441,28.516,Popular,4.0–4.5
"KTown Octopus House | Korean restaurant, Korean Spicy Seafood",4.6,137.0,195-02 47th Ave,Flushing,New York,US,,(347) 506-0172,Korean restaurant,Asian restaurant,Takeout Restaurant,Restaurant,Soup restaurant,,,,,,,https://www.google.com/maps/search/?api=1&query=KTown%20Octopus%20House%20%7C%20Korean%20restaurant%2C%20Korean%20Spicy%20Seafood&query_place_id=ChIJ7QvaspZhwokR25JCa4xVSN8,Korean restaurant,4.927253685157205,22.665,Small,4.5–5.0
Amy's Chinese Restaurant,4.3,261.0,47-46 Bell Blvd,Bayside,New York,US,https://www.amy4746.com/,(718) 279-0010,Chinese restaurant,,,,,,,,,,,https://www.google.com/maps/search/?api=1&query=Amy's%20Chinese%20Restaurant&query_place_id=ChIJaw4bW-ZhwokR3T18rOkNbP4,Chinese restaurant,5.568344503761097,23.944,Small,4.0–4.5
Pearl Garden,4.5,342.0,145-08 14th Ave,Flushing,New York,US,https://pearlgardenflushing.com/,(718) 767-7854,Chinese restaurant,Asian restaurant,Taiwanese restaurant,,,,,,,,,https://www.google.com/maps/search/?api=1&query=Pearl%20Garden&query_place_id=ChIJDQXGhL6KwokRXE-X1Y9DYwo,Chinese restaurant,5.83773044716594,26.27,Small,4.0–4.5
Ray's Café & Restaurant,4.4,89.0,205 City Island Ave,Bronx,New York,US,https://www.rayscaferestaurant.com/,(347) 346-9119,Breakfast restaurant,,,,,,,,,,,https://www.google.com/maps/search/?api=1&query=Ray's%20Caf%C3%A9%20%26%20Restaurant&query_place_id=ChIJrwc7ooeLwokRy6RcbxtXA6M,Breakfast restaurant,4.499809670330265,19.799,Micro,4.0–4.5
Ponticello Baybridge Italian Restaurant & Pizzeria,4.5,223.0,208-18 Cross Island Pkwy,Bayside,New York,US,https://www.ponticellobaybridgeitalian.com/,(718) 352-6606,Pizza restaurant,Italian restaurant,Delivery Restaurant,,,,,,,,,https://www.google.com/maps/search/?api=1&query=Ponticello%20Baybridge%20Italian%20Restaurant%20%26%20Pizzeria&query_place_id=ChIJJV4aU1yKwokRU8XBj4XuknA,Pizza restaurant,5.4116460518550396,24.352,Small,4.0–4.5
Bocconcini Pizzeria & Restaurant,4.6,233.0,254-19 Northern Blvd,Little Neck,New York,US,http://www.bocconcininy.com/,(718) 423-1192,Italian restaurant,Caterer,Pizza delivery,Pizza restaurant,Pizza Takeout,,,,,,,https://www.google.com/maps/search/?api=1&query=Bocconcini%20Pizzeria%20%26%20Restaurant&query_place_id=ChIJuykH4SiJwokR7Cf3lOytVD4,Italian restaurant,5.455321115357702,25.094,Small,4.5–5.0
Centre Pizzeria & Restaurant,4.3,506.0,254-25 Horace Harding Expy,Little Neck,New York,US,http://www.centrepizzeriany.com/,(718) 229-9879,Pizza restaurant,Caterer,Delivery Restaurant,Pizza Takeout,,,,,,,,https://www.google.com/maps/search/?api=1&query=Centre%20Pizzeria%20%26%20Restaurant&query_place_id=ChIJmXMhIueJwokR-dKhkkoB-DM,Pizza restaurant,6.2285110035911835,26.783,Popular,4.0–4.5
Mario's Pizza & Restaurant,4.5,148.0,163-01 29th Ave,Flushing,New York,US,,(929) 362-3055,Pizza restaurant,Restaurant,,,,,,,,,,https://www.google.com/maps/search/?api=1&query=Mario's%20Pizza%20%26%20Restaurant&query_place_id=ChIJr4W404OKwokRno6aEPp6yUM,Pizza restaurant,5.003946305945459,22.518,Small,4.0–4.5
Pho Top Restaurant,4.1,297.0,25-25 Parsons Blvd,Flushing,New York,US,https://www.photoprestaurant.com/,(347) 506-0119,Vietnamese restaurant,Asian restaurant,Pho restaurant,,,,,,,,,https://www.google.com/maps/search/?api=1&query=Pho%20Top%20Restaurant&query_place_id=ChIJmYUn172LwokRnyELneMcCBg,Vietnamese restaurant,5.697093486505405,23.358,Small,4.0–4.5
Beef Bar Chinese Restaurant,4.0,66.0,41-87 Bowne St,Flushing,New York,US,,(347) 542-3606,Chinese restaurant,,,,,,,,,,,https://www.google.com/maps/search/?api=1&query=Beef%20Bar%20Chinese%20Restaurant&query_place_id=ChIJewBhcqBhwokRPTnEwaXOzzQ,Chinese restaurant,4.204692619390966,16.819,Micro,3.5–4.0
El Milagro Grill & Bar,3.9,19.0,147-12 45th Ave,Flushing,New York,US,,(929) 705-4745,Restaurant,,,,,,,,,,,https://www.google.com/maps/search/?api=1&query=El%20Milagro%20Grill%20%26%20Bar&query_place_id=ChIJ75zygz5gwokR6KvSSsD1_A8,Restaurant,2.995732273553991,11.683,Micro,3.5–4.0
Il Sapore Restaurant & Pizzeria,4.3,147.0,44-17 Douglaston Pkwy,Douglaston,New York,US,https://ilsaporerestaurant.com/,(718) 224-8009,Restaurant,Pizza delivery,Pizza restaurant,Pizza Takeout,,,,,,,,https://www.google.com/maps/search/?api=1&query=Il%20Sapore%20Restaurant%20%26%20Pizzeria&query_place_id=ChIJ-2GoTACJwokReow0XOKySc8,Restaurant,4.997212273764115,21.488,Small,4.0–4.5
Happy Garden Bayside Restaurant,3.7,197.0,45-63 Bell Blvd,Bayside,New York,US,,(929) 381-1700,Chinese restaurant,,,,,,,,,,,https://www.google.com/maps/search/?api=1&query=Happy%20Garden%20Bayside%20Restaurant&query_place_id=ChIJW5CjmCBhwokRz-vnouc2MTg,Chinese restaurant,5.288267030694535,19.567,Small,3.5–4.0
Tri Dynasty Chinese Restaurant,4.0,108.0,147-18 Northern Blvd,Flushing,New York,US,https://www.beyondmenu.com/51830.aspx,(718) 961-5100,Chinese restaurant,Delivery Restaurant,,,,,,,,,,https://www.google.com/maps/search/?api=1&query=Tri%20Dynasty%20Chinese%20Restaurant&query_place_id=ChIJ1RYvECJgwokRYI3212ZOqiQ,Chinese restaurant,4.6913478822291435,18.765,Small,3.5–4.0
Chelsea Square Diner,4.2,1552.0,368 W 23rd St,New York,New York,US,https://www.chelseasquarediner.com/,+1 212-691-5400,Diner,Breakfast restaurant,Brunch restaurant,,,,,,,,,https://www.google.com/maps/search/?api=1&query=Chelsea%20Square%20Diner&query_place_id=ChIJqYlpjrlZwokRI62BYbAFgY8,Diner,7.347943823148687,30.861,Popular,4.0–4.5
Barano Restaurant,4.4,686.0,26 Broadway,Brooklyn,New York,US,http://www.baranobk.com/,+1 347-625-5663,Italian restaurant,Dessert restaurant,Pasta shop,Pizza restaurant,Restaurant,,,,,,,https://www.google.com/maps/search/?api=1&query=Barano%20Restaurant&query_place_id=ChIJ3_aKBdlbwokRB4MzhiifcfE,Italian restaurant,6.532334292222349,28.742,Popular,4.0–4.5
Balvanera,4.7,806.0,152 Stanton St,New York,New York,US,http://www.balvanerarestaurants.com/,+1 917-746-1660,Argentinian restaurant,Restaurant,South American restaurant,Steak house,Wine bar,,,,,,,https://www.google.com/maps/search/?api=1&query=Balvanera&query_place_id=ChIJvRNghoFZwokR8r6CDQqyalA,Argentinian restaurant,6.693323668269949,31.459,Popular,4.5–5.0
Joseph's Restaurant,4.5,374.0,3 Hanover Square,New York,New York,US,http://josephsnyc.com/,+1 212-747-1300,Northern Italian restaurant,Bar,Cocktail bar,Dessert restaurant,Italian restaurant,Meal delivery,Seafood restaurant,Vegetarian restaurant,Wine bar,,,https://www.google.com/maps/search/?api=1&query=Joseph's%20Restaurant&query_place_id=ChIJST0cgRZawokRNvJv5mhG57E,Northern Italian restaurant,5.926926025970411,26.671,Small,4.0–4.5
Yemen Café & Restaurant,4.5,3539.0,176 Atlantic Ave,Brooklyn,New York,US,https://yemencafe.com/yemencafrestaurantatlantic?utm_source=google,+1 718-834-9533,Yemeni restaurant,Cafe,Chicken restaurant,Dessert restaurant,Halal restaurant,Kebab shop,Mediterranean restaurant,Middle Eastern restaurant,Rice restaurant,,,https://www.google.com/maps/search/?api=1&query=Yemen%20Caf%C3%A9%20%26%20Restaurant&query_place_id=ChIJExC3nU9awokRgODOvdb3awc,Yemeni restaurant,8.17188200612782,36.773,Viral,4.0–4.5
La Diáspora Bar & Restaurant,4.6,195.0,91 Baxter St,New York,New York,US,https://www.diasporaofnyc.com/,+1 516-619-2177,Restaurant,,,,,,,,,,,https://www.google.com/maps/search/?api=1&query=La%20Di%C3%A1spora%20Bar%20%26%20Restaurant&query_place_id=ChIJIditVq1bwokRyr0RzNTyuGI,Restaurant,5.278114659230518,24.279,Small,4.5–5.0
Forgione,4.6,768.0,30 Hudson St,New York,New York,US,http://www.marcforgione.com/,+1 212-941-9401,American restaurant,Bar,New American restaurant,,,,,,,,,https://www.google.com/maps/search/?api=1&query=Forgione&query_place_id=ChIJhSLc_R5awokReYEI4dyODxA,American restaurant,6.645090969505644,30.567,Popular,4.5–5.0
Tofubox,4.8,346.0,632 Grand St,Brooklyn,New York,US,https://tofuboxny.com/,+1 718-388-4232,Vegetarian restaurant,Chinese restaurant,Takeout restaurant,Restaurant,,,,,,,,https://www.google.com/maps/search/?api=1&query=Tofubox&query_place_id=ChIJr32LL_BZwokRnzsM4-brn3M,Vegetarian restaurant,5.849324779946859,28.077,Small,4.5–5.0
"Decades Pizza | Bar and Restaurant in Ridgewood, Queens - NYC",4.6,256.0,6-90 Woodward Ave,Ridgewood,New York,US,http://decades.pizza/,+1 347-763-0018,Pizza restaurant,American restaurant,Bar,Cocktail bar,Italian restaurant,Pizza delivery,Pizza takeaway,Restaurant,Wine bar,,,https://www.google.com/maps/search/?api=1&query=Decades%20Pizza%20%7C%20Bar%20and%20Restaurant%20in%20Ridgewood%2C%20Queens%20-%20NYC&query_place_id=ChIJy-XYyNtfwokRnFoJaxU7k0A,Pizza restaurant,5.54907608489522,25.526,Small,4.5–5.0
Puglia,4.3,1495.0,189 Hester St,New York,New York,US,http://pugliaofnyc.com/,+1 212-966-6006,Italian restaurant,,,,,,,,,,,https://www.google.com/maps/search/?api=1&query=Puglia&query_place_id=ChIJfencLIhZwokRWDV5hTpFU74,Italian restaurant,7.310550158534422,31.435,Popular,4.0–4.5
Cibao,4.2,580.0,72 Clinton St,New York,New York,US,http://cibaorestaurant.com/,+1 212-228-0703,Nuevo Latino restaurant,Meal delivery,,,,,,,,,,https://www.google.com/maps/search/?api=1&query=Cibao&query_place_id=ChIJGarru4FZwokRhCrFKKyvH5s,Nuevo Latino restaurant,6.364750756851911,26.732,Popular,4.0–4.5
SHI,4.3,1482.0,47-20 Center Blvd,Long Island City,New York,US,http://shilic.com/,+1 347-242-2448,Japanese restaurant,Asian restaurant,Dessert restaurant,Pan-Asian restaurant,Restaurant,Sushi restaurant,,,,,,https://www.google.com/maps/search/?api=1&query=SHI&query_place_id=ChIJ3Yh5MCJZwokRn26xAVyciXg,Japanese restaurant,7.301822342137932,31.398,Popular,4.0–4.5
Rebel,4.4,424.0,29 Clinton St,New York,New York,US,https://rebelrestaurantandbarnyc.com/?utm_source=google,+1 917-388-3425,Haitian restaurant,American restaurant,Bar,Caribbean restaurant,Caterer,Chicken wings restaurant,Cocktail bar,Creole restaurant,Lounge bar,Seafood restaurant,,https://www.google.com/maps/search/?api=1&query=Rebel&query_place_id=ChIJSWsAjQlZwokRVLOHE_VU724,Haitian restaurant,6.052089168924417,26.629,Small,4.0–4.5
Mezquila Bar & Restaurant,4.8,101.0,634 4th Ave,Brooklyn,New York,US,https://www.grubhub.com/restaurant/mezquila-bar--tapas-634-4th-ave-brooklyn/5971600,+1 347-227-8981,Restaurant,Mexican restaurant,Bar,Taco restaurant,Tapas restaurant,,,,,,,https://www.google.com/maps/search/?api=1&query=Mezquila%20Bar%20%26%20Restaurant&query_place_id=ChIJhW1_oiJbwokRGeMeu_fgE7M,Restaurant,4.624972813284271,22.2,Small,4.5–5.0
Qanoon,4.4,571.0,180 9th Ave,New York,New York,US,https://qanoonnyc.com/,+1 646-843-9711,Palestinian restaurant,Cocktail bar,Gluten-free restaurant,Mediterranean restaurant,Middle Eastern restaurant,Restaurant,Vegetarian restaurant,Wine bar,,,,https://www.google.com/maps/search/?api=1&query=Qanoon&query_place_id=ChIJgz5kSjlZwokRJiqyRnKWQ2g,Palestinian restaurant,6.349138991379798,27.936,Popular,4.0–4.5
SUteiShi Japanese Restaurant,4.6,731.0,24 Peck Slip,New York,New York,US,http://www.suteishi.com/,+1 212-766-2344,Japanese restaurant,Restaurant,,,,,,,,,,https://www.google.com/maps/search/?api=1&query=SUteiShi%20Japanese%20Restaurant&query_place_id=ChIJGxpCtzxawokRWS7MVDYfA8E,Japanese restaurant,6.595780513961311,30.341,Popular,4.5–5.0
Angelo's Deli & Restaurant,3.1,31.0,47-01 Francis Lewis Blvd,Bayside,New York,US,,(718) 819-8857,Restaurant,Deli,,,,,,,,,,https://www.google.com/maps/search/?api=1&query=Angelo's%20Deli%20%26%20Restaurant&query_place_id=ChIJ9Wf5pthhwokRz73PuZLGOSc,Restaurant,3.4657359027997265,10.744,Micro,3.0–3.5
La Deportiva,4.0,25.0,146-05 34th Ave,Flushing,New York,US,,(646) 986-4755,Colombian restaurant,,,,,,,,,,,https://www.google.com/maps/search/?api=1&query=La%20Deportiva&query_place_id=ChIJGw8KVBthwokRF6lHEaTRtWU,Colombian restaurant,3.258096538021482,13.032,Micro,3.5–4.0
City Island Chinese Restaurant,4.1,118.0,84-86 City Island Ave,Bronx,New York,US,,(718) 885-3775,Chinese restaurant,Delivery Restaurant,,,,,,,,,,https://www.google.com/maps/search/?api=1&query=City%20Island%20Chinese%20Restaurant&query_place_id=ChIJpZB_B4aLwokRPv7vDm55Dqg,Chinese restaurant,4.77912349311153,19.594,Small,4.0–4.5
I Love Paraguay Restaurant,4.6,1482.0,43-16 Greenpoint Ave,Sunnyside,New York,US,http://www.ilovepy.com/,+1 718-786-5534,Paraguayan restaurant,Latin American restaurant,South American restaurant,,,,,,,,,https://www.google.com/maps/search/?api=1&query=I%20Love%20Paraguay%20Restaurant&query_place_id=ChIJ2YiAK9pewokRNHMumPYb3EU,Paraguayan restaurant,7.301822342137932,33.588,Popular,4.5–5.0
Bersi Ethiopian Restaurant,4.8,230.0,1049 Manhattan Ave,Brooklyn,New York,US,https://www.bersi.nyc/,+1 347-335-0920,Ethiopian restaurant,Vegan restaurant,,,,,,,,,,https://www.google.com/maps/search/?api=1&query=Bersi%20Ethiopian%20Restaurant&query_place_id=ChIJVz93W-1ZwokRiyGvsbPtDRA,Ethiopian restaurant,5.442417710521793,26.124,Small,4.5–5.0
Tofu Tofu,4.7,1045.0,96 Bowery,New York,New York,US,http://www.tofutofukoreanbbq.com/,+1 917-442-5001,Korean restaurant,Takeout restaurant,Tofu restaurant,,,,,,,,,https://www.google.com/maps/search/?api=1&query=Tofu%20Tofu&query_place_id=ChIJhypZG4hZwokRDkOkLtRpBRM,Korean restaurant,6.952728644624869,32.678,Popular,4.5–5.0
The Avenue Restaurant & Bar,4.4,417.0,71-22 Myrtle Ave,Glendale,New York,US,http://www.avenueonline.nyc/,+1 347-725-3853,American restaurant,Brunch restaurant,Chicken wings restaurant,Hamburger restaurant,Lithuanian restaurant,Steak house,,,,,,https://www.google.com/maps/search/?api=1&query=The%20Avenue%20Restaurant%20%26%20Bar&query_place_id=ChIJ30ABaXhewokRTYkJ--ZYdIA,American restaurant,6.035481432524756,26.556,Small,4.0–4.5
El Rey,4.2,425.0,1310 Broadway,Brooklyn,New York,US,https://elreydequisqueya.com/,+1 718-455-3290,Dominican restaurant,Breakfast restaurant,Meal delivery,Spanish restaurant,,,,,,,,https://www.google.com/maps/search/?api=1&query=El%20Rey&query_place_id=ChIJNe7neRJcwokR00AInE-TllY,Dominican restaurant,6.054439346269371,25.429,Small,4.0–4.5
I Sodi,4.2,1044.0,314 Bleecker St,New York,New York,US,http://www.isodinyc.com/,,Tuscan restaurant,,,,,,,,,,,https://www.google.com/maps/search/?api=1&query=I%20Sodi&query_place_id=ChIJK2mBYJNZwokRIT4oANQ6OFY,Tuscan restaurant,6.951772164398911,29.197,Popular,4.0–4.5
Gran Torino,4.0,1025.0,131 Berry St,Brooklyn,New York,US,http://grantorinonyc.com/,,Restaurant,Bar,Cafe,Event venue,Italian restaurant,,,,,,,https://www.google.com/maps/search/?api=1&query=Gran%20Torino&query_place_id=ChIJkXRIF7xZwokRWHXyMhvSNO8,Restaurant,6.933423025730715,27.734,Popular,3.5–4.0
Onieal's Grand Street | Restaurant & Bar,4.3,909.0,174 Grand St,New York,New York,US,http://onieals.com/soho,+1 212-941-9119,Bar & grill,Function room facility,Hamburger restaurant,Irish pub,Karaoke bar,Live music bar,Lounge bar,Takeout restaurant,Pub,Taco restaurant,,https://www.google.com/maps/search/?api=1&query=Onieal's%20Grand%20Street%20%7C%20Restaurant%20%26%20Bar&query_place_id=ChIJEUf6rIlZwokRHhWVMHCKqCY,Bar & grill,6.813444599510896,29.298,Popular,4.0–4.5
Nangma Restaurant & Bar,4.5,221.0,83-17 Broadway,Elmhurst,New York,US,,+1 347-730-6117,Tibetan restaurant,Sichuan restaurant,,,,,,,,,,https://www.google.com/maps/search/?api=1&query=Nangma%20Restaurant%20%26%20Bar&query_place_id=ChIJs4eWfnlfwokRtrchD1lEkBw,Tibetan restaurant,5.402677381872279,24.312,Small,4.0–4.5
Grey | Bar and Restaurant,4.3,617.0,43 W 26th St,New York,New York,US,http://greybarnyc.com/,+1 212-532-2643,Bar,New American restaurant,,,,,,,,,,https://www.google.com/maps/search/?api=1&query=Grey%20%7C%20Bar%20and%20Restaurant&query_place_id=ChIJtR9TuKVZwokRIKed0tq2lRg,Bar,6.42648845745769,27.634,Popular,4.0–4.5
Joe's,4.6,952.0,66-11 Forest Ave,Ridgewood,New York,US,http://www.joesrestaurantny.com/,+1 718-497-1300,Italian restaurant,,,,,,,,,,,https://www.google.com/maps/search/?api=1&query=Joe's&query_place_id=ChIJ7XYBGZ1ewokRCKXcLmlVdMY,Italian restaurant,6.859614903654202,31.554,Popular,4.5–5.0
Okinii,4.4,641.0,216 Thompson St,New York,New York,US,https://www.okiniiny.com/,+1 516-504-3615,Sushi restaurant,Japanese restaurant,Katsudon restaurant,Ramen restaurant,Seafood restaurant,Tempura donburi restaurant,Teppanyaki restaurant,Udon noodle restaurant,,,,https://www.google.com/maps/search/?api=1&query=Okinii&query_place_id=ChIJJQr1wJFZwokRD08Dy1xV9E8,Sushi restaurant,6.464588303689961,28.444,Popular,4.0–4.5
Edward Lunch & Restaurant (Misa),4.0,151.0,56 Lorraine St,Brooklyn,New York,US,,+1 718-260-8284,Dominican restaurant,Buffet restaurant,Catering food and drink supplier,Caterer,Chicken restaurant,Fast food restaurant,Restaurant,Rice restaurant,,,,https://www.google.com/maps/search/?api=1&query=Edward%20Lunch%20%26%20Restaurant%20(Misa)&query_place_id=ChIJJ9sSp4xawokR5uCnDYKgp_I,Dominican restaurant,5.0238805208462765,20.096,Small,3.5–4.0
Empanada Loca Restaurant & Bar,4.3,953.0,606 5th Ave,Brooklyn,New York,US,http://empanadaloca.com/,+1 929-590-5282,Latin American restaurant,American restaurant,Breakfast restaurant,Brunch restaurant,Lunch restaurant,,,,,,,https://www.google.com/maps/search/?api=1&query=Empanada%20Loca%20Restaurant%20%26%20Bar&query_place_id=ChIJFf22ReRawokRnamRnVfgWYs,Latin American restaurant,6.860663671448287,29.501,Popular,4.0–4.5
El Cofre,4.0,403.0,454 Myrtle Ave,Brooklyn,New York,US,https://elcofrerestaurant.com/DOMINICAN-RESTAURANT-CLINTON-HILL-BROOKLYN-NY.html,+1 718-935-1153,Dominican restaurant,Caribbean restaurant,Latin American restaurant,Restaurant,Spanish restaurant,,,,,,,https://www.google.com/maps/search/?api=1&query=El%20Cofre&query_place_id=ChIJL_Hxm7hbwokRPmFfXQi5YfU,Dominican restaurant,6.0014148779611505,24.006,Small,3.5–4.0
Tavares Restaurant,4.2,469.0,"234 Cleveland Street Btw Fulton Street &, Atlantic Ave",Brooklyn,NY,US,https://order.online/business/tavares-restaurant-114518,+1 347-240-4609,Dominican restaurant,Latin American restaurant,Restaurant,Spanish restaurant,,,,,,,,https://www.google.com/maps/search/?api=1&query=Tavares%20Restaurant&query_place_id=ChIJE8AbU7RdwokRd2sRVFD1hVc,Dominican restaurant,6.152732694704104,25.841,Small,4.0–4.5
Da Nonna Rosa Restaurant & Pizzeria,4.4,981.0,140 7th Ave,Brooklyn,New York,US,http://danonnarosas.com/,+1 718-788-6225,Southern Italian restaurant,Banquet hall,Bar,Catering food and drink supplier,Caterer,Italian restaurant,Pizza delivery,Pizza restaurant,Vegan restaurant,Vegetarian restaurant,,https://www.google.com/maps/search/?api=1&query=Da%20Nonna%20Rosa%20Restaurant%20%26%20Pizzeria&query_place_id=ChIJl6FlKQdbwokR_kzrYgx6HCE,Southern Italian restaurant,6.889591308354466,30.314,Popular,4.0–4.5
Benares Tribeca Indian Restaurant,4.2,2320.0,45 Murray St,New York,New York,US,http://www.benaresnyc.com/,+1 212-766-4900,Indian restaurant,Bar & grill,Catering food and drink supplier,Caterer,Fine dining restaurant,Indian takeaway,Takeout restaurant,North Indian restaurant,Punjabi restaurant,Vegetarian restaurant,,https://www.google.com/maps/search/?api=1&query=Benares%20Tribeca%20Indian%20Restaurant&query_place_id=ChIJ6e4q1BhawokRWWDyNSiQ4yo,Indian restaurant,7.749753406274437,32.549,Viral,4.0–4.5
Casa Restaurant,4.4,479.0,157 Duane St,New York,New York,US,http://www.casarestaurant.com/,+1 212-220-5352,Brazilian restaurant,Brunch restaurant,,,,,,,,,,https://www.google.com/maps/search/?api=1&query=Casa%20Restaurant&query_place_id=ChIJ98-dGZNZwokRkwahGPRgoMY,Brazilian restaurant,6.173786103901937,27.165,Small,4.0–4.5
Rico Pollo 1,4.3,1588.0,55-37 Myrtle Ave,Ridgewood,New York,US,https://www.grubhub.com/restaurant/rico-pollo-55-37-myrtle-avenue-queens/10023256?utm_source=grubhub_web&utm_medium=content_owned&utm_campaign=menushare&utm_content=share-link,+1 718-497-1000,Dominican restaurant,Meal delivery,,,,,,,,,,https://www.google.com/maps/search/?api=1&query=Rico%20Pollo%201&query_place_id=ChIJi4pNVyFcwokR0l1t1Ms0f5E,Dominican restaurant,7.370860166536716,31.695,Popular,4.0–4.5
Arté Restaurant,4.5,261.0,21 E 9th St #1,New York,New York,US,http://arterestaurant.com/,+1 212-473-0077,Italian restaurant,Bar,,,,,,,,,,https://www.google.com/maps/search/?api=1&query=Art%C3%A9%20Restaurant&query_place_id=ChIJh4jF_ZlZwokRWwOOOHh2Dj4,Italian restaurant,5.568344503761097,25.058,Small,4.0–4.5
Yuca Bar & Restaurant,4.4,3459.0,111 Avenue A,New York,New York,US,http://yucabarnyc.com/,+1 212-982-9533,Latin American restaurant,,,,,,,,,,,https://www.google.com/maps/search/?api=1&query=Yuca%20Bar%20%26%20Restaurant&query_place_id=ChIJfS6RWp1ZwokRHRCIiP-IApE,Latin American restaurant,8.14902386805177,35.856,Viral,4.0–4.5
Pastai Restaurant,4.3,481.0,186 9th Ave,New York,New York,US,https://pastainyc.com/,+1 646-688-3463,Sicilian restaurant,Cocktail bar,Gluten-free restaurant,Italian restaurant,Vegan restaurant,Wine bar,,,,,,https://www.google.com/maps/search/?api=1&query=Pastai%20Restaurant&query_place_id=ChIJ81V-dblZwokRsTrQH6-BzCk,Sicilian restaurant,6.1779441140506,26.565,Small,4.0–4.5
Tio Pepe,4.3,655.0,168 W 4th St,New York,New York,US,https://tiopepenyc.com/?utm_source=google,+1 212-242-6480,Spanish restaurant,Bar,Brunch restaurant,Latin American restaurant,Live music bar,Mediterranean restaurant,Mexican restaurant,Seafood restaurant,Tapas restaurant,,,https://www.google.com/maps/search/?api=1&query=Tio%20Pepe&query_place_id=ChIJ06Eo6ZNZwokR_ngr5nAD7do,Spanish restaurant,6.486160788944089,27.89,Popular,4.0–4.5
Hop Kee Restaurant,4.2,1508.0,21 Mott St,New York,New York,US,http://www.hop-kee-nyc.com/,,Chinese restaurant,Cantonese restaurant,Takeout restaurant,Rice restaurant,,,,,,,,https://www.google.com/maps/search/?api=1&query=Hop%20Kee%20Restaurant&query_place_id=ChIJTVG07iZawokR6lRX9rV0puI,Chinese restaurant,7.319202458767849,30.741,Popular,4.0–4.5
Felix,3.5,1060.0,340 W Broadway,New York,New York,US,http://felixnyc.com/,+1 212-431-0021,French restaurant,,,,,,,,,,,https://www.google.com/maps/search/?api=1&query=Felix&query_place_id=ChIJE4nPdYtZwokRFybT0wpKdXo,French restaurant,6.966967138613983,24.384,Popular,3.0–3.5
Loma 5 Restaurant Rockaway Ave,4.1,466.0,454 Rockaway Ave,Brooklyn,New York,US,http://lomarestaurant.com/,+1 347-442-5775,Spanish restaurant,Breakfast restaurant,Dominican restaurant,Latin American restaurant,Lunch restaurant,Meal delivery,,,,,,https://www.google.com/maps/search/?api=1&query=Loma%205%20Restaurant%20Rockaway%20Ave&query_place_id=ChIJ5XVWT15cwokRTeCAEOrqKW8,Spanish restaurant,6.1463292576688975,25.2,Small,4.0–4.5
Mexico 2000 Restaurant,4.3,785.0,369 Broadway,Brooklyn,New York,US,https://mexico2000.getsauce.com/,+1 718-407-0109,Mexican restaurant,Restaurant,,,,,,,,,,https://www.google.com/maps/search/?api=1&query=Mexico%202000%20Restaurant&query_place_id=ChIJ7xXhQOFbwokRNqSumbuRZCo,Mexican restaurant,6.666956792429207,28.668,Popular,4.0–4.5
New Carrizal Restaurant,4.0,507.0,1346 Broadway,Brooklyn,New York,US,http://www.carrizalrestaurant.com/,+1 347-915-0505,Spanish restaurant,American restaurant,Bar,Catering food and drink supplier,Italian restaurant,Latin American restaurant,Meal delivery,Takeout restaurant,Restaurant,,,https://www.google.com/maps/search/?api=1&query=New%20Carrizal%20Restaurant&query_place_id=ChIJc1MOixJcwokRFpRMJmLK3Tk,Spanish restaurant,6.230481447578482,24.922,Popular,3.5–4.0
Castillo Restaurant,4.0,368.0,4020 5th Ave,Brooklyn,New York,US,,+1 718-437-7676,Ecuadorian restaurant,Meal delivery,Spanish restaurant,,,,,,,,,https://www.google.com/maps/search/?api=1&query=Castillo%20Restaurant&query_place_id=ChIJPTHywcdawokRdrunEJxfTzc,Ecuadorian restaurant,5.910796644040527,23.643,Small,3.5–4.0
Sonora Restaurant & Bar,4.3,723.0,174 Howard Ave,Brooklyn,New York,US,https://www.174barsonora.getsauce.com/,+1 718-574-8100,Mexican restaurant,Bar,Cocktail bar,Meal delivery,Takeout restaurant,Restaurant,Tex-Mex restaurant,,,,,https://www.google.com/maps/search/?api=1&query=Sonora%20Restaurant%20%26%20Bar&query_place_id=ChIJNQwuI2xcwokRrRfijCCU5So,Mexican restaurant,6.584791392385716,28.315,Popular,4.0–4.5
Leaf,4.2,345.0,1161 Myrtle Ave,Brooklyn,New York,US,https://leafbk.com/?utm_source=google,+1 347-627-2271,Health food restaurant,Breakfast restaurant,Brunch restaurant,Cafe,Coffee shop,Juice shop,Organic restaurant,Salad shop,Vegan restaurant,Vegetarian restaurant,,https://www.google.com/maps/search/?api=1&query=Leaf&query_place_id=ChIJB1ov8K5dwokRWQt-ecRw5Vs,Health food restaurant,5.846438775057724,24.555,Small,4.0–4.5
Los Primos,3.9,476.0,704 Grand St,Brooklyn,New York,US,https://losprimosny.com/,+1 718-486-8449,Caribbean restaurant,Breakfast restaurant,Chicken restaurant,Dominican restaurant,Latin American restaurant,Meal delivery,Puerto Rican restaurant,Seafood restaurant,Spanish restaurant,,,https://www.google.com/maps/search/?api=1&query=Los%20Primos&query_place_id=ChIJK8mMNVZZwokRY0_HKxvt7uQ,Caribbean restaurant,6.1675164908883415,24.053,Small,3.5–4.0
Tony's Pizza,4.6,1727.0,443 Knickerbocker Ave,Brooklyn,New York,US,,+1 718-455-9664,Pizza restaurant,Dessert shop,Fast food restaurant,Hamburger restaurant,Italian restaurant,Meal delivery,Pasta shop,Pizza takeaway,Salad shop,Vegan restaurant,Vegetarian restaurant,https://www.google.com/maps/search/?api=1&query=Tony's%20Pizza&query_place_id=ChIJ_Tmb0xtcwokRlTMolAsnZFY,Pizza restaurant,7.454719949364001,34.292,Popular,4.5–5.0
MR. CHIMI RESTAURANT,4.1,645.0,1492 Myrtle Ave,Brooklyn,New York,US,https://www.mrchiminyc.com/,+1 718-366-3777,Dominican restaurant,Fast food restaurant,Hamburger restaurant,Meal delivery,Mexican restaurant,Restaurant,,,,,,https://www.google.com/maps/search/?api=1&query=MR.%20CHIMI%20RESTAURANT&query_place_id=ChIJ--kG7RhcwokRtY0G4s0XM-k,Dominican restaurant,6.470799503782602,26.53,Popular,4.0–4.5
Tropical Restaurant 2,4.0,862.0,36-10 Greenpoint Ave,Long Island City,New York,US,https://tropicalrestaurants.nyc/greenpoint,+1 718-392-2734,Ecuadorian restaurant,Lunch restaurant,South American restaurant,,,,,,,,,https://www.google.com/maps/search/?api=1&query=Tropical%20Restaurant%202&query_place_id=ChIJsYtkAs5ewokRXfkvdXSwTJ8,Ecuadorian restaurant,6.760414691083428,27.042,Popular,3.5–4.0
Tacolmos Mexican Restaurant,4.7,196.0,205A Schenectady Ave,Brooklyn,New York,US,https://tacmexicanrestaurant.com/,+1 929-884-5121,Restaurant,Grill,Family restaurant,Meal delivery,Takeout restaurant,Mexican restaurant,Taco restaurant,,,,,https://www.google.com/maps/search/?api=1&query=Tacolmos%20Mexican%20Restaurant&query_place_id=ChIJAe9-fSJdwokRzfUYU1dlRvE,Restaurant,5.2832037287379885,24.831,Small,4.5–5.0
15 EAST @ Tocqueville,4.4,607.0,1 E 15th St,New York,New York,US,https://15easttocquevillenyc.com/,+1 212-647-1515,French restaurant,Modern French restaurant,New American restaurant,Restaurant,Sushi restaurant,,,,,,,https://www.google.com/maps/search/?api=1&query=15%20EAST%20%40%20Tocqueville&query_place_id=ChIJa1m8dZhZwokRV_dmWc8FS_s,French restaurant,6.410174881966167,28.205,Popular,4.0–4.5
Himalayan Yak Restaurant,4.2,1677.0,72-20 Roosevelt Ave,Jackson Heights,New York,US,https://himalayanyak.us/,+1 718-779-1119,Nepalese restaurant,Indian restaurant,Live music venue,Restaurant,Tibetan restaurant,,,,,,,https://www.google.com/maps/search/?api=1&query=Himalayan%20Yak%20Restaurant&query_place_id=ChIJP_DysOT1wokRbj86nKeyM2M,Nepalese restaurant,7.425357887027151,31.187,Popular,4.0–4.5
Golden Unicorn,4.0,3523.0,18 E Broadway,New York,New York,US,https://goldenunicornrestaurant.com/,+1 212-941-0911,Dim sum restaurant,Bar,Cantonese restaurant,Chinese restaurant,Chinese tea house,Fine dining restaurant,Tea house,Wedding service,Wedding venue,,,https://www.google.com/maps/search/?api=1&query=Golden%20Unicorn&query_place_id=ChIJXczCZSZawokRerIzds-K5e0,Dim sum restaurant,8.16735198705607,32.669,Viral,3.5–4.0
El Continental Restaurant,4.1,429.0,672 5th Ave,Brooklyn,New York,US,,+1 718-832-1327,Salvadoran restaurant,Latin American restaurant,,,,,,,,,,https://www.google.com/maps/search/?api=1&query=El%20Continental%20Restaurant&query_place_id=ChIJq2h5ceZawokRVj1KusWWpew,Salvadoran restaurant,6.063785208687608,24.862,Small,4.0–4.5
Aroma de Cafe Bakery Restaurant,4.2,138.0,81-02 Broadway,Elmhurst,New York,US,http://aromadecafebakeryrestaurant.com/,+1 718-406-9066,Restaurant,Breakfast restaurant,Cafe,Coffee shop,Colombian restaurant,Latin American restaurant,Lunch restaurant,Bakery,,,,https://www.google.com/maps/search/?api=1&query=Aroma%20de%20Cafe%20Bakery%20Restaurant&query_place_id=ChIJyRDDd6tfwokRILX8Mm56Cy4,Restaurant,4.9344739331306915,20.725,Small,4.0–4.5
Georgia Diner,4.1,4277.0,80-26 Queens Blvd,Elmhurst,New York,US,https://georgiadiner.com/?utm_source=google,+1 718-651-9000,Diner,American restaurant,Breakfast restaurant,Family restaurant,Vegetarian restaurant,,,,,,,https://www.google.com/maps/search/?api=1&query=Georgia%20Diner&query_place_id=ChIJaTTCv01ewokRAIKpIGZVPEE,Diner,8.361240889642351,34.281,Viral,4.0–4.5
Pedro's bar and restaurant,3.8,598.0,73 Jay St,Brooklyn,New York,US,https://www.brooklynpedros.com/,+1 718-797-2851,Mexican restaurant,,,,,,,,,,,https://www.google.com/maps/search/?api=1&query=Pedro's%20bar%20and%20restaurant&query_place_id=ChIJh9lO0KZbwokRtAnNWLi8XRc,Mexican restaurant,6.395261598115449,24.302,Popular,3.5–4.0
The Original Buddha Bodai Kosher Vegetarian Restaurant 佛菩提,4.3,2276.0,5 Mott St,New York,New York,US,http://buddha-bodai.com/,+1 212-566-8388,Vegetarian restaurant,Chinese restaurant,Dim sum restaurant,Kosher restaurant,Vegan restaurant,,,,,,,https://www.google.com/maps/search/?api=1&query=The%20Original%20Buddha%20Bodai%20Kosher%20Vegetarian%20Restaurant%20%E4%BD%9B%E8%8F%A9%E6%8F%90&query_place_id=ChIJw3YulCZawokRGh4ZyOycnic,Vegetarian restaurant,7.7306140660637395,33.242,Viral,4.0–4.5
M&S,4.0,218.0,8-19 Seneca Ave,Ridgewood,New York,US,https://www.msbakeryrest.com/,+1 718-576-3625,Ecuadorian restaurant,Bakery,Restaurant,,,,,,,,,https://www.google.com/maps/search/?api=1&query=M%26S&query_place_id=ChIJz3M30Qf7ZUARyP_hVYEYYvc,Ecuadorian restaurant,5.389071729816501,21.556,Small,3.5–4.0
Melany Restaurant,3.8,631.0,785 Flatbush Ave,Brooklyn,New York,US,,+1 718-282-0399,Dominican restaurant,Breakfast restaurant,Catering food and drink supplier,Family restaurant,Meal delivery,,,,,,,https://www.google.com/maps/search/?api=1&query=Melany%20Restaurant&query_place_id=ChIJmxYBq2pbwokRbzKAAbmGduY,Dominican restaurant,6.448889394146858,24.506,Popular,3.5–4.0
Olive Garden Italian Restaurant,4.0,4642.0,505 Gateway Dr,Brooklyn,New York,US,https://www.olivegarden.com/locations/ny/brooklyn/brooklyn-gateway-shopping-plaza/1558?cmpid=br:og_ag:ie_ch:loc_ca:OGGMB_sn:gmb_gt:brooklyn-ny-1558_pl:locurl_rd:1428,+1 718-348-1071,Italian restaurant,Caterer,Family restaurant,Gluten-free restaurant,Takeout restaurant,Mediterranean restaurant,Seafood restaurant,Soup restaurant,Wine bar,,,https://www.google.com/maps/search/?api=1&query=Olive%20Garden%20Italian%20Restaurant&query_place_id=ChIJmf4Oow1dwokRP8ybKC4CIM0,Italian restaurant,8.443115988019922,33.772,Viral,3.5–4.0
Restaurant El Chapin 2025,3.9,197.0,3917 4th Ave,Brooklyn,New York,US,,+1 917-635-2065,Restaurant,Latin American restaurant,Meal delivery,Takeout restaurant,Store,Taco restaurant,,,,,,https://www.google.com/maps/search/?api=1&query=Restaurant%20El%20Chapin%202025&query_place_id=ChIJSbx5f8dawokRW5pI1e2pNYc,Restaurant,5.288267030694535,20.624,Small,3.5–4.0
House of Joy,4.1,1380.0,28 Pell St,New York,New York,US,https://houseofjoynyc.com/,+1 212-285-8688,Dim sum restaurant,Chinese restaurant,,,,,,,,,,https://www.google.com/maps/search/?api=1&query=House%20of%20Joy&query_place_id=ChIJ-eS_PhdbwokRjlCFlhmIGdU,Dim sum restaurant,7.2305631534092925,29.645,Popular,4.0–4.5
Tacombi - Nolita,4.4,2668.0,267 Elizabeth St,New York,New York,US,https://www.tacombi.com/?utm_source=google&utm_medium=gbp&utm_campaign=profile,+1 646-397-6889,Mexican restaurant,Burrito restaurant,Restaurant,Taco restaurant,,,,,,,,https://www.google.com/maps/search/?api=1&query=Tacombi%20-%20Nolita&query_place_id=ChIJdfD8moVZwokRO6vxjXAtoWs,Mexican restaurant,7.889459149404524,34.714,Viral,4.0–4.5
Frankie's Restaurant Arthur Avenue,4.7,478.0,2376 Arthur Ave,Bronx,New York,US,http://www.frankiesrestaurantarthurave.com/,(347) 270-1452,Pizza restaurant,Bar,Catering food and drink supplier,Caterer,Italian restaurant,Lunch restaurant,Pizza delivery,Restaurant,,,,https://www.google.com/maps/search/?api=1&query=Frankie's%20Restaurant%20Arthur%20Avenue&query_place_id=ChIJz1p0aiz1wokRJpQXMS3d3IE,Pizza restaurant,6.171700597410915,29.007,Small,4.5–5.0
Tina Restaurant,4.6,559.0,308 W 231st St,Bronx,New York,US,http://eltinariverdale.com/,(718) 684-6228,Dominican restaurant,Seafood restaurant,,,,,,,,,,https://www.google.com/maps/search/?api=1&query=Tina%20Restaurant&query_place_id=ChIJFSJMpZXzwokRYhszYGGRysM,Dominican restaurant,6.327936783729195,29.109,Popular,4.5–5.0
Noir Restaurant Lounge,5.0,3.0,3638 Bailey Ave,Bronx,New York,US,,(718) 285-2198,Restaurant,,,,,,,,,,,https://www.google.com/maps/search/?api=1&query=Noir%20Restaurant%20Lounge&query_place_id=ChIJWeXWa-_zwokRzHiQJzx3Dts,Restaurant,1.3862943611198906,6.931,Micro,4.5–5.0
Golden Ring Restaurant,4.5,218.0,4342 White Plains Rd,Bronx,New York,US,,(718) 324-5794,Jamaican restaurant,,,,,,,,,,,https://www.google.com/maps/search/?api=1&query=Golden%20Ring%20Restaurant&query_place_id=ChIJN-Nfe9jywokRoGrErGLjcBc,Jamaican restaurant,5.389071729816501,24.251,Small,4.0–4.5
Michaelangelo's Restaurant of Arthur Ave,4.3,788.0,2477 Arthur Ave,Bronx,New York,US,http://www.michaelangelosnyc.com/,(718) 220-8455,Italian restaurant,Pizza restaurant,Restaurant,Wine bar,,,,,,,,https://www.google.com/maps/search/?api=1&query=Michaelangelo's%20Restaurant%20of%20Arthur%20Ave&query_place_id=ChIJCdXhVYD0wokRdg-4W4T1QCs,Italian restaurant,6.670766320845874,28.684,Popular,4.0–4.5
Triple J's Restaurant LLC,4.8,84.0,3563b Boston Rd,Bronx,New York,US,,(347) 202-4682,Jamaican restaurant,,,,,,,,,,,https://www.google.com/maps/search/?api=1&query=Triple%20J's%20Restaurant%20LLC&query_place_id=ChIJT41SPPfzwokRtQcPDiscG-0,Jamaican restaurant,4.442651256490317,21.325,Micro,4.5–5.0
La Casa De Frida,4.2,214.0,307 E 204th St,Bronx,New York,US,http://www.tierrasmexicanasnyc.com/,(347) 202-7126,Restaurant,,,,,,,,,,,https://www.google.com/maps/search/?api=1&query=La%20Casa%20De%20Frida&query_place_id=ChIJyXC4ourzwokRIBqDwStRlJ0,Restaurant,5.3706380281276624,22.557,Small,4.0–4.5
Caridad & Louie's Restaurant,4.2,3007.0,1660 E Gun Hill Rd,Bronx,New York,US,https://www.caridadlouies.com/,(718) 862-3939,Spanish restaurant,Dominican restaurant,Latin American restaurant,Delivery Restaurant,Restaurant,,,,,,,https://www.google.com/maps/search/?api=1&query=Caridad%20%26%20Louie's%20Restaurant&query_place_id=ChIJYcaIt7OMwokRQk57RsOw5ys,Spanish restaurant,8.00903068506973,33.638,Viral,4.0–4.5
The Last Stop,4.8,1229.0,5977 Broadway,Bronx,New York,US,https://www.thelaststopbar.com/,(347) 449-6679,Bar,Brunch restaurant,,,,,,,,,,https://www.google.com/maps/search/?api=1&query=The%20Last%20Stop&query_place_id=ChIJq1rdt2LzwokRvnU7AKI34VE,Bar,7.114769448366463,34.151,Popular,4.5–5.0
The Bronx Public,4.3,1169.0,170 W 231st St,Bronx,New York,US,https://www.thebronxpublic.com/,(718) 708-6447,Bar & grill,,,,,,,,,,,https://www.google.com/maps/search/?api=1&query=The%20Bronx%20Public&query_place_id=ChIJq1XtH5fzwokRyUjVe6nRJp0,Bar & grill,7.064759027791802,30.378,Popular,4.0–4.5
Republica Restaurant Rooftop & Lounge,4.5,4138.0,160 Dyckman St,New York,New York,US,https://www.republicanyc.com/,(646) 895-9444,Latin American restaurant,Bar,Brunch restaurant,Caterer,Event venue,Seafood restaurant,Sports bar,,,,,https://www.google.com/maps/search/?api=1&query=Republica%20Restaurant%20Rooftop%20%26%20Lounge&query_place_id=ChIJ1RfMugf0wokR9plYzcTb04Y,Latin American restaurant,8.328209491748732,37.477,Viral,4.0–4.5
Casa Koko Restaurant,4.2,107.0,92 Nagle Ave,New York,New York,US,http://www.kokoseafoodtogo.com/,(917) 265-8878,Dominican restaurant,Bar & grill,,,,,,,,,,https://www.google.com/maps/search/?api=1&query=Casa%20Koko%20Restaurant&query_place_id=ChIJ6bBae3v1wokRtczBMnSJRww,Dominican restaurant,4.68213122712422,19.665,Small,4.0–4.5
Boca Restaurant and Lounge,4.1,1293.0,2458 Webster Ave,Bronx,New York,US,https://bocabronx.com/?utm_source=google,(917) 688-1031,Restaurant,Bar,Caribbean restaurant,Crab house,Dominican restaurant,Family restaurant,Latin American restaurant,Lounge bar,Seafood restaurant,Steak house,,https://www.google.com/maps/search/?api=1&query=Boca%20Restaurant%20and%20Lounge&query_place_id=ChIJg5bf80H1wokRMwgQ2R824U8,Restaurant,7.165493475060845,29.379,Popular,4.0–4.5
Fratelli Italian Restaurant,4.6,634.0,2507 Eastchester Rd,Bronx,New York,US,https://fratellibronx.com/,(718) 547-2489,Italian restaurant,,,,,,,,,,,https://www.google.com/maps/search/?api=1&query=Fratelli%20Italian%20Restaurant&query_place_id=ChIJS8k8mVLzwokR5UCKN2cv-Hg,Italian restaurant,6.453624998892692,29.687,Popular,4.5–5.0
Hummingbird Grill & Lounge,4.1,420.0,1345 E Gun Hill Rd,Bronx,New York,US,,(347) 947-3400,Caribbean restaurant,Barbecue restaurant,Chicken restaurant,Fish restaurant,Jamaican restaurant,Lunch restaurant,Pasta shop,Rice restaurant,Sandwich shop,Seafood restaurant,,https://www.google.com/maps/search/?api=1&query=Hummingbird%20Grill%20%26%20Lounge&query_place_id=ChIJiRHL5STzwokRlojWxPoed8Y,Caribbean restaurant,6.042632833682381,24.775,Small,4.0–4.5
Beccofino,4.5,364.0,5704 Mosholu Ave,Bronx,New York,US,https://www.beccofinorestaurant.com/menus,(718) 432-2604,Italian restaurant,Restaurant,,,,,,,,,,https://www.google.com/maps/search/?api=1&query=Beccofino&query_place_id=ChIJh-vMCFLywokRLRWZFFd2qUU,Italian restaurant,5.8998973535824915,26.55,Small,4.0–4.5
Running Cool Restaurant,4.0,273.0,2263 Jerome Ave,Bronx,New York,US,,(718) 562-6648,Jamaican restaurant,,,,,,,,,,,https://www.google.com/maps/search/?api=1&query=Running%20Cool%20Restaurant&query_place_id=ChIJ4bne23b0wokRkLd37o06-9k,Jamaican restaurant,5.6131281063880705,22.453,Small,3.5–4.0
Mottsu into sushi d,3.8,216.0,272 Adelphi St,Brooklyn,New York,US,https://mottsu.dine.online/,+1 917-250-1288,Japanese restaurant,Asian restaurant,Meal delivery,Takeout restaurant,Seafood restaurant,Sushi restaurant,,,,,,https://www.google.com/maps/search/?api=1&query=Mottsu%20into%20sushi%20d&query_place_id=ChIJYy2rhoVZwokRhMtbBvmSu8I,Japanese restaurant,5.37989735354046,20.444,Small,3.5–4.0
Ping,4.3,1770.0,22 Mott St,New York,New York,US,http://pingsnewyork.com/,+1 212-602-9988,Dim sum restaurant,Cantonese restaurant,Chinese restaurant,Seafood restaurant,,,,,,,,https://www.google.com/maps/search/?api=1&query=Ping&query_place_id=ChIJA6Cf7iZawokRhqozCeR3RmI,Dim sum restaurant,7.479299637782834,32.161,Popular,4.0–4.5
Santo Domingo Restaurant,4.0,359.0,862 New Lots Ave,Brooklyn,New York,US,,+1 718-484-8383,Dominican restaurant,American restaurant,Breakfast restaurant,Caribbean restaurant,Latin American restaurant,Soul food restaurant,Spanish restaurant,,,,,https://www.google.com/maps/search/?api=1&query=Santo%20Domingo%20Restaurant&query_place_id=ChIJa3K8E69dwokRc_BGrd2aYH8,Dominican restaurant,5.886104031450156,23.544,Small,3.5–4.0
SIK GAEK BBQ,4.2,711.0,49-11 Roosevelt Ave,Woodside,New York,US,http://www.sikgaekbbq.com/,+1 718-205-4555,Korean barbecue restaurant,Barbecue restaurant,Korean beef restaurant,Korean restaurant,Meal delivery,,,,,,,https://www.google.com/maps/search/?api=1&query=SIK%20GAEK%20BBQ&query_place_id=ChIJV7eer99ewokRUzYagCNwkOg,Korean barbecue restaurant,6.568077911411976,27.586,Popular,4.0–4.5
Fabio's Pizzeria & Restaurant,4.5,339.0,635 Meeker Ave,Brooklyn,New York,US,https://fabiospizzany.com/?utm_source=google,+1 718-389-7500,Pizza restaurant,Caterer,Family restaurant,Gluten-free restaurant,Italian restaurant,Pasta shop,Salad shop,Sandwich shop,Seafood restaurant,Vegetarian restaurant,,https://www.google.com/maps/search/?api=1&query=Fabio's%20Pizzeria%20%26%20Restaurant&query_place_id=ChIJ26P8lMtZwokRj5CHMBnHtDs,Pizza restaurant,5.8289456176102075,26.23,Small,4.0–4.5
Olive Garden Italian Restaurant,4.1,4805.0,92-10 59th Ave,Elmhurst,New York,US,https://www.olivegarden.com/locations/ny/elmhurst/elmhurst/4443?cmpid=br:og_ag:ie_ch:loc_ca:OGGMB_sn:gmb_gt:elmhurst-ny-4443_pl:locurl_rd:1784,+1 718-458-0549,Italian restaurant,Caterer,Family restaurant,Gluten-free restaurant,Takeout restaurant,Mediterranean restaurant,Seafood restaurant,Soup restaurant,Wine bar,,,https://www.google.com/maps/search/?api=1&query=Olive%20Garden%20Italian%20Restaurant&query_place_id=ChIJj2g00UtewokRXsamx9jw04g,Italian restaurant,8.477620416296414,34.758,Viral,4.0–4.5
Jorge's,3.7,517.0,6-88 Seneca Ave,Ridgewood,New York,US,,+1 718-456-3900,Dominican restaurant,Breakfast restaurant,Meal delivery,Restaurant,,,,,,,,https://www.google.com/maps/search/?api=1&query=Jorge's&query_place_id=ChIJlTfg3CBcwokR_d4BmBgZMMw,Dominican restaurant,6.249975242259483,23.125,Popular,3.5–4.0
QRico Latin Restaurant-57-03 Junction Blvd,3.2,103.0,57-03 Junction Blvd,Elmhurst,New York,US,http://www.qriconyc.com/,+1 718-255-1706,Latin American restaurant,Family restaurant,Juice shop,Nuevo Latino restaurant,Salad shop,Taco restaurant,,,,,,https://www.google.com/maps/search/?api=1&query=QRico%20Latin%20Restaurant-57-03%20Junction%20Blvd&query_place_id=ChIJYQg3doJfwokRgO0HUhdZMmo,Latin American restaurant,4.6443908991413725,14.862,Small,3.0–3.5
Tropical Restaurant 4,3.9,494.0,67-22 Roosevelt Ave,Woodside,New York,US,https://www.tropicalrestaurants.nyc/roosevelt,+1 718-205-6027,Ecuadorian restaurant,Meal delivery,South American restaurant,,,,,,,,,https://www.google.com/maps/search/?api=1&query=Tropical%20Restaurant%204&query_place_id=ChIJq2PQzABfwokRRAe0rUfdCyY,Ecuadorian restaurant,6.20455776256869,24.198,Small,3.5–4.0
"Kaiten Zushi Nomad | AYCE Conveyor Belt Sushi, AYCE Sushi, Japanese Restaurant in NYC",4.3,1227.0,276 5th Ave,New York,New York,US,http://www.kaitenzushiusa.com/,+1 212-671-6481,Conveyor belt sushi restaurant,Asian restaurant,Buffet restaurant,Japanese restaurant,Restaurant,Sushi restaurant,,,,,,https://www.google.com/maps/search/?api=1&query=Kaiten%20Zushi%20Nomad%20%7C%20AYCE%20Conveyor%20Belt%20Sushi%2C%20AYCE%20Sushi%2C%20Japanese%20Restaurant%20in%20NYC&query_place_id=ChIJPZcjmIpZwokRnodaoEHWuqU,Conveyor belt sushi restaurant,7.113142108707088,30.587,Popular,4.0–4.5
Golden Krust Caribbean Restaurant,4.0,253.0,568 Flatbush Ave,Brooklyn,New York,US,https://locations.goldenkrust.com/ll/US/NY/Brooklyn/568-Flatbush-Avenue,+1 718-282-1437,Caribbean restaurant,Bakery,Chicken restaurant,Fast food restaurant,Jamaican restaurant,Lunch restaurant,Porridge restaurant,Restaurant,,,,https://www.google.com/maps/search/?api=1&query=Golden%20Krust%20Caribbean%20Restaurant&query_place_id=ChIJe5E0IxNbwokRVST1yvyN-fY,Caribbean restaurant,5.537334267018537,22.149,Small,3.5–4.0
El Mariachi Restaurant,4.2,107.0,67-12 Roosevelt Ave,Woodside,New York,US,,+1 718-335-6744,Mexican restaurant,,,,,,,,,,,https://www.google.com/maps/search/?api=1&query=El%20Mariachi%20Restaurant&query_place_id=ChIJF9zIUU1fwokRl4sI3YlbgcA,Mexican restaurant,4.68213122712422,19.665,Small,4.0–4.5
Nutripan Bakery & Restaurant,4.0,523.0,56-09 Junction Blvd,Elmhurst,New York,US,https://nutripanbakery.com/lunch-dinner/,+1 718-760-4444,Colombian restaurant,Bakery,Breakfast restaurant,Latin American restaurant,Meal delivery,,,,,,,https://www.google.com/maps/search/?api=1&query=Nutripan%20Bakery%20%26%20Restaurant&query_place_id=ChIJE0wOmUpewokR1g-KG2Nbokg,Colombian restaurant,6.261491684321042,25.046,Popular,3.5–4.0
C & Y,4.3,213.0,399 5th Ave,Brooklyn,New York,US,,+1 718-768-1188,Chinese restaurant,Meal delivery,Restaurant,,,,,,,,,https://www.google.com/maps/search/?api=1&query=C%20%26%20Y&query_place_id=ChIJX5TKxf1awokRpPiDPBhb7hw,Chinese restaurant,5.365976015021851,23.074,Small,4.0–4.5
Double Restaurant,4.3,231.0,61-10 Myrtle Ave,Glendale,New York,US,,+1 718-326-3661,Chinese restaurant,Asian restaurant,Meal delivery,Takeout restaurant,,,,,,,,https://www.google.com/maps/search/?api=1&query=Double%20Restaurant&query_place_id=ChIJvdqSMypcwokRoHovpGx3K8c,Chinese restaurant,5.44673737166631,23.421,Small,4.0–4.5
El Cuencanito,3.8,595.0,99-12 Alstyne Ave,Corona,New York,US,https://elcuencanitony.com/,+1 718-271-1721,Ecuadorian restaurant,Breakfast restaurant,Coffee shop,Latin American restaurant,Meal delivery,Pizza restaurant,Spanish restaurant,,,,,https://www.google.com/maps/search/?api=1&query=El%20Cuencanito&query_place_id=ChIJQ6jgd8lfwokRgdJEgeshmj8,Ecuadorian restaurant,6.39024066706535,24.283,Popular,3.5–4.0
Parceros Bakery & Restaurant,4.1,676.0,63-54 Woodhaven Blvd,Rego Park,New York,US,https://parcerosbakeryrestaurant.shop/,+1 718-424-8444,Bakery,Breakfast restaurant,Colombian restaurant,Lunch restaurant,,,,,,,,https://www.google.com/maps/search/?api=1&query=Parceros%20Bakery%20%26%20Restaurant&query_place_id=ChIJS1aQIEFewokRz3PSyrjSk9A,Bakery,6.517671272912275,26.722,Popular,4.0–4.5
Casa Emilio Restaurant,4.2,51.0,65 Sherman Ave,New York,New York,US,https://www.casaemiliorestaurant.com/,(646) 858-0618,Restaurant,,,,,,,,,,,https://www.google.com/maps/search/?api=1&query=Casa%20Emilio%20Restaurant&query_place_id=ChIJT7mOdT_1wokRZrnJm2GF7YE,Restaurant,3.9512437185814275,16.595,Micro,4.0–4.5
Mirador Restaurant,4.2,697.0,44 W Kingsbridge Rd,Bronx,New York,US,https://miradorrestaurants.com/,(718) 450-3844,Dominican restaurant,Restaurant,,,,,,,,,,https://www.google.com/maps/search/?api=1&query=Mirador%20Restaurant&query_place_id=ChIJAf1xlYXzwokRitfSl8v5LKg,Dominican restaurant,6.548219102762372,27.503,Popular,4.0–4.5
ZOHO RESTAURANT,4.8,301.0,524 W 207th St,New York,New York,US,https://zohorestaurant.com/,(347) 908-0926,Restaurant,Dominican restaurant,Latin American restaurant,,,,,,,,,https://www.google.com/maps/search/?api=1&query=ZOHO%20RESTAURANT&query_place_id=ChIJxZRlfgvzwokREiAT0dt29IQ,Restaurant,5.71042701737487,27.41,Small,4.5–5.0
Lina Restaurant,4.4,64.0,500 W 207th St,New York,New York,US,,(212) 567-5031,Dominican restaurant,,,,,,,,,,,https://www.google.com/maps/search/?api=1&query=Lina%20Restaurant&query_place_id=ChIJ50OCI_v1wokRTj1fTZzahXE,Dominican restaurant,4.174387269895637,18.367,Micro,4.0–4.5
Fiesta Lounge and Restaurant,4.2,229.0,4640 3rd Ave,Bronx,New York,US,https://www.fiestaloungebronx.com/,(347) 591-0415,Spanish restaurant,Bar,Cafe,Restaurant,,,,,,,,https://www.google.com/maps/search/?api=1&query=Fiesta%20Lounge%20and%20Restaurant&query_place_id=ChIJsxetRX70wokRcmWCG7z-2c0,Spanish restaurant,5.438079308923196,22.84,Small,4.0–4.5
The Chic Bistro,4.4,71.0,938 E 233rd St,Bronx,New York,US,https://thechicbistro.com/,(718) 708-4250,Restaurant,American restaurant,Bistro,Caribbean restaurant,Latin American restaurant,Lounge bar,Pub,Sports bar,,,,https://www.google.com/maps/search/?api=1&query=The%20Chic%20Bistro&query_place_id=ChIJ90w9d0bzwokRBhFOevbo8HY,Restaurant,4.276666119016055,18.817,Micro,4.0–4.5
Brown Sugar Bar & Restaurant,4.2,943.0,5060 Broadway,New York,New York,US,https://brownsugarnyc.com/,(646) 688-3504,Spanish restaurant,Bar,Cocktail bar,Restaurant,Seafood restaurant,Steak house,,,,,,https://www.google.com/maps/search/?api=1&query=Brown%20Sugar%20Bar%20%26%20Restaurant&query_place_id=ChIJT40YdfPzwokRohbdynCkc5g,Spanish restaurant,6.8501261661455,28.771,Popular,4.0–4.5
La Nueva España Restaurant & Bar,4.1,715.0,606 W 207th St,New York,New York,US,https://www.lanuevaespanainwood.com/,(212) 567-0500,Latin American restaurant,Dominican restaurant,Restaurant,,,,,,,,,https://www.google.com/maps/search/?api=1&query=La%20Nueva%20Espa%C3%B1a%20Restaurant%20%26%20Bar&query_place_id=ChIJ9XXu_vbzwokR5oc5Xx1PqHw,Latin American restaurant,6.573680166960646,26.952,Popular,4.0–4.5
LNE Bar & Restaurant,3.6,540.0,390 E 204th St #1,Bronx,New York,US,https://www.lnerestaurant.com/,(718) 653-0788,Dominican restaurant,European restaurant,Latin American restaurant,Delivery Restaurant,Mexican restaurant,Piano bar,Restaurant,Spanish restaurant,,,,https://www.google.com/maps/search/?api=1&query=LNE%20Bar%20%26%20Restaurant&query_place_id=ChIJCT9SKG7zwokRt_-xnno2CPQ,Dominican restaurant,6.293419278846481,22.656,Popular,3.5–4.0
La Villa mx restaurante,4.4,137.0,240 W 231st St,Bronx,New York,US,http://www.lavillamx.com/,(718) 758-4790,Mexican restaurant,,,,,,,,,,,https://www.google.com/maps/search/?api=1&query=La%20Villa%20mx%20restaurante&query_place_id=ChIJ56YS_yjzwokRAPQyD9tjFmY,Mexican restaurant,4.927253685157205,21.68,Small,4.0–4.5
Leche y Miel Restaurant,4.5,557.0,5761 Broadway,Bronx,New York,US,http://www.lecheymielrestaurant.net/,(718) 708-5787,Dominican restaurant,American restaurant,Lunch restaurant,Delivery Restaurant,,,,,,,,https://www.google.com/maps/search/?api=1&query=Leche%20y%20Miel%20Restaurant&query_place_id=ChIJj7bELc4PZkARoBhXXd6A0Tc,Dominican restaurant,6.324358962381311,28.46,Popular,4.0–4.5
JERK HOUSE CARIBBEAN RESTAURANT,4.5,1330.0,4246 White Plains Rd,Bronx,New York,US,http://www.lovesomejerk.com/index.php#precontact,(718) 515-5375,Caribbean restaurant,Restaurant,,,,,,,,,,https://www.google.com/maps/search/?api=1&query=JERK%20HOUSE%20CARIBBEAN%20RESTAURANT&query_place_id=ChIJDbt9fyfzwokRLzPHpDRWqfM,Caribbean restaurant,7.193685818395112,32.372,Popular,4.0–4.5
"Fish N' Ting Restaurant, Bar & Lounge",4.2,1369.0,4063 Boston Rd,Bronx,New York,US,https://fishnting.shop/,(718) 881-6116,Caribbean restaurant,Bar,Restaurant,Seafood restaurant,,,,,,,,https://www.google.com/maps/search/?api=1&query=Fish%20N'%20Ting%20Restaurant%2C%20Bar%20%26%20Lounge&query_place_id=ChIJlbT7G9qMwokREoyk1dFJFJg,Caribbean restaurant,7.222566018822171,30.335,Popular,4.0–4.5
Aroma Restaurant Bar,4.4,247.0,5523 Broadway,Bronx,New York,US,https://aromarestaurantbarnyc.com/,(718) 601-0020,Restaurant,Bar & grill,Family restaurant,Latin American restaurant,Spanish restaurant,Sushi restaurant,,,,,,https://www.google.com/maps/search/?api=1&query=Aroma%20Restaurant%20Bar&query_place_id=ChIJiTcRSufzwokRPeIkGKyEyQM,Restaurant,5.5134287461649825,24.259,Small,4.0–4.5
El Economico Restaurant,4.1,457.0,5589 Broadway,Bronx,New York,US,,(718) 796-4851,Dominican restaurant,,,,,,,,,,,https://www.google.com/maps/search/?api=1&query=El%20Economico%20Restaurant&query_place_id=ChIJ2yqw9pbzwokRIRRNfHVb3tw,Dominican restaurant,6.126869184114185,25.12,Small,4.0–4.5
Ann & Tony’s Restaurant,4.4,429.0,2407 Arthur Ave,Bronx,New York,US,http://www.annandtonysonline.com/,(718) 933-1469,Southern Italian restaurant,,,,,,,,,,,https://www.google.com/maps/search/?api=1&query=Ann%20%26%20Tony%E2%80%99s%20Restaurant&query_place_id=ChIJf5gfuYD0wokRpIa9duwFG5k,Southern Italian restaurant,6.063785208687608,26.681,Small,4.0–4.5
Burgos,4.3,304.0,206 Dyckman St,New York,New York,US,https://burgoscaferestaurantny.com/,(212) 569-3939,Dominican restaurant,Delivery Restaurant,Restaurant,,,,,,,,,https://www.google.com/maps/search/?api=1&query=Burgos&query_place_id=ChIJtaupggf0wokRvKf2IGq7JCY,Dominican restaurant,5.720311776607412,24.597,Small,4.0–4.5
Montezuma Restaurant,4.3,1215.0,119 W Kingsbridge Rd,Bronx,New York,US,,(718) 601-6400,Mexican restaurant,,,,,,,,,,,https://www.google.com/maps/search/?api=1&query=Montezuma%20Restaurant&query_place_id=ChIJCw8XbY_zwokRdoPMNOoJM4Y,Mexican restaurant,7.103322062526113,30.544,Popular,4.0–4.5
Marea Restaurant,4.1,128.0,5219 Broadway,Bronx,New York,US,http://marearestaurantny.com/,(646) 590-7221,Seafood restaurant,,,,,,,,,,,https://www.google.com/maps/search/?api=1&query=Marea%20Restaurant&query_place_id=ChIJPWLA-VfzwokR9GF39ZsrABk,Seafood restaurant,4.859812404361672,19.925,Small,4.0–4.5
Guadalupe Restaurant,4.4,1614.0,597 W 207th St,New York,New York,US,https://www.guadalupebargrill.com/,(212) 304-1083,Mexican restaurant,Seafood restaurant,Steak house,,,,,,,,,https://www.google.com/maps/search/?api=1&query=Guadalupe%20Restaurant&query_place_id=ChIJv-bh-PbzwokR-AR_g9KRXLY,Mexican restaurant,7.387090235656757,32.503,Popular,4.0–4.5
Moise's Restaurant,4.5,756.0,2389 Arthur Ave,Bronx,New York,US,https://www.moisesny.com/,(718) 220-5735,Italian restaurant,Bar,Mexican restaurant,Party planner,Pizza restaurant,,,,,,,https://www.google.com/maps/search/?api=1&query=Moise's%20Restaurant&query_place_id=ChIJT0vls4D0wokRxULTGO2eD9Y,Italian restaurant,6.6293632534374485,29.832,Popular,4.0–4.5
Cocina Latina Restaurant,4.1,191.0,4986 Broadway,New York,New York,US,http://www.cocinalatinanyc.com/,(212) 544-2221,Latin American restaurant,Restaurant,,,,,,,,,,https://www.google.com/maps/search/?api=1&query=Cocina%20Latina%20Restaurant&query_place_id=ChIJF1muovbzwokRPR4nlL73TCA,Latin American restaurant,5.2574953720277815,21.556,Small,4.0–4.5
Gino's,4.0,284.0,548 Flatbush Ave,Brooklyn,New York,US,http://ginostrattorianyc.com/,+1 718-287-1277,Pizza restaurant,Bar,Delivery service,Meal delivery,Takeout restaurant,Pizza delivery,Pizza takeaway,Restaurant,Seafood restaurant,,,https://www.google.com/maps/search/?api=1&query=Gino's&query_place_id=ChIJu2urCEBbwokR_zGo-7WvJ3k,Pizza restaurant,5.652489180268651,22.61,Small,3.5–4.0
Seng Seafood Restaurant,4.1,185.0,39 E Broadway 2nd FL,New York,New York,US,http://www.sengseafood.com/?utm_source=gmb&utm_medium=website,+1 646-799-9378,Asian restaurant,Chinese restaurant,Dim sum restaurant,Seafood restaurant,,,,,,,,https://www.google.com/maps/search/?api=1&query=Seng%20Seafood%20Restaurant&query_place_id=ChIJyVJ6v8hbwokRgfiPYxijpxc,Asian restaurant,5.225746673713202,21.426,Small,4.0–4.5
Pearl Indian Restaurant,4.0,206.0,738 Franklin Ave,Brooklyn,New York,US,https://pearlindiannyc.com/,+1 718-622-9500,Indian restaurant,Fine dining restaurant,Halal restaurant,,,,,,,,,https://www.google.com/maps/search/?api=1&query=Pearl%20Indian%20Restaurant&query_place_id=ChIJw0GOxZ9bwokRW_nsD9s3-l4,Indian restaurant,5.332718793265369,21.331,Small,3.5–4.0
Soco,4.0,2598.0,509 Myrtle Ave,Brooklyn,New York,US,https://socobklyn.com/,,Soul food restaurant,Bar,Barbecue restaurant,Brunch restaurant,Cajun restaurant,Cocktail bar,Dessert restaurant,Lunch restaurant,Seafood restaurant,Southern restaurant (US),,https://www.google.com/maps/search/?api=1&query=Soco&query_place_id=ChIJta_DusBbwokRcg_BmnpvW-g,Soul food restaurant,7.8628820346414905,31.452,Viral,3.5–4.0
Panna II Garden Indian Restaurant,3.5,1112.0,93 1st Ave #2,New York,New York,US,http://www.pannatwo.com/?y_source=1_ODAyOTQ1NjUtNzE1LWxvY2F0aW9uLndlYnNpdGU%3D,+1 212-598-4610,Indian restaurant,,,,,,,,,,,https://www.google.com/maps/search/?api=1&query=Panna%20II%20Garden%20Indian%20Restaurant&query_place_id=ChIJFVfj0ZxZwokR7gVw3e7EqtE,Indian restaurant,7.014814351275545,24.552,Popular,3.0–3.5
Golden Krust Caribbean Restaurant,3.6,154.0,918 Fulton St,Brooklyn,New York,US,https://locations.goldenkrust.com/ll/US/NY/Brooklyn/918-Fulton-Avenue,+1 718-789-1833,Caribbean restaurant,Bakery,Chicken restaurant,Fast food restaurant,Jamaican restaurant,Lunch restaurant,Porridge restaurant,,,,,https://www.google.com/maps/search/?api=1&query=Golden%20Krust%20Caribbean%20Restaurant&query_place_id=ChIJySM3SaNbwokRq4b_PHQ5o7M,Caribbean restaurant,5.043425116919247,18.156,Small,3.5–4.0
La Abundancia Bakery & Restaurant,3.4,1012.0,75-02 Roosevelt Ave,Jackson Heights,New York,US,,+1 718-205-5021,Colombian restaurant,Bakery,Catering food and drink supplier,Latin American restaurant,Restaurant,,,,,,,https://www.google.com/maps/search/?api=1&query=La%20Abundancia%20Bakery%20%26%20Restaurant&query_place_id=ChIJ0bpdNQdfwokRuO-K_OhsUTA,Colombian restaurant,6.920671504248683,23.53,Popular,3.0–3.5
FIesta TexMex Restaurant,3.6,64.0,2931 Fulton St,Brooklyn,New York,US,https://www.fiestamexicanrestaurantny.com/,+1 347-365-9060,Mexican restaurant,,,,,,,,,,,https://www.google.com/maps/search/?api=1&query=FIesta%20TexMex%20Restaurant&query_place_id=ChIJ88uH5TxdwokRfJ_CPWroYQA,Mexican restaurant,4.174387269895637,15.028,Micro,3.5–4.0
Chung Ki Wa,3.5,470.0,40-06 74th St.,Elmhurst,New York,US,,+1 718-478-0925,Korean restaurant,Korean barbecue restaurant,,,,,,,,,,https://www.google.com/maps/search/?api=1&query=Chung%20Ki%20Wa&query_place_id=ChIJ909r1wBfwokR8hpGv6wCcjY,Korean restaurant,6.154858094016418,21.542,Small,3.0–3.5
Sushi D (Authentic Japanese restaurant),3.7,206.0,207 Dekalb Ave,Brooklyn,New York,US,http://www.sushid.net/,+1 718-858-0058,Sushi restaurant,Asian fusion restaurant,Asian restaurant,Japanese steakhouse,Meal delivery,Takeout restaurant,Restaurant,,,,,https://www.google.com/maps/search/?api=1&query=Sushi%20D%20(Authentic%20Japanese%20restaurant)&query_place_id=ChIJT6jKV7dbwokRB-K4ZXHkcAw,Sushi restaurant,5.332718793265369,19.731,Small,3.5–4.0
Haandi,3.9,1470.0,113 Lexington Ave,New York,New York,US,https://haandirestaurantnyc.com/?utm_source=google,+1 212-685-5200,Pakistani restaurant,Bangladeshi restaurant,Caterer,Chicken wings restaurant,Family restaurant,Halal restaurant,Indian restaurant,Kebab shop,Vegetarian restaurant,,,https://www.google.com/maps/search/?api=1&query=Haandi&query_place_id=ChIJQxO00wlZwokRSwVMTf72Hh8,Pakistani restaurant,7.293697720601438,28.445,Popular,3.5–4.0
Golden Krust Caribbean Restaurant,3.6,89.0,1014a Nostrand Ave,Brooklyn,New York,US,https://locations.goldenkrust.com/ll/US/NY/Brooklyn/1014A-Nostrand-Avenue,+1 718-604-2211,Caribbean restaurant,Bakery,Chicken restaurant,Fast food restaurant,Jamaican restaurant,Lunch restaurant,Porridge restaurant,Restaurant,,,,https://www.google.com/maps/search/?api=1&query=Golden%20Krust%20Caribbean%20Restaurant&query_place_id=ChIJ852WrnFbwokRlgQEBWk5Ry8,Caribbean restaurant,4.499809670330265,16.199,Micro,3.5–4.0
The VSPOT restaurant,4.4,1367.0,156 5th Ave,Brooklyn,New York,US,https://www.vspot.restaurant/,+1 718-928-8778,Vegan restaurant,Colombian restaurant,Delivery service,Health food restaurant,Kosher restaurant,Latin American restaurant,Meal delivery,Takeout restaurant,Mexican restaurant,Vegetarian restaurant,,https://www.google.com/maps/search/?api=1&query=The%20VSPOT%20restaurant&query_place_id=ChIJn9UYratbwokRySeqW3SROYY,Vegan restaurant,7.221105098182496,31.773,Popular,4.0–4.5
Awash Ethiopian Restaurant,4.3,465.0,338 E 6th St,New York,New York,US,https://awashny.com/,+1 212-982-9589,Ethiopian restaurant,African restaurant,East African restaurant,Takeout restaurant,Vegan restaurant,Vegetarian restaurant,,,,,,https://www.google.com/maps/search/?api=1&query=Awash%20Ethiopian%20Restaurant&query_place_id=ChIJVcmPz5xZwokR3FOfOrxe81o,Ethiopian restaurant,6.144185634125646,26.42,Small,4.0–4.5
4 Caminos Mexican Restaurant,3.9,270.0,67-22 Fresh Pond Rd,Ridgewood,New York,US,https://4caminosmexicanrestaurantnewyork.com/,+1 718-366-1595,Mexican restaurant,,,,,,,,,,,https://www.google.com/maps/search/?api=1&query=4%20Caminos%20Mexican%20Restaurant&query_place_id=ChIJBVMJbbZfwokRbacvlwKcyOQ,Mexican restaurant,5.602118820879701,21.848,Small,3.5–4.0
Amanecer Latino,3.9,139.0,96-38 Corona Ave.,Flushing,New York,US,,+1 718-271-1978,Ecuadorian restaurant,Meal delivery,,,,,,,,,,https://www.google.com/maps/search/?api=1&query=Amanecer%20Latino&query_place_id=ChIJF8FH6bVfwokRB8gP5AoW0o0,Ecuadorian restaurant,4.941642422609304,19.272,Small,3.5–4.0
Cuencanito Sport Bar Restaurant,4.0,171.0,47-61 47th St,Woodside,New York,US,https://cuencanitosportbarrestaurantny.com/,+1 718-472-0101,Ecuadorian restaurant,Bar,Latin American restaurant,Restaurant,Spanish restaurant,Sports bar,,,,,,https://www.google.com/maps/search/?api=1&query=Cuencanito%20Sport%20Bar%20Restaurant&query_place_id=ChIJ_2J51FJfwokRckDkd2zeODM,Ecuadorian restaurant,5.147494476813453,20.59,Small,3.5–4.0
Golden Krust Caribbean Restaurant,3.7,305.0,47 W 14th St,New York,New York,US,https://locations.goldenkrust.com/ll/US/NY/New-York/47-West-14th-Street,+1 212-627-0851,Caribbean restaurant,Bakery,Chicken restaurant,Fast food restaurant,Jamaican restaurant,Lunch restaurant,Porridge restaurant,Restaurant,,,,https://www.google.com/maps/search/?api=1&query=Golden%20Krust%20Caribbean%20Restaurant&query_place_id=ChIJLYiSWL1ZwokR5Cd8c4oU2lc,Caribbean restaurant,5.723585101952381,21.177,Small,3.5–4.0
Lulo Restaurant,4.3,144.0,1626 St Nicholas Ave,New York,New York,US,https://lulorestaurantny.com/,(212) 543-9661,Dominican restaurant,Delivery Restaurant,Restaurant,,,,,,,,,https://www.google.com/maps/search/?api=1&query=Lulo%20Restaurant&query_place_id=ChIJSxOGSxv0wokRdAbqsJooeL8,Dominican restaurant,4.976733742420574,21.4,Small,4.0–4.5
Brasier Restaurant & Lounge,4.0,520.0,472w 202 and 10 ave,New York,New York,US,http://www.brasiernyc.com/,(917) 213-4117,Restaurant,Bar,Latin American restaurant,,,,,,,,,https://www.google.com/maps/search/?api=1&query=Brasier%20Restaurant%20%26%20Lounge&query_place_id=ChIJRf1YGQn0wokRAnUAYV7g4qM,Restaurant,6.255750041753367,25.023,Popular,3.5–4.0
Tabu,4.6,494.0,229 B Dyckman St,New York,New York,US,https://taburestaurante.com/,(646) 881-8171,Restaurant,Bar & grill,,,,,,,,,,https://www.google.com/maps/search/?api=1&query=Tabu&query_place_id=ChIJ6-dvhvjzwokRvijkh52fhiQ,Restaurant,6.20455776256869,28.541,Small,4.5–5.0
Caridad Restaurant,4.2,641.0,2230 Grand Concourse,Bronx,New York,US,https://www.toasttab.com/caridad-restaurant-bronx-2230-grand-concourse-ave,(718) 364-6545,Dominican restaurant,Breakfast restaurant,Lunch restaurant,Delivery Restaurant,,,,,,,,https://www.google.com/maps/search/?api=1&query=Caridad%20Restaurant&query_place_id=ChIJ1ckQCXr0wokR3Mj0nsW-x50,Dominican restaurant,6.464588303689961,27.151,Popular,4.0–4.5
Code Red Restaurant & Lounge,4.4,2457.0,1320 E Gun Hill Rd,Bronx,New York,US,https://coderedrestaurant.com/,(718) 881-1808,Caribbean restaurant,,,,,,,,,,,https://www.google.com/maps/search/?api=1&query=Code%20Red%20Restaurant%20%26%20Lounge&query_place_id=ChIJAQAQfEnzwokR5cXlw6wWYxU,Caribbean restaurant,7.80710329012598,34.351,Viral,4.0–4.5
Rincon Latino Restaurant,4.0,313.0,4360 White Plains Rd,Bronx,New York,US,,(929) 222-3241,Dominican restaurant,,,,,,,,,,,https://www.google.com/maps/search/?api=1&query=Rincon%20Latino%20Restaurant&query_place_id=ChIJ_2CMy9nywokRGm6UMiliwW8,Dominican restaurant,5.749392985908253,22.998,Small,3.5–4.0
Sunrising Food Hut Restaurant & Bakery,4.4,131.0,3497 Boston Rd,Bronx,New York,US,,(718) 882-3347,Jamaican restaurant,,,,,,,,,,,https://www.google.com/maps/search/?api=1&query=Sunrising%20Food%20Hut%20Restaurant%20%26%20Bakery&query_place_id=ChIJe0dLOjTzwokRwQPxp9oh0R0,Jamaican restaurant,4.882801922586371,21.484,Small,4.0–4.5
King Hummingbird Restaurant Inc.,4.1,233.0,3377 Boston Rd,Bronx,New York,US,https://kinghummingbird.com/,(718) 618-0262,Jamaican restaurant,,,,,,,,,,,https://www.google.com/maps/search/?api=1&query=King%20Hummingbird%20Restaurant%20Inc.&query_place_id=ChIJ0ZPX0TfzwokRkDfKf4Bd4_A,Jamaican restaurant,5.455321115357702,22.367,Small,4.0–4.5
Hudson Hound,4.4,587.0,575 Hudson St,New York,New York,US,http://hudsonhoundnyc.com/,+1 929-658-9396,Irish restaurant,American restaurant,Bar,Bar & grill,Cocktail bar,Dessert restaurant,Irish pub,New American restaurant,Pub,Restaurant,,https://www.google.com/maps/search/?api=1&query=Hudson%20Hound&query_place_id=ChIJYQgB1pRZwokRhUb5IBPEl6A,Irish restaurant,6.376726947898627,28.058,Popular,4.0–4.5
RH Rooftop Restaurant at RH New York,4.4,2632.0,9 9th Ave,New York,New York,US,http://www.rh.com/newyork/restaurant,+1 212-217-2210,American restaurant,Restaurant,,,,,,,,,,https://www.google.com/maps/search/?api=1&query=RH%20Rooftop%20Restaurant%20at%20RH%20New%20York&query_place_id=ChIJlSsnN_NZwokRD4CVvN0DPYE,American restaurant,7.87587915949631,34.654,Viral,4.0–4.5
Front Page 2 Restaurant & Lounge,3.5,14.0,4637 White Plains Rd,Bronx,New York,US,,(914) 847-9573,Restaurant,,,,,,,,,,,https://www.google.com/maps/search/?api=1&query=Front%20Page%202%20Restaurant%20%26%20Lounge&query_place_id=ChIJWawYd6vzwokRhcsVL4YS_eM,Restaurant,2.70805020110221,9.478,Micro,3.0–3.5
Les Q Caribbean Restaurant,4.1,81.0,3854 Bronxwood Ave,Bronx,New York,US,,(347) 326-6912,Caribbean restaurant,,,,,,,,,,,https://www.google.com/maps/search/?api=1&query=Les%20Q%20Caribbean%20Restaurant&query_place_id=ChIJ1cnqRDrzwokRJ9X4SjY2KtY,Caribbean restaurant,4.406719247264253,18.068,Micro,4.0–4.5
Klassique Bar & Restaurant,4.3,418.0,3813 Boston Rd,Bronx,New York,US,https://www.klassiquebargrill.com/,(718) 654-3222,Bar & grill,Caribbean restaurant,Lounge bar,,,,,,,,,https://www.google.com/maps/search/?api=1&query=Klassique%20Bar%20%26%20Restaurant&query_place_id=ChIJQyOums2MwokRoU4BxlPc0xs,Bar & grill,6.037870919922137,25.963,Small,4.0–4.5
Kismat,4.1,603.0,603 Fort Washington Ave,New York,New York,US,https://www.kismatrestaurant.com/,(212) 795-8633,Indian restaurant,Bar,Delivery Restaurant,,,,,,,,,https://www.google.com/maps/search/?api=1&query=Kismat&query_place_id=ChIJAVwsl6f2wokR7o-m7mgeq5Q,Indian restaurant,6.403574197934815,26.255,Popular,4.0–4.5
Liberato,4.0,929.0,1 W 183rd St,Bronx,New York,US,http://www.liberatorestaurant.com/,(718) 584-5000,Dominican restaurant,Breakfast restaurant,Delivery Restaurant,,,,,,,,,https://www.google.com/maps/search/?api=1&query=Liberato&query_place_id=ChIJ6wDC3Xb0wokRh69NayJaNQM,Dominican restaurant,6.835184586147301,27.341,Popular,3.5–4.0
La Sorpresa Restaurant,3.8,166.0,12 E Kingsbridge Rd,Bronx,New York,US,https://lasorpresarestauranteny.com/,(914) 875-2570,Dominican restaurant,Delivery Restaurant,,,,,,,,,,https://www.google.com/maps/search/?api=1&query=La%20Sorpresa%20Restaurant&query_place_id=ChIJsydgN4TzwokR9e5ZQsvKlSw,Dominican restaurant,5.117993812416755,19.448,Small,3.5–4.0
Triple Deuce Restaurant & Grill,4.2,241.0,3601 Boston Rd,Bronx,New York,US,,(347) 899-8046,Caribbean restaurant,,,,,,,,,,,https://www.google.com/maps/search/?api=1&query=Triple%20Deuce%20Restaurant%20%26%20Grill&query_place_id=ChIJudvGaXjzwokRfX6GljmrDGo,Caribbean restaurant,5.488937726156687,23.054,Small,4.0–4.5
G&S Restaurant And Lounge,4.2,27.0,4386 White Plains Rd,Bronx,New York,US,https://usmapid.org/details/g-s-restaurant-and-lounge-ChIJYcG,(718) 231-1900,Jamaican restaurant,,,,,,,,,,,https://www.google.com/maps/search/?api=1&query=G%26S%20Restaurant%20And%20Lounge&query_place_id=ChIJYcGMQZvzwokRf6Gl9V--cFg,Jamaican restaurant,3.332204510175204,13.995,Micro,4.0–4.5
Giovanni's,3.8,233.0,45-59 47th St,Woodside,New York,US,https://www.giovannispizzarestaurant.com/,+1 718-609-1630,Mexican restaurant,Pizza restaurant,Pizza takeaway,Taco restaurant,,,,,,,,https://www.google.com/maps/search/?api=1&query=Giovanni's&query_place_id=ChIJ88tFWNlewokR38xUzK1lN9M,Mexican restaurant,5.455321115357702,20.73,Small,3.5–4.0
Fiesta Mexicana Restaurant,3.6,162.0,58-28 Roosevelt Ave,Woodside,New York,US,,+1 718-685-2261,Mexican restaurant,Family restaurant,Takeout restaurant,Seafood restaurant,,,,,,,,https://www.google.com/maps/search/?api=1&query=Fiesta%20Mexicana%20Restaurant&query_place_id=ChIJgw8zLElfwokRJX6VAKFNkLg,Mexican restaurant,5.093750200806762,18.338,Small,3.5–4.0
Good Luck,4.0,96.0,45-16 48th Ave,Flushing,New York,US,http://www.goodluckwoodside.com/,+1 718-729-3247,Chinese restaurant,Meal delivery,,,,,,,,,,https://www.google.com/maps/search/?api=1&query=Good%20Luck&query_place_id=ChIJUS3Q4dpewokR49Vg8pFAVCA,Chinese restaurant,4.574710978503383,18.299,Micro,3.5–4.0
Julie’s Pizzería & Restaurant,3.6,371.0,6-75 Onderdonk Ave,Ridgewood,New York,US,https://juliespizzerianyc.com/,+1 347-916-1959,Pizza restaurant,Chicken wings restaurant,European restaurant,Fast food restaurant,Hamburger restaurant,Italian restaurant,Latin American restaurant,Pasta shop,Pizza delivery,Pizza takeaway,,https://www.google.com/maps/search/?api=1&query=Julie%E2%80%99s%20Pizzer%C3%ADa%20%26%20Restaurant&query_place_id=ChIJaX35ryBcwokRfFP_V4XNXK4,Pizza restaurant,5.918893854273146,21.308,Small,3.5–4.0
Pakshala Restaurant & Grill,4.8,236.0,81-20 Broadway,Elmhurst,New York,US,http://www.pakshala.com/,+1 929-799-1530,Bangladeshi restaurant,Asian restaurant,Halal restaurant,Indian restaurant,,,,,,,,https://www.google.com/maps/search/?api=1&query=Pakshala%20Restaurant%20%26%20Grill&query_place_id=ChIJ04dqzDBfwokRtqzFV9Z4l9w,Bangladeshi restaurant,5.4680601411351315,26.247,Small,4.5–5.0
#1 Sabor Latino Restaurant,3.9,362.0,4120 White Plains Rd,Bronx,New York,US,http://1saborlatino.com/,(718) 653-2222,Dominican restaurant,Delivery Restaurant,Spanish restaurant,,,,,,,,,https://www.google.com/maps/search/?api=1&query=%231%20Sabor%20Latino%20Restaurant&query_place_id=ChIJo4cYeifzwokR47ZEx-0_7GY,Dominican restaurant,5.8944028342648505,22.988,Small,3.5–4.0
Nuevo Three Way Restaurant,4.0,839.0,384 E 188th St,Bronx,New York,US,http://www.3wayrestaurant.com/,(718) 295-9595,Dominican restaurant,Breakfast restaurant,Caterer,Delivery Restaurant,,,,,,,,https://www.google.com/maps/search/?api=1&query=Nuevo%20Three%20Way%20Restaurant&query_place_id=ChIJNSmAQX_0wokRtgU74LogeJ8,Dominican restaurant,6.733401891837359,26.934,Popular,3.5–4.0
3815 El Meson Restaurant,3.8,78.0,3815 White Plains Rd,Bronx,New York,US,,(347) 899-8839,Dominican restaurant,,,,,,,,,,,https://www.google.com/maps/search/?api=1&query=3815%20El%20Meson%20Restaurant&query_place_id=ChIJudVuSIXzwokRsrQpyXp6oc4,Dominican restaurant,4.3694478524670215,16.604,Micro,3.5–4.0
Los Primos Restaurant,3.7,244.0,698 Allerton Ave,Bronx,New York,US,,(347) 449-5680,Dominican restaurant,,,,,,,,,,,https://www.google.com/maps/search/?api=1&query=Los%20Primos%20Restaurant&query_place_id=ChIJ-49lumfzwokR_1uf9Ui5Ejs,Dominican restaurant,5.501258210544727,20.355,Small,3.5–4.0
El Nuevo Valle Seafood Restaurant,3.8,206.0,231 Sherman Ave,New York,New York,US,,(212) 544-0808,Dominican restaurant,Chicken restaurant,Salad shop,Seafood restaurant,Spanish restaurant,,,,,,,https://www.google.com/maps/search/?api=1&query=El%20Nuevo%20Valle%20Seafood%20Restaurant&query_place_id=ChIJ1f2_FPbzwokR_KA4AWMggY4,Dominican restaurant,5.332718793265369,20.264,Small,3.5–4.0
Big Daddy's Caribbean Taste Restaurant,4.2,211.0,4406 White Plains Rd,Bronx,New York,US,,(718) 325-2381,Jamaican restaurant,,,,,,,,,,,https://www.google.com/maps/search/?api=1&query=Big%20Daddy's%20Caribbean%20Taste%20Restaurant&query_place_id=ChIJs0M94tnywokRoWWF3nCTgLE,Jamaican restaurant,5.356586274672012,22.498,Small,4.0–4.5
Estrella Mexicana Restaurant,4.2,411.0,106 E 183rd St,Bronx,New York,US,https://www.estrellamexicanarestaurant.com/,(718) 584-4222,Mexican restaurant,Latin American restaurant,,,,,,,,,,https://www.google.com/maps/search/?api=1&query=Estrella%20Mexicana%20Restaurant&query_place_id=ChIJHV9aQ3f0wokRLSwv5aiP3RM,Mexican restaurant,6.021023349349527,25.288,Small,4.0–4.5
El Valle Restaurant,3.3,452.0,3535 Jerome Ave,Bronx,New York,US,,(347) 947-9344,Dominican restaurant,Chicken restaurant,Delivery Restaurant,,,,,,,,,https://www.google.com/maps/search/?api=1&query=El%20Valle%20Restaurant&query_place_id=ChIJBw5PZAvzwokRSstFTYAfgVE,Dominican restaurant,6.115892125483034,20.182,Small,3.0–3.5
Dominican Valle Restaurant,3.9,168.0,1601 St Nicholas Ave,New York,New York,US,,(646) 869-0092,Dominican restaurant,,,,,,,,,,,https://www.google.com/maps/search/?api=1&query=Dominican%20Valle%20Restaurant&query_place_id=ChIJLQSqXhv0wokRHnXgtBBBn-M,Dominican restaurant,5.1298987149230735,20.007,Small,3.5–4.0
Carifesta Restaurant,4.2,248.0,4251 White Plains Rd,Bronx,New York,US,http://www.carifestarestaurant.com/,(718) 325-2261,Caribbean restaurant,,,,,,,,,,,https://www.google.com/maps/search/?api=1&query=Carifesta%20Restaurant&query_place_id=ChIJlcqHfyfzwokRQ8_jYRTEKUU,Caribbean restaurant,5.517452896464707,23.173,Small,4.0–4.5
Que Sabrosura! Restaurant & Bar,3.7,103.0,48 E 183rd St,Bronx,New York,US,https://quesabrosurarestaurantbarny.com/,(929) 410-6822,Dominican restaurant,Bar,Hookah bar,Karaoke bar,Latin American restaurant,Live music bar,,,,,,https://www.google.com/maps/search/?api=1&query=Que%20Sabrosura!%20Restaurant%20%26%20Bar&query_place_id=ChIJF_OfDEL1wokROB8bU6JgcF0,Dominican restaurant,4.6443908991413725,17.184,Small,3.5–4.0
El Mangú Restaurant,3.8,495.0,80 W Kingsbridge Rd,Bronx,New York,US,https://www.elmangu.com/,(718) 563-7409,Dominican restaurant,Latin American restaurant,,,,,,,,,,https://www.google.com/maps/search/?api=1&query=El%20Mang%C3%BA%20Restaurant&query_place_id=ChIJywIhlsHzwokRBevZVJpOMTM,Dominican restaurant,6.206575926724928,23.585,Small,3.5–4.0
Willow Vegan Bistro,4.7,1666.0,199 8th Ave,New York,New York,US,http://www.willownewyork.com/,+1 212-929-2889,Vegan restaurant,American restaurant,Bistro,Cocktail bar,Kosher restaurant,Restaurant,Vegetarian restaurant,,,,,https://www.google.com/maps/search/?api=1&query=Willow%20Vegan%20Bistro&query_place_id=ChIJqUGvc69ZwokRZWIOmHlWyyk,Vegan restaurant,7.418780882750794,34.868,Popular,4.5–5.0
Cooler Runnings Jamaican Restaurant,3.7,1289.0,1802 Nereid Ave,Bronx,New York,US,https://coolerrunningsrestaurant.com/,(718) 324-7484,Jamaican restaurant,,,,,,,,,,,https://www.google.com/maps/search/?api=1&query=Cooler%20Runnings%20Jamaican%20Restaurant&query_place_id=ChIJWyjHsdbywokRglUYomR1hZA,Jamaican restaurant,7.162397497355718,26.501,Popular,3.5–4.0
352 El Club Valle Restaurant,3.7,259.0,352 E Gun Hill Rd,Bronx,New York,US,,(718) 798-3755,Dominican restaurant,Delivery Restaurant,Restaurant,,,,,,,,,https://www.google.com/maps/search/?api=1&query=352%20El%20Club%20Valle%20Restaurant&query_place_id=ChIJH-GAQBPzwokRM538wGOu6y4,Dominican restaurant,5.560681631015528,20.575,Small,3.5–4.0
Excellent Taste Restaurant,3.4,164.0,4356 White Plains Rd,Bronx,New York,US,https://www.facebook.com/pages/East-Excellent-Taste-Restaurant/120364031307962,(718) 654-9774,Chinese restaurant,Delivery Restaurant,,,,,,,,,,https://www.google.com/maps/search/?api=1&query=Excellent%20Taste%20Restaurant&query_place_id=ChIJ8fkSy9nywokR8PrjXW3Tet4,Chinese restaurant,5.10594547390058,17.36,Small,3.0–3.5
Moon Star Grill Restaurant,4.2,152.0,3519-25 Johnson Ave,Bronx,New York,US,http://www.moonstarriverdale.com/,(718) 432-2570,Vietnamese restaurant,Chinese restaurant,,,,,,,,,,https://www.google.com/maps/search/?api=1&query=Moon%20Star%20Grill%20Restaurant&query_place_id=ChIJozTLWqDzwokRiBdsO5GQmIU,Vietnamese restaurant,5.030437921392435,21.128,Small,4.0–4.5
EazyLife Restaurant & Lounge - West African Cuisine,4.0,280.0,1300 E 222nd St,Bronx,New York,US,https://www.eazyliferestaurant.com/,(347) 603-7644,West African restaurant,African restaurant,Bar,Club,Lounge bar,,,,,,,https://www.google.com/maps/search/?api=1&query=EazyLife%20Restaurant%20%26%20Lounge%20-%20West%20African%20Cuisine&query_place_id=ChIJoWtwUtrzwokRZAdtFzqP1oA,West African restaurant,5.638354669333745,22.553,Small,3.5–4.0
Steven Restaurant,3.9,241.0,2233 Boston Rd,Bronx,New York,US,,(718) 652-7778,Dominican restaurant,Delivery Restaurant,,,,,,,,,,https://www.google.com/maps/search/?api=1&query=Steven%20Restaurant&query_place_id=ChIJnWOcNGDzwokRJlcT_yukyhM,Dominican restaurant,5.488937726156687,21.407,Small,3.5–4.0
Jade Palace Restaurant,3.4,97.0,163 Einstein Loop N,Bronx,New York,US,http://jade-palace-the-bronx.edan.io/,(718) 320-1584,Chinese restaurant,Delivery Restaurant,,,,,,,,,,https://www.google.com/maps/search/?api=1&query=Jade%20Palace%20Restaurant&query_place_id=ChIJC2tdILyMwokRwbEj9qjdh9w,Chinese restaurant,4.584967478670572,15.589,Micro,3.0–3.5
Olive Garden Italian Restaurant,4.0,3311.0,200 Baychester Ave Suite 208A,Bronx,New York,US,https://www.olivegarden.com/locations/ny/bronx/bronx/4482?cmpid=br:og_ag:ie_ch:loc_ca:OGGMB_sn:gmb_gt:the-bronx-ny-4482_pl:locurl_rd:1815,(718) 931-1045,Italian restaurant,Caterer,Family restaurant,Gluten-free restaurant,Takeout Restaurant,Mediterranean restaurant,Seafood restaurant,Soup restaurant,Wine bar,,,https://www.google.com/maps/search/?api=1&query=Olive%20Garden%20Italian%20Restaurant&query_place_id=ChIJw6EmV7qMwokRqwG2xMcSOpM,Italian restaurant,8.10530751550515,32.421,Viral,3.5–4.0
Rose Flower,4.1,149.0,383 Bedford Park Blvd,Bronx,New York,US,,(718) 364-3542,Chinese restaurant,Delivery Restaurant,Restaurant,,,,,,,,,https://www.google.com/maps/search/?api=1&query=Rose%20Flower&query_place_id=ChIJF92mknnzwokRnc-oNTkFOTw,Chinese restaurant,5.0106352940962555,20.544,Small,4.0–4.5
Golden Krust Caribbean Restaurant,4.0,404.0,3812 White Plains Rd,Bronx,New York,US,https://locations.goldenkrust.com/ll/US/NY/Bronx/3812-White-Plains-Road,(718) 798-1900,Caribbean restaurant,Bakery,Chicken restaurant,Fast food restaurant,Jamaican restaurant,Lunch restaurant,Porridge restaurant,Restaurant,,,,https://www.google.com/maps/search/?api=1&query=Golden%20Krust%20Caribbean%20Restaurant&query_place_id=ChIJ4aFT_DzzwokRstmee5h0IUU,Caribbean restaurant,6.003887067106539,24.016,Small,3.5–4.0
Tataki Japanese Restaurant,4.5,314.0,3 Lispenard St,New York,New York,US,https://www.tatakinewyork.com/,+1 212-965-0975,Japanese restaurant,Sushi restaurant,,,,,,,,,,https://www.google.com/maps/search/?api=1&query=Tataki%20Japanese%20Restaurant&query_place_id=ChIJJ-tWMG1ZwokRUXxf5WaxIQ4,Japanese restaurant,5.752572638825633,25.887,Small,4.0–4.5
Rancho Restaurant,4.0,102.0,2467 Grand Concourse,Bronx,New York,US,,(347) 284-3320,Dominican restaurant,,,,,,,,,,,https://www.google.com/maps/search/?api=1&query=Rancho%20Restaurant&query_place_id=ChIJTcd9Lh_zwokRNvl29a-in68,Dominican restaurant,4.634728988229636,18.539,Small,3.5–4.0
Papaye,4.0,658.0,2300 Grand Concourse,Bronx,New York,US,http://papayenyc.com/,(718) 676-0771,West African restaurant,Fast food restaurant,Restaurant,,,,,,,,,https://www.google.com/maps/search/?api=1&query=Papaye&query_place_id=ChIJrc7R7Hn0wokR_Ty3B2dZNXY,West African restaurant,6.490723534502507,25.963,Popular,3.5–4.0
11:11 Restaurant & Lounge,3.5,253.0,3964 10th Ave,New York,New York,US,,(212) 786-2188,Restaurant,Bar,Night club,Lounge bar,,,,,,,,https://www.google.com/maps/search/?api=1&query=11%3A11%20Restaurant%20%26%20Lounge&query_place_id=ChIJuxz4OPTzwokROFNmtyjyvH0,Restaurant,5.537334267018537,19.381,Small,3.0–3.5
Rancho Estrella Mexican Restaurant,4.3,634.0,616 E 187th St #6705,Bronx,New York,US,https://www.ranchoestrella1.com/,(718) 450-8831,Mexican restaurant,Delivery Restaurant,,,,,,,,,,https://www.google.com/maps/search/?api=1&query=Rancho%20Estrella%20Mexican%20Restaurant&query_place_id=ChIJIUOl0YD0wokR89poQEl8_gM,Mexican restaurant,6.453624998892692,27.751,Popular,4.0–4.5
Kaieteur Restaurant Bronx,3.7,267.0,4379 White Plains Rd,Bronx,New York,US,,(718) 231-8700,Caribbean restaurant,Halal restaurant,,,,,,,,,,https://www.google.com/maps/search/?api=1&query=Kaieteur%20Restaurant%20Bronx&query_place_id=ChIJWxDrx9nywokRJPpmXJ4lZdQ,Caribbean restaurant,5.5909869805108565,20.687,Small,3.5–4.0
El Nuevo Tenampa Restaurant,3.8,34.0,2765 Webster Ave,Bronx,New York,US,,(718) 220-0600,Mexican restaurant,,,,,,,,,,,https://www.google.com/maps/search/?api=1&query=El%20Nuevo%20Tenampa%20Restaurant&query_place_id=ChIJhfYK3njzwokRIc0OziHkbq8,Mexican restaurant,3.5553480614894135,13.51,Micro,3.5–4.0
Pique 86 tacos Mexican restaurant,4.1,134.0,220 E 198th St,Bronx,New York,US,http://pique86restaurants.com/,(718) 684-5166,Mexican restaurant,,,,,,,,,,,https://www.google.com/maps/search/?api=1&query=Pique%2086%20tacos%20Mexican%20restaurant&query_place_id=ChIJCemDt4LzwokR6iCvTrfpyDU,Mexican restaurant,4.90527477843843,20.112,Small,4.0–4.5
MUZI Asian Restaurant,4.0,31.0,2831 Grand Concourse,Bronx,New York,US,http://www.muzi2831.com/,(718) 367-7977,Asian restaurant,Asian fusion restaurant,Chinese restaurant,Japanese restaurant,Restaurant,Sushi restaurant,Sushi takeaway,,,,,https://www.google.com/maps/search/?api=1&query=MUZI%20Asian%20Restaurant&query_place_id=ChIJ_6y4hm_zwokRLsPWn3qtrUg,Asian restaurant,3.4657359027997265,13.863,Micro,3.5–4.0
Pioneer Restaurant,3.7,36.0,223 W 231st St,Bronx,New York,US,,(718) 884-8885,Chinese restaurant,,,,,,,,,,,https://www.google.com/maps/search/?api=1&query=Pioneer%20Restaurant&query_place_id=ChIJbx8AyJrzwokRbuweNQzDTbI,Chinese restaurant,3.6109179126442243,13.36,Micro,3.5–4.0
Sabor Tropical,3.7,56.0,143 Sherman Ave,New York,New York,US,,(212) 304-5144,Dominican restaurant,,,,,,,,,,,https://www.google.com/maps/search/?api=1&query=Sabor%20Tropical&query_place_id=ChIJjQ_nuQf0wokR22pEUJ91wqQ,Dominican restaurant,4.04305126783455,14.959,Micro,3.5–4.0
Golden Krust Caribbean Restaurant,3.2,153.0,"The Bronx, 691 Co-op City Blvd",Bronx,New York,US,https://locations.goldenkrust.com/ll/US/NY/Bronx/691-Co-Op-City-Boulevard,(718) 671-8841,Caribbean restaurant,Bakery,Chicken restaurant,Fast food restaurant,Jamaican restaurant,Lunch restaurant,Porridge restaurant,Restaurant,,,,https://www.google.com/maps/search/?api=1&query=Golden%20Krust%20Caribbean%20Restaurant&query_place_id=ChIJL8bETcOMwokRzWEKy0lPmWI,Caribbean restaurant,5.0369526024136295,16.118,Small,3.0–3.5
Golden Krust Caribbean Restaurant,3.6,95.0,4708 White Plains Rd,Bronx,New York,US,https://locations.goldenkrust.com/ll/US/NY/The-Bronx/4708-White-Plains-Road,(718) 325-0900,Caribbean restaurant,Bakery,Chicken restaurant,Fast food restaurant,Jamaican restaurant,Lunch restaurant,Porridge restaurant,Restaurant,,,,https://www.google.com/maps/search/?api=1&query=Golden%20Krust%20Caribbean%20Restaurant&query_place_id=ChIJx4Z70dHywokRu4jA1QTlVUM,Caribbean restaurant,4.564348191467836,16.432,Micro,3.5–4.0
Diamante Poblano,3.6,420.0,2431 Jerome Ave,Bronx,New York,US,,(718) 329-5240,Mexican restaurant,Delivery Restaurant,Restaurant,,,,,,,,,https://www.google.com/maps/search/?api=1&query=Diamante%20Poblano&query_place_id=ChIJ3SWAHojzwokRtcCsQfNM_Ns,Mexican restaurant,6.042632833682381,21.753,Small,3.5–4.0
Los Balbuena Restaurant Jugadita De Billar,3.9,44.0,235 E 184th St,Bronx,New York,US,,(347) 271-3523,Dominican restaurant,,,,,,,,,,,https://www.google.com/maps/search/?api=1&query=Los%20Balbuena%20Restaurant%20Jugadita%20De%20Billar&query_place_id=ChIJ57H4VHj0wokRwxLZJtw8QRY,Dominican restaurant,3.8066624897703196,14.846,Micro,3.5–4.0
Golden Krust Caribbean Restaurant,3.8,331.0,2718 White Plains Rd,Bronx,New York,US,https://locations.goldenkrust.com/ll/US/NY/Bronx/2718-White-Plains-Road,(718) 944-2700,Caribbean restaurant,Bakery,Chicken restaurant,Fast food restaurant,Jamaican restaurant,Lunch restaurant,Porridge restaurant,Restaurant,,,,https://www.google.com/maps/search/?api=1&query=Golden%20Krust%20Caribbean%20Restaurant&query_place_id=ChIJLVnBw2fzwokRwNEUXmoo8FA,Caribbean restaurant,5.805134968916488,22.06,Small,3.5–4.0
Koi Revolving Sushi Restaurant,3.3,131.0,200 Baychester Ave,Bronx,New York,US,https://www.koisushionline.com/,(718) 374-5952,Japanese restaurant,,,,,,,,,,,https://www.google.com/maps/search/?api=1&query=Koi%20Revolving%20Sushi%20Restaurant&query_place_id=ChIJFR43P_mNwokRmORbWZepb9I,Japanese restaurant,4.882801922586371,16.113,Small,3.0–3.5
China King Restaurant,3.3,45.0,1213 E 233rd St,Bronx,New York,US,https://www.beyondmenu.com/48123.aspx,(718) 994-6809,Chinese restaurant,Restaurant,,,,,,,,,,https://www.google.com/maps/search/?api=1&query=China%20King%20Restaurant&query_place_id=ChIJFcowbCvzwokRlh6RfwfsWEw,Chinese restaurant,3.828641396489095,12.635,Micro,3.0–3.5
Wok Wok Chinese Restaurant,3.8,224.0,5 E 208th St,Bronx,New York,US,,(718) 882-2434,Restaurant,Chinese restaurant,Delivery Restaurant,,,,,,,,,https://www.google.com/maps/search/?api=1&query=Wok%20Wok%20Chinese%20Restaurant&query_place_id=ChIJHexkggzzwokRNuEc21qPmaE,Restaurant,5.41610040220442,20.581,Small,3.5–4.0
Number 8,3.9,126.0,176 W Fordham Rd,Bronx,New York,US,,(718) 741-9998,Chinese restaurant,Delivery Restaurant,Restaurant,,,,,,,,,https://www.google.com/maps/search/?api=1&query=Number%208&query_place_id=ChIJJUkIiXX0wokRJ0o02gNJ5jc,Chinese restaurant,4.844187086458591,18.892,Small,3.5–4.0
Bravo African Restaurant 2,3.9,211.0,3744 White Plains Rd,Bronx,New York,US,,(718) 708-7535,African restaurant,Fast food restaurant,,,,,,,,,,https://www.google.com/maps/search/?api=1&query=Bravo%20African%20Restaurant%202&query_place_id=ChIJzxnlsD3zwokRQn_fFQKyss0,African restaurant,5.356586274672012,20.891,Small,3.5–4.0
Smile Restaurant,3.7,155.0,778 Allerton Ave,Bronx,New York,US,,(718) 547-3350,Chinese restaurant,Delivery Restaurant,,,,,,,,,,https://www.google.com/maps/search/?api=1&query=Smile%20Restaurant&query_place_id=ChIJ2RmgQV3zwokRN-0bEo55seU,Chinese restaurant,5.049856007249537,18.684,Small,3.5–4.0
Aman Halal Pakistani Restaurant And Catering,4.2,411.0,3594 Jerome Ave,Bronx,New York,US,,(718) 708-5853,Halal restaurant,Indian Muslim restaurant,Pakistani restaurant,Restaurant,,,,,,,,https://www.google.com/maps/search/?api=1&query=Aman%20Halal%20Pakistani%20Restaurant%20And%20Catering&query_place_id=ChIJG7t9Tw7zwokRJr1MzMGVSY8,Halal restaurant,6.021023349349527,25.288,Small,4.0–4.5
Best China House Chinese Restaurant,3.0,70.0,9 W 183rd St,Bronx,New York,US,https://bestchinahousetogo.com/,(718) 584-1326,Chinese restaurant,Restaurant,,,,,,,,,,https://www.google.com/maps/search/?api=1&query=Best%20China%20House%20Chinese%20Restaurant&query_place_id=ChIJE5SQXDz1wokRPs6qhW3d16Y,Chinese restaurant,4.2626798770413155,12.788,Micro,<3.0
King Wok,3.0,250.0,725 Allerton Ave,Bronx,New York,US,,(718) 231-1000,Chinese restaurant,Delivery Restaurant,,,,,,,,,,https://www.google.com/maps/search/?api=1&query=King%20Wok&query_place_id=ChIJb0Rm7WfzwokRz8GP-2lMYtc,Chinese restaurant,5.5254529391317835,16.576,Small,<3.0
JerkFish Jamaican Restaurant,2.9,28.0,1306 E Gun Hill Rd,Bronx,New York,US,,(347) 947-4555,Jamaican restaurant,,,,,,,,,,,https://www.google.com/maps/search/?api=1&query=JerkFish%20Jamaican%20Restaurant&query_place_id=ChIJ9ycKkRHzwokR0wJ8adV6b-M,Jamaican restaurant,3.367295829986474,9.765,Micro,<3.0
Rocatone Seafood Restaurant,4.2,871.0,3740 White Plains Rd,Bronx,New York,US,https://rocatoneseafoodrestaurant.ecwid.com/,(718) 654-6480,Jamaican restaurant,Fast food restaurant,Seafood restaurant,,,,,,,,,https://www.google.com/maps/search/?api=1&query=Rocatone%20Seafood%20Restaurant&query_place_id=ChIJlyYcuj3zwokRmkvW5b9a8Ls,Jamaican restaurant,6.77078942390898,28.437,Popular,4.0–4.5
La Masa Restaurant Throggs Neck,4.5,217.0,3399 E Tremont Ave,Bronx,New York,US,http://la-masa.square.site/,(718) 822-8400,Restaurant,,,,,,,,,,,https://www.google.com/maps/search/?api=1&query=La%20Masa%20Restaurant%20Throggs%20Neck&query_place_id=ChIJjVcHjOmLwokRwhnVHsDFuMo,Restaurant,5.384495062789089,24.23,Small,4.0–4.5
Vistamar Restaurant & Lounge,4.8,11119.0,565 City Island Ave,Bronx,New York,US,https://www.vistamarcityisland.com/,(718) 709-0888,Latin American restaurant,Event planner,Event venue,,,,,,,,,https://www.google.com/maps/search/?api=1&query=Vistamar%20Restaurant%20%26%20Lounge&query_place_id=ChIJW7aDKX2MwokR12TIBtjJsos,Latin American restaurant,9.316500567804573,44.719,Viral,4.5–5.0
Cap't Loui Whitestone Bronx,4.7,690.0,815 Hutchinson Riv Pkwy,Bronx,New York,US,https://captloui.com/bronx-ny-whitestone,(347) 293-6871,Seafood restaurant,,,,,,,,,,,https://www.google.com/maps/search/?api=1&query=Cap't%20Loui%20Whitestone%20Bronx&query_place_id=ChIJ1TGoLb6LwokRbu9C63RQ6yU,Seafood restaurant,6.53813982376767,30.729,Popular,4.5–5.0
Fiorentina Steakhouse,4.8,348.0,3617 E Tremont Ave,Bronx,New York,US,http://www.fiorentina-steakhouse.com/,(718) 812-1112,Steak house,,,,,,,,,,,https://www.google.com/maps/search/?api=1&query=Fiorentina%20Steakhouse&query_place_id=ChIJ5znu7hSLwokRLpLh1Z8dXa0,Steak house,5.855071922202427,28.104,Small,4.5–5.0
MK’s Restaurant,4.8,92.0,2020 Eastchester Rd,Bronx,New York,US,http://mksrestaurantbx.com/,(718) 247-3100,Restaurant,,,,,,,,,,,https://www.google.com/maps/search/?api=1&query=MK%E2%80%99s%20Restaurant&query_place_id=ChIJrfh-E-jzwokRCVmNeWKLRZQ,Restaurant,4.532599493153256,21.756,Micro,4.5–5.0
The Black Whale,4.6,509.0,279 City Island Ave,Bronx,New York,US,https://theblackwhalefb.wixsite.com/theblackwhaleci,(718) 885-3657,American restaurant,Bar,,,,,,,,,,https://www.google.com/maps/search/?api=1&query=The%20Black%20Whale&query_place_id=ChIJHWzmi3iMwokRirDTbEIhX-8,American restaurant,6.234410725718371,28.678,Popular,4.5–5.0
Da Franco & Tony Ristorante,4.7,417.0,2815 Middletown Rd,Bronx,New York,US,http://dafrancoandtony.com/,(718) 684-2815,Italian restaurant,,,,,,,,,,,https://www.google.com/maps/search/?api=1&query=Da%20Franco%20%26%20Tony%20Ristorante&query_place_id=ChIJ7WHfHVKLwokRGB9Q__vhY18,Italian restaurant,6.035481432524756,28.367,Small,4.5–5.0
Colima Taqueria II,4.8,1140.0,2920 Bruckner Blvd,Bronx,New York,US,,(718) 889-1738,Mexican restaurant,,,,,,,,,,,https://www.google.com/maps/search/?api=1&query=Colima%20Taqueria%20II&query_place_id=ChIJ1YQ1gb6LwokRsEPx4dtvrVY,Mexican restaurant,7.039660349862076,33.79,Popular,4.5–5.0
The Eleanor's Bar & Restaurant,4.9,143.0,3289 Westchester Ave,Bronx,New York,US,,(347) 293-8282,African restaurant,East African restaurant,North African restaurant,Restaurant,West African restaurant,,,,,,,https://www.google.com/maps/search/?api=1&query=The%20Eleanor's%20Bar%20%26%20Restaurant&query_place_id=ChIJr4rvWQCNwokR_c2DKImeuqg,African restaurant,4.969813299576001,24.352,Small,4.5–5.0
ATIK Restaurant,4.7,1224.0,555 City Island Ave,Bronx,New York,US,https://atikrestaurant.com/,(646) 375-3133,Restaurant,,,,,,,,,,,https://www.google.com/maps/search/?api=1&query=ATIK%20Restaurant&query_place_id=ChIJMxmDinyMwokRFJg-Ufanajk,Restaurant,7.110696122978827,33.42,Popular,4.5–5.0
Enzo's Of Williamsbridge,4.5,784.0,1998 Williamsbridge Rd,Bronx,New York,US,http://www.enzosbronxrestaurant.com/,(718) 409-3828,Italian restaurant,Bar,,,,,,,,,,https://www.google.com/maps/search/?api=1&query=Enzo's%20Of%20Williamsbridge&query_place_id=ChIJm0wf5qf0wokR8wUD2sL-fIA,Italian restaurant,6.665683717782408,29.996,Popular,4.0–4.5
The Waterfront NYC,4.1,191.0,500 Hutchinson Riv Pkwy,Bronx,New York,US,http://thewaterfrontnyc.com/,(718) 414-1577,New American restaurant,Fine dining restaurant,,,,,,,,,,https://www.google.com/maps/search/?api=1&query=The%20Waterfront%20NYC&query_place_id=ChIJd8ioKx2LwokRE9roVbrzASU,New American restaurant,5.2574953720277815,21.556,Small,4.0–4.5
Reef Al–Yemen Restaurant — مطعم ريف اليمن,4.8,66.0,655 Morris Park Ave,Bronx,New York,US,https://www.reefalyemenny.com/,(347) 621-0071,Restaurant,,,,,,,,,,,https://www.google.com/maps/search/?api=1&query=Reef%20Al%E2%80%93Yemen%20Restaurant%20%E2%80%94%20%D9%85%D8%B7%D8%B9%D9%85%20%D8%B1%D9%8A%D9%81%20%D8%A7%D9%84%D9%8A%D9%85%D9%86&query_place_id=ChIJ-Uj2jo71wokR7dHu7WWpakg,Restaurant,4.204692619390966,20.183,Micro,4.5–5.0
K•Soul Asian&Sushi & Bar,4.8,65.0,3811 E Tremont Ave,Bronx,New York,US,http://ksoulnyc.com/,(718) 889-1642,Japanese restaurant,,,,,,,,,,,https://www.google.com/maps/search/?api=1&query=K%E2%80%A2Soul%20Asian%26Sushi%20%26%20Bar&query_place_id=ChIJa30V8v-LwokRA7fYQEwiQt0,Japanese restaurant,4.189654742026425,20.11,Micro,4.5–5.0
Paddy’s On the Bay,4.4,552.0,50 Pennyfield Ave,Bronx,New York,US,http://paddysonthebay.com/,(718) 430-6651,Bar & grill,,,,,,,,,,,https://www.google.com/maps/search/?api=1&query=Paddy%E2%80%99s%20On%20the%20Bay&query_place_id=ChIJdT4AWQKLwokRcxp0zboTonw,Bar & grill,6.315358001522335,27.788,Popular,4.0–4.5
Çka Ka Qëllu,4.8,1459.0,2321 Hughes Ave,Bronx,New York,US,http://ckakaqellu.com/,(718) 933-6194,Mediterranean restaurant,Eastern European restaurant,,,,,,,,,,https://www.google.com/maps/search/?api=1&query=%C3%87ka%20Ka%20Q%C3%ABllu&query_place_id=ChIJddi0Qof0wokRQGSTDJMZzHc,Mediterranean restaurant,7.286191714702382,34.974,Popular,4.5–5.0
Sea Shore Restaurant,4.3,3773.0,591 City Island Ave,Bronx,New York,US,https://www.seashorerestaurant.com/,(718) 885-0300,Seafood restaurant,Bar,Restaurant,Sushi restaurant,,,,,,,,https://www.google.com/maps/search/?api=1&query=Sea%20Shore%20Restaurant&query_place_id=ChIJEYbUenyMwokRwlydycwoZJw,Seafood restaurant,8.235890725928495,35.414,Viral,4.0–4.5
Morris Park Inn,4.6,209.0,1024 Morris Park Ave,Bronx,New York,US,http://morrisparkinn.com/,(718) 239-4109,American restaurant,Bar,Sports bar,,,,,,,,,https://www.google.com/maps/search/?api=1&query=Morris%20Park%20Inn&query_place_id=ChIJAzjsb2n1wokR-Z1wxgBrwdQ,American restaurant,5.3471075307174685,24.597,Small,4.5–5.0
Mario's Restaurant of Arthur Avenue,4.4,1044.0,2342 Arthur Ave,Bronx,New York,US,https://mariosarthurave.org/?utm_source=google,(718) 584-1188,Italian restaurant,Banquet hall,,,,,,,,,,https://www.google.com/maps/search/?api=1&query=Mario's%20Restaurant%20of%20Arthur%20Avenue&query_place_id=ChIJSVkYXIf0wokReeN2qJg8Nwc,Italian restaurant,6.951772164398911,30.588,Popular,4.0–4.5
Montespino,4.5,95.0,1309 Bronx River Ave,Bronx,New York,US,https://montespinony.com/,(917) 471-8991,Dominican restaurant,,,,,,,,,,,https://www.google.com/maps/search/?api=1&query=Montespino&query_place_id=ChIJKTBo5_D0wokRRD3Z6MpV0iY,Dominican restaurant,4.564348191467836,20.54,Micro,4.0–4.5
Nuevo sazón de Mamá,4.5,42.0,3791 E Tremont Ave,Bronx,New York,US,https://nuevosazondemamany.com/,(929) 566-7661,Restaurant,,,,,,,,,,,https://www.google.com/maps/search/?api=1&query=Nuevo%20saz%C3%B3n%20de%20Mam%C3%A1&query_place_id=ChIJyS5i0D2LwokRVh6FtKTt_2o,Restaurant,3.7612001156935624,16.925,Micro,4.0–4.5
George's Restaurant,4.3,795.0,3000 Buhre Ave,Bronx,New York,US,http://georgesonbuhre.com/,(718) 918-9807,Diner,Breakfast restaurant,Delivery Restaurant,,,,,,,,,https://www.google.com/maps/search/?api=1&query=George's%20Restaurant&query_place_id=ChIJAXHSMleLwokR8aCHo4ouAfY,Diner,6.679599185844383,28.722,Popular,4.0–4.5
Dominick's,4.5,970.0,2335 Arthur Ave,Bronx,New York,US,https://www.facebook.com/Dominicks-Restaurant-102210239822815/,(718) 733-2807,Italian restaurant,Restaurant,,,,,,,,,,https://www.google.com/maps/search/?api=1&query=Dominick's&query_place_id=ChIJn1_QWIf0wokROm8gWiL2oOU,Italian restaurant,6.878326468291325,30.952,Popular,4.0–4.5
El Cartel Restaurant,4.2,96.0,2542 E Tremont Ave,Bronx,New York,US,,(917) 245-5934,Restaurant,Bar,Cocktail bar,Latin American restaurant,Sports bar,,,,,,,https://www.google.com/maps/search/?api=1&query=El%20Cartel%20Restaurant&query_place_id=ChIJ3VWZDWP1wokRBL5pzP09YLM,Restaurant,4.574710978503383,19.214,Micro,4.0–4.5
Brewski's Bar & Grill,4.4,1254.0,3718 E Tremont Ave,Bronx,New York,US,http://brewskistogo.com/,(718) 684-2900,Bar & grill,,,,,,,,,,,https://www.google.com/maps/search/?api=1&query=Brewski's%20Bar%20%26%20Grill&query_place_id=ChIJUSGnkD6LwokRGxVjdcv3Jiw,Bar & grill,7.134890851565884,31.394,Popular,4.0–4.5
Mirador Restaurant,4.0,180.0,3439 E Tremont Ave,Bronx,New York,US,https://miradorrestaurants.com/,(347) 293-8518,Dominican restaurant,,,,,,,,,,,https://www.google.com/maps/search/?api=1&query=Mirador%20Restaurant&query_place_id=ChIJd0jOIiCLwokRoPwoJmmdhlk,Dominican restaurant,5.198497031265826,20.794,Small,3.5–4.0
Cafe Colonial Restaurant,4.1,1938.0,2072 White Plains Rd,Bronx,New York,US,https://cafecolonialnyc.com/?utm_source=google,(718) 824-1933,Dominican restaurant,Bar & grill,Brunch restaurant,Cafe,Caribbean restaurant,Latin American restaurant,Rice restaurant,Sandwich shop,Seafood restaurant,Spanish restaurant,,https://www.google.com/maps/search/?api=1&query=Cafe%20Colonial%20Restaurant&query_place_id=ChIJ_eSjOp_0wokRlY2ZkWUHo8c,Dominican restaurant,7.569927655242652,31.037,Popular,4.0–4.5
The BLVD,4.6,75.0,2918 Bruckner Blvd,Bronx,New York,US,,(347) 293-6161,Bar & grill,,,,,,,,,,,https://www.google.com/maps/search/?api=1&query=The%20BLVD&query_place_id=ChIJwWp0pnSLwokRvl6QQCLBxGo,Bar & grill,4.330733340286331,19.921,Micro,4.5–5.0
La Fontana Sorellena,4.6,170.0,885 Annadale Rd,Staten Island,New York,US,https://www.sorellenasi.com/,(718) 683-5353,Italian restaurant,,,,,,,,,,,https://www.google.com/maps/search/?api=1&query=La%20Fontana%20Sorellena&query_place_id=ChIJHS4yAfxKwokRk5z8cYN2eHQ,Italian restaurant,5.14166355650266,23.652,Small,4.5–5.0
‘O Sfizio Ristorante,4.7,290.0,4651 Hylan Blvd,Staten Island,New York,US,https://osfizio.com/?utm_source=google,(718) 227-3000,Italian restaurant,Caterer,Cocktail bar,Fine dining restaurant,Pizza restaurant,Seafood restaurant,Steak house,Wine bar,,,,https://www.google.com/maps/search/?api=1&query=%E2%80%98O%20Sfizio%20Ristorante&query_place_id=ChIJBfbEmDtLwokRmCrCnmJRGwU,Italian restaurant,5.673323267171493,26.665,Small,4.5–5.0
Island Social,4.9,219.0,4060 Hylan Blvd,Staten Island,New York,US,https://islandsocialny.com/?utm_source=google,(518) 692-3952,Bar & grill,American restaurant,Bar,Chicken wings restaurant,Cocktail bar,Event venue,Hamburger restaurant,Lounge bar,,,,https://www.google.com/maps/search/?api=1&query=Island%20Social&query_place_id=ChIJgURUsgBLwokRHeklNKDfUOs,Bar & grill,5.393627546352361,26.429,Small,4.5–5.0
Giuliana’s Ristorante,4.7,522.0,4105 Hylan Blvd,Staten Island,New York,US,http://www.giulianassi.com/,(718) 317-8507,Italian restaurant,,,,,,,,,,,https://www.google.com/maps/search/?api=1&query=Giuliana%E2%80%99s%20Ristorante&query_place_id=ChIJNxTtvEpKwokRSS-9_PbvSfM,Italian restaurant,6.259581464064923,29.42,Popular,4.5–5.0
Neo Restaurant,4.9,47.0,212-04 Union Tpke,Hollis Hills,New York,US,http://neo-ny.com/,(718) 470-2224,Fine dining restaurant,,,,,,,,,,,https://www.google.com/maps/search/?api=1&query=Neo%20Restaurant&query_place_id=ChIJUcyZGx1hwokRq-vRtk2GdCU,Fine dining restaurant,3.8712010109078907,18.969,Micro,4.5–5.0
Mojo,4.7,6452.0,70-20 Austin St,Forest Hills,New York,US,http://www.mojolatin.com/,(718) 261-6162,Latin American restaurant,Bar & grill,Brunch restaurant,Fusion restaurant,Nuevo Latino restaurant,Restaurant,,,,,,https://www.google.com/maps/search/?api=1&query=Mojo&query_place_id=ChIJU9mONlhfwokR_qYQtaXhhFE,Latin American restaurant,8.77230041793584,41.23,Viral,4.5–5.0
Nana's,4.5,165.0,164-26 Cross Bay Blvd,Howard Beach,New York,US,http://nanaseats.com/,(917) 994-2454,Restaurant,,,,,,,,,,,https://www.google.com/maps/search/?api=1&query=Nana's&query_place_id=ChIJS2des8FnwokREnoijqCfk50,Restaurant,5.111987788356544,23.004,Small,4.0–4.5
Bruno,4.7,1017.0,158-22 Cross Bay Blvd,Howard Beach,New York,US,https://www.bruno-ristorante.com/,(718) 322-7866,Italian restaurant,,,,,,,,,,,https://www.google.com/maps/search/?api=1&query=Bruno&query_place_id=ChIJawjtdH5nwokR1HRZJHJCx6k,Italian restaurant,6.925595197110468,32.55,Popular,4.5–5.0
JFK Bar and Grill,4.8,26.0,35-21 Junction Blvd,Corona,New York,US,,(917) 396-1412,Latin American restaurant,Bar,Indian restaurant,Mexican restaurant,Nepalese restaurant,,,,,,,https://www.google.com/maps/search/?api=1&query=JFK%20Bar%20and%20Grill&query_place_id=ChIJS_MugcFfwokRYnltp_u-Btk,Latin American restaurant,3.295836866004329,15.82,Micro,4.5–5.0
Ocean Side Restaurant &Grill,4.4,19.0,127-19 Merrick Blvd,Rochdale,New York,US,,(718) 413-5425,Restaurant,,,,,,,,,,,https://www.google.com/maps/search/?api=1&query=Ocean%20Side%20Restaurant%20%26Grill&query_place_id=ChIJ9UPUCVhnwokRQPVOTNizX-w,Restaurant,2.995732273553991,13.181,Micro,4.0–4.5
Orrico's Italian Restaurant,4.6,281.0,3019 Westchester Ave,Bronx,New York,US,http://www.orricos.com/,(718) 892-8282,Italian restaurant,Delivery Restaurant,,,,,,,,,,https://www.google.com/maps/search/?api=1&query=Orrico's%20Italian%20Restaurant&query_place_id=ChIJsX6yEXiLwokRKUW404YWmw4,Italian restaurant,5.641907070938114,25.953,Small,4.5–5.0
Patricia's of Morris Park,4.3,427.0,1082 Morris Park Ave,Bronx,New York,US,https://patriciasofmorrispark.com/,(718) 409-9069,Italian restaurant,,,,,,,,,,,https://www.google.com/maps/search/?api=1&query=Patricia's%20of%20Morris%20Park&query_place_id=ChIJ5aH0oPv1wokRx2wGcb1NqFE,Italian restaurant,6.059123195581797,26.054,Small,4.0–4.5
SPICE UP SWEETS AND RESTAURANT,4.4,141.0,2160 Westchester Ave,Bronx,New York,US,https://www.spiceupsweetsrestaurant.com/,(718) 822-8777,Halal restaurant,,,,,,,,,,,https://www.google.com/maps/search/?api=1&query=SPICE%20UP%20SWEETS%20AND%20RESTAURANT&query_place_id=ChIJh_g1Ahr1wokRtJPct84Lsr4,Halal restaurant,4.955827057601261,21.806,Small,4.0–4.5
LavieMex,4.3,373.0,4001 E Tremont Ave,Bronx,New York,US,https://laviemex.toast.site/,(347) 293-5429,Restaurant,,,,,,,,,,,https://www.google.com/maps/search/?api=1&query=LavieMex&query_place_id=ChIJX5d-DwCLwokRA88ihLRFW-g,Restaurant,5.924255797414532,25.474,Small,4.0–4.5
Mireli Restaurant,4.6,57.0,1122 Westchester Ave,Bronx,New York,US,,(917) 473-7593,Dominican restaurant,,,,,,,,,,,https://www.google.com/maps/search/?api=1&query=Mireli%20Restaurant&query_place_id=ChIJJQbA41X0wokRkS6neMWVgwY,Dominican restaurant,4.060443010546419,18.678,Micro,4.5–5.0
Patricia's Pizza of Tremont,4.5,2109.0,3883 E Tremont Ave,Bronx,New York,US,https://www.patrizias.com/,(718) 918-1800,Italian restaurant,Takeout Restaurant,Pizza delivery,Pizza restaurant,,,,,,,,https://www.google.com/maps/search/?api=1&query=Patricia's%20Pizza%20of%20Tremont&query_place_id=ChIJD98NnT2LwokRXYEbiYFFuY8,Italian restaurant,7.6544432264701125,34.445,Viral,4.0–4.5
Dary's Bar Restaurant,4.4,247.0,519 E 180th St,Bronx,New York,US,,(347) 567-2465,Bar & grill,Bar,Restaurant,,,,,,,,,https://www.google.com/maps/search/?api=1&query=Dary's%20Bar%20Restaurant&query_place_id=ChIJk85YTWP0wokRrgbdCDRHnxg,Bar & grill,5.5134287461649825,24.259,Small,4.0–4.5
One Stop Restaurant,5.0,5.0,,Bronx,New York,US,,(718) 269-4672,Restaurant,,,,,,,,,,,https://www.google.com/maps/search/?api=1&query=One%20Stop%20Restaurant&query_place_id=ChIJZb3UA8b0wokRPaixoHmbl6s,Restaurant,1.791759469228055,8.959,Micro,4.5–5.0
Alwaha Restaurant Bronx New York,4.2,109.0,1907 White Plains Rd,Bronx,New York,US,https://alwaha.albannasoft.com/,(718) 409-2236,Restaurant,,,,,,,,,,,https://www.google.com/maps/search/?api=1&query=Alwaha%20Restaurant%20Bronx%20New%20York&query_place_id=ChIJzfNrPWT1wokR7FeZZpz3-ik,Restaurant,4.700480365792417,19.742,Small,4.0–4.5
Mama Puebla,4.3,448.0,3465 E Tremont Ave,Bronx,New York,US,https://mamapuebla.com/,(718) 792-6262,Mexican restaurant,Restaurant,,,,,,,,,,https://www.google.com/maps/search/?api=1&query=Mama%20Puebla&query_place_id=ChIJ9wgdeUeLwokRx15bzhipegY,Mexican restaurant,6.1070228877422545,26.26,Small,4.0–4.5
Gustitos Latino Restaurant,4.4,53.0,2132 Cruger Ave,Bronx,New York,US,https://www.gustitoslatinobronx.com/,(347) 281-4954,Restaurant,Family restaurant,,,,,,,,,,https://www.google.com/maps/search/?api=1&query=Gustitos%20Latino%20Restaurant&query_place_id=ChIJS86nV-L1wokR2Bc4hB1qkzc,Restaurant,3.9889840465642745,17.552,Micro,4.0–4.5
Crosstown Diner,4.1,2554.0,2880 Bruckner Blvd,Bronx,New York,US,https://crosstowndiner.com/?utm_source=GMB&utm_medium=GMB&utm_campaign=GMB,(718) 597-3450,Diner,American restaurant,Bar,Breakfast restaurant,Delivery Restaurant,Takeout Restaurant,Pasta shop,Sandwich shop,,,,https://www.google.com/maps/search/?api=1&query=Crosstown%20Diner&query_place_id=ChIJa5Aqk0eLwokRJkDgnJ10mdg,Diner,7.845807502637805,32.168,Viral,4.0–4.5
Golden Eagle Restaurant,4.1,477.0,975 Morris Park Ave,Bronx,New York,US,https://www.goldeneaglethebronx.com/,(718) 863-4028,Diner,Delivery Restaurant,Takeout Restaurant,Restaurant,,,,,,,,https://www.google.com/maps/search/?api=1&query=Golden%20Eagle%20Restaurant&query_place_id=ChIJQ0TT-6T0wokR4pDLOBaH094,Diner,6.169610732491456,25.295,Small,4.0–4.5
El Paisano Pizza & Pasta,4.6,103.0,3444 E Tremont Ave,Bronx,New York,US,https://www.elpaisanopizzapastamenu.com/?utm_source=gbp,(718) 823-6318,Pizza restaurant,,,,,,,,,,,https://www.google.com/maps/search/?api=1&query=El%20Paisano%20Pizza%20%26%20Pasta&query_place_id=ChIJHU_YhEeLwokRi_J8FTqU6FU,Pizza restaurant,4.6443908991413725,21.364,Small,4.5–5.0
Kiraku Japanese Restaurant,4.3,325.0,1948 Williamsbridge Rd,Bronx,New York,US,http://www.kirakubronx.com/,(718) 379-8866,Japanese restaurant,Delivery Restaurant,,,,,,,,,,https://www.google.com/maps/search/?api=1&query=Kiraku%20Japanese%20Restaurant&query_place_id=ChIJb8Jm2Kf0wokRH-aNT2PHVR0,Japanese restaurant,5.786897381366708,24.884,Small,4.0–4.5
My Place Restaurant,5.0,1.0,1130 Zerega Ave,Bronx,New York,US,,(718) 290-2785,Restaurant,,,,,,,,,,,https://www.google.com/maps/search/?api=1&query=My%20Place%20Restaurant&query_place_id=ChIJARokvsj1wokR6NHQCbjirwg,Restaurant,0.6931471805599453,3.466,Micro,4.5–5.0
Edge Restaurant & Lounge,4.1,145.0,2040 Eastchester Rd,Bronx,New York,US,,(347) 293-5028,Restaurant,,,,,,,,,,,https://www.google.com/maps/search/?api=1&query=Edge%20Restaurant%20%26%20Lounge&query_place_id=ChIJo7A3MJvzwokR9hLhv1242bM,Restaurant,4.983606621708336,20.433,Small,4.0–4.5
Travesias 2Go,3.7,170.0,3830 E Tremont Ave,Bronx,New York,US,https://travesiasny.com/,(718) 828-1234,Dominican restaurant,Cafe,Family restaurant,Delivery Restaurant,Takeout Restaurant,Restaurant,Spanish restaurant,,,,,https://www.google.com/maps/search/?api=1&query=Travesias%202Go&query_place_id=ChIJf4MjuD2LwokRyGAuWRR4dU0,Dominican restaurant,5.14166355650266,19.024,Small,3.5–4.0
New Green Dragon,4.2,469.0,4111 E Tremont Ave,Bronx,New York,US,http://www.newgreendragon.com/,(718) 597-3600,Chinese restaurant,Bar,Delivery Restaurant,,,,,,,,,https://www.google.com/maps/search/?api=1&query=New%20Green%20Dragon&query_place_id=ChIJkbtOQBiLwokRQXPKNr8n2oY,Chinese restaurant,6.152732694704104,25.841,Small,4.0–4.5
Sanbra Door Restaurant,4.3,177.0,861 E Tremont Ave # 4,Bronx,New York,US,,(718) 294-3300,African restaurant,,,,,,,,,,,https://www.google.com/maps/search/?api=1&query=Sanbra%20Door%20Restaurant&query_place_id=ChIJ7XqNTYr0wokRZriVL7EeEss,African restaurant,5.181783550292085,22.282,Small,4.0–4.5
Market Place Restaurant Cocktail,4.3,32.0,355 Food Center Dr,Bronx,New York,US,,(718) 542-2900,American restaurant,Bar,,,,,,,,,,https://www.google.com/maps/search/?api=1&query=Market%20Place%20Restaurant%20Cocktail&query_place_id=ChIJQfOPpxD1wokRwYCHk1YIbaY,American restaurant,3.4965075614664802,15.035,Micro,4.0–4.5
Loretta's Pizza,4.5,462.0,3276 Layton Ave,Bronx,New York,US,https://www.lorettaspizzany.com/,(718) 931-5511,Pizza restaurant,Takeout Restaurant,Pizza delivery,Pizza Takeout,Restaurant,,,,,,,https://www.google.com/maps/search/?api=1&query=Loretta's%20Pizza&query_place_id=ChIJ8yVV-2mLwokRLAAhn7mByp4,Pizza restaurant,6.137727054086234,27.62,Small,4.0–4.5
Muscle Maker Grill,4.4,495.0,4041 E Tremont Ave,Bronx,New York,US,http://musclemakergrill.com/,(718) 822-6991,Health food restaurant,American restaurant,Restaurant,,,,,,,,,https://www.google.com/maps/search/?api=1&query=Muscle%20Maker%20Grill&query_place_id=ChIJpWYBFxiLwokRib7E-YVdDDk,Health food restaurant,6.206575926724928,27.309,Small,4.0–4.5
Yopcity restaurant,4.4,393.0,2324 Arthur Ave,Bronx,New York,US,,(631) 561-2518,West African restaurant,African restaurant,American restaurant,Caterer,,,,,,,,https://www.google.com/maps/search/?api=1&query=Yopcity%20restaurant&query_place_id=ChIJyfhM1If1wokRu402B8Yc0UM,West African restaurant,5.976350909297934,26.296,Small,4.0–4.5
Azal Restaurant & Hall,4.2,315.0,711 Morris Park Ave,Bronx,New York,US,https://order.online/business/azal-restaurant-and-hall-11402421,(718) 304-5388,Yemeni restaurant,Caterer,,,,,,,,,,https://www.google.com/maps/search/?api=1&query=Azal%20Restaurant%20%26%20Hall&query_place_id=ChIJxb2ZTw_1wokRDT5oBPHa_wc,Yemeni restaurant,5.755742213586912,24.174,Small,4.0–4.5
Trattoria Toscana,4.5,390.0,4200 Hylan Blvd,Staten Island,New York,US,http://trattoriatoscanasi.com/,+1 718-605-6009,Italian restaurant,,,,,,,,,,,https://www.google.com/maps/search/?api=1&query=Trattoria%20Toscana&query_place_id=ChIJq-438x9LwokRMl2keWYCB2s,Italian restaurant,5.968707559985366,26.859,Small,4.0–4.5
Eat Well Bakery & Restaurant,4.6,53.0,1658 Castle Hill Ave,Bronx,New York,US,,(718) 792-5769,Caribbean restaurant,Restaurant,,,,,,,,,,https://www.google.com/maps/search/?api=1&query=Eat%20Well%20Bakery%20%26%20Restaurant&query_place_id=ChIJHVTvRrf0wokR6fkNp6fqbTA,Caribbean restaurant,3.9889840465642745,18.349,Micro,4.5–5.0
Tana Thai Restaurant,4.2,633.0,1890 Eastchester Rd,Bronx,New York,US,https://www.tanathaibronx.com/,(718) 684-1900,Thai restaurant,Delivery Restaurant,,,,,,,,,,https://www.google.com/maps/search/?api=1&query=Tana%20Thai%20Restaurant&query_place_id=ChIJMafI46r0wokRQoXwcPBlm-8,Thai restaurant,6.452048954437226,27.099,Popular,4.0–4.5
Sazón y Sabores Restaurant,4.0,66.0,485 E 180th St,Bronx,New York,US,https://chuitobarrestaurantny.com/,(347) 918-9069,Dominican restaurant,American restaurant,Spanish restaurant,,,,,,,,,https://www.google.com/maps/search/?api=1&query=Saz%C3%B3n%20y%20Sabores%20Restaurant&query_place_id=ChIJURlJDkb1wokReCC-KAmrbb0,Dominican restaurant,4.204692619390966,16.819,Micro,3.5–4.0
Legendary Bar & Grill,4.6,198.0,3513 E Tremont Ave #1,Bronx,New York,US,,(718) 822-0100,Bar & grill,Dart bar,Karaoke bar,Sports bar,,,,,,,,https://www.google.com/maps/search/?api=1&query=Legendary%20Bar%20%26%20Grill&query_place_id=ChIJTenWmziLwokRNNO2niVavK0,Bar & grill,5.293304824724492,24.349,Small,4.5–5.0
Sorrento's Pizzeria Restaurant,4.5,293.0,2004 Williamsbridge Rd,Bronx,New York,US,,(718) 828-7810,Pizza restaurant,Italian restaurant,Delivery Restaurant,,,,,,,,,https://www.google.com/maps/search/?api=1&query=Sorrento's%20Pizzeria%20Restaurant&query_place_id=ChIJu2QZ5af0wokR5tiRciA2bbY,Pizza restaurant,5.683579767338681,25.576,Small,4.0–4.5
Solimar Grill Restaurant,3.9,65.0,1800 Archer St,Bronx,New York,US,,(347) 398-5482,Dominican restaurant,,,,,,,,,,,https://www.google.com/maps/search/?api=1&query=Solimar%20Grill%20Restaurant&query_place_id=ChIJCWe0cVv1wokRH3wn-y5ORhQ,Dominican restaurant,4.189654742026425,16.34,Micro,3.5–4.0
Cestra's Pizza,4.5,450.0,3631 E Tremont Ave,Bronx,New York,US,https://cestraspizza-bronx.foodtecsolutions.com/ordering/menu/Pizza,(718) 518-7900,Pizza restaurant,Italian restaurant,Delivery Restaurant,,,,,,,,,https://www.google.com/maps/search/?api=1&query=Cestra's%20Pizza&query_place_id=ChIJ7YGbKj-LwokR0ShdWBFMBC0,Pizza restaurant,6.111467339502679,27.502,Small,4.0–4.5
Pizzeria Restaurant Perez,4.8,19.0,1029 E 167th St,Bronx,New York,US,https://pizzeriarestaurantperezny.com/,(212) 500-1819,Mexican restaurant,,,,,,,,,,,https://www.google.com/maps/search/?api=1&query=Pizzeria%20Restaurant%20Perez&query_place_id=ChIJPWRXDg71wokRoFhsx48_86M,Mexican restaurant,2.995732273553991,14.38,Micro,4.5–5.0
Taqueria Lupita,4.3,309.0,3550 E Tremont Ave,Bronx,New York,US,https://linktr.ee/taquerialupita,(347) 931-2157,Mexican restaurant,,,,,,,,,,,https://www.google.com/maps/search/?api=1&query=Taqueria%20Lupita&query_place_id=ChIJi-SH6jiLwokREPRTQ4dt3dc,Mexican restaurant,5.736572297479192,24.667,Small,4.0–4.5
K·Soul Asian Fusion(Yamada Japanese Sushi),4.4,58.0,3813 E Tremont Ave,Bronx,New York,US,https://order.ksoulnyc.com/,,Japanese restaurant,,,,,,,,,,,https://www.google.com/maps/search/?api=1&query=K%C2%B7Soul%20Asian%20Fusion(Yamada%20Japanese%20Sushi)&query_place_id=ChIJJ58zW-2LwokRIQjVQ5DR-Us,Japanese restaurant,4.07753744390572,17.941,Micro,4.0–4.5
Caribbean Sunshine Restaurant,4.3,363.0,1111 E Tremont Ave,Bronx,New York,US,,(929) 777-9184,Jamaican restaurant,,,,,,,,,,,https://www.google.com/maps/search/?api=1&query=Caribbean%20Sunshine%20Restaurant&query_place_id=ChIJuxWVmJL0wokRcXWsNCEDJ4U,Jamaican restaurant,5.8971538676367405,25.358,Small,4.0–4.5
Ranch Restaurant,3.8,186.0,1773 Southern Blvd,Bronx,New York,US,,(718) 450-8689,Caribbean restaurant,,,,,,,,,,,https://www.google.com/maps/search/?api=1&query=Ranch%20Restaurant&query_place_id=ChIJyVCEdfX0wokREeq_7wtglKw,Caribbean restaurant,5.231108616854587,19.878,Small,3.5–4.0
IKKO Hibachi Sushi Asian Bistro&Crab House,4.3,794.0,3938 E Tremont Ave,Bronx,New York,US,http://www.ikkonyc.com/,(347) 621-5052,Japanese restaurant,Asian restaurant,Contemporary Louisiana restaurant,Seafood restaurant,Sushi restaurant,,,,,,,https://www.google.com/maps/search/?api=1&query=IKKO%20Hibachi%20Sushi%20Asian%20Bistro%26Crab%20House&query_place_id=ChIJ0ye3B4uLwokRyBlf-rRP9bU,Japanese restaurant,6.678342114654332,28.717,Popular,4.0–4.5
Neerob Restaurant & Halal Chinese,4.1,259.0,2096 Starling Ave,Bronx,New York,US,http://www.neerob.com/,(718) 918-1234,Bangladeshi restaurant,Catering food and drink supplier,Caterer,Event venue,Takeout Restaurant,,,,,,,https://www.google.com/maps/search/?api=1&query=Neerob%20Restaurant%20%26%20Halal%20Chinese&query_place_id=ChIJTcczWxz1wokRJH3GFkqNeyc,Bangladeshi restaurant,5.560681631015528,22.799,Small,4.0–4.5
Xing & Hui Linda's Kitchen,4.0,186.0,4006 E Tremont Ave,Bronx,New York,US,,(718) 931-6700,Chinese restaurant,Delivery Restaurant,Takeout Restaurant,Seafood restaurant,,,,,,,,https://www.google.com/maps/search/?api=1&query=Xing%20%26%20Hui%20Linda's%20Kitchen&query_place_id=ChIJVYPHAxiLwokR1-UcUPI7zss,Chinese restaurant,5.231108616854587,20.924,Small,3.5–4.0
Jade Garden Restaurant,4.3,129.0,2413 Westchester Ave,Bronx,New York,US,,(718) 863-4693,Chinese restaurant,Fast food restaurant,Delivery Restaurant,Takeout Restaurant,Restaurant,,,,,,,https://www.google.com/maps/search/?api=1&query=Jade%20Garden%20Restaurant&query_place_id=ChIJA6IeRrT0wokR-c4DuViKi5g,Chinese restaurant,4.867534450455582,20.93,Small,4.0–4.5
Florinda Restaurant One Corp,3.6,16.0,2701 Decatur Ave,Bronx,New York,US,,(347) 961-6100,Latin American restaurant,Restaurant,,,,,,,,,,https://www.google.com/maps/search/?api=1&query=Florinda%20Restaurant%20One%20Corp&query_place_id=ChIJ2U_uVX_zwokRGKDL-QRiLx4,Latin American restaurant,2.833213344056216,10.2,Micro,3.5–4.0
John & Joe's Pizzeria and Restaurant,4.4,800.0,749 Lydig Ave,Bronx,New York,US,https://johnjoespizzeriaandrestaurant.shop/,(718) 409-9776,Pizza restaurant,,,,,,,,,,,https://www.google.com/maps/search/?api=1&query=John%20%26%20Joe's%20Pizzeria%20and%20Restaurant&query_place_id=ChIJLc1b4871wokRfsjAm_SYNf0,Pizza restaurant,6.68586094706836,29.418,Popular,4.0–4.5
Guatelinda,4.2,150.0,1770 Westchester Ave,Bronx,New York,US,,(718) 684-1008,Guatemalan restaurant,Bakery,Cafe,,,,,,,,,https://www.google.com/maps/search/?api=1&query=Guatelinda&query_place_id=ChIJ_0imQon1wokRtH_IGek2igo,Guatemalan restaurant,5.017279836814924,21.073,Small,4.0–4.5
Emilio's Pizza,4.4,469.0,3843 E Tremont Ave,Bronx,New York,US,https://orderemiliospizza.com/?utm_source=gbp,(718) 409-0929,Pizza restaurant,,,,,,,,,,,https://www.google.com/maps/search/?api=1&query=Emilio's%20Pizza&query_place_id=ChIJDWUavz2LwokR4gZL2WX_umY,Pizza restaurant,6.152732694704104,27.072,Small,4.0–4.5
Uncle Louie G,4.4,132.0,4005 E Tremont Ave,Bronx,New York,US,http://unclelouiegee.com/,(929) 480-8344,Ice cream shop,Creperie,Dessert shop,,,,,,,,,https://www.google.com/maps/search/?api=1&query=Uncle%20Louie%20G&query_place_id=ChIJNctk-BeLwokR7KdEgABiQZc,Ice cream shop,4.890349128221754,21.518,Small,4.0–4.5
Applebee's Grill + Bar,3.9,2198.0,815 Hutchinson Riv Pkwy,Bronx,New York,US,https://restaurants.applebees.com/en-us/ny/bronx/815-hutchinson-river-parkway-77076?utm_source=google&utm_medium=organic&utm_campaign=google_my_business&utm_term=77076&utm_content=website,(718) 828-5379,Restaurant,American restaurant,Bar & grill,Diner,Family restaurant,Hamburger restaurant,Steak house,Traditional American restaurant,,,,https://www.google.com/maps/search/?api=1&query=Applebee's%20Grill%20%2B%20Bar&query_place_id=ChIJ2VKPdDKLwokR_5A0eZMl7wk,Restaurant,7.695757990554761,30.013,Viral,3.5–4.0
Country Bay Pizza,4.5,71.0,3233 Ampere Ave,Bronx,New York,US,https://www.mycountrybaypizza.com/,(929) 777-9555,Restaurant,Pizza restaurant,,,,,,,,,,https://www.google.com/maps/search/?api=1&query=Country%20Bay%20Pizza&query_place_id=ChIJ___PFV6LwokRrjScJYclyHw,Restaurant,4.276666119016055,19.245,Micro,4.0–4.5
Texmex Restaurant Grocery,4.4,88.0,2325 Westchester Ave,Bronx,New York,US,,(718) 829-2518,Mexican grocery store,Grocery store,Delivery Restaurant,Mexican restaurant,,,,,,,,https://www.google.com/maps/search/?api=1&query=Texmex%20Restaurant%20Grocery&query_place_id=ChIJXTx92LX0wokRnw4IIwa2NVg,Mexican grocery store,4.48863636973214,19.75,Micro,4.0–4.5
Sante Yallah African Restaurant (Keur Aisha Restaurant CORP.),4.4,47.0,1460 Boston Rd,Bronx,New York,US,,(718) 450-8606,Restaurant,,,,,,,,,,,https://www.google.com/maps/search/?api=1&query=Sante%20Yallah%20African%20Restaurant%20(Keur%20Aisha%20Restaurant%20CORP.)&query_place_id=ChIJ1R6yi3v1wokRVLlHOcfjBOQ,Restaurant,3.8712010109078907,17.033,Micro,4.0–4.5
Salsa Soul Café,3.7,6.0,48 Westchester Square,Bronx,New York,US,,,American restaurant,,,,,,,,,,,https://www.google.com/maps/search/?api=1&query=Salsa%20Soul%20Caf%C3%A9&query_place_id=ChIJ307tyU_1wokRB9QJ5Syfuew,American restaurant,1.9459101490553132,7.2,Micro,3.5–4.0
Chicken Shack,4.0,116.0,4011 E Tremont Ave,Bronx,New York,US,https://chickenshackny.com/#,(929) 777-9190,Fast food restaurant,,,,,,,,,,,https://www.google.com/maps/search/?api=1&query=Chicken%20Shack&query_place_id=ChIJwawDKFWLwokRYhZMY4ei5f4,Fast food restaurant,4.762173934797756,19.049,Small,3.5–4.0
Comercial Mexicana,3.6,159.0,1182 Elder Ave,Bronx,New York,US,https://www.google.com/maps?cid=5030042824425850847,(646) 463-8779,Mexican restaurant,Delivery Restaurant,,,,,,,,,,https://www.google.com/maps/search/?api=1&query=Comercial%20Mexicana&query_place_id=ChIJBVInkfr0wokRvQ51B2KVUgM,Mexican restaurant,5.075173815233827,18.271,Small,3.5–4.0
Hunts Point Chinese Restaurant,4.2,212.0,901 Southern Blvd,Bronx,New York,US,,(718) 378-2055,Chinese restaurant,,,,,,,,,,,https://www.google.com/maps/search/?api=1&query=Hunts%20Point%20Chinese%20Restaurant&query_place_id=ChIJFX52Eqv1wokRe7o7gpQgwiY,Chinese restaurant,5.3612921657094255,22.517,Small,4.0–4.5
Frank's Pizza,4.4,259.0,4106 E Tremont Ave,Bronx,New York,US,http://frankspizzatremontave.com/,(718) 824-8070,Pizza restaurant,Italian restaurant,Delivery Restaurant,Restaurant,,,,,,,,https://www.google.com/maps/search/?api=1&query=Frank's%20Pizza&query_place_id=ChIJ7SembhiLwokRqF5B8wZWhGA,Pizza restaurant,5.560681631015528,24.467,Small,4.0–4.5
El Nuevo Pollo Restaurant,4.1,34.0,1587 Watson Ave,Bronx,New York,US,,(646) 758-8484,Dominican restaurant,Latin American restaurant,,,,,,,,,,https://www.google.com/maps/search/?api=1&query=El%20Nuevo%20Pollo%20Restaurant&query_place_id=ChIJQ_VPWY71wokRt6xJ-uROwYU,Dominican restaurant,3.5553480614894135,14.577,Micro,4.0–4.5
Lee's Restaurant,4.3,126.0,626 E 187th St,Bronx,New York,US,,(718) 367-8383,Chinese restaurant,,,,,,,,,,,https://www.google.com/maps/search/?api=1&query=Lee's%20Restaurant&query_place_id=ChIJe9OgMof0wokRiH-GWsXczLE,Chinese restaurant,4.844187086458591,20.83,Small,4.0–4.5
Throggs Neck Fried Chicken and Grill,3.7,15.0,4011 E Tremont Ave,Bronx,New York,US,,(929) 777-9190,Chicken restaurant,,,,,,,,,,,https://www.google.com/maps/search/?api=1&query=Throggs%20Neck%20Fried%20Chicken%20and%20Grill&query_place_id=ChIJ-0AVuciLwokRwppVjZRh_C0,Chicken restaurant,2.772588722239781,10.259,Micro,3.5–4.0
ZION Restaurant & Lounge,4.2,22.0,4371 3rd Ave,Bronx,New York,US,,,Restaurant,,,,,,,,,,,https://www.google.com/maps/search/?api=1&query=ZION%20Restaurant%20%26%20Lounge&query_place_id=ChIJuTOnp4_1wokRA6kLP6uW0Hk,Restaurant,3.1354942159291497,13.169,Micro,4.0–4.5
Estrella Restaurant,3.9,73.0,2051 Webster Ave,Bronx,New York,US,,(718) 329-0166,Restaurant,Delivery Restaurant,,,,,,,,,,https://www.google.com/maps/search/?api=1&query=Estrella%20Restaurant&query_place_id=ChIJGVXpNmX0wokRehMDwabg30Q,Restaurant,4.304065093204169,16.786,Micro,3.5–4.0
La Catrina Mexican Restaurant,4.5,11.0,1163 Manor Ave,Bronx,New York,US,http://lacatrinarest.com/,(716) 666-2197,Mexican restaurant,,,,,,,,,,,https://www.google.com/maps/search/?api=1&query=La%20Catrina%20Mexican%20Restaurant&query_place_id=ChIJuXxz8Lj1wokRUkuetuFiG1E,Mexican restaurant,2.4849066497880004,11.182,Micro,4.0–4.5
Danny's Athens Restaurant,3.4,29.0,1621 Westchester Ave,Bronx,New York,US,,(718) 860-9055,Greek restaurant,Delivery Restaurant,Sandwich shop,,,,,,,,,https://www.google.com/maps/search/?api=1&query=Danny's%20Athens%20Restaurant&query_place_id=ChIJk8zenu_0wokR2Jje_vdVDTM,Greek restaurant,3.4011973816621555,11.564,Micro,3.0–3.5
Great Wall,4.1,161.0,732 E 187th St,Bronx,New York,US,,(718) 365-4294,Chinese restaurant,Delivery Restaurant,Restaurant,,,,,,,,,https://www.google.com/maps/search/?api=1&query=Great%20Wall&query_place_id=ChIJLbuQp4b0wokRQNddVw2FKDo,Chinese restaurant,5.087596335232384,20.859,Small,4.0–4.5
Breaking Bread,4.2,146.0,27 Seguine Ave,Staten Island,New York,US,http://breakingbreadsi.com/,+1 718-356-8989,Italian restaurant,,,,,,,,,,,https://www.google.com/maps/search/?api=1&query=Breaking%20Bread&query_place_id=ChIJbwds9ZZLwokRPR326llEtEA,Italian restaurant,4.990432586778736,20.96,Small,4.0–4.5
Z-Two Restaurant & Lounge,4.3,1619.0,2925 Veterans Rd W,Staten Island,New York,US,http://www.ztwosi.com/,+1 718-356-6800,Diner,Bakery,Bar & grill,Delivery service,Lounge bar,Takeout restaurant,Restaurant,,,,,https://www.google.com/maps/search/?api=1&query=Z-Two%20Restaurant%20%26%20Lounge&query_place_id=ChIJ7-_l40W1w4kR_YnkORi-bGk,Diner,7.3901814282264295,31.778,Popular,4.0–4.5
Andrew’s Diner,4.5,1404.0,4160 Hylan Blvd,Staten Island,New York,US,https://andrewsdiner.com/,+1 718-948-8544,Diner,,,,,,,,,,,https://www.google.com/maps/search/?api=1&query=Andrew%E2%80%99s%20Diner&query_place_id=ChIJW_9gXkpKwokRsLlazpU0MlY,Diner,7.247792581767846,32.615,Popular,4.0–4.5
Hong Kong Kei One,4.5,276.0,4207 Hylan Blvd,Staten Island,New York,US,http://hongkongkeione.com/,+1 718-948-9700,Chinese restaurant,Meal delivery,,,,,,,,,,https://www.google.com/maps/search/?api=1&query=Hong%20Kong%20Kei%20One&query_place_id=ChIJa37ktEtKwokRdcFKL7L2dIE,Chinese restaurant,5.6240175061873385,25.308,Small,4.0–4.5
Millie's of Staten Island,4.3,657.0,185 Bricktown Way,Staten Island,New York,US,https://www.milliesoldworld.com/location/staten-island/,+1 929-284-4004,Italian restaurant,Bar,Pizza restaurant,,,,,,,,,https://www.google.com/maps/search/?api=1&query=Millie's%20of%20Staten%20Island&query_place_id=ChIJf59_Lka1w4kRTD0lCt3h5Pc,Italian restaurant,6.489204931325317,27.904,Popular,4.0–4.5
Panino Rustico of Huguenot Express,4.2,48.0,895 Huguenot Ave,Staten Island,New York,US,https://paninorusticosi.com/,+1 718-605-6464,Sandwich shop,,,,,,,,,,,https://www.google.com/maps/search/?api=1&query=Panino%20Rustico%20of%20Huguenot%20Express&query_place_id=ChIJ5dT3p-BLwokRy1iXaE6-9rI,Sandwich shop,3.8918202981106265,16.346,Micro,4.0–4.5
Yosuki Sushi,4.5,107.0,6410 Amboy Rd,Staten Island,New York,US,http://www.yosukisushi.com/,+1 718-554-4988,Japanese restaurant,,,,,,,,,,,https://www.google.com/maps/search/?api=1&query=Yosuki%20Sushi&query_place_id=ChIJS-qgzPdLwokRo-F3uDo72SY,Japanese restaurant,4.68213122712422,21.07,Small,4.0–4.5
Mike's Place,4.0,756.0,4677 Hylan Blvd,Staten Island,New York,US,https://mikesdinersi.com/,+1 718-984-9479,Diner,American restaurant,Breakfast restaurant,Brunch restaurant,Greek restaurant,Hamburger restaurant,,,,,,https://www.google.com/maps/search/?api=1&query=Mike's%20Place&query_place_id=ChIJkX5Sn1tKwokRfc_kEteiM5M,Diner,6.6293632534374485,26.517,Popular,3.5–4.0
Amici Brick Oven Pizza,4.5,192.0,6309 Amboy Rd,Staten Island,New York,US,http://amicibrickoven.com/,+1 718-356-6060,Pizza delivery,Pizza restaurant,Pizza takeaway,,,,,,,,,https://www.google.com/maps/search/?api=1&query=Amici%20Brick%20Oven%20Pizza&query_place_id=ChIJW1YGGrNKwokRtPzrBsMeOmY,Pizza delivery,5.262690188904886,23.682,Small,4.0–4.5
Moonbeam Great Kills Marina,4.5,103.0,3270 Hylan Blvd,Staten Island,New York,US,http://mgkmarina.com/,+1 718-351-8476,Marina,Boat club,Boat ramp,Boat storage facility,Fishing store,Houseboat rental service,Park,Playground,Snack bar,Yacht club,,https://www.google.com/maps/search/?api=1&query=Moonbeam%20Great%20Kills%20Marina&query_place_id=ChIJm1u0QN5LwokRqbpmazfylVk,Marina,4.6443908991413725,20.9,Small,4.0–4.5
Good Taste,4.5,96.0,4215 Hylan Blvd,Staten Island,New York,US,http://goodtastesi.com/,+1 718-356-3800,Chinese restaurant,Asian restaurant,Catering food and drink supplier,Delivery Chinese restaurant,Delivery service,Food products supplier,Meal delivery,,,,,https://www.google.com/maps/search/?api=1&query=Good%20Taste&query_place_id=ChIJv6TotUtKwokRRn63t2k7dlM,Chinese restaurant,4.574710978503383,20.586,Micro,4.0–4.5
Better Gourmet Health Kitchen,4.6,148.0,877 Huguenot Ave,Staten Island,New York,US,http://www.justeatbetter.com/,+1 718-984-1900,Health food restaurant,Health food store,Juice shop,Restaurant,,,,,,,,https://www.google.com/maps/search/?api=1&query=Better%20Gourmet%20Health%20Kitchen&query_place_id=ChIJUcDwmelKwokRBaul5amwsD0,Health food restaurant,5.003946305945459,23.018,Small,4.5–5.0
Tejanos Taqueria,4.2,78.0,895 Huguenot Ave,Staten Island,New York,US,https://www.tejanostaqueria.com/,+1 718-908-2227,Restaurant,,,,,,,,,,,https://www.google.com/maps/search/?api=1&query=Tejanos%20Taqueria&query_place_id=ChIJESPt02dLwokR4HCfaC9RxAI,Restaurant,4.3694478524670215,18.352,Micro,4.0–4.5
Bravo African Restaurant,4.1,360.0,1473 Westchester Ave,Bronx,New York,US,,(929) 263-1432,Family restaurant,,,,,,,,,,,https://www.google.com/maps/search/?api=1&query=Bravo%20African%20Restaurant&query_place_id=ChIJc37Ia_r0wokR9K3UojjpERY,Family restaurant,5.8888779583328805,24.144,Small,4.0–4.5
The Point African Restaurant,3.6,204.0,2037 Webster Ave # 1,Bronx,New York,US,,(347) 270-1985,West African restaurant,,,,,,,,,,,https://www.google.com/maps/search/?api=1&query=The%20Point%20African%20Restaurant&query_place_id=ChIJPcDrR2X0wokRoQNCfYZPhrI,West African restaurant,5.3230099791384085,19.163,Small,3.5–4.0
AFRICAN RESTAURANT,5.0,1.0,1196 Evergreen Ave,Bronx,New York,US,,(212) 666-9400,Restaurant,,,,,,,,,,,https://www.google.com/maps/search/?api=1&query=AFRICAN%20RESTAURANT&query_place_id=ChIJeUWZaPr0wokRTzesJAVMYPg,Restaurant,0.6931471805599453,3.466,Micro,4.5–5.0
Chinelos Mexican Restaurant,4.1,86.0,695 E 187th St,Bronx,New York,US,http://chinelosbx.com/,(718) 684-6583,Restaurant,Deli,,,,,,,,,,https://www.google.com/maps/search/?api=1&query=Chinelos%20Mexican%20Restaurant&query_place_id=ChIJK5XVy4b0wokR0QR-HXX3fLo,Restaurant,4.465908118654584,18.31,Micro,4.0–4.5
Xin Xing Chinese Restaurant,3.6,65.0,1520 Metropolitan Ave,Bronx,New York,US,,(718) 792-6868,Chinese restaurant,,,,,,,,,,,https://www.google.com/maps/search/?api=1&query=Xin%20Xing%20Chinese%20Restaurant&query_place_id=ChIJf328LHr1wokRthN4r09KHs0,Chinese restaurant,4.189654742026425,15.083,Micro,3.5–4.0
Quality Food Chinese Restaurant,3.8,41.0,3573 E Tremont Ave,Bronx,New York,US,,(718) 828-8822,Chinese restaurant,,,,,,,,,,,https://www.google.com/maps/search/?api=1&query=Quality%20Food%20Chinese%20Restaurant&query_place_id=ChIJjTLihf6LwokR4uRsCphhG_A,Chinese restaurant,3.7376696182833684,14.203,Micro,3.5–4.0
China Garden Restaurant,4.0,117.0,1205 Stratford Ave,Bronx,New York,US,,(718) 617-6246,Chinese restaurant,Delivery Restaurant,,,,,,,,,,https://www.google.com/maps/search/?api=1&query=China%20Garden%20Restaurant&query_place_id=ChIJ_yiz7O_0wokRP7VbRZlI4dg,Chinese restaurant,4.770684624465665,19.083,Small,3.5–4.0
Taco's Puebla # 1,3.7,240.0,2181 Grand Concourse,Bronx,New York,US,https://tacospueblarestaurant1ny.com/,(718) 220-5463,Mexican restaurant,Delivery Restaurant,,,,,,,,,,https://www.google.com/maps/search/?api=1&query=Taco's%20Puebla%20%23%201&query_place_id=ChIJs-Mwl3D0wokRFLXD93pq12Y,Mexican restaurant,5.484796933490655,20.294,Small,3.5–4.0
Majestic Dominican Restaurant,3.6,362.0,711 E 187th St,Bronx,New York,US,https://majesticrestaurantnyc.com/,(718) 618-0032,Dominican restaurant,Caribbean restaurant,Delivery Restaurant,,,,,,,,,https://www.google.com/maps/search/?api=1&query=Majestic%20Dominican%20Restaurant&query_place_id=ChIJeeKTsYb0wokRhTb_J_6i8Fs,Dominican restaurant,5.8944028342648505,21.22,Small,3.5–4.0
D'Angelo's Pizzeria & Restaurant,3.9,159.0,1160 Pugsley Ave,Bronx,New York,US,https://www.dangelospizzabronx.com/,(718) 518-1010,Pizza restaurant,Delivery Restaurant,Takeout Restaurant,Pizza delivery,,,,,,,,https://www.google.com/maps/search/?api=1&query=D'Angelo's%20Pizzeria%20%26%20Restaurant&query_place_id=ChIJ0zJsK8T0wokRdJLSyZ7Thus,Pizza restaurant,5.075173815233827,19.793,Small,3.5–4.0
Five Guys,3.9,502.0,815 Hutchinson Riv Pkwy,Bronx,New York,US,https://restaurants.fiveguys.com/815-hutchinson-river-pkwy,(347) 853-7878,Fast food restaurant,American restaurant,Hamburger restaurant,Hot dog restaurant,Hot dog stand,Restaurant,,,,,,https://www.google.com/maps/search/?api=1&query=Five%20Guys&query_place_id=ChIJVYorczKLwokRKGLb_1bbx50,Fast food restaurant,6.220590170099739,24.26,Popular,3.5–4.0
Flying Dragon Chinese Restaurant,3.6,98.0,1183 Morrison Ave,Bronx,New York,US,http://theflyingdragonbronx.com/,(718) 991-4530,Chinese restaurant,,,,,,,,,,,https://www.google.com/maps/search/?api=1&query=Flying%20Dragon%20Chinese%20Restaurant&query_place_id=ChIJ6YDpd-_0wokRNIeS7WVVSPA,Chinese restaurant,4.59511985013459,16.542,Micro,3.5–4.0
J Alexis Deli restaurant,3.6,38.0,953 Aldus St,Bronx,New York,US,,(917) 259-7420,Mexican restaurant,,,,,,,,,,,https://www.google.com/maps/search/?api=1&query=J%20Alexis%20Deli%20restaurant&query_place_id=ChIJv-xgCFX0wokRhg3zMYe72Tc,Mexican restaurant,3.6635616461296463,13.189,Micro,3.5–4.0
Wingstop,4.1,53.0,3821 E Tremont Ave,Bronx,New York,US,https://www.wingstop.com/location/wingstop-2853-bronx-ny-10465/menu?y_source=1_MTA4OTIzODUxNi03MTUtbG9jYXRpb24ud2Vic2l0ZQ%3D%3D,(646) 769-9464,Chicken wings restaurant,Chicken restaurant,Restaurant,,,,,,,,,https://www.google.com/maps/search/?api=1&query=Wingstop&query_place_id=ChIJR5m_vUiLwokR6RGBiLruqQU,Chicken wings restaurant,3.9889840465642745,16.355,Micro,4.0–4.5
BX Lobster,4.6,89.0,48 Westchester Square,Bronx,New York,US,,(347) 293-8064,Restaurant,,,,,,,,,,,https://www.google.com/maps/search/?api=1&query=BX%20Lobster&query_place_id=ChIJkTOE4Yz1wokRAqN5GceUXlI,Restaurant,4.499809670330265,20.699,Micro,4.5–5.0
Mya's Bar & Kitchen,4.4,91.0,3841 E Tremont Ave,Bronx,New York,US,https://myaskitchen.com/,,Jamaican restaurant,Fine dining restaurant,Takeout Restaurant,Restaurant,,,,,,,,https://www.google.com/maps/search/?api=1&query=Mya's%20Bar%20%26%20Kitchen&query_place_id=ChIJLU9Mk7T1wokRnL2EwfVlTfI,Jamaican restaurant,4.5217885770490405,19.896,Micro,4.0–4.5
Charleys Cheesesteaks,3.6,88.0,815 Hutchinson Riv Pkwy # 2,Bronx,New York,US,https://order.charleys.com/menu/throggs-neck/,(347) 293-7421,Sandwich shop,,,,,,,,,,,https://www.google.com/maps/search/?api=1&query=Charleys%20Cheesesteaks&query_place_id=ChIJ0XaBXs2LwokROhxngcUdGWw,Sandwich shop,4.48863636973214,16.159,Micro,3.5–4.0
Bari Restaurant,3.0,3.0,1412 Castle Hill Ave,Bronx,New York,US,http://www.barirestaurant.com/,(718) 409-3940,Restaurant,,,,,,,,,,,https://www.google.com/maps/search/?api=1&query=Bari%20Restaurant&query_place_id=ChIJRZuHarn1wokRYF7URok9FdU,Restaurant,1.3862943611198906,4.159,Micro,<3.0
Subway,2.4,75.0,1885 Westchester Ave,Bronx,New York,US,https://restaurants.subway.com/united-states/ny/bronx/1885-westchester-ave?utm_source=yxt-goog&utm_medium=local&utm_term=acq&utm_content=18573&utm_campaign=evergreen-2020&y_source=1_MTQ5MDAyMTgtNzE1LWxvY2F0aW9uLndlYnNpdGU%3D,(718) 684-1975,Sandwich shop,Caterer,Fast food restaurant,Takeout Restaurant,Restaurant,,,,,,,https://www.google.com/maps/search/?api=1&query=Subway&query_place_id=ChIJcYEDmcH0wokRdBq76bvcHew,Sandwich shop,4.330733340286331,10.394,Micro,<3.0
Subway,3.3,96.0,1646 Bruckner Blvd,Bronx,New York,US,https://restaurants.subway.com/united-states/ny/bronx/1646-bruckner-boulevard?utm_source=yxt-goog&utm_medium=local&utm_term=acq&utm_content=45225&utm_campaign=evergreen-2020&y_source=1_MTQ5MTM0MzItNzE1LWxvY2F0aW9uLndlYnNpdGU%3D,(718) 842-1280,Sandwich shop,Caterer,Fast food restaurant,Takeout Restaurant,Restaurant,,,,,,,https://www.google.com/maps/search/?api=1&query=Subway&query_place_id=ChIJW5x-ezOLwokRi8zBK5W4eNU,Sandwich shop,4.574710978503383,15.097,Micro,3.0–3.5
Subway,3.7,139.0,2173A White Plains Rd,Bronx,New York,US,https://restaurants.subway.com/united-states/ny/bronx/2173a-white-plains-road?utm_source=yxt-goog&utm_medium=local&utm_term=acq&utm_content=52646&utm_campaign=evergreen-2020&y_source=1_MTQ4OTgwNjUtNzE1LWxvY2F0aW9uLndlYnNpdGU%3D,(718) 684-1582,Sandwich shop,Caterer,Fast food restaurant,Takeout Restaurant,Restaurant,,,,,,,https://www.google.com/maps/search/?api=1&query=Subway&query_place_id=ChIJLwbIBJ_0wokRKxJATxAsudc,Sandwich shop,4.941642422609304,18.284,Small,3.5–4.0
El Nuevo Amanecer Restaurant,3.7,3.0,500 Morris Park Ave,Bronx,New York,US,https://www.grubhub.com/restaurant/el-nuevo-amanecer-restaurant-sport-bar-500-morris-park-ave-bronx/451529,(347) 281-8500,Dominican restaurant,,,,,,,,,,,https://www.google.com/maps/search/?api=1&query=El%20Nuevo%20Amanecer%20Restaurant&query_place_id=ChIJA_sZjZP0wokRoX2UiojmYOk,Dominican restaurant,1.3862943611198906,5.129,Micro,3.5–4.0
Restaurant Con Sabor A Mexico,3.4,13.0,1508 Westchester Ave,Bronx,New York,US,,,Mexican restaurant,Latin American restaurant,,,,,,,,,,https://www.google.com/maps/search/?api=1&query=Restaurant%20Con%20Sabor%20A%20Mexico&query_place_id=ChIJg4ENj_r0wokRSJC3xhxhI_8,Mexican restaurant,2.639057329615259,8.973,Micro,3.0–3.5
J Flava's Jamaican & American Restaurant,2.7,3.0,,Bronx,New York,US,,(718) 684-4121,Restaurant,,,,,,,,,,,https://www.google.com/maps/search/?api=1&query=J%20Flava's%20Jamaican%20%26%20American%20Restaurant&query_place_id=ChIJzzFvgp_0wokRilK4XhvTkck,Restaurant,1.3862943611198906,3.743,Micro,<3.0
Cucumber Sushi & Salad Bar on Hylan,4.4,139.0,4215c Hylan Blvd,Staten Island,New York,US,https://cucumberhylan.com/,+1 718-605-9500,Sushi restaurant,Asian restaurant,Bar,,,,,,,,,https://www.google.com/maps/search/?api=1&query=Cucumber%20Sushi%20%26%20Salad%20Bar%20on%20Hylan&query_place_id=ChIJv6TotUtKwokRkwAZ1IWd1GA,Sushi restaurant,4.941642422609304,21.743,Small,4.0–4.5
IL Forno Pizzeria,4.4,114.0,6382 Amboy Rd,Staten Island,New York,US,https://www.ilfornopizzastatenisland.com/,+1 718-317-1251,Pizza restaurant,Takeout restaurant,Pizza delivery,Pizza takeaway,,,,,,,,https://www.google.com/maps/search/?api=1&query=IL%20Forno%20Pizzeria&query_place_id=ChIJn-IPwrJKwokRMB7jnZmWDbU,Pizza restaurant,4.74493212836325,20.878,Small,4.0–4.5
Cucumber Sushi & Salad Bar,4.3,204.0,5834 Amboy Rd,Staten Island,New York,US,https://www.cucumbersushi.com/,+1 718-966-1118,Sushi restaurant,Asian fusion restaurant,Asian restaurant,Japanese restaurant,,,,,,,,https://www.google.com/maps/search/?api=1&query=Cucumber%20Sushi%20%26%20Salad%20Bar&query_place_id=ChIJQbuw4bhKwokRgh9rEB77Z9k,Sushi restaurant,5.3230099791384085,22.889,Small,4.0–4.5
New Island,3.9,135.0,27 Seguine Ave,Staten Island,New York,US,http://www.newislandsi.com/,+1 718-317-6433,Chinese restaurant,,,,,,,,,,,https://www.google.com/maps/search/?api=1&query=New%20Island&query_place_id=ChIJeTIF1rhKwokRtNPaTSH0Saw,Chinese restaurant,4.912654885736052,19.159,Small,3.5–4.0
Kuzina,3.7,165.0,895 Huguenot Ave,Staten Island,New York,US,https://whereyoueat.com/Kuzina-Huguenot-601.html,+1 718-227-2700,Greek restaurant,Meal delivery,Restaurant,,,,,,,,,https://www.google.com/maps/search/?api=1&query=Kuzina&query_place_id=ChIJtyuqnOlKwokRQB2Sq0G-xZc,Greek restaurant,5.111987788356544,18.914,Small,3.5–4.0
Pizza Mia,4.6,11.0,896 Huguenot Ave Suite 1,Staten Island,New York,US,https://www.realpizzamia.com/?utm_source=gbp,+1 718-554-4439,Pizza restaurant,Pizza delivery,Pizza takeaway,,,,,,,,,https://www.google.com/maps/search/?api=1&query=Pizza%20Mia&query_place_id=ChIJtUwglKhLwokRQX5HW667aac,Pizza restaurant,2.4849066497880004,11.431,Micro,4.5–5.0
Baya Bar - Acai & Smoothie Shop,4.6,194.0,6833 Amboy Rd,Staten Island,New York,US,https://bayabar.com/,+1 718-360-5005,Health food restaurant,,,,,,,,,,,https://www.google.com/maps/search/?api=1&query=Baya%20Bar%20-%20Acai%20%26%20Smoothie%20Shop&query_place_id=ChIJjezkd1q1w4kRFR576JgZP9M,Health food restaurant,5.272999558563747,24.256,Small,4.5–5.0
Fine Italian Restaurant,4.0,1.0,,Staten Island,New York,US,,,Italian restaurant,,,,,,,,,,,https://www.google.com/maps/search/?api=1&query=Fine%20Italian%20Restaurant&query_place_id=ChIJGTIUSUpKwokRniLkzhPXJno,Italian restaurant,0.6931471805599453,2.773,Micro,3.5–4.0
Domenico's Pizza & Pasta,4.2,258.0,5838 Amboy Rd,Staten Island,New York,US,https://www.domenicospizzeriamenu.com/?utm_source=gbp,+1 718-966-0114,Pizza restaurant,Italian restaurant,Meal delivery,,,,,,,,,https://www.google.com/maps/search/?api=1&query=Domenico's%20Pizza%20%26%20Pasta&query_place_id=ChIJwQP44bhKwokRWXS0Y30NbEQ,Pizza restaurant,5.556828061699537,23.339,Small,4.0–4.5
Ciro Pizza Cafe,4.1,577.0,862 Huguenot Ave,Staten Island,New York,US,http://www.ciropizzacafes.com/,+1 718-605-0620,Pizza restaurant,Meal delivery,,,,,,,,,,https://www.google.com/maps/search/?api=1&query=Ciro%20Pizza%20Cafe&query_place_id=ChIJtYIQlelKwokRKVK_qO2XY04,Pizza restaurant,6.359573868672378,26.074,Popular,4.0–4.5
Pronto Pizza Pasta,4.3,341.0,2935 Veterans Rd W,Staten Island,New York,US,http://www.prontopizzany.com/,+1 718-356-2500,Pizza restaurant,Italian restaurant,Pizza delivery,Pizza takeaway,,,,,,,,https://www.google.com/maps/search/?api=1&query=Pronto%20Pizza%20Pasta&query_place_id=ChIJKxTK0EO1w4kRhmq7MtobXrA,Pizza restaurant,5.834810737062605,25.09,Small,4.0–4.5
Chopsticks House,4.0,72.0,895 Huguenot Ave,Staten Island,New York,US,http://www.chopstickshousesi.com/,+1 718-605-4230,Chinese restaurant,Meal delivery,,,,,,,,,,https://www.google.com/maps/search/?api=1&query=Chopsticks%20House&query_place_id=ChIJx_l-m-lKwokRXWbFoqCvVXY,Chinese restaurant,4.290459441148391,17.162,Micro,3.5–4.0
Vitalia,4.7,105.0,2935 Veterans Rd W,Staten Island,New York,US,,+1 718-368-6198,Restaurant,,,,,,,,,,,https://www.google.com/maps/search/?api=1&query=Vitalia&query_place_id=ChIJIRfP-6K1w4kRYGcgz3Oh1GM,Restaurant,4.663439094112067,21.918,Small,4.5–5.0
Chipotle Mexican Grill,2.4,59.0,185 Bricktown Way,Staten Island,New York,US,https://locations.chipotle.com/ny/staten-island/185-bricktown-way?utm_source=google&utm_medium=yext&utm_campaign=yext_listings?restaurant=5447,+1 929-661-2171,Mexican restaurant,Caterer,Fast food restaurant,,,,,,,,,https://www.google.com/maps/search/?api=1&query=Chipotle%20Mexican%20Grill&query_place_id=ChIJh-uOagC1w4kRSMA7SvjKxwk,Mexican restaurant,4.0943445622221,9.826,Micro,<3.0
Wendy's,3.8,752.0,6420 Amboy Rd,Staten Island,New York,US,https://locations.wendys.com/united-states/ny/staten-island/6420-amboy-road?utm_source=Yext&utm_medium=Google_My_Business&utm_campaign=Local_Search,+1 718-967-3911,Fast food restaurant,Hamburger restaurant,Restaurant,,,,,,,,,https://www.google.com/maps/search/?api=1&query=Wendy's&query_place_id=ChIJ27bnkrJKwokRpOfDJWFjGpw,Fast food restaurant,6.6240652277998935,25.171,Popular,3.5–4.0
Subway,4.0,98.0,303 A Page Ave,Staten Island,New York,US,https://restaurants.subway.com/united-states/ny/staten-island/303-a-page-ave?utm_source=yxt-goog&utm_medium=local&utm_term=acq&utm_content=11305&utm_campaign=evergreen-2020&y_source=1_MTQ4OTczNDEtNzE1LWxvY2F0aW9uLndlYnNpdGU=,+1 718-356-0662,Sandwich shop,Caterer,Fast food restaurant,Takeout restaurant,Restaurant,,,,,,,https://www.google.com/maps/search/?api=1&query=Subway&query_place_id=ChIJ1_UebVm1w4kRV3k-1GSarWg,Sandwich shop,4.59511985013459,18.38,Micro,3.5–4.0
Daddy O's BBQ & Sports Bar,4.0,319.0,185 Bricktown Way,Staten Island,New York,US,http://daddyosbbqnyc.com/,+1 347-215-2133,Barbecue restaurant,American restaurant,Children's party buffet,Children's party service,Family restaurant,Hamburger restaurant,Meat dish restaurant,Movie theater,Seafood restaurant,Sports bar,,https://www.google.com/maps/search/?api=1&query=Daddy%20O's%20BBQ%20%26%20Sports%20Bar&query_place_id=ChIJC9SNPUm1w4kRajLLFCvIlbI,Barbecue restaurant,5.768320995793772,23.073,Small,3.5–4.0
Domino's Pizza,3.5,73.0,6410 Amboy Rd,Staten Island,New York,US,https://www.dominos.com/en/?utm_source=google&utm_medium=loclist&utm_campaign=localmaps,+1 347-705-7411,Pizza delivery,Chicken wings restaurant,Pizza restaurant,Pizza takeaway,,,,,,,,https://www.google.com/maps/search/?api=1&query=Domino's%20Pizza&query_place_id=ChIJjYtPi7NLwokR0KStPUc2hUI,Pizza delivery,4.304065093204169,15.064,Micro,3.0–3.5
Dunkin',3.7,76.0,"In ShopRite, 2449 Veterans Rd W",Staten Island,NY,US,https://locations.dunkindonuts.com/en/ny/staten-island/2449-veterans-rd-w/356135?utm_source=google&utm_medium=local&utm_campaign=localmaps&utm_content=356135&y_source=1_MTIxMDk1OTgtNzE1LWxvY2F0aW9uLndlYnNpdGU%3D,+1 646-247-3086,Coffee shop,Bagel shop,Bakery,Breakfast restaurant,Donut shop,Fast food restaurant,Takeout restaurant,,,,,https://www.google.com/maps/search/?api=1&query=Dunkin'&query_place_id=ChIJ0Wjfq0a1w4kRehgWC2trwQw,Coffee shop,4.343805421853684,16.072,Micro,3.5–4.0
Dunkin',3.7,88.0,"Amboy Plaza, 6390 Amboy Rd",Staten Island,NY,US,https://locations.dunkindonuts.com/en/ny/staten-island/6390-amboy-rd/339101?utm_source=google&utm_medium=local&utm_campaign=localmaps&utm_content=339101&y_source=1_MTIxMDY3OTUtNzE1LWxvY2F0aW9uLndlYnNpdGU%3D,+1 347-273-8161,Coffee shop,Bagel shop,Bakery,Breakfast restaurant,Donut shop,Fast food restaurant,Takeout restaurant,,,,,https://www.google.com/maps/search/?api=1&query=Dunkin'&query_place_id=ChIJ9xCIr7JKwokRoSPAJ8Wv22s,Coffee shop,4.48863636973214,16.608,Micro,3.5–4.0
Dunkin',3.8,215.0,901 Huguenot Ave,Staten Island,New York,US,https://locations.dunkindonuts.com/en/ny/staten-island/901-huguenot-ave/337663?utm_source=google&utm_medium=local&utm_campaign=localmaps&utm_content=337663&y_source=1_MTIxMDc3NzgtNzE1LWxvY2F0aW9uLndlYnNpdGU%3D,+1 347-838-6426,Coffee shop,Bagel shop,Bakery,Breakfast restaurant,Donut shop,Fast food restaurant,Takeout restaurant,,,,,https://www.google.com/maps/search/?api=1&query=Dunkin'&query_place_id=ChIJlfYHg-lKwokRo6At24Za7iA,Coffee shop,5.375278407684165,20.426,Small,3.5–4.0
Route Bar Restaurant,4.7,14.0,2026 Webster Ave,Bronx,New York,US,,(917) 471-9556,Dominican restaurant,,,,,,,,,,,https://www.google.com/maps/search/?api=1&query=Route%20Bar%20Restaurant&query_place_id=ChIJt8aPGhL1wokRGjRazZ93jRQ,Dominican restaurant,2.70805020110221,12.728,Micro,4.5–5.0
Lava Rock Kitchen,4.6,237.0,2119 Starling Ave 2nd Floor,Bronx,New York,US,https://www.lavarockkitchen.com/,(718) 785-0048,Restaurant,Halal restaurant,Italian restaurant,,,,,,,,,https://www.google.com/maps/search/?api=1&query=Lava%20Rock%20Kitchen&query_place_id=ChIJYZtTKRf1wokRhIdo4iq_o1o,Restaurant,5.472270673671475,25.172,Small,4.5–5.0
Reef Restaurant & Bar,4.4,773.0,108-02 72nd Ave,Forest Hills,New York,US,http://www.reef-restaurant.com/,(718) 487-4564,Seafood restaurant,Bar,,,,,,,,,,https://www.google.com/maps/search/?api=1&query=Reef%20Restaurant%20%26%20Bar&query_place_id=ChIJn0qnpSBewokR5nuxfujgvtE,Seafood restaurant,6.651571873589727,29.267,Popular,4.0–4.5
Park Side Restaurant,4.6,3302.0,107-01 Corona Ave.,Corona,New York,US,https://www.parksiderestaurantny.com/,(718) 271-9871,Italian restaurant,Restaurant,,,,,,,,,,https://www.google.com/maps/search/?api=1&query=Park%20Side%20Restaurant&query_place_id=ChIJi92ZUM5fwokRekBGVkRa6jw,Italian restaurant,8.10258642539079,37.272,Viral,4.5–5.0
O Lavrador,4.5,1578.0,138-40 101st Ave,Jamaica,New York,US,http://www.olavradorrestaurant.com/,(718) 526-1526,Portuguese restaurant,Barbecue restaurant,Continental restaurant,Restaurant,Seafood restaurant,Sports bar,Tapas bar,Tapas restaurant,,,,https://www.google.com/maps/search/?api=1&query=O%20Lavrador&query_place_id=ChIJk6-kys1gwokRkAcfjddGyRk,Portuguese restaurant,7.364547014255642,33.14,Popular,4.0–4.5
The Alcove,4.8,1289.0,41-11 49th St,Sunnyside,New York,US,https://www.facebook.com/thealcoveny/,(347) 813-4159,Tapas bar,,,,,,,,,,,https://www.google.com/maps/search/?api=1&query=The%20Alcove&query_place_id=ChIJ0b9gfCBfwokRTfIxngqx190,Tapas bar,7.162397497355718,34.38,Popular,4.5–5.0
Pop’s Cocina & Bar,4.3,754.0,85-22 Jamaica Ave,Woodhaven,New York,US,https://popscocinabar.revelup.com/weborder/?establishment=1,(718) 846-2037,Restaurant,American restaurant,Bar,Breakfast restaurant,Brunch restaurant,Dominican restaurant,Hamburger restaurant,Seafood restaurant,Spanish restaurant,Steak house,,https://www.google.com/maps/search/?api=1&query=Pop%E2%80%99s%20Cocina%20%26%20Bar&query_place_id=ChIJIQ4bDeRdwokR_BBhTMGHD7o,Restaurant,6.626717749249025,28.495,Popular,4.0–4.5
Lenny's Clam Bar,4.4,3282.0,161-03 Cross Bay Blvd,Howard Beach,New York,US,http://lennysclambar.com/,(718) 845-5100,Seafood restaurant,Bar & grill,Italian restaurant,Restaurant,,,,,,,,https://www.google.com/maps/search/?api=1&query=Lenny's%20Clam%20Bar&query_place_id=ChIJJZUbfH9nwokRB4PiUl_hUls,Seafood restaurant,8.096512917501594,35.625,Viral,4.0–4.5
Louie's,4.8,1933.0,81-34 Baxter Ave #1,Elmhurst,New York,US,https://www.instagram.com/louiespizza?igsh=MThuNDVvZ2l2bTVkMQ==,(718) 440-9346,Pizza restaurant,Bar,Italian restaurant,Delivery Restaurant,,,,,,,,https://www.google.com/maps/search/?api=1&query=Louie's&query_place_id=ChIJxUnkValfwokRiMyos0C4j1M,Pizza restaurant,7.56734567601324,36.323,Popular,4.5–5.0
Vetro Restaurant & Lounge,4.6,1765.0,164-49 Cross Bay Blvd,Howard Beach,New York,US,https://vetronyc.com/?utm_source=gbp&utm_medium=organic&utm_campaign=Websites+Vetro,(718) 843-8387,Italian restaurant,Bar,Event venue,Fine dining restaurant,Restaurant,Wedding venue,,,,,,https://www.google.com/maps/search/?api=1&query=Vetro%20Restaurant%20%26%20Lounge&query_place_id=ChIJDUv9tYZnwokRrU6L3xqMmSA,Italian restaurant,7.476472381163905,34.392,Popular,4.5–5.0
El Castillo del Pollo Restaurant,4.2,838.0,128-08 111th Ave,South Ozone Park,New York,US,https://www.google.com/search?q=El+Castillo+del+Pollo+Restaurant&stick=H4sIAAAAAAAA_-NgU1IxqLCwTDYyMzc2NzYzSTZONUyxMqhINEo2sTAwTks2MLI0SzJbxKrgmqPgnFhckpmTk6-QkpqjEJAPYgWlFpcklhYl5pUAAK7iyh5LAAAA&hl=en&mat=CWcuhN6oAZBHElYBYJahaewPuxUFMBLb55RV0urT23NVULYDoFbpbF0Zu23ghw9jy-SIwOTa31mdC0FIT56Y67xeNCgeZ0aOS0ZJK1bVd-kpCUaSQYKDePOs-UJ8w9tubw&authuser=0,(718) 845-4071,Dominican restaurant,Spanish restaurant,,,,,,,,,,https://www.google.com/maps/search/?api=1&query=El%20Castillo%20del%20Pollo%20Restaurant&query_place_id=ChIJHT5MNjdnwokRtpYC_ANILAo,Dominican restaurant,6.732210706467206,28.275,Popular,4.0–4.5
Union Bistro Steakhouse and Sushi,4.8,291.0,190-11 Union Tpke,Fresh Meadows,New York,US,https://unionbistronyc.com/?utm_source=GMB&utm_medium=Website%20Button&utm_id=unionbistronyc,(718) 464-0005,Restaurant,Kosher restaurant,Steak house,,,,,,,,,https://www.google.com/maps/search/?api=1&query=Union%20Bistro%20Steakhouse%20and%20Sushi&query_place_id=ChIJVx9SFathwokRRvbjJ_2nOBA,Restaurant,5.676753802268282,27.248,Small,4.5–5.0
Kuku Korean Cuisine Forest Hills,4.5,359.0,107-12 70th Rd,Forest Hills,New York,US,https://eatkuku.com/,(718) 268-8886,Korean restaurant,,,,,,,,,,,https://www.google.com/maps/search/?api=1&query=Kuku%20Korean%20Cuisine%20Forest%20Hills&query_place_id=ChIJJ4nH0HNfwokRguSIyQ-34ao,Korean restaurant,5.886104031450156,26.487,Small,4.0–4.5
Barosa,4.4,1451.0,62-29 Woodhaven Blvd,Rego Park,New York,US,http://www.barosas.com/,(718) 424-1455,Italian restaurant,Pizza restaurant,Restaurant,,,,,,,,,https://www.google.com/maps/search/?api=1&query=Barosa&query_place_id=ChIJQVoljUZewokRLMh1i2VOZD4,Italian restaurant,7.280697195384741,32.035,Popular,4.0–4.5
Carmine's Corona Eats,4.5,55.0,45-05B 104th St,Corona,New York,US,https://www.coronalovestoeat.com/,(646) 861-8395,American restaurant,Restaurant,,,,,,,,,,https://www.google.com/maps/search/?api=1&query=Carmine's%20Corona%20Eats&query_place_id=ChIJY9PryXpfwokRqZ4DA331NII,American restaurant,4.02535169073515,18.114,Micro,4.0–4.5
Kantu Peruvian Cuisine Restaurant,4.5,1113.0,105-07 Metropolitan Ave,Forest Hills,New York,US,https://www.kantuperuvianrestaurant.com/,(347) 531-0873,Peruvian restaurant,Bar,Chicken restaurant,Latin American restaurant,Delivery Restaurant,Takeout Restaurant,Seafood restaurant,Steak house,Tapas bar,,,https://www.google.com/maps/search/?api=1&query=Kantu%20Peruvian%20Cuisine%20Restaurant&query_place_id=ChIJE2bYg2VewokRWxC0J6EqGdA,Peruvian restaurant,7.01571242048723,31.571,Popular,4.0–4.5
Caridad,4.0,781.0,90-19 Jamaica Ave,Woodhaven,New York,US,,(718) 847-7575,Dominican restaurant,Delivery Restaurant,,,,,,,,,,https://www.google.com/maps/search/?api=1&query=Caridad&query_place_id=ChIJbxvhS-NdwokRVDAY6IOlfek,Dominican restaurant,6.661854740545311,26.647,Popular,3.5–4.0
The Cottage restaurant bar,4.4,482.0,108-07 72nd Ave,Forest Hills,New York,US,http://www.cottagenyc.com/,(718) 480-8052,Irish restaurant,Caterer,Hamburger restaurant,Lunch restaurant,Takeout Restaurant,Seafood restaurant,Steak house,,,,,https://www.google.com/maps/search/?api=1&query=The%20Cottage%20restaurant%20bar&query_place_id=ChIJx_PePXNfwokRERDpPk6YQ_g,Irish restaurant,6.180016653652572,27.192,Small,4.0–4.5
Sangria,4.4,792.0,95-41 Sutphin Blvd,Jamaica,New York,US,https://www.sangriany.com/,(718) 291-7488,Tapas restaurant,Bar,Spanish restaurant,,,,,,,,,https://www.google.com/maps/search/?api=1&query=Sangria&query_place_id=ChIJnRF5zNFgwokRMNUKV9PlJ28,Tapas restaurant,6.675823221634848,29.374,Popular,4.0–4.5
Bedford Gardens,4.7,373.0,172 Bedford Ave,Brooklyn,New York,US,https://www.instagram.com/bedford__gardens?igsh=OWx1bW81M3U4YWV3,+1 347-844-9008,Vietnamese restaurant,Garden,Pho restaurant,Sushi restaurant,Wine bar,,,,,,,https://www.google.com/maps/search/?api=1&query=Bedford%20Gardens&query_place_id=ChIJqdEJl-pZwokRBDhYkP_ocL0,Vietnamese restaurant,5.924255797414532,27.844,Small,4.5–5.0
Sumatera Restaurant NYC,4.8,862.0,86-20 Whitney Ave,Elmhurst,New York,US,http://linktr.ee/sumatera.nyc,+1 347-448-6297,Indonesian restaurant,Restaurant,,,,,,,,,,https://www.google.com/maps/search/?api=1&query=Sumatera%20Restaurant%20NYC&query_place_id=ChIJ21T-e6xfwokRy_clAmiiMDg,Indonesian restaurant,6.760414691083428,32.45,Popular,4.5–5.0
Manducatis,4.6,477.0,13-27 Jackson Ave,Long Island City,New York,US,http://manducatis.com/,+1 718-729-4602,Southern Italian restaurant,Italian restaurant,Restaurant,,,,,,,,,https://www.google.com/maps/search/?api=1&query=Manducatis&query_place_id=ChIJEz0N7yVZwokRKrOYsmXkKSY,Southern Italian restaurant,6.169610732491456,28.38,Small,4.5–5.0
Marani Restaurant,4.7,1110.0,97-26 63rd Rd,Rego Park,New York,US,http://www.maraninyc.com/,+1 718-569-0600,Georgian restaurant,Bar & grill,Kosher restaurant,,,,,,,,,https://www.google.com/maps/search/?api=1&query=Marani%20Restaurant&query_place_id=ChIJBbVRTDFewokRHA1cZIFNYgA,Georgian restaurant,7.01301578963963,32.961,Popular,4.5–5.0
Juliette Restaurant,4.3,2151.0,135 N 5th St,Brooklyn,New York,US,https://juliettebk.com/?utm_source=google,+1 718-388-9222,French restaurant,Bistro,Brunch restaurant,Cocktail bar,Event venue,Fine dining restaurant,Sandwich shop,Vegetarian restaurant,Wine bar,,,https://www.google.com/maps/search/?api=1&query=Juliette%20Restaurant&query_place_id=ChIJmzYoB15ZwokROjsEj7yZM_k,French restaurant,7.674152921281675,32.999,Viral,4.0–4.5
DJONDJON,4.5,1738.0,1206 Nostrand Ave,Brooklyn,New York,US,https://www.djondjonbk.com/,+1 718-676-1047,Haitian restaurant,Creole restaurant,Restaurant,,,,,,,,,https://www.google.com/maps/search/?api=1&query=DJONDJON&query_place_id=ChIJTX1IoC1bwokRPWu7-zOniw8,Haitian restaurant,7.461065514354283,33.575,Popular,4.0–4.5
Florence Prime Diner,4.8,444.0,40-13 82nd St,Elmhurst,New York,US,http://www.florenceprimediner.com/,(718) 779-0033,Diner,American restaurant,Breakfast restaurant,Brunch restaurant,Caterer,Lunch restaurant,,,,,,https://www.google.com/maps/search/?api=1&query=Florence%20Prime%20Diner&query_place_id=ChIJd3MRj5ZfwokRNWWbShPE6do,Diner,6.09807428216624,29.271,Small,4.5–5.0
Mimoza Restaurant & Lounge,4.9,536.0,36-05 30th Ave.,Astoria,New York,US,http://www.mimozany.com/,(718) 673-6360,Mediterranean restaurant,,,,,,,,,,,https://www.google.com/maps/search/?api=1&query=Mimoza%20Restaurant%20%26%20Lounge&query_place_id=ChIJe5kMylJfwokRy-n5te7zDd8,Mediterranean restaurant,6.285998094508865,30.801,Popular,4.5–5.0
Essence Restaurant,4.7,149.0,36-21 Steinway St,Long Island City,New York,US,http://www.essencelic.com/,(631) 790-5106,Asian restaurant,,,,,,,,,,,https://www.google.com/maps/search/?api=1&query=Essence%20Restaurant&query_place_id=ChIJd23YWgBfwokR0VEbWaF4ksA,Asian restaurant,5.0106352940962555,23.55,Small,4.5–5.0
Leticias Restaurant,4.8,2066.0,40-32 National St,Corona,New York,US,https://www.leticiasrestaurant.com/,(718) 577-8180,Spanish restaurant,Caterer,Cocktail bar,Event venue,,,,,,,,https://www.google.com/maps/search/?api=1&query=Leticias%20Restaurant&query_place_id=ChIJ_8FjscdfwokRBV83NT0U9UM,Spanish restaurant,7.633853559681768,36.642,Viral,4.5–5.0
Astoria Gramercy Cafe,4.6,605.0,31-91 Steinway St,Astoria,New York,US,https://gramercyastoria.com/,(917) 745-0713,Diner,Bar,Restaurant,,,,,,,,,https://www.google.com/maps/search/?api=1&query=Astoria%20Gramercy%20Cafe&query_place_id=ChIJh9vdQspfwokR3XxTtdbpf74,Diner,6.406879986069314,29.472,Popular,4.5–5.0
The Queensboro,4.5,1131.0,80-02 Northern Blvd,Jackson Heights,New York,US,https://www.thequeensboro.com/?utm_source=google&utm_medium=wix_google_business_profile&utm_campaign=9843400180154372887,(929) 296-0038,American restaurant,Brunch restaurant,Cocktail bar,Hamburger restaurant,Steak house,Wine bar,,,,,,https://www.google.com/maps/search/?api=1&query=The%20Queensboro&query_place_id=ChIJk7BlPKdfwokRpUtKYmRXR74,American restaurant,7.0317412587631285,31.643,Popular,4.0–4.5
Pranam Restaurant & Bar,4.9,440.0,45-15 28th Ave,Astoria,New York,US,,(347) 848-0084,Indian restaurant,Asian restaurant,Bar,Nepalese restaurant,Restaurant,,,,,,,https://www.google.com/maps/search/?api=1&query=Pranam%20Restaurant%20%26%20Bar&query_place_id=ChIJJyDIY_5fwokRsGZh1TaP5v8,Indian restaurant,6.089044875446846,29.836,Small,4.5–5.0
Diner Bar,4.4,1835.0,97-45 Queens Blvd,Rego Park,New York,US,http://www.thedinerbar.com/,(718) 897-6000,American restaurant,Bar,Bar & grill,Breakfast restaurant,,,,,,,,https://www.google.com/maps/search/?api=1&query=Diner%20Bar&query_place_id=ChIJxZu_0jBewokRrtAenuc5H_g,American restaurant,7.515344571180436,33.068,Popular,4.0–4.5
Nueva Victoria Restaurant,4.9,148.0,32-05 Broadway,Astoria,New York,US,,(718) 726-0819,Cuban restaurant,Chinese restaurant,Spanish restaurant,,,,,,,,,https://www.google.com/maps/search/?api=1&query=Nueva%20Victoria%20Restaurant&query_place_id=ChIJ36a_EftfwokRNXNp5kF-JfI,Cuban restaurant,5.003946305945459,24.519,Small,4.5–5.0
Riviera Maya,4.6,375.0,28-28 Steinway St,Astoria,New York,US,http://rivieramayarestaurant.com/,(718) 255-1722,Restaurant,,,,,,,,,,,https://www.google.com/maps/search/?api=1&query=Riviera%20Maya&query_place_id=ChIJ2cejiZZfwokRIKrT06qn5bg,Restaurant,5.929589143389895,27.276,Small,4.5–5.0
D'antigua Restaurant Bar,4.4,954.0,84-16 Northern Blvd,Jackson Heights,New York,US,https://www.dantiguanyc.com/menus-pictures,(718) 779-0128,Restaurant,Bar,Karaoke,Live music venue,,,,,,,,https://www.google.com/maps/search/?api=1&query=D'antigua%20Restaurant%20Bar&query_place_id=ChIJ75mU_6NfwokRRmijMqQ2u38,Restaurant,6.86171134048073,30.192,Popular,4.0–4.5
Laly's Restaurant,4.4,601.0,75-19 Roosevelt Ave,Jackson Heights,New York,US,https://lalysrestaurantny.com/,(718) 433-9906,Mexican restaurant,,,,,,,,,,,https://www.google.com/maps/search/?api=1&query=Laly's%20Restaurant&query_place_id=ChIJ2aMtTgdfwokRgM3l2UoR2tk,Mexican restaurant,6.400257445308821,28.161,Popular,4.0–4.5
Morena's Kitchen Bar & Restaurant,4.7,112.0,111-20 Roosevelt Ave,Flushing,New York,US,https://morenaskitchen.wixsite.com/morenaskitchen?fbclid=PAZXh0bgNhZW0BMQABpmNlGem-qHv36k-zx1spF6U38M1oYw3d0NJqkhH7cZDbv5UkuP8x8Umv0Q_aem_AdmzIcluTmww2vJJaPYQC2xjJ7RwgBDrsEZFT_zfcntSpaAhWhwqLpKfXOswPcnKq4g,(718) 803-2015,Dominican restaurant,,,,,,,,,,,https://www.google.com/maps/search/?api=1&query=Morena's%20Kitchen%20Bar%20%26%20Restaurant&query_place_id=ChIJt_G1aDNfwokRwr6E98C0dNw,Dominican restaurant,4.727387818712341,22.219,Small,4.5–5.0
Hacienda Agave,4.7,151.0,496 E 138th St,Bronx,New York,US,http://haciendaagaverestaurant.com/,(347) 270-2144,Mexican restaurant,,,,,,,,,,,https://www.google.com/maps/search/?api=1&query=Hacienda%20Agave&query_place_id=ChIJI8z61xb1wokRdCyYtXD1Ghk,Mexican restaurant,5.0238805208462765,23.612,Small,4.5–5.0
Maisonetta,4.5,372.0,141 Lincoln Ave,Bronx,New York,US,https://maisonettanyc.com/,(347) 297-4607,Mexican restaurant,Bar,Brunch restaurant,Event venue,Restaurant,,,,,,,https://www.google.com/maps/search/?api=1&query=Maisonetta&query_place_id=ChIJ6ZxdNlX1wokRtDoCPt_Iy4I,Mexican restaurant,5.921578419643816,26.647,Small,4.0–4.5
Hook & Reel Cajun Seafood & Bar,4.6,1091.0,236 E 161st St,Bronx,New York,US,https://hookreel.com/location/concourseplaza/,(718) 293-0388,Seafood restaurant,Bar,Cajun restaurant,Chicken wings restaurant,Cocktail bar,Crab house,Creole restaurant,Family restaurant,Oyster bar restaurant,,,https://www.google.com/maps/search/?api=1&query=Hook%20%26%20Reel%20Cajun%20Seafood%20%26%20Bar&query_place_id=ChIJL87LwBX1wokR9-UsJd4Px68,Seafood restaurant,6.9957661563048505,32.181,Popular,4.5–5.0
La Cueva Fonda,4.5,337.0,961 Leggett Ave,Bronx,New York,US,,(347) 406-5584,Mexican restaurant,,,,,,,,,,,https://www.google.com/maps/search/?api=1&query=La%20Cueva%20Fonda&query_place_id=ChIJ0zK5_bD1wokRWzE8uQrJUZU,Mexican restaurant,5.823045895483019,26.204,Small,4.0–4.5
Charlies Bar & Kitchen,4.5,1414.0,112 Lincoln Ave,Bronx,New York,US,http://charliesbarkitchen.com/,(718) 684-2338,New American restaurant,American restaurant,Bar,Cocktail bar,Restaurant,,,,,,,https://www.google.com/maps/search/?api=1&query=Charlies%20Bar%20%26%20Kitchen&query_place_id=ChIJrSNA6N31wokR8rOP6iXD4RA,New American restaurant,7.254884810077338,32.647,Popular,4.0–4.5
La Morada,4.6,552.0,308 Willis Ave,Bronx,New York,US,,(718) 292-0235,Oaxacan restaurant,Mexican restaurant,,,,,,,,,,https://www.google.com/maps/search/?api=1&query=La%20Morada&query_place_id=ChIJFYWVgcT1wokRXb3glY_bbYM,Oaxacan restaurant,6.315358001522335,29.051,Popular,4.5–5.0
Suyo Gastrofusion,4.5,1185.0,1401 Plaza Dr,Bronx,New York,US,https://suyonyc.com/,(718) 537-7896,Fusion restaurant,,,,,,,,,,,https://www.google.com/maps/search/?api=1&query=Suyo%20Gastrofusion&query_place_id=ChIJvRXKoD70wokRgXaViMBas0Q,Fusion restaurant,7.078341579557671,31.853,Popular,4.0–4.5
Blazin Chicken & Gyro,4.8,1272.0,16 E 167th St,Bronx,New York,US,https://www.blazinchickengyro.com/,(347) 431-2773,Halal restaurant,Fried chicken takeaway,Gyro restaurant,Hamburger restaurant,Seafood restaurant,Soul food restaurant,,,,,,https://www.google.com/maps/search/?api=1&query=Blazin%20Chicken%20%26%20Gyro&query_place_id=ChIJVQ_b9yD1wokR84knMcsE89A,Halal restaurant,7.149131598557407,34.316,Popular,4.5–5.0
Yoly,4.5,302.0,118 Featherbed Ln,Bronx,New York,US,,(718) 731-5900,Dominican restaurant,Delivery Restaurant,Spanish restaurant,,,,,,,,,https://www.google.com/maps/search/?api=1&query=Yoly&query_place_id=ChIJadsmFRb0wokRhy31Zu9LcA4,Dominican restaurant,5.713732805509369,25.712,Small,4.0–4.5
L'Osteria,4.7,378.0,1219 Lexington Ave,New York,New York,US,http://www.losterianyc.com/,(646) 524-6294,Italian restaurant,,,,,,,,,,,https://www.google.com/maps/search/?api=1&query=L'Osteria&query_place_id=ChIJBRyejVJZwokReyLI3g24DLU,Italian restaurant,5.937536205082426,27.906,Small,4.5–5.0
"Citizen of Chelsea - Breakfast Restaurant, Cafe & Deli",4.7,4488.0,401 W 25th St,New York,New York,US,https://www.citizensofbreakfast.com/,(347) 554-7496,Restaurant,Cafe,,,,,,,,,,https://www.google.com/maps/search/?api=1&query=Citizen%20of%20Chelsea%20-%20Breakfast%20Restaurant%2C%20Cafe%20%26%20Deli&query_place_id=ChIJK2fErLBZwokRk6aRBp_yqGI,Restaurant,8.409385238781931,39.524,Viral,4.5–5.0
La Pecora Bianca UES,4.8,2610.0,1562 2nd Ave,New York,New York,US,https://www.lapecorabianca.com/,(212) 300-9840,Italian restaurant,,,,,,,,,,,https://www.google.com/maps/search/?api=1&query=La%20Pecora%20Bianca%20UES&query_place_id=ChIJ9YlInwlZwokRDb-WWDZkU1s,Italian restaurant,7.8674885686991285,37.764,Viral,4.5–5.0
Bigoi Venezia,4.8,832.0,1415 2nd Ave,New York,New York,US,http://www.bigoivenezia.com/,(917) 262-0680,Italian restaurant,,,,,,,,,,,https://www.google.com/maps/search/?api=1&query=Bigoi%20Venezia&query_place_id=ChIJgdnYQcBYwokRDEGzKagrEfE,Italian restaurant,6.725033642166843,32.28,Popular,4.5–5.0
Anixi Mediterranean Vegan Restaurant,4.8,2138.0,290 8th Ave,New York,New York,US,http://www.anixinyc.com/,(646) 410-0946,Vegan restaurant,Cocktail bar,Kosher restaurant,Mediterranean restaurant,Restaurant,Vegetarian restaurant,,,,,,https://www.google.com/maps/search/?api=1&query=Anixi%20Mediterranean%20Vegan%20Restaurant&query_place_id=ChIJaRynAtpZwokRfbYA0B4VJWs,Vegan restaurant,7.668093709082406,36.807,Viral,4.5–5.0
Chi Restaurant & Bar,4.7,2578.0,492 9th Ave,New York,New York,US,https://chirestaurantnyc.com/,(212) 918-1470,Chinese restaurant,Asian restaurant,Bar,Cocktail bar,,,,,,,,https://www.google.com/maps/search/?api=1&query=Chi%20Restaurant%20%26%20Bar&query_place_id=ChIJYYpwNA5ZwokRYImQw6JRNfI,Chinese restaurant,7.8551570058813445,36.919,Viral,4.5–5.0
Capizzi,4.6,2393.0,547 9th Ave,New York,New York,US,http://capizzinyc.com/,(518) 619-5524,Pizza restaurant,Italian restaurant,Wine bar,,,,,,,,,https://www.google.com/maps/search/?api=1&query=Capizzi&query_place_id=ChIJURgSuVJYwokRyUTyhXB9K4c,Pizza restaurant,7.780720886117918,35.791,Viral,4.5–5.0
Jerk House Caribbean Restaurant,4.8,1588.0,132 E 56th St,New York,New York,US,http://lovesomejerk.com/,(646) 560-2400,Jamaican restaurant,Caribbean restaurant,,,,,,,,,,https://www.google.com/maps/search/?api=1&query=Jerk%20House%20Caribbean%20Restaurant&query_place_id=ChIJ_zzgX_pZwokRWOykKXmbHB4,Jamaican restaurant,7.370860166536716,35.38,Popular,4.5–5.0
Connolly's,4.4,5159.0,121 W 45th St,New York,New York,US,https://www.connollyspubandrestaurant.com/,(212) 597-5126,Irish restaurant,Bar,Pub,,,,,,,,,https://www.google.com/maps/search/?api=1&query=Connolly's&query_place_id=ChIJAS6GeVVYwokRPfg8xt4nH-I,Irish restaurant,8.548691858475609,37.614,Viral,4.0–4.5
Chazz Palminteri Italian Restaurant,4.7,1993.0,30 W 46th St,New York,New York,US,https://www.chazzpalminterinyc.com/,(212) 355-5540,Italian restaurant,Bar,Caterer,Seafood restaurant,Wine bar,,,,,,,https://www.google.com/maps/search/?api=1&query=Chazz%20Palminteri%20Italian%20Restaurant&query_place_id=ChIJGSQEnuJYwokRTcsuPJjna7A,Italian restaurant,7.597897950521784,35.71,Popular,4.5–5.0
Good Eats Bistro,4.0,42.0,100-15 Ditmars Blvd,East Elmhurst,New York,US,http://goodeatsbistro.com/?utm_source=google-gmb-maps&utm_medium=gmb-website-button&utm_campaign=locl.io&utm_content=d22af43a-a6a3-4436-acc1-b590ad4ae6d4,(718) 512-0255,Bistro,Bar,Breakfast restaurant,Restaurant,,,,,,,,https://www.google.com/maps/search/?api=1&query=Good%20Eats%20Bistro&query_place_id=ChIJ7SM4dAVfwokRKZnawm42k7U,Bistro,3.7612001156935624,15.045,Micro,3.5–4.0
Café Salamanca,4.5,539.0,79-05 Northern Blvd,Jackson Heights,New York,US,http://www.cafesalamanca.com/,(718) 458-2446,Spanish restaurant,Restaurant,,,,,,,,,,https://www.google.com/maps/search/?api=1&query=Caf%C3%A9%20Salamanca&query_place_id=ChIJr0V1RKdfwokRH0EcwkHOHMo,Spanish restaurant,6.29156913955832,28.312,Popular,4.0–4.5
Lime and Salt Restaurant Bar,4.3,303.0,98-102 Queens Blvd,Rego Park,New York,US,http://limeandsaltregopark.com/,(718) 275-1575,Mexican restaurant,,,,,,,,,,,https://www.google.com/maps/search/?api=1&query=Lime%20and%20Salt%20Restaurant%20Bar&query_place_id=ChIJ6z-3ZPlfwokRwg2ARHxaU5c,Mexican restaurant,5.717027701406222,24.583,Small,4.0–4.5
Cafe Rubio,4.3,1564.0,98-05 Northern Blvd,Corona,New York,US,http://www.caferubiorestaurant.com/,(718) 505-1020,Dominican restaurant,Cafe,Sports bar,,,,,,,,,https://www.google.com/maps/search/?api=1&query=Cafe%20Rubio&query_place_id=ChIJFVlua75fwokR58_T3grQ2AA,Dominican restaurant,7.355641102974253,31.629,Popular,4.0–4.5
Stamatis,4.6,2016.0,29-09 23rd Ave,Astoria,New York,US,https://stamatisrestaurant.net/,(718) 932-8596,Greek restaurant,,,,,,,,,,,https://www.google.com/maps/search/?api=1&query=Stamatis&query_place_id=ChIJl8zvTF1fwokRGKyptukvIhE,Greek restaurant,7.6093665379542115,35.003,Viral,4.5–5.0
The Inkan Restaurant,4.4,928.0,45-02 23rd St,Long Island City,New York,US,http://theinkan.com/,(718) 433-4171,Peruvian restaurant,,,,,,,,,,,https://www.google.com/maps/search/?api=1&query=The%20Inkan%20Restaurant&query_place_id=ChIJ5zpm8ChZwokR9z6KUQrjYvE,Peruvian restaurant,6.834108738813838,30.07,Popular,4.0–4.5
IL Carino Restaurant,4.5,284.0,1710 2nd Ave,New York,New York,US,https://www.ilcarinorestaurantnyc.com/,(646) 882-0487,Italian restaurant,,,,,,,,,,,https://www.google.com/maps/search/?api=1&query=IL%20Carino%20Restaurant&query_place_id=ChIJiTxP17pYwokR0Gj0Wrd5cOg,Italian restaurant,5.652489180268651,25.436,Small,4.0–4.5
Phil & Sons on Main Italian restaurant and pizzeria,4.3,569.0,57-29 Main St,Flushing,New York,US,https://philandsonsonmain.com/,(718) 961-0263,Pizza restaurant,Caterer,Italian restaurant,,,,,,,,,https://www.google.com/maps/search/?api=1&query=Phil%20%26%20Sons%20on%20Main%20Italian%20restaurant%20and%20pizzeria&query_place_id=ChIJtVkK6G5gwokRV8xjMWzKlu4,Pizza restaurant,6.345636360828596,27.286,Popular,4.0–4.5
Golden Lake Pavilion,3.9,2247.0,60-15 Main St,Kew Gardens Hills,New York,US,https://m.facebook.com/LakePavilion/,(718) 886-6693,Dim sum restaurant,Cantonese restaurant,Chinese restaurant,,,,,,,,,https://www.google.com/maps/search/?api=1&query=Golden%20Lake%20Pavilion&query_place_id=ChIJeXfVUG9gwokRC75WD1fPQAM,Dim sum restaurant,7.717796211013582,30.099,Viral,3.5–4.0
Luna's Kitchen & Bar,4.4,165.0,"77-02AA, Roosevelt Ave",Jackson Heights,NY,US,https://www.instagram.com/lunaskitchenandbar?igsh=czJoaXJxa3ZkYmV0,(347) 448-6113,Girl bar,New American restaurant,,,,,,,,,,https://www.google.com/maps/search/?api=1&query=Luna's%20Kitchen%20%26%20Bar&query_place_id=ChIJ4yQIT2RfwokRC8BJtt0I-O8,Girl bar,5.111987788356544,22.493,Small,4.0–4.5
Ramerino - Italian Prime Restaurant,4.6,626.0,16 E 39th St,New York,New York,US,https://ramerinoprime.com/,(646) 880-7885,Italian restaurant,Fine dining restaurant,Northern Italian restaurant,Southern Italian restaurant,Steak house,Tuscan restaurant,,,,,,https://www.google.com/maps/search/?api=1&query=Ramerino%20-%20Italian%20Prime%20Restaurant&query_place_id=ChIJOUC8wABZwokRwDcZR-3lHa4,Italian restaurant,6.440946540632921,29.628,Popular,4.5–5.0
Guantanamera,4.5,3246.0,939 8th Ave,New York,New York,US,https://guantanamerany.com/,(212) 262-5354,Cuban restaurant,,,,,,,,,,,https://www.google.com/maps/search/?api=1&query=Guantanamera&query_place_id=ChIJBeQnDlhYwokRRCKNfQl_zvA,Cuban restaurant,8.085486772102845,36.385,Viral,4.0–4.5
Manna's Restaurant,4.4,1847.0,320 St Nicholas Ave,New York,New York,US,https://www.soulfood.com/,,Soul food restaurant,Buffet restaurant,,,,,,,,,,https://www.google.com/maps/search/?api=1&query=Manna's%20Restaurant&query_place_id=ChIJbRTL22z2wokRJuAMcoUD3tk,Soul food restaurant,7.521859252201629,33.096,Popular,4.0–4.5
The Victoria Theater Restaurant,4.3,591.0,233 W 125th St,New York,New York,US,http://www.victoriatheaternyc.com/,+1 332-266-8727,Restaurant,Banquet hall,Breakfast restaurant,Cocktail bar,Live music venue,,,,,,,https://www.google.com/maps/search/?api=1&query=The%20Victoria%20Theater%20Restaurant&query_place_id=ChIJlzN4B7v3wokRdTYFVfMvz8M,Restaurant,6.3835066348840055,27.449,Popular,4.0–4.5
Il Falco Restaurant,4.3,404.0,21-50 44th Dr,Long Island City,New York,US,http://ilfalcolic.com/,(718) 707-0009,Italian restaurant,Family restaurant,Lunch restaurant,Northern Italian restaurant,Restaurant,,,,,,,https://www.google.com/maps/search/?api=1&query=Il%20Falco%20Restaurant&query_place_id=ChIJD1zSWShZwokRfpsO6ECaInU,Italian restaurant,6.003887067106539,25.817,Small,4.0–4.5
Leo’s Restaurant & Sports Bar,4.5,717.0,84-19 Roosevelt Ave,Jackson Heights,New York,US,https://leosrestaurantsportsbar.shop/,(718) 685-2665,Restaurant,Sports bar,,,,,,,,,,https://www.google.com/maps/search/?api=1&query=Leo%E2%80%99s%20Restaurant%20%26%20Sports%20Bar&query_place_id=ChIJuw7JnJ9fwokRvUCaXeExz14,Restaurant,6.576469569048224,29.594,Popular,4.0–4.5
Raices Colombianas restaurant,4.5,2002.0,86-02 37th Ave,Jackson Heights,New York,US,http://www.raicescolombianasrestaurant.com/,(718) 779-7595,Colombian restaurant,Bar,Bar & grill,Restaurant,,,,,,,,https://www.google.com/maps/search/?api=1&query=Raices%20Colombianas%20restaurant&query_place_id=ChIJoXYSea9fwokR6gotdgBQ-kQ,Colombian restaurant,7.602401335665818,34.211,Viral,4.0–4.5
Queens College Diner,4.0,82.0,64-36 Kissena Blvd,Kew Gardens Hills,New York,US,,,Restaurant,,,,,,,,,,,https://www.google.com/maps/search/?api=1&query=Queens%20College%20Diner&query_place_id=ChIJdb8RjD9hwokRT6YyBvvPJMQ,Restaurant,4.418840607796598,17.675,Micro,3.5–4.0
Angel,4.7,3792.0,75-18 37th Ave,Jackson Heights,New York,US,https://www.angelindianrestaurant.com/,(347) 848-0098,Indian restaurant,Indian Muslim restaurant,Vegetarian restaurant,,,,,,,,,https://www.google.com/maps/search/?api=1&query=Angel&query_place_id=ChIJ1wuWgyxfwokRsawxQvB8hMo,Indian restaurant,8.2409125416889,38.732,Viral,4.5–5.0
El Changarro Restaurant & Bar,4.7,27.0,102-10 37th Ave,Corona,New York,US,https://www.instagram.com/el.changarro.bar/,(347) 617-1957,Ecuadorian restaurant,Bar,,,,,,,,,,https://www.google.com/maps/search/?api=1&query=El%20Changarro%20Restaurant%20%26%20Bar&query_place_id=ChIJY6nm2cBfwokRcqcv84z96x4,Ecuadorian restaurant,3.332204510175204,15.661,Micro,4.5–5.0
Fidela's Restaurant,4.3,211.0,164-12 69th Ave,Fresh Meadows,New York,US,https://www.fidelasrestaurant.com/,(718) 380-0220,Mexican restaurant,,,,,,,,,,,https://www.google.com/maps/search/?api=1&query=Fidela's%20Restaurant&query_place_id=ChIJ0ZgIZN9hwokRUgVF5oCw2S8,Mexican restaurant,5.356586274672012,23.033,Small,4.0–4.5
Bar Restaurant La Ruana Paisa,4.3,1285.0,92-03 37th Ave,Jackson Heights,New York,US,,(718) 507-8191,Colombian restaurant,,,,,,,,,,,https://www.google.com/maps/search/?api=1&query=Bar%20Restaurant%20La%20Ruana%20Paisa&query_place_id=ChIJM8je8rpfwokRcIUAtgzBwJM,Colombian restaurant,7.1592919047975645,30.785,Popular,4.0–4.5
La Gran Uruguaya Restaurant,4.4,2269.0,85-02 37th Ave,Jackson Heights,New York,US,http://lagranuruguaya.com/,(718) 505-0400,Uruguayan restaurant,Argentinian restaurant,Bakery,Bar,Restaurant,Sports bar,Steak house,,,,,https://www.google.com/maps/search/?api=1&query=La%20Gran%20Uruguaya%20Restaurant&query_place_id=ChIJWXAzMoRfwokRAUXMAZ5QjEE,Uruguayan restaurant,7.727535110475448,34.001,Viral,4.0–4.5
Serafina Madison 38th (Midtown),4.2,620.0,241 Madison Ave,New York,New York,US,https://www.serafinarestaurant.com/,(646) 779-7667,Italian restaurant,Bar,Breakfast restaurant,Brunch restaurant,Pizza restaurant,Restaurant,,,,,,https://www.google.com/maps/search/?api=1&query=Serafina%20Madison%2038th%20(Midtown)&query_place_id=ChIJ8TP4iZlZwokRITFJkalDwsc,Italian restaurant,6.431331081933479,27.012,Popular,4.0–4.5
Toledo Restaurant,4.4,187.0,6 E 36th St,New York,New York,US,http://toledonyc.com/,(212) 696-5036,Spanish restaurant,Restaurant,,,,,,,,,,https://www.google.com/maps/search/?api=1&query=Toledo%20Restaurant&query_place_id=ChIJJ2Ug4qlZwokRMu3UDWpfm2c,Spanish restaurant,5.236441962829949,23.04,Small,4.0–4.5
Restaurant Yuu,4.6,222.0,55 Nassau Ave #1A,Brooklyn,New York,US,https://www.yuunewyork.com/restaurantyuu/,+1 347-422-0270,French restaurant,,,,,,,,,,,https://www.google.com/maps/search/?api=1&query=Restaurant%20Yuu&query_place_id=ChIJh2cqMDNZwokRqMMqNP9srxI,French restaurant,5.407171771460119,24.873,Small,4.5–5.0
Mateus' Restaurant & Bar,4.4,534.0,222-07 Jamaica Ave,Queens Village,New York,US,,+1 718-464-4522,Portuguese restaurant,Bar,Fine dining restaurant,,,,,,,,,https://www.google.com/maps/search/?api=1&query=Mateus'%20Restaurant%20%26%20Bar&query_place_id=ChIJE6lQFzNiwokR_SGherneZ3o,Portuguese restaurant,6.282266746896006,27.642,Popular,4.0–4.5
Rice & Beans Restaurant,4.5,652.0,91-09 Springfield Blvd,Queens Village,New York,US,,+1 718-740-0265,Dominican restaurant,Restaurant,Spanish restaurant,,,,,,,,,https://www.google.com/maps/search/?api=1&query=Rice%20%26%20Beans%20Restaurant&query_place_id=ChIJKZW-HK9mwokRQyLSJV0W4uU,Dominican restaurant,6.481577129276431,29.167,Popular,4.0–4.5
Fulton Food Court,4.5,94.0,1178 Fulton St,Brooklyn,New York,US,,+1 347-789-5997,Buffet restaurant,American restaurant,,,,,,,,,,https://www.google.com/maps/search/?api=1&query=Fulton%20Food%20Court&query_place_id=ChIJg7ur9JlbwokRuFTc1_LrOP8,Buffet restaurant,4.553876891600541,20.492,Micro,4.0–4.5
Hot Pot International Restaurant,4.6,25.0,228-13 Merrick Blvd,Queens,New York,US,,+1 718-525-3201,Jamaican restaurant,Hot pot restaurant,,,,,,,,,,https://www.google.com/maps/search/?api=1&query=Hot%20Pot%20International%20Restaurant&query_place_id=ChIJg7i0VXdlwokRR7T0-Bqf8Oo,Jamaican restaurant,3.258096538021482,14.987,Micro,4.5–5.0
Buen Sabor Latino Restaurant,4.1,89.0,96-07 Metropolitan Ave,Flushing,New York,US,,+1 347-480-5052,Restaurant,,,,,,,,,,,https://www.google.com/maps/search/?api=1&query=Buen%20Sabor%20Latino%20Restaurant&query_place_id=ChIJ3c953BBewokRz-yNVlw8qX8,Restaurant,4.499809670330265,18.449,Micro,4.0–4.5
LE CAP RESTAURANT & LOUNGE,4.1,303.0,229-10 Merrick Blvd,Queens,New York,US,,+1 718-413-2137,Haitian restaurant,,,,,,,,,,,https://www.google.com/maps/search/?api=1&query=LE%20CAP%20RESTAURANT%20%26%20LOUNGE&query_place_id=ChIJZSEPNlJlwokRzykuST36RIw,Haitian restaurant,5.717027701406222,23.44,Small,4.0–4.5
Woorijip,4.5,3017.0,12 W 32nd St,New York,New York,US,http://www.woorijip.com/,(212) 244-1115,Korean restaurant,Asian restaurant,Takeout Restaurant,,,,,,,,,https://www.google.com/maps/search/?api=1&query=Woorijip&query_place_id=ChIJzfG-8ahZwokR5FLB4KmxBXI,Korean restaurant,8.012349639327795,36.056,Viral,4.0–4.5
Zuma New York,4.3,2051.0,261 Madison Ave,New York,New York,US,https://www.zumarestaurant.com/en/new-york?utm_source=InfoButtonClick&utm_medium=Home&utm_campaign=GoogleBusinessProfile,(212) 544-9862,Japanese restaurant,Asian restaurant,Authentic Japanese restaurant,,,,,,,,,https://www.google.com/maps/search/?api=1&query=Zuma%20New%20York&query_place_id=ChIJjxZ92gBZwokRBs-63wLcBp8,Japanese restaurant,7.62657020629066,32.794,Viral,4.0–4.5
Barriles Restaurant and Sports Bar,4.5,2095.0,83-14 37th Ave,Jackson Heights,New York,US,http://barrilesrestaurantsportsbar.com/,(347) 649-1511,Restaurant,Colombian restaurant,Sports bar,,,,,,,,,https://www.google.com/maps/search/?api=1&query=Barriles%20Restaurant%20and%20Sports%20Bar&query_place_id=ChIJhapmSa9fwokRIjQDbIjsj14,Restaurant,7.647786045440933,34.415,Viral,4.0–4.5
Salute Restaurant,4.4,415.0,63-61 108th St,Forest Hills,New York,US,http://www.saluterestaurant.net/,(718) 275-6860,Kosher restaurant,Afghan restaurant,Middle Eastern restaurant,Restaurant,Russian restaurant,Uzbeki restaurant,,,,,,https://www.google.com/maps/search/?api=1&query=Salute%20Restaurant&query_place_id=ChIJJzPh-CxewokRgaZMaVN6Bhw,Kosher restaurant,6.030685260261263,26.535,Small,4.0–4.5
Sabor Latino,4.0,2306.0,95-35 40th Rd,Elmhurst,New York,US,https://saborlatinony.com/?utm_source=google,(718) 457-3966,Ecuadorian restaurant,Caterer,Cocktail bar,Colombian restaurant,Family restaurant,Latin American restaurant,Live music bar,Peruvian restaurant,Seafood restaurant,,,https://www.google.com/maps/search/?api=1&query=Sabor%20Latino&query_place_id=ChIJL1DmXbdfwokRdKqH4mCJQco,Ecuadorian restaurant,7.7437032581737535,30.975,Viral,3.5–4.0
Tomo,4.3,630.0,89-14 Queens Blvd,Elmhurst,New York,US,http://www.tomoqueens.com/,(718) 803-9799,Sushi restaurant,Asian restaurant,Japanese restaurant,,,,,,,,,https://www.google.com/maps/search/?api=1&query=Tomo&query_place_id=ChIJg9tsfk5ewokRESmZ1Ph79Jw,Sushi restaurant,6.447305862541213,27.723,Popular,4.0–4.5
Sweet Basil Thai Restaurant (Queens),4.4,240.0,39-28 61st St,Woodside,New York,US,https://sweetbasilwoodside.square.site/,(718) 205-0080,Thai restaurant,Asian restaurant,Noodle shop,Restaurant,,,,,,,,https://www.google.com/maps/search/?api=1&query=Sweet%20Basil%20Thai%20Restaurant%20(Queens)&query_place_id=ChIJpx6H-xxfwokRBp_qKNAdiFc,Thai restaurant,5.484796933490655,24.133,Small,4.0–4.5
Limena Pisco Restaurant & Bar,4.4,184.0,47-14 Greenpoint Ave,Sunnyside,New York,US,,(347) 527-1816,Peruvian restaurant,Event planner,,,,,,,,,,https://www.google.com/maps/search/?api=1&query=Limena%20Pisco%20Restaurant%20%26%20Bar&query_place_id=ChIJ_Z-41J9fwokR7c8jQeo1Qp4,Peruvian restaurant,5.220355825078325,22.97,Small,4.0–4.5
Lhasa Fast Food,4.3,783.0,76-03 37th Ave,Jackson Heights,New York,US,,(347) 952-6934,Tibetan restaurant,Dumpling restaurant,Fast food restaurant,Nepalese restaurant,Restaurant,,,,,,,https://www.google.com/maps/search/?api=1&query=Lhasa%20Fast%20Food&query_place_id=ChIJ79sl1gZfwokRxBoCfZ4k8C8,Tibetan restaurant,6.664409020350408,28.657,Popular,4.0–4.5
Little Morocco,4.2,646.0,24-39 Steinway St,Astoria,New York,US,https://www.littlemorocco.getsauce.com/,(718) 440-9193,Mediterranean restaurant,Halal restaurant,,,,,,,,,,https://www.google.com/maps/search/?api=1&query=Little%20Morocco&query_place_id=ChIJMV_ubmpfwokR3P-iT6Cfn6I,Mediterranean restaurant,6.472346294500901,27.184,Popular,4.0–4.5
El Trio,4.0,355.0,102-01 44th Ave,Corona,New York,US,https://eltriorestaurantny.com/,(718) 396-0555,Mexican restaurant,Bar,Restaurant,,,,,,,,,https://www.google.com/maps/search/?api=1&query=El%20Trio&query_place_id=ChIJR-J6ishfwokRA-eNsKlz2LI,Mexican restaurant,5.87493073085203,23.5,Small,3.5–4.0
Filipiniana Restaurant & Catering,4.5,176.0,84-05 Queens Blvd #1A,Elmhurst,New York,US,https://order.online/business/filipiniana-11229562,(347) 808-8817,Filipino restaurant,,,,,,,,,,,https://www.google.com/maps/search/?api=1&query=Filipiniana%20Restaurant%20%26%20Catering&query_place_id=ChIJR6mcLWJfwokRzJgETuZNR1U,Filipino restaurant,5.176149732573829,23.293,Small,4.0–4.5
El Nuevo Rincon Del Sabor,4.7,28.0,1047 St Nicholas Ave,New York,New York,US,https://el-rincon-del-sabor-restaurant-corp.negocio.site/?utm_source=gmb&utm_medium=referral,+1 212-380-8931,Dominican restaurant,,,,,,,,,,,https://www.google.com/maps/search/?api=1&query=El%20Nuevo%20Rincon%20Del%20Sabor&query_place_id=ChIJP7kmFIP2wokR_sWphsDOJAo,Dominican restaurant,3.367295829986474,15.826,Micro,4.5–5.0
Accra,4.2,831.0,2041 Davidson Ave,Bronx,New York,US,https://accra-ny.shop/,+1 718-584-8500,West African restaurant,,,,,,,,,,,https://www.google.com/maps/search/?api=1&query=Accra&query_place_id=ChIJV77dbnL0wokRewtTsKlO55M,West African restaurant,6.723832440821209,28.24,Popular,4.0–4.5
Alcala,4.3,495.0,246 E 44th St,New York,New York,US,https://www.alcalarestaurantny.com/,(212) 370-1866,Spanish restaurant,Basque restaurant,Mediterranean restaurant,Tapas bar,Tapas restaurant,,,,,,,https://www.google.com/maps/search/?api=1&query=Alcala&query_place_id=ChIJUYmB3AJZwokRzgNQTo4a-oo,Spanish restaurant,6.206575926724928,26.688,Small,4.0–4.5
42nd Street Pizza and Restaurant,4.4,1494.0,647 W 42nd St,New York,New York,US,https://www.42ndstreetpizza.com/?utm_source=gbp,(212) 594-4312,Pizza restaurant,Breakfast restaurant,Diner,Greek restaurant,Hamburger restaurant,Pasta shop,Pizza Takeout,Salad shop,Steak house,,,https://www.google.com/maps/search/?api=1&query=42nd%20Street%20Pizza%20and%20Restaurant&query_place_id=ChIJnbALD0xYwokRX9Z_ygcuFPw,Pizza restaurant,7.3098814858247865,32.163,Popular,4.0–4.5
Porteno Restaurant - Argentinian Cuisine,4.5,742.0,299 10th Ave,New York,New York,US,https://portenorestaurant.com/,(212) 695-9694,Argentinian restaurant,,,,,,,,,,,https://www.google.com/maps/search/?api=1&query=Porteno%20Restaurant%20-%20Argentinian%20Cuisine&query_place_id=ChIJK_AQ4rZZwokREL2RXqho5JI,Argentinian restaurant,6.610696044717759,29.748,Popular,4.0–4.5
Valentino's Pizzeria & Restaurant,4.2,1262.0,71-47 Kissena Blvd,Flushing,New York,US,https://www.valentinospizzeriarestaurantmenu.com/,(718) 591-6464,Pizza restaurant,Delivery Restaurant,Restaurant,,,,,,,,,https://www.google.com/maps/search/?api=1&query=Valentino's%20Pizzeria%20%26%20Restaurant&query_place_id=ChIJh_bMU_RgwokRS_6hMbmbdcM,Pizza restaurant,7.141245122350491,29.993,Popular,4.0–4.5
New chipichape Bakery & Restaurant 🇨🇴,4.4,111.0,45-53 45th St,Woodside,New York,US,https://newchipichapeny.com/,(347) 448-6137,Colombian restaurant,,,,,,,,,,,https://www.google.com/maps/search/?api=1&query=New%20chipichape%20Bakery%20%26%20Restaurant%20%F0%9F%87%A8%F0%9F%87%B4&query_place_id=ChIJgaMskfdfwokRQ_Nr2s-JI8c,Colombian restaurant,4.718498871295094,20.761,Small,4.0–4.5
Evelia's Tamales,4.2,451.0,96-09 Northern Blvd,Flushing,New York,US,https://eveliastamales.com/,(718) 255-1189,Mexican restaurant,Restaurant,Tamale shop,,,,,,,,,https://www.google.com/maps/search/?api=1&query=Evelia's%20Tamales&query_place_id=ChIJzanGjhBfwokRJtRGf7B3PcE,Mexican restaurant,6.113682179832232,25.677,Small,4.0–4.5
Reyes Dominican Restaurant,4.6,186.0,47-54 46th St,Woodside,New York,US,http://reyesrestaurant.com/,(718) 440-9173,Dominican restaurant,Delivery Restaurant,,,,,,,,,,https://www.google.com/maps/search/?api=1&query=Reyes%20Dominican%20Restaurant&query_place_id=ChIJ0_CdKcVhwokRpTenES4nF6Y,Dominican restaurant,5.231108616854587,24.063,Small,4.5–5.0
Queens Seafood Restaurant,4.3,228.0,82-22 45th Ave,Elmhurst,New York,US,https://www.queensseafood.com/,(718) 478-3330,Chinese restaurant,Asian restaurant,,,,,,,,,,https://www.google.com/maps/search/?api=1&query=Queens%20Seafood%20Restaurant&query_place_id=ChIJvSW9pKxfwokRA6hK5W2kJbA,Chinese restaurant,5.43372200355424,23.365,Small,4.0–4.5
Chimi Express,4.3,287.0,101-17 43rd Ave,Corona,New York,US,,(718) 427-5513,Dominican restaurant,Delivery Restaurant,,,,,,,,,,https://www.google.com/maps/search/?api=1&query=Chimi%20Express&query_place_id=ChIJz8aXY8hfwokRoY6h0TuDh-Q,Dominican restaurant,5.662960480135946,24.351,Small,4.0–4.5
Juan Bar Restaurant,4.4,245.0,96-15 Roosevelt Ave,Corona,New York,US,,(718) 424-0999,Restaurant,Event venue,Sports bar,,,,,,,,,https://www.google.com/maps/search/?api=1&query=Juan%20Bar%20Restaurant&query_place_id=ChIJhSnWz7lfwokRA1rrmqQDeDg,Restaurant,5.5053315359323625,24.223,Small,4.0–4.5
New Great Wall,4.2,110.0,69-13 Woodside Ave,Flushing,New York,US,,(718) 898-0815,Chinese restaurant,Delivery Restaurant,,,,,,,,,,https://www.google.com/maps/search/?api=1&query=New%20Great%20Wall&query_place_id=ChIJAwkUAQJfwokRT20FmlG8Wvc,Chinese restaurant,4.709530201312334,19.78,Small,4.0–4.5
Donato's Restaurant & Pizzeria,4.2,668.0,50-22 39th Ave,Woodside,New York,US,https://www.donatosnyc.com/,(718) 507-4591,Italian restaurant,Family restaurant,Pizza restaurant,Pizza Takeout,,,,,,,,https://www.google.com/maps/search/?api=1&query=Donato's%20Restaurant%20%26%20Pizzeria&query_place_id=ChIJ0U663SFfwokRT7HY9m8Ies0,Italian restaurant,6.505784060128229,27.324,Popular,4.0–4.5
Medi Wine Bar & Restaurant,4.3,696.0,811 9th Ave,New York,New York,US,http://www.mediwinebar.com/,(212) 586-1201,Mediterranean restaurant,Event planner,French restaurant,Greek restaurant,Italian restaurant,Spanish restaurant,Tapas restaurant,Turkish restaurant,Wine bar,Wine cellar,,https://www.google.com/maps/search/?api=1&query=Medi%20Wine%20Bar%20%26%20Restaurant&query_place_id=ChIJv2qn4FlYwokRUd5t65_aVsw,Mediterranean restaurant,6.546785410760524,28.151,Popular,4.0–4.5
American Restaurant,4.7,14.0,1467 Amsterdam Ave,New York,New York,US,http://americanrestaurantny.com/,+1 646-449-8686,Mexican restaurant,,,,,,,,,,,https://www.google.com/maps/search/?api=1&query=American%20Restaurant&query_place_id=ChIJgU5J8In3wokRm6LwVpHvV8E,Mexican restaurant,2.70805020110221,12.728,Micro,4.5–5.0
Las Palmas Restaurant,4.3,688.0,3891 Broadway A,New York,New York,US,https://laspalmasrestaurant.shop/,+1 917-521-0349,Mexican restaurant,Meal delivery,,,,,,,,,,https://www.google.com/maps/search/?api=1&query=Las%20Palmas%20Restaurant&query_place_id=ChIJLWnBuoT2wokR9uPC3rzQv64,Mexican restaurant,6.535241271013659,28.102,Popular,4.0–4.5
El Nuevo Capri Corp #2,3.8,41.0,1497 St Nicholas Ave,New York,New York,US,,+1 646-590-2341,Spanish restaurant,,,,,,,,,,,https://www.google.com/maps/search/?api=1&query=El%20Nuevo%20Capri%20Corp%20%232&query_place_id=ChIJP_N8Loj1wokRpkGNE5ysm5M,Spanish restaurant,3.7376696182833684,14.203,Micro,3.5–4.0
Amanecer Restaurant And Lounge,4.3,127.0,3666 Broadway,New York,New York,US,http://amanecerrestaurantandlounge.combusiness.site/?utm_source=gmb&utm_medium=referral,+1 212-926-0202,Dominican restaurant,,,,,,,,,,,https://www.google.com/maps/search/?api=1&query=Amanecer%20Restaurant%20And%20Lounge&query_place_id=ChIJP3y3Gqj3wokRGHfNotldGXw,Dominican restaurant,4.852030263919617,20.864,Small,4.0–4.5
Nittis Italian Restaurant in Hell's Kitchen,4.5,1272.0,523 9th Ave,New York,New York,US,https://nittisnyc.com/,(212) 517-0939,Italian restaurant,Bar,Brunch restaurant,Dessert restaurant,Lunch restaurant,Northern Italian restaurant,Pizza restaurant,Restaurant,Southern Italian restaurant,Wine bar,,https://www.google.com/maps/search/?api=1&query=Nittis%20Italian%20Restaurant%20in%20Hell's%20Kitchen&query_place_id=ChIJ5-b7dsFZwokRfHcx3GCdpPs,Italian restaurant,7.149131598557407,32.171,Popular,4.0–4.5
El Sabor Azogueno Bakery & Restaurant .,4.0,321.0,101-19 37th Ave,Corona,New York,US,http://elsaborazoguenorestaurant.net/,(347) 681-4317,Ecuadorian restaurant,,,,,,,,,,,https://www.google.com/maps/search/?api=1&query=El%20Sabor%20Azogueno%20Bakery%20%26%20Restaurant%20.&query_place_id=ChIJVZFdqrhfwokRliJ73Yg0SpI,Ecuadorian restaurant,5.7745515455444085,23.098,Small,3.5–4.0
Montañita,4.1,134.0,100-14 Northern Blvd,Corona,New York,US,https://lamontanitany.cloveronline.com/,(718) 446-4622,Ecuadorian restaurant,Bar,,,,,,,,,,https://www.google.com/maps/search/?api=1&query=Monta%C3%B1ita&query_place_id=ChIJXYFoUOhfwokRsjNdtWxeig4,Ecuadorian restaurant,4.90527477843843,20.112,Small,4.0–4.5
Pier 26 kosher restaurant,4.4,84.0,69-26 Main St,Flushing,New York,US,http://www.pier26restaurant.com/,(718) 701-5726,Kosher restaurant,Family restaurant,Fine dining restaurant,Italian restaurant,Jewish restaurant,Pasta shop,Restaurant,,,,,https://www.google.com/maps/search/?api=1&query=Pier%2026%20kosher%20restaurant&query_place_id=ChIJvR8SS2FhwokRox5DMn_1zkA,Kosher restaurant,4.442651256490317,19.548,Micro,4.0–4.5
Tulcingo Restaurant,3.8,1006.0,40-36 National St,Flushing,New York,US,https://www.tulcingorestaurantny.com/,(718) 639-8880,Mexican restaurant,Family restaurant,,,,,,,,,,https://www.google.com/maps/search/?api=1&query=Tulcingo%20Restaurant&query_place_id=ChIJv6Jd2LlfwokRIl0G5LbEW30,Mexican restaurant,6.914730892718563,26.276,Popular,3.5–4.0
Nuevo Don Francisco Restaurant,3.8,213.0,40-56 Junction Blvd,Flushing,New York,US,https://www.nuevodonfranciscorestaurant.com/,(718) 639-2665,Ecuadorian restaurant,,,,,,,,,,,https://www.google.com/maps/search/?api=1&query=Nuevo%20Don%20Francisco%20Restaurant&query_place_id=ChIJfbe71yVfwokRJJuDOfs9EBo,Ecuadorian restaurant,5.365976015021851,20.391,Small,3.5–4.0
QK Restaurant 阿外楼,4.0,36.0,"46-26, 46-26 Kissena Blvd",Flushing,New York,US,https://order.mealkeyway.com/merchant/3239347173646250714e735466615747326f793752673d3d/main,(718) 799-0806,Chinese restaurant,Asian restaurant,Chinese takeaway,Restaurant,,,,,,,,https://www.google.com/maps/search/?api=1&query=QK%20Restaurant%20%E9%98%BF%E5%A4%96%E6%A5%BC&query_place_id=ChIJLeRC9Y9hwokRFwVfwl5V7Zg,Chinese restaurant,3.6109179126442243,14.444,Micro,3.5–4.0
Cairo restaurant and lounge,4.4,33.0,30-91 Steinway St,Astoria,New York,US,,(718) 932-8000,Restaurant,,,,,,,,,,,https://www.google.com/maps/search/?api=1&query=Cairo%20restaurant%20and%20lounge&query_place_id=ChIJ1UylQpdfwokRvXKgxXebTYI,Restaurant,3.5263605246161616,15.516,Micro,4.0–4.5
Heineken Red Star Cafe,4.5,2.0,12 Meridian Rd,Corona,New York,US,,,Restaurant,,,,,,,,,,,https://www.google.com/maps/search/?api=1&query=Heineken%20Red%20Star%20Cafe&query_place_id=ChIJByF0QB9fwokR3FdJuEwv07c,Restaurant,1.0986122886681096,4.944,Micro,4.0–4.5
J & C Delicias,4.4,284.0,37-61 79th St,Jackson Heights,New York,US,,(718) 803-0284,Colombian restaurant,Delivery Restaurant,Restaurant,,,,,,,,,https://www.google.com/maps/search/?api=1&query=J%20%26%20C%20Delicias&query_place_id=ChIJNfvfoqlfwokR04ptJzgqJ1E,Colombian restaurant,5.652489180268651,24.871,Small,4.0–4.5
Benjy's Kosher Pizza Dairy Restaurant & Sushi Bar,4.3,658.0,72-72 Main St,Kew Gardens Hills,New York,US,https://www.benjyspizza.getsauce.com/?utm_source=GMB&utm_medium=Website%20button&utm_id=Benjys%20Kosher%20Pizza%20Dairy%20Restaurant%20and%20Sushi%20Bar,(718) 268-0791,Kosher restaurant,Fast food restaurant,Pizza restaurant,Sushi restaurant,,,,,,,,https://www.google.com/maps/search/?api=1&query=Benjy's%20Kosher%20Pizza%20Dairy%20Restaurant%20%26%20Sushi%20Bar&query_place_id=ChIJPd38-4xgwokRoLeMtiWt88M,Kosher restaurant,6.490723534502507,27.91,Popular,4.0–4.5
Libertad Restaurant,4.1,590.0,96-19 Liberty Ave,Ozone Park,New York,US,,+1 718-323-3900,Latin American restaurant,Bar,Breakfast restaurant,Diner,Lunch restaurant,Seafood restaurant,,,,,,https://www.google.com/maps/search/?api=1&query=Libertad%20Restaurant&query_place_id=ChIJ0z1fBvZdwokRsRuKrk64ttw,Latin American restaurant,6.3818160174060985,26.165,Popular,4.0–4.5
Tropical Restaurant,3.8,1176.0,88-18 Jamaica Ave,Jamaica,New York,US,https://www.tropicalrestaurants.nyc/woodhaven,+1 718-846-8816,Restaurant,Bar,Ecuadorian restaurant,,,,,,,,,https://www.google.com/maps/search/?api=1&query=Tropical%20Restaurant&query_place_id=ChIJB43dZONdwokRTnDRnwgRDLo,Restaurant,7.0707241072602764,26.869,Popular,3.5–4.0
DiVino Pizzeria Restaurant,4.4,1087.0,164-02 Cross Bay Blvd,Howard Beach,New York,US,http://www.divinospizzeria.com/,+1 718-738-2005,Pizza restaurant,Italian restaurant,,,,,,,,,,https://www.google.com/maps/search/?api=1&query=DiVino%20Pizzeria%20Restaurant&query_place_id=ChIJ8S1cMoFnwokRvfkSNGyt_6w,Pizza restaurant,6.992096427415888,30.765,Popular,4.0–4.5
El Viejo Yayo,4.1,471.0,97-12 101st Ave,Ozone Park,New York,US,https://elviejoyayony.com/,+1 718-880-1789,Dominican restaurant,,,,,,,,,,,https://www.google.com/maps/search/?api=1&query=El%20Viejo%20Yayo&query_place_id=ChIJsShuc_FdwokRmhcGRzAo9MQ,Dominican restaurant,6.156978985585555,25.244,Small,4.0–4.5
Truth Restaurant and Lounge,4.3,327.0,229-15 Merrick Blvd,Jamaica,New York,US,https://truth-lounge.com/,+1 718-413-2021,Caribbean restaurant,Bar,Brunch restaurant,Jamaican restaurant,Lounge bar,Pasta shop,Seafood restaurant,Vegan restaurant,,,,https://www.google.com/maps/search/?api=1&query=Truth%20Restaurant%20and%20Lounge&query_place_id=ChIJD4i-8YllwokR_FJUczUr7WM,Caribbean restaurant,5.793013608384144,24.91,Small,4.0–4.5
Cañas Restaurant and Bar,4.4,72.0,144-07 Jamaica Ave,Jamaica,New York,US,http://www.canasrestaurantandbar.com/,+1 929-244-7267,Latin American restaurant,Colombian restaurant,Ecuadorian restaurant,Mexican restaurant,,,,,,,,https://www.google.com/maps/search/?api=1&query=Ca%C3%B1as%20Restaurant%20and%20Bar&query_place_id=ChIJv9TYE-thwokR5C75l6soO5Y,Latin American restaurant,4.290459441148391,18.878,Micro,4.0–4.5
Arepalicious,4.0,1075.0,137-20 Cross Bay Blvd,Ozone Park,New York,US,https://arepalicious.com/,+1 718-480-6049,Colombian restaurant,Breakfast restaurant,Latin American restaurant,,,,,,,,,https://www.google.com/maps/search/?api=1&query=Arepalicious&query_place_id=ChIJVVVlH4pdwokRC7c1qB7qO8Y,Colombian restaurant,6.98100574072173,27.924,Popular,3.5–4.0
Lucciola,4.8,1549.0,621 Amsterdam Ave,New York,New York,US,http://www.lucciolanyc.com/?utm_campaign=gmb,+1 347-536-1335,Italian restaurant,Fine dining restaurant,Wine club,,,,,,,,,https://www.google.com/maps/search/?api=1&query=Lucciola&query_place_id=ChIJ__8PIoNYwokRv6K4zyzgdLs,Italian restaurant,7.346010209913293,35.261,Popular,4.5–5.0
Safari,4.6,431.0,55 St Nicholas Ave,New York,New York,US,http://www.safariharlem.com/,+1 646-964-4252,East African restaurant,Cafe,Coffee shop,Halal restaurant,,,,,,,,https://www.google.com/maps/search/?api=1&query=Safari&query_place_id=ChIJ9SEkNRH2wokRLU8tWoaMUog,East African restaurant,6.068425588244111,27.915,Small,4.5–5.0
Tom's Restaurant,4.2,3755.0,2880 Broadway,New York,New York,US,https://www.tomsrestaurant.net/,+1 212-864-6137,American restaurant,Greek restaurant,,,,,,,,,,https://www.google.com/maps/search/?api=1&query=Tom's%20Restaurant&query_place_id=ChIJLyERijv2wokR8G_K-v8FXX4,American restaurant,8.231109840328154,34.571,Viral,4.0–4.5
Bodrum,4.4,1039.0,584 Amsterdam Ave,New York,New York,US,https://www.bodrumnyc.com/,+1 212-799-2806,Mediterranean restaurant,Pizza restaurant,Turkish restaurant,,,,,,,,,https://www.google.com/maps/search/?api=1&query=Bodrum&query_place_id=ChIJq2bNdYNYwokRZAOPzrJjsyM,Mediterranean restaurant,6.946975992135418,30.567,Popular,4.0–4.5
Denny's Restaurant,4.4,5180.0,87-10 Northern Blvd,Jackson Heights,New York,US,https://locations.dennys.com/NY/JACKSON-HEIGHTS/248760?utm_source=G&utm_medium=organic&utm_campaign=DAC,(718) 446-1312,Restaurant,American restaurant,Breakfast restaurant,Diner,,,,,,,,https://www.google.com/maps/search/?api=1&query=Denny's%20Restaurant&query_place_id=ChIJuTiZhKNfwokRzbh3fn1QDVQ,Restaurant,8.552753366814787,37.632,Viral,4.0–4.5
Cafetales Grill & Restaurant,4.0,208.0,78-17 Roosevelt Ave,Jackson Heights,New York,US,https://cafetalesrestaurant.com/,(929) 208-0252,Colombian restaurant,Delivery Restaurant,Restaurant,,,,,,,,,https://www.google.com/maps/search/?api=1&query=Cafetales%20Grill%20%26%20Restaurant&query_place_id=ChIJg7m5BstfwokR2JnafvZGQk4,Colombian restaurant,5.342334251964811,21.369,Small,3.5–4.0
NABANNO RESTAURANT,3.8,322.0,37-22 73rd St,Jackson Heights,New York,US,http://www.nabanno.com/,(718) 734-6000,Bangladeshi restaurant,Chinese restaurant,,,,,,,,,,https://www.google.com/maps/search/?api=1&query=NABANNO%20RESTAURANT&query_place_id=ChIJhcJ0OnRfwokRL8sObEaQ2ZQ,Bangladeshi restaurant,5.777652323222656,21.955,Small,3.5–4.0
Ecuatoriana Restaurant,3.7,369.0,1685 Amsterdam Ave,New York,New York,US,,+1 212-491-4626,Ecuadorian restaurant,Meal delivery,,,,,,,,,,https://www.google.com/maps/search/?api=1&query=Ecuatoriana%20Restaurant&query_place_id=ChIJ0VHTVWP2wokRXfY1XP510LA,Ecuadorian restaurant,5.91350300563827,21.88,Small,3.5–4.0
Las Delicias restaurant/ Bakery,3.7,651.0,18-01 College Point Blvd,Flushing,New York,US,,(718) 460-4911,Colombian restaurant,Bakery,,,,,,,,,,https://www.google.com/maps/search/?api=1&query=Las%20Delicias%20restaurant%2F%20Bakery&query_place_id=ChIJRSayWlL1wokRCQVpM9KJkEQ,Colombian restaurant,6.480044561926653,23.976,Popular,3.5–4.0
Haat Bazaar Restaurant,3.9,1463.0,59-15 37th Ave,Woodside,New York,US,https://m.facebook.com/Haat-Bazar-551236838254380/,(718) 255-6708,Bangladeshi restaurant,,,,,,,,,,,https://www.google.com/maps/search/?api=1&query=Haat%20Bazaar%20Restaurant&query_place_id=ChIJbxjA5wZfwokRkrVX2NliytI,Bangladeshi restaurant,7.288927694521257,28.427,Popular,3.5–4.0
Sabor De Mi Tierra Bakery Restaurant,4.0,28.0,41-00 Junction Blvd,Flushing,New York,US,,(929) 349-1227,Colombian restaurant,,,,,,,,,,,https://www.google.com/maps/search/?api=1&query=Sabor%20De%20Mi%20Tierra%20Bakery%20Restaurant&query_place_id=ChIJrc5cC7dfwokRALXmi04o4Vw,Colombian restaurant,3.367295829986474,13.469,Micro,3.5–4.0
Athen's Bar & Restaurant. Tacos Estilo DF 30AV,4.1,294.0,30-11 30th Ave.,Long Island City,New York,US,,(718) 777-5366,Mexican restaurant,,,,,,,,,,,https://www.google.com/maps/search/?api=1&query=Athen's%20Bar%20%26%20Restaurant.%20Tacos%20Estilo%20DF%2030AV&query_place_id=ChIJCfuXmEdfwokR3AFovbJaBsM,Mexican restaurant,5.68697535633982,23.317,Small,4.0–4.5
Taste of Italy Restaurant & Pizzeria NYC,3.6,146.0,40-05 Junction Blvd,Corona,New York,US,https://www.tasteofitalycorona.com/,(718) 606-8026,Italian restaurant,Takeout Restaurant,Pizza restaurant,Pizza Takeout,Restaurant,,,,,,,https://www.google.com/maps/search/?api=1&query=Taste%20of%20Italy%20Restaurant%20%26%20Pizzeria%20NYC&query_place_id=ChIJUec417lfwokRbx5w0uzFh30,Italian restaurant,4.990432586778736,17.966,Small,3.5–4.0
New Lin's Kitchen,4.3,156.0,70-24 35th Ave,Jackson Heights,New York,US,http://www.newlinskitchen.com/?utm_source=gmb&utm_medium=website,(718) 505-1388,Chinese restaurant,Delivery Restaurant,,,,,,,,,,https://www.google.com/maps/search/?api=1&query=New%20Lin's%20Kitchen&query_place_id=ChIJ91q22QVfwokRT-nqOOCzhZ4,Chinese restaurant,5.056245805348308,21.742,Small,4.0–4.5
Gazala’s Mediterranean Restaurant,4.4,610.0,447 Amsterdam Ave,New York,New York,US,http://gazalasnyc.com/,+1 212-787-1800,Middle Eastern restaurant,,,,,,,,,,,https://www.google.com/maps/search/?api=1&query=Gazala%E2%80%99s%20Mediterranean%20Restaurant&query_place_id=ChIJzTGU4GxZwokRi7JGJTqGBtw,Middle Eastern restaurant,6.415096959171596,28.226,Popular,4.0–4.5
Bella Luna Restaurant,4.4,865.0,574 Columbus Ave,New York,New York,US,http://www.bellalunanyc.com/,+1 212-877-2267,Italian restaurant,,,,,,,,,,,https://www.google.com/maps/search/?api=1&query=Bella%20Luna%20Restaurant&query_place_id=ChIJkf3PqpxYwokRZlk0ie5vk2c,Italian restaurant,6.763884908562435,29.761,Popular,4.0–4.5
Westside Restaurant,3.9,748.0,2020 Broadway,New York,New York,US,,+1 212-724-4000,Diner,,,,,,,,,,,https://www.google.com/maps/search/?api=1&query=Westside%20Restaurant&query_place_id=ChIJB1H-kopYwokRbuCvsBUUkaM,Diner,6.618738983517219,25.813,Popular,3.5–4.0
Dera Restaurant,3.7,3626.0,72-09 Broadway,Jackson Heights,New York,US,https://deraeats.com/,(718) 898-3372,Pakistani restaurant,Asian restaurant,Bengali restaurant,Halal restaurant,Indian restaurant,Restaurant,,,,,,https://www.google.com/maps/search/?api=1&query=Dera%20Restaurant&query_place_id=ChIJG-NTtgZfwokR6BsUFf1o_PE,Pakistani restaurant,8.196161139282902,30.326,Viral,3.5–4.0
5 Star Indian Restaurant,4.2,319.0,13-05 43rd Ave,Long Island City,New York,US,https://fivestarrestaurantnyc.com/?utm_source=google,(718) 784-7444,Indian restaurant,Asian fusion restaurant,Biryani restaurant,Caterer,Indian takeaway,Punjabi restaurant,South Asian restaurant,Vegetarian restaurant,,,,https://www.google.com/maps/search/?api=1&query=5%20Star%20Indian%20Restaurant&query_place_id=ChIJNbpmRG5ZwokReNvUrqQAXmw,Indian restaurant,5.768320995793772,24.227,Small,4.0–4.5
The Original Venice Restaurant,4.0,509.0,772 E 149th St,Bronx,New York,US,https://www.venice149.com/,+1 718-585-5595,Italian restaurant,Meal delivery,,,,,,,,,,https://www.google.com/maps/search/?api=1&query=The%20Original%20Venice%20Restaurant&query_place_id=ChIJD9Cu-rn1wokRJQkgJLt3Gos,Italian restaurant,6.234410725718371,24.938,Popular,3.5–4.0
El Sazón Ideal,4.1,89.0,148 W Burnside Ave,Bronx,New York,US,,+1 718-299-1365,Latin American restaurant,Meal delivery,,,,,,,,,,https://www.google.com/maps/search/?api=1&query=El%20Saz%C3%B3n%20Ideal&query_place_id=ChIJF0hZnRL0wokRfT6YrdgrMG8,Latin American restaurant,4.499809670330265,18.449,Micro,4.0–4.5
Ocean Restaurant,3.5,51.0,393 Malcolm X Blvd,New York,New York,US,,+1 212-289-9290,Chinese restaurant,Japanese restaurant,Restaurant,,,,,,,,,https://www.google.com/maps/search/?api=1&query=Ocean%20Restaurant&query_place_id=ChIJK3eGeIv3wokRF5us_H9i7DI,Chinese restaurant,3.9512437185814275,13.829,Micro,3.0–3.5
El Caridad Burnside Restaurant,3.7,185.0,90 E Burnside Ave,Bronx,New York,US,,+1 718-975-3691,Restaurant,Chicken restaurant,Latin American restaurant,Soup restaurant,Spanish restaurant,,,,,,,https://www.google.com/maps/search/?api=1&query=El%20Caridad%20Burnside%20Restaurant&query_place_id=ChIJs00yO771wokRp5fGjT8d15A,Restaurant,5.225746673713202,19.335,Small,3.5–4.0
Casa Clema Restaurant & Bar,3.7,95.0,1731 University Ave,Bronx,New York,US,,+1 718-901-2692,Dominican restaurant,,,,,,,,,,,https://www.google.com/maps/search/?api=1&query=Casa%20Clema%20Restaurant%20%26%20Bar&query_place_id=ChIJ0Tx_khP0wokRdm085Zwi688,Dominican restaurant,4.564348191467836,16.888,Micro,3.5–4.0
Don Alex Restaurant,3.6,675.0,106-26 Corona Ave.,Corona,New York,US,http://donalexrestaurantnyc.com/,(718) 271-8687,Peruvian restaurant,,,,,,,,,,,https://www.google.com/maps/search/?api=1&query=Don%20Alex%20Restaurant&query_place_id=ChIJs3i6Wc5fwokRfA-YQRpuqCM,Peruvian restaurant,6.516193076042964,23.458,Popular,3.5–4.0
"Max's Restaurant, Cuisine of the Philippines",3.8,148.0,40-09 69th St,Flushing,New York,US,https://www.maxsrestaurantna.com/,(718) 550-4637,Filipino restaurant,Asian restaurant,Banquet hall,Caterer,Chicken restaurant,,,,,,,https://www.google.com/maps/search/?api=1&query=Max's%20Restaurant%2C%20Cuisine%20of%20the%20Philippines&query_place_id=ChIJn0-H03FfwokRACWhWi9mF5w,Filipino restaurant,5.003946305945459,19.015,Small,3.5–4.0
La Union,3.6,238.0,91-18 Corona Ave.,Elmhurst,New York,US,,(718) 592-2786,Peruvian restaurant,,,,,,,,,,,https://www.google.com/maps/search/?api=1&query=La%20Union&query_place_id=ChIJz_4iorNfwokRtIdRTfG1zuE,Peruvian restaurant,5.476463551931511,19.715,Small,3.5–4.0
Puebla restaurant,3.9,95.0,39-22 61st St,Woodside,New York,US,https://pueblarestaurantny.com/,(718) 205-2605,Mexican restaurant,,,,,,,,,,,https://www.google.com/maps/search/?api=1&query=Puebla%20restaurant&query_place_id=ChIJ8cmm-xxfwokRcE84m0IAOEs,Mexican restaurant,4.564348191467836,17.801,Micro,3.5–4.0
Mi Pequeño El Salvador Restaurant,3.9,690.0,94-16 37th Ave,Jackson Heights,New York,US,http://mipequenoelsalvadorrestaurant.com/,(718) 672-0853,Salvadoran restaurant,,,,,,,,,,,https://www.google.com/maps/search/?api=1&query=Mi%20Peque%C3%B1o%20El%20Salvador%20Restaurant&query_place_id=ChIJ70GZXqVfwokRLO-PGx3k4AA,Salvadoran restaurant,6.53813982376767,25.499,Popular,3.5–4.0
Juarez,4.0,124.0,91-09 43rd Ave,Elmhurst,New York,US,https://restaurantevivajuarez.com/,(718) 779-1301,Mexican restaurant,,,,,,,,,,,https://www.google.com/maps/search/?api=1&query=Juarez&query_place_id=ChIJi38Uy7NfwokREPV-6NdLjqQ,Mexican restaurant,4.8283137373023015,19.313,Small,3.5–4.0
Matecana Bakery & Restaurant,3.6,39.0,48-04 108th St,Corona,New York,US,,(718) 699-0660,Colombian restaurant,Bakery,,,,,,,,,,https://www.google.com/maps/search/?api=1&query=Matecana%20Bakery%20%26%20Restaurant&query_place_id=ChIJ215pn89fwokRoODaLKcsAQs,Colombian restaurant,3.6888794541139363,13.28,Micro,3.5–4.0
Guaro,3.9,36.0,107-01 37th Ave,Flushing,New York,US,,(718) 397-5265,Dominican restaurant,,,,,,,,,,,https://www.google.com/maps/search/?api=1&query=Guaro&query_place_id=ChIJm0taE8FfwokRcHnykABDp0s,Dominican restaurant,3.6109179126442243,14.083,Micro,3.5–4.0
Mykonian House - Authentic Greek Restaurant,4.3,214.0,25 E 83rd St,New York,New York,US,https://mykonianhouse.com/,+1 212-901-5333,Restaurant,Bar,Cocktail bar,Greek restaurant,Seafood restaurant,,,,,,,https://www.google.com/maps/search/?api=1&query=Mykonian%20House%20-%20Authentic%20Greek%20Restaurant&query_place_id=ChIJbSUFI39ZwokRtXh8hFTAcoM,Restaurant,5.3706380281276624,23.094,Small,4.0–4.5
Pinocchio Restaurant,4.5,119.0,300 E 92nd St,New York,New York,US,http://www.pinocchiorestaurantnyc.com/,+1 212-828-5810,Italian restaurant,,,,,,,,,,,https://www.google.com/maps/search/?api=1&query=Pinocchio%20Restaurant&query_place_id=ChIJb3AN_a9YwokRXj07fUxQiSA,Italian restaurant,4.787491742782046,21.544,Small,4.0–4.5
La Pequena Taste of Italy Pizzeria & Restaurant,3.6,197.0,37-72 90th St,Jackson Heights,New York,US,,(718) 505-2600,Pizza restaurant,Italian restaurant,Latin American restaurant,Takeout Restaurant,,,,,,,,https://www.google.com/maps/search/?api=1&query=La%20Pequena%20Taste%20of%20Italy%20Pizzeria%20%26%20Restaurant&query_place_id=ChIJK1v4GrBfwokRIVkz-cY6fkU,Pizza restaurant,5.288267030694535,19.038,Small,3.5–4.0
Hamachi Sushi 34 | Japanese Sushi Restaurant,4.4,625.0,56 E 34th St,New York,New York,US,https://order.online/business/hamachi-sushi-34-548322,(646) 559-8800,Japanese restaurant,Asian restaurant,Modern izakaya restaurant,Sushi restaurant,,,,,,,,https://www.google.com/maps/search/?api=1&query=Hamachi%20Sushi%2034%20%7C%20Japanese%20Sushi%20Restaurant&query_place_id=ChIJaf0NOwZZwokRGiRsPw0cFYY,Japanese restaurant,6.439350371100098,28.333,Popular,4.0–4.5
Hyo Dong Gak,3.9,708.0,51 W 35th St,New York,New York,US,,(212) 695-6674,Korean restaurant,Asian fusion restaurant,Asian restaurant,Chinese restaurant,Delivery Chinese restaurant,Delivery service,Fusion restaurant,Takeout Restaurant,,,,https://www.google.com/maps/search/?api=1&query=Hyo%20Dong%20Gak&query_place_id=ChIJ732mealZwokRofYjjral1pY,Korean restaurant,6.5638555265321274,25.599,Popular,3.5–4.0
Xime Comida Mexicana,4.3,202.0,448 E 138th St,Bronx,New York,US,,+1 347-270-4167,Mexican restaurant,,,,,,,,,,,https://www.google.com/maps/search/?api=1&query=Xime%20Comida%20Mexicana&query_place_id=ChIJwfJTAMP1wokRKRiiCkWoe0E,Mexican restaurant,5.313205979041787,22.847,Small,4.0–4.5
Tu Sabor Latino Restaurant,3.3,18.0,3881 Broadway,New York,New York,US,,+1 212-795-0615,Dominican restaurant,,,,,,,,,,,https://www.google.com/maps/search/?api=1&query=Tu%20Sabor%20Latino%20Restaurant&query_place_id=ChIJzb1c7_D3wokRXn4J1bEFa48,Dominican restaurant,2.9444389791664403,9.717,Micro,3.0–3.5
Keilly Chinese Restaurant,3.9,160.0,132-11B 14th Ave,College Point,New York,US,,(718) 746-6796,Chinese restaurant,Delivery Restaurant,,,,,,,,,,https://www.google.com/maps/search/?api=1&query=Keilly%20Chinese%20Restaurant&query_place_id=ChIJW10nh7GKwokR7pme7Wh-eCQ,Chinese restaurant,5.081404364984463,19.817,Small,3.5–4.0
Tandoor Restaurant,3.8,334.0,95-24 Queens Blvd,Rego Park,New York,US,https://tandoorrestaurantny.com/,(718) 997-6800,Indian restaurant,Asian restaurant,Delivery Restaurant,South Asian restaurant,,,,,,,,https://www.google.com/maps/search/?api=1&query=Tandoor%20Restaurant&query_place_id=ChIJxwNdSjZewokRupXlQTEo7j4,Indian restaurant,5.814130531825066,22.094,Small,3.5–4.0
No. 1 Chinese Restaurant,4.0,91.0,63-08 Broadway,Woodside,New York,US,http://no1queens.com/,(718) 651-6571,Chinese restaurant,Asian restaurant,Chinese takeaway,Family restaurant,Fast food restaurant,Delivery Restaurant,Takeout Restaurant,Restaurant,,,,https://www.google.com/maps/search/?api=1&query=No.%201%20Chinese%20Restaurant&query_place_id=ChIJ_xiR5sBfwokRUalLLCFagxY,Chinese restaurant,4.5217885770490405,18.087,Micro,3.5–4.0
Great Wall Chinese Restaurant,4.0,290.0,87-12 Astoria Blvd,East Elmhurst,New York,US,http://greatwallelmhurst.com/,(718) 478-6433,Chinese restaurant,Delivery Restaurant,Restaurant,,,,,,,,,https://www.google.com/maps/search/?api=1&query=Great%20Wall%20Chinese%20Restaurant&query_place_id=ChIJTZFlR5lfwokRfCYdh2Era6A,Chinese restaurant,5.673323267171493,22.693,Small,3.5–4.0
Lalibela Ethiopian Restaurant,4.5,341.0,2084 Frederick Douglass Blvd,New York,New York,US,http://lalibelany.com/,+1 917-409-1609,Ethiopian restaurant,Bar,,,,,,,,,,https://www.google.com/maps/search/?api=1&query=Lalibela%20Ethiopian%20Restaurant&query_place_id=ChIJJ33UNlP3wokR1Z7i_m8zB-o,Ethiopian restaurant,5.834810737062605,26.257,Small,4.0–4.5
Le Baobab Gouygui,4.1,580.0,120 W 116th St,New York,New York,US,https://www.lebaobabharlem.com/home,+1 212-864-4700,West African restaurant,Halal restaurant,Meal delivery,,,,,,,,,https://www.google.com/maps/search/?api=1&query=Le%20Baobab%20Gouygui&query_place_id=ChIJ99DG_RD2wokR4v64upVjBOI,West African restaurant,6.364750756851911,26.095,Popular,4.0–4.5
Accra Express Restaurant,4.4,1322.0,63 E 125th St,New York,New York,US,https://accraexpressny.com/,+1 646-964-4408,West African restaurant,,,,,,,,,,,https://www.google.com/maps/search/?api=1&query=Accra%20Express%20Restaurant&query_place_id=ChIJDQWflBL2wokRiLXCawXJJdU,West African restaurant,7.187657164114956,31.626,Popular,4.0–4.5
